draw,cell,R2,r
0,noMC | F-band | none | ENR,0.007670749423867584,0.21910178944720352
0,noMC | F-band | none | SVR,-0.31828822982229843,-0.1795233277831105
0,noMC | F-band | none | Anchor,-0.055338353226803694,0.09547636586826264
0,noMC | F-band | none | ICP,-0.06583002441043706,-0.3678004253691724
0,noMC | F-band | z | ENR,0.027273492070830407,0.27820524696863547
0,noMC | F-band | z | SVR,-0.3144851785398419,-0.054707551772783865
0,noMC | F-band | z | Anchor,-0.4232309523512081,0.27180062911673875
0,noMC | F-band | z | ICP,-0.10822237223294784,-0.1191287378423806
0,noMC | F-fooof-per | none | ENR,-0.14320986622029297,-0.05175585926958222
0,noMC | F-fooof-per | none | SVR,-0.1220652397594113,-0.058539769343982126
0,noMC | F-fooof-per | none | Anchor,-0.143824408547099,0.03756983583801966
0,noMC | F-fooof-per | none | ICP,-0.05847335853962621,-0.15270931072019878
0,noMC | F-fooof-per | z | ENR,-0.12259604692094461,0.00875017712566103
0,noMC | F-fooof-per | z | SVR,-0.21272553617782486,-0.17268756540630348
0,noMC | F-fooof-per | z | Anchor,-0.29420570570500715,0.12533140840363977
0,noMC | F-fooof-per | z | ICP,-0.0665858769975376,-0.361154090566969
0,noMC | F-rel | none | ENR,0.1327986108936473,0.3717764544906768
0,noMC | F-rel | none | SVR,-0.07383662067342578,0.07157675465662683
0,noMC | F-rel | none | Anchor,0.10172919386584889,0.32952637686707853
0,noMC | F-rel | none | ICP,-0.06583002441043706,-0.3678004253691724
0,noMC | F-rel | z | ENR,-0.08780330690571314,0.25899895995727584
0,noMC | F-rel | z | SVR,-0.00501425182146642,0.18377542301459698
0,noMC | F-rel | z | Anchor,-0.23041816146094662,0.2555421365216717
0,noMC | F-rel | z | ICP,-0.06583002441043706,-0.3678004253691724
0,noMC | F-asym | none | ENR,-0.15155725049157964,-0.19770884370365693
0,noMC | F-asym | none | SVR,-0.05913411525269585,0.22623361295403827
0,noMC | F-asym | none | Anchor,-0.23010706867040276,-0.20521037203655515
0,noMC | F-asym | none | ICP,-0.06583002441043706,-0.3678004253691724
0,noMC | F-asym | z | ENR,-0.340760379519518,-0.2493886837971816
0,noMC | F-asym | z | SVR,0.016458262709596716,0.20767748701388283
0,noMC | F-asym | z | Anchor,-0.6910989036479371,0.013309959838615465
0,noMC | F-asym | z | ICP,-0.03937498540364759,0.03736359332234184
0,noMC | F-riem | none | ENR,-0.2468517103125174,-0.19434170935786382
0,noMC | F-riem | none | SVR,-0.34182475653921673,-0.010527766965026282
0,noMC | F-riem | none | Anchor,-0.3667732615764736,-0.13699156868289714
0,noMC | F-riem | none | ICP,-0.10843664510008066,-0.27671868629323615
0,noMC | F-riem | z | ENR,-0.1808837784128705,-0.46625035749836213
0,noMC | F-riem | z | SVR,-0.3067008717445503,-0.28677928257650287
0,noMC | F-riem | z | Anchor,-2.227461781651371,-0.28052823681957834
0,noMC | F-riem | z | ICP,-0.096343267151209,-0.13318391941343483
0,noMC | F-riem | riem | ENR,-0.16733240887166523,-0.2767139035416531
0,noMC | F-riem | riem | SVR,-0.11375833412428671,-0.10281709387747673
0,noMC | F-riem | riem | Anchor,-0.9771799328053252,-0.2120474664522246
0,noMC | F-riem | riem | ICP,-0.13469858770324783,-0.2597607990482219
0,MC | F-band | none | ENR,-0.023983864813913902,0.16636616316003194
0,MC | F-band | none | SVR,-0.22031934448527557,-0.15189794239553944
0,MC | F-band | none | Anchor,-0.03881523325193825,0.11166011174402037
0,MC | F-band | none | ICP,-0.06665001368925139,-0.3598614648074465
0,MC | F-band | z | ENR,-0.12011986751703363,0.17176439858422765
0,MC | F-band | z | SVR,-0.7339569112056488,-0.18400156475045795
0,MC | F-band | z | Anchor,-0.5945682830521855,0.1701003160280874
0,MC | F-band | z | ICP,-0.09490216030558929,-0.26107584644449255
0,MC | F-fooof-per | none | ENR,-0.13848767104823545,-0.0003241714085626887
0,MC | F-fooof-per | none | SVR,-0.3107608358298133,-0.11948019710098443
0,MC | F-fooof-per | none | Anchor,-0.1917817459137363,0.08899944680310048
0,MC | F-fooof-per | none | ICP,-0.09490110961579568,-0.22956116589043082
0,MC | F-fooof-per | z | ENR,-0.2280157890400707,-0.2528225980017033
0,MC | F-fooof-per | z | SVR,-0.3914488735721986,-0.1376867548581307
0,MC | F-fooof-per | z | Anchor,-0.6104768520519241,-0.07538062064810422
0,MC | F-fooof-per | z | ICP,-0.21440126747383204,0.05907749085603118
0,MC | F-rel | none | ENR,0.14221385153946042,0.38768006929121723
0,MC | F-rel | none | SVR,0.09924653466505662,0.3204378455871388
0,MC | F-rel | none | Anchor,0.16810906196784925,0.4127725048426207
0,MC | F-rel | none | ICP,-0.06700751435626384,-0.3677603397311481
0,MC | F-rel | z | ENR,-0.1348436907553785,0.320964801969975
0,MC | F-rel | z | SVR,-0.12922068179421942,-0.030138472930023093
0,MC | F-rel | z | Anchor,-0.29891801833873277,0.3734527869480512
0,MC | F-rel | z | ICP,-0.06700751435626384,-0.3677603397311481
0,MC | F-asym | none | ENR,-0.16942708296577158,-0.184314538908195
0,MC | F-asym | none | SVR,-0.14620333699545207,-0.0881285754053871
0,MC | F-asym | none | Anchor,-0.25266888058834813,-0.2209376575781917
0,MC | F-asym | none | ICP,-0.06700751435626384,-0.3677603397311481
0,MC | F-asym | z | ENR,-0.3096712617818511,-0.23534437833652888
0,MC | F-asym | z | SVR,-0.15897886215286516,-0.10704986869140279
0,MC | F-asym | z | Anchor,-0.6996343736211381,-0.2786299995806534
0,MC | F-asym | z | ICP,-0.07247271240846609,-0.2934860985206715
0,MC | F-riem | none | ENR,-0.12676039683890417,-0.3057369801510126
0,MC | F-riem | none | SVR,-0.3827735945854287,-0.09557623157646492
0,MC | F-riem | none | Anchor,-0.418041618194656,-0.1873461455667797
0,MC | F-riem | none | ICP,-0.1939641033091668,-0.3427114409520647
0,MC | F-riem | z | ENR,-0.4638230750696264,-0.2632636440455194
0,MC | F-riem | z | SVR,-0.2839519024111099,-0.30989883785775835
0,MC | F-riem | z | Anchor,-2.5243858786360067,-0.3030767299351035
0,MC | F-riem | z | ICP,-0.1374811349924332,0.0018067817813043306
0,MC | F-riem | riem | ENR,-0.0762349853697124,-0.33974801078088895
0,MC | F-riem | riem | SVR,-0.07326715806863149,0.04264111072889955
0,MC | F-riem | riem | Anchor,-1.046184836592253,-0.24561562891089217
0,MC | F-riem | riem | ICP,-0.17905306489027195,-0.10036337751538979
1,noMC | F-band | none | ENR,-0.12714460639030412,-0.300535615012164
1,noMC | F-band | none | SVR,-0.2723077801596916,-0.3164701346131854
1,noMC | F-band | none | Anchor,-0.4355313725994383,-0.20011018270030395
1,noMC | F-band | none | ICP,-0.04238357376906432,-0.3136703372257003
1,noMC | F-band | z | ENR,-0.0944396364558231,-0.15048399056962272
1,noMC | F-band | z | SVR,-0.20850064501335908,-0.17990091688669957
1,noMC | F-band | z | Anchor,-1.1194136265391097,0.17584984563398334
1,noMC | F-band | z | ICP,-0.027551040949802763,-0.14057626013521518
1,noMC | F-fooof-per | none | ENR,-0.04238357376906432,-0.3136703372257003
1,noMC | F-fooof-per | none | SVR,-0.23354886476060854,-0.25219520422199837
1,noMC | F-fooof-per | none | Anchor,-0.3551170396926573,-0.2021580195525346
1,noMC | F-fooof-per | none | ICP,-0.16765245914752147,-0.20592000201332428
1,noMC | F-fooof-per | z | ENR,-0.04238357376906432,-0.3136703372257003
1,noMC | F-fooof-per | z | SVR,-0.32771232108959003,-0.3324736659566235
1,noMC | F-fooof-per | z | Anchor,-0.6997380553928663,-0.2951460463462243
1,noMC | F-fooof-per | z | ICP,-0.040449404994491234,-0.14797330262566474
1,noMC | F-rel | none | ENR,-0.04238357376906432,-0.31367033722570037
1,noMC | F-rel | none | SVR,-0.32517579268894936,-0.3751819785040901
1,noMC | F-rel | none | Anchor,-0.9516566185221993,-0.18986518062254318
1,noMC | F-rel | none | ICP,-0.04238357376906432,-0.3136703372257003
1,noMC | F-rel | z | ENR,-0.06042544932384675,-0.29178986211754343
1,noMC | F-rel | z | SVR,-0.2521117535304558,-0.30690754434051215
1,noMC | F-rel | z | Anchor,-0.6249123510567904,-0.2646704953528163
1,noMC | F-rel | z | ICP,-0.07395641945970888,-0.1853593278904526
1,noMC | F-asym | none | ENR,-0.6237699469187634,-0.28407979076091533
1,noMC | F-asym | none | SVR,-0.5412724602938195,-0.28826924858424463
1,noMC | F-asym | none | Anchor,-0.8531548229198365,-0.2978308339241974
1,noMC | F-asym | none | ICP,-0.041824882144485986,-0.18524593387537347
1,noMC | F-asym | z | ENR,-0.2524087381987363,-0.2794617474549964
1,noMC | F-asym | z | SVR,-0.29039169339588655,-0.28195646553534404
1,noMC | F-asym | z | Anchor,-1.0037134160449757,0.06553109647123027
1,noMC | F-asym | z | ICP,-0.3778971099643633,-0.23926243641392064
1,noMC | F-riem | none | ENR,-0.11062756997506629,-0.20112421202836667
1,noMC | F-riem | none | SVR,-0.27574335092655833,-0.08496743663895073
1,noMC | F-riem | none | Anchor,-0.30130419477474746,-0.1888453087892945
1,noMC | F-riem | none | ICP,-0.203261142296439,-0.2718259038694768
1,noMC | F-riem | z | ENR,-0.8770913861484753,-0.10466300160009395
1,noMC | F-riem | z | SVR,0.06923429530977654,0.27078957538212567
1,noMC | F-riem | z | Anchor,-1.4158572370271747,-0.013432970803013887
1,noMC | F-riem | z | ICP,-0.13892203369039025,-0.19962962274823892
1,noMC | F-riem | riem | ENR,-0.05542388548867572,-0.26903405472228004
1,noMC | F-riem | riem | SVR,-0.10290612626061701,-0.06886911286185757
1,noMC | F-riem | riem | Anchor,-1.8361337650229212,-0.24154000094954473
1,noMC | F-riem | riem | ICP,-0.045233129629558944,-0.29230873667798196
1,MC | F-band | none | ENR,-0.13411489338585625,-0.27567713233989627
1,MC | F-band | none | SVR,-0.31791243546940073,-0.3250833304241039
1,MC | F-band | none | Anchor,-0.5181861996211841,-0.29429230481661145
1,MC | F-band | none | ICP,-0.1398331836034883,-0.11796106541580606
1,MC | F-band | z | ENR,-0.12310671211628144,-0.2032432938566518
1,MC | F-band | z | SVR,-0.29299022376634665,-0.10966702243710849
1,MC | F-band | z | Anchor,-0.12124937961893645,0.08692178980208878
1,MC | F-band | z | ICP,-0.03675833040762533,-0.23894744503101592
1,MC | F-fooof-per | none | ENR,-0.04352119586593828,-0.3065216885443561
1,MC | F-fooof-per | none | SVR,-0.27162716057884406,-0.3526008276294619
1,MC | F-fooof-per | none | Anchor,-0.20220752377709594,0.07704230626791478
1,MC | F-fooof-per | none | ICP,-0.04352119586593828,-0.3065216885443561
1,MC | F-fooof-per | z | ENR,-0.12963849776305003,-0.13930700933669665
1,MC | F-fooof-per | z | SVR,-0.503626395927188,-0.2963073547342657
1,MC | F-fooof-per | z | Anchor,-0.18380791077919967,-0.19745328385248068
1,MC | F-fooof-per | z | ICP,-0.020530616439198734,-0.05699651289603894
1,MC | F-rel | none | ENR,-0.05781038710168418,-0.3075941030640536
1,MC | F-rel | none | SVR,-0.26305425008406336,-0.365055631472721
1,MC | F-rel | none | Anchor,-0.6065631413550845,-0.27533543425315987
1,MC | F-rel | none | ICP,-0.04703903310453694,-0.17697492493042558
1,MC | F-rel | z | ENR,-0.07321991867103961,-0.3051691436952548
1,MC | F-rel | z | SVR,-0.2587611854709517,-0.281278793956806
1,MC | F-rel | z | Anchor,-0.4639911750679033,-0.2061543251725107
1,MC | F-rel | z | ICP,-0.043593228465163,-0.30449898086891286
1,MC | F-asym | none | ENR,-0.11317008535152717,-0.30389012462188625
1,MC | F-asym | none | SVR,-0.3444892294226569,-0.2548609118109493
1,MC | F-asym | none | Anchor,-0.2878124611329995,-0.25252683337144255
1,MC | F-asym | none | ICP,-0.04352119586593828,-0.3065216885443561
1,MC | F-asym | z | ENR,-0.22978322737151324,-0.17074698069206679
1,MC | F-asym | z | SVR,-0.30598337357488403,-0.04861283884037701
1,MC | F-asym | z | Anchor,-0.6080512266136078,-0.21191893753361135
1,MC | F-asym | z | ICP,-0.1481724705519536,-0.11698486129495536
1,MC | F-riem | none | ENR,-0.057984867528295236,-0.2426279321427529
1,MC | F-riem | none | SVR,-0.431381983229715,-0.08980175674121027
1,MC | F-riem | none | Anchor,-0.21127574401902716,-0.02202191813210173
1,MC | F-riem | none | ICP,-0.08261973216980123,-0.15499299726266935
1,MC | F-riem | z | ENR,-0.05507290175224955,-0.1602756381941301
1,MC | F-riem | z | SVR,0.06841067543346224,0.2625860003170586
1,MC | F-riem | z | Anchor,-0.12309347035765428,0.0847772046749191
1,MC | F-riem | z | ICP,-0.15886532824038402,-0.07640364975227862
1,MC | F-riem | riem | ENR,-0.06832073504810965,-0.17398401541721437
1,MC | F-riem | riem | SVR,0.031491997268654925,0.18272311780101963
1,MC | F-riem | riem | Anchor,-0.21984952044878003,-0.044051166857775784
1,MC | F-riem | riem | ICP,-0.05112633492906582,-0.2964201227740405
2,noMC | F-band | none | ENR,-0.032447140554257015,-0.05879100486982896
2,noMC | F-band | none | SVR,-0.20937743245378937,-0.21145079155052784
2,noMC | F-band | none | Anchor,-0.2362020025771836,-0.11890391455125497
2,noMC | F-band | none | ICP,-0.15016679040843295,-0.09768128183656585
2,noMC | F-band | z | ENR,-0.16455998084761392,0.013722951138047345
2,noMC | F-band | z | SVR,-0.10065741985937393,-0.1050256767210865
2,noMC | F-band | z | Anchor,-0.5300051853506984,0.192251709935449
2,noMC | F-band | z | ICP,-0.022093482803944076,0.11453032908287888
2,noMC | F-fooof-per | none | ENR,-0.053847754100845524,-0.16041531172672263
2,noMC | F-fooof-per | none | SVR,-0.08129005871109563,-0.0929240669508826
2,noMC | F-fooof-per | none | Anchor,-0.26021991131703537,-0.04545279056381518
2,noMC | F-fooof-per | none | ICP,-0.05714568328608172,-0.13673591792492862
2,noMC | F-fooof-per | z | ENR,-0.061487587766590135,-0.16017382451916065
2,noMC | F-fooof-per | z | SVR,-0.09677924323016485,-0.08762590596677439
2,noMC | F-fooof-per | z | Anchor,-0.5611492770903157,0.032447008082800294
2,noMC | F-fooof-per | z | ICP,-0.11185104228538045,-0.014768904630973821
2,noMC | F-rel | none | ENR,-0.05181940484332448,-0.11182523732350039
2,noMC | F-rel | none | SVR,-0.11591594515064463,-0.09615523644515235
2,noMC | F-rel | none | Anchor,-0.2548719309203715,-0.09309030567093368
2,noMC | F-rel | none | ICP,-0.05384600651162752,-0.12011334551199693
2,noMC | F-rel | z | ENR,-0.03252780700533431,-0.21642488426828063
2,noMC | F-rel | z | SVR,-0.07509436334592201,-0.14315738073240752
2,noMC | F-rel | z | Anchor,-0.33877372242352966,-0.07057228924565824
2,noMC | F-rel | z | ICP,-0.23353840568872442,-0.11267389053687901
2,noMC | F-asym | none | ENR,-0.03252780700533431,-0.21642488426828063
2,noMC | F-asym | none | SVR,-0.463410762350551,-0.20354135001827608
2,noMC | F-asym | none | Anchor,-0.14353814752873606,-0.1705897052997395
2,noMC | F-asym | none | ICP,-0.07109407918022725,-0.10244709284628131
2,noMC | F-asym | z | ENR,-0.036197787182504326,-0.18955751505307242
2,noMC | F-asym | z | SVR,-0.24317755542430675,-0.17063395394819367
2,noMC | F-asym | z | Anchor,-0.257044103077684,0.003530141077796047
2,noMC | F-asym | z | ICP,-0.07710410823550151,0.060044392823793584
2,noMC | F-riem | none | ENR,-0.04784014791861413,-0.16261183566415494
2,noMC | F-riem | none | SVR,-0.1802408855533184,-0.03545465025377451
2,noMC | F-riem | none | Anchor,-0.3956023166514282,0.09489320467057022
2,noMC | F-riem | none | ICP,-0.02658846745161636,-0.008807396309806668
2,noMC | F-riem | z | ENR,-0.03697998009995085,-0.20821353299967982
2,noMC | F-riem | z | SVR,-0.11931575214678758,-0.1607626579029906
2,noMC | F-riem | z | Anchor,-0.7421137499517674,-0.10819719822136516
2,noMC | F-riem | z | ICP,-0.03452277616583266,-0.1617338349866579
2,noMC | F-riem | riem | ENR,-0.03467634702386535,-0.13287546873621614
2,noMC | F-riem | riem | SVR,-0.05875389219492555,-0.0851686909750275
2,noMC | F-riem | riem | Anchor,-0.1965433077199117,0.03696992467926676
2,noMC | F-riem | riem | ICP,-0.06915179071831168,-0.0900016454454624
2,MC | F-band | none | ENR,-0.026112800023925242,-0.07203723625053787
2,MC | F-band | none | SVR,-0.14082327918770776,-0.13880439773573422
2,MC | F-band | none | Anchor,-0.128700406595319,-0.07515432697336513
2,MC | F-band | none | ICP,-0.05679669090969108,-0.15172231540782966
2,MC | F-band | z | ENR,-0.02585949671101284,-0.04241626528590631
2,MC | F-band | z | SVR,-0.21611852948876553,-0.18903856403718208
2,MC | F-band | z | Anchor,-0.12672678770077317,-0.12361058173593115
2,MC | F-band | z | ICP,-0.032347258659966016,-0.21154946817072662
2,MC | F-fooof-per | none | ENR,-0.03597995086356032,-0.20837430296017678
2,MC | F-fooof-per | none | SVR,-0.12928512527376257,-0.11847397686706125
2,MC | F-fooof-per | none | Anchor,-0.2247231357476891,-0.036344103397773705
2,MC | F-fooof-per | none | ICP,-0.1563665265980907,-0.07707600992012215
2,MC | F-fooof-per | z | ENR,-0.11293270448292914,-0.13396101845180755
2,MC | F-fooof-per | z | SVR,-0.1734998561205352,-0.15309593710176375
2,MC | F-fooof-per | z | Anchor,-0.469736955486612,-8.712682127674787e-05
2,MC | F-fooof-per | z | ICP,-0.12120246777942612,-0.028802335788772962
2,MC | F-rel | none | ENR,-0.02262372689192471,-0.11124890551247624
2,MC | F-rel | none | SVR,-0.09283696961613042,-0.039879134785102396
2,MC | F-rel | none | Anchor,-0.08678543390662452,-0.06569421325814398
2,MC | F-rel | none | ICP,-0.035268822125518184,-0.0681061175507592
2,MC | F-rel | z | ENR,-0.024634836474943356,-0.20170003789689908
2,MC | F-rel | z | SVR,-0.09673553951083069,-0.17715979557643433
2,MC | F-rel | z | Anchor,-0.0801649052067106,0.03468635583462429
2,MC | F-rel | z | ICP,-0.06477838724327967,0.01784473268521688
2,MC | F-asym | none | ENR,-0.032347258659966016,-0.21154946817072662
2,MC | F-asym | none | SVR,-0.21200377658314418,-0.16836410103130384
2,MC | F-asym | none | Anchor,-0.14596995211984143,-0.16094831009837818
2,MC | F-asym | none | ICP,-0.032347258659966016,-0.21154946817072662
2,MC | F-asym | z | ENR,-0.07220627038492133,-0.12361649395866621
2,MC | F-asym | z | SVR,-0.18355182265368075,-0.13566079581904858
2,MC | F-asym | z | Anchor,-0.3749142637424052,-0.1693487292608778
2,MC | F-asym | z | ICP,-0.12405859308102296,-0.2574416403072298
2,MC | F-riem | none | ENR,-0.032347258659966016,-0.2115494681707266
2,MC | F-riem | none | SVR,-0.2722065903617339,-0.15918865033009388
2,MC | F-riem | none | Anchor,-0.44358631103183277,0.050973267316214876
2,MC | F-riem | none | ICP,-0.08330157363949264,0.15021524209368275
2,MC | F-riem | z | ENR,-0.03337190336462181,-0.21723913448865612
2,MC | F-riem | z | SVR,-0.19706066401031697,-0.2742949055063153
2,MC | F-riem | z | Anchor,-0.9162550903652134,-0.23818279060128186
2,MC | F-riem | z | ICP,-0.0458592260965891,0.16720697532454107
2,MC | F-riem | riem | ENR,-0.03324132246406464,-0.21943937240746642
2,MC | F-riem | riem | SVR,-0.13900971145496932,-0.2079176154489386
2,MC | F-riem | riem | Anchor,-0.21526718414855717,-0.11504064004042974
2,MC | F-riem | riem | ICP,-0.03087202773969744,-0.07070655842892279
3,noMC | F-band | none | ENR,-0.03753226787460662,-0.0815013911305006
3,noMC | F-band | none | SVR,-0.18999824532564902,-0.12117014860357654
3,noMC | F-band | none | Anchor,-0.21053656033814994,-0.22112987381812726
3,noMC | F-band | none | ICP,-0.06760627848020961,-0.1266961434880827
3,noMC | F-band | z | ENR,-0.039835238201454404,-0.048082250754876515
3,noMC | F-band | z | SVR,-0.13671737560438713,-0.19144771484878753
3,noMC | F-band | z | Anchor,-0.12943330497310623,-0.06993919709160028
3,noMC | F-band | z | ICP,-0.026104930553985106,-0.021373673287248013
3,noMC | F-fooof-per | none | ENR,-0.0552383132089731,-0.22070252772799712
3,noMC | F-fooof-per | none | SVR,-0.05974966540171134,0.05214381337744275
3,noMC | F-fooof-per | none | Anchor,-0.1707794279897752,0.07396794128280697
3,noMC | F-fooof-per | none | ICP,-0.022105060045065406,-0.10676040644189198
3,noMC | F-fooof-per | z | ENR,-1.441008623999012,-0.06097654721937504
3,noMC | F-fooof-per | z | SVR,-0.0990707690496242,-0.12696621553761103
3,noMC | F-fooof-per | z | Anchor,-0.28107464956699846,0.08350733471467608
3,noMC | F-fooof-per | z | ICP,-0.01242182950427173,-0.038343096197572
3,noMC | F-rel | none | ENR,-0.04721538863999486,-0.13428312653559316
3,noMC | F-rel | none | SVR,-0.46974565259616785,-0.04838350058269969
3,noMC | F-rel | none | Anchor,-0.14936350704614165,-0.1335050353695316
3,noMC | F-rel | none | ICP,-0.03134814543040476,-0.20463349989487284
3,noMC | F-rel | z | ENR,-0.02323491134660971,-0.058726039071127764
3,noMC | F-rel | z | SVR,-0.10105553281213342,-0.14999343514599395
3,noMC | F-rel | z | Anchor,-9.248038583143384,-0.1341315296807573
3,noMC | F-rel | z | ICP,-0.056794369543192946,-0.12783005290083355
3,noMC | F-asym | none | ENR,-0.12791264394793012,-0.2216137725670172
3,noMC | F-asym | none | SVR,-0.2118472028835825,-0.08620731357720372
3,noMC | F-asym | none | Anchor,-0.20137758494429092,-0.18108204140629552
3,noMC | F-asym | none | ICP,-0.03522833861654706,-0.24782283904861094
3,noMC | F-asym | z | ENR,-0.04290135194826572,-0.1882948751895059
3,noMC | F-asym | z | SVR,-0.19305412795736343,-0.021873419098456092
3,noMC | F-asym | z | Anchor,-0.44322408117140566,-0.2677840341405604
3,noMC | F-asym | z | ICP,-0.03024171334971415,-0.045533605247855116
3,noMC | F-riem | none | ENR,-0.034133691209990324,-0.22210302668220328
3,noMC | F-riem | none | SVR,-0.24429393663260757,-0.15778948565246304
3,noMC | F-riem | none | Anchor,-0.24237136923608338,-0.0730801243488362
3,noMC | F-riem | none | ICP,-0.030975378858592695,0.11113228198457206
3,noMC | F-riem | z | ENR,-0.03849042640476408,-0.2534567533884009
3,noMC | F-riem | z | SVR,-0.24706615968281032,-0.30285119415661543
3,noMC | F-riem | z | Anchor,-0.7604052942475643,-0.031931745793341126
3,noMC | F-riem | z | ICP,-0.03760798960550926,-0.18891872716632213
3,noMC | F-riem | riem | ENR,-0.03522833861654706,-0.24782283904861094
3,noMC | F-riem | riem | SVR,-0.12976399457187537,-0.2589941830345794
3,noMC | F-riem | riem | Anchor,-0.20041293541174343,-0.1455636727982505
3,noMC | F-riem | riem | ICP,-0.038439448064331305,-0.08936746782012325
3,MC | F-band | none | ENR,-0.0571236571737197,-0.265917073310479
3,MC | F-band | none | SVR,-0.26439084427062887,-0.12166607802676595
3,MC | F-band | none | Anchor,-0.1138368003568937,-0.10880185819076785
3,MC | F-band | none | ICP,-0.12854479622725234,-0.2216921260928062
3,MC | F-band | z | ENR,-0.035871243888230486,-0.1312543787723596
3,MC | F-band | z | SVR,-0.19929322228320623,-0.2203976009100189
3,MC | F-band | z | Anchor,-0.10320797696264927,0.012592191897106132
3,MC | F-band | z | ICP,-0.08918475024130035,-0.3330282215279507
3,MC | F-fooof-per | none | ENR,-0.1386657103104345,-0.30808099367063946
3,MC | F-fooof-per | none | SVR,-0.16112683331585642,-0.008094692711633884
3,MC | F-fooof-per | none | Anchor,-0.1338587762468635,0.06503265612891893
3,MC | F-fooof-per | none | ICP,-0.04244428411113588,-0.2018427292279461
3,MC | F-fooof-per | z | ENR,-0.07009657817774384,-0.005728048799744062
3,MC | F-fooof-per | z | SVR,-0.10981263848313971,-0.06223406154629262
3,MC | F-fooof-per | z | Anchor,-0.3932800420902527,0.06846838884340531
3,MC | F-fooof-per | z | ICP,-0.09010897373010285,0.06477491325809048
3,MC | F-rel | none | ENR,-0.046465264515388016,-0.22277649236570396
3,MC | F-rel | none | SVR,-0.33280611587734965,-0.029423332678979622
3,MC | F-rel | none | Anchor,-0.08865182195109056,-0.14673913397994356
3,MC | F-rel | none | ICP,-0.034181319983342506,-0.26853584743148273
3,MC | F-rel | z | ENR,-0.029482596641710712,-0.00562383620013315
3,MC | F-rel | z | SVR,-0.07458552957562037,-0.04176854095478205
3,MC | F-rel | z | Anchor,-0.15371938012681796,0.0604078395397772
3,MC | F-rel | z | ICP,-0.02617979900608347,-0.22487443466997212
3,MC | F-asym | none | ENR,-0.13370239729957367,-0.21753355545833752
3,MC | F-asym | none | SVR,-0.1651440465951739,-0.10888779228390082
3,MC | F-asym | none | Anchor,-0.20405079732952935,-0.17784159287447004
3,MC | F-asym | none | ICP,-0.037114099189272665,-0.24967273492814612
3,MC | F-asym | z | ENR,-0.15878418114640058,-0.2608101525888063
3,MC | F-asym | z | SVR,-0.11930829555260436,-0.03599837278748168
3,MC | F-asym | z | Anchor,-0.3800675014811956,-0.2584023523413508
3,MC | F-asym | z | ICP,-0.04999708206983855,-0.2428586883940667
3,MC | F-riem | none | ENR,-0.2674398040456645,-0.15015356854588746
3,MC | F-riem | none | SVR,-0.30957677564985997,-0.19336204911086685
3,MC | F-riem | none | Anchor,-0.41487713566776496,-0.1607386023583195
3,MC | F-riem | none | ICP,-0.0559553494646714,-0.1244946465153845
3,MC | F-riem | z | ENR,-0.0411773547126395,-0.2564633607540697
3,MC | F-riem | z | SVR,-0.26337087015746885,-0.2553556931018607
3,MC | F-riem | z | Anchor,-0.6418239549977389,-0.23961707383398326
3,MC | F-riem | z | ICP,-0.033344557167930056,0.046890678400856145
3,MC | F-riem | riem | ENR,-0.037114099189272665,-0.24967273492814612
3,MC | F-riem | riem | SVR,-0.17925483442406964,-0.2627283140677696
3,MC | F-riem | riem | Anchor,-0.19436370160798488,-0.20374655183427332
3,MC | F-riem | riem | ICP,-0.04574261020410231,-0.18019947010095178
4,noMC | F-band | none | ENR,0.10825923214849398,0.3473496923609287
4,noMC | F-band | none | SVR,-0.0017728332150410697,0.19430304649097888
4,noMC | F-band | none | Anchor,0.0719830917704053,0.3192993235931495
4,noMC | F-band | none | ICP,-0.06402631996803465,-0.3681159204662613
4,noMC | F-band | z | ENR,-0.12281156740847621,-0.009285763273794774
4,noMC | F-band | z | SVR,-0.18804077118630946,-0.011594546175722049
4,noMC | F-band | z | Anchor,-2.555261272617718,-0.0565695747695748
4,noMC | F-band | z | ICP,-0.06402631996803465,-0.3681159204662613
4,noMC | F-fooof-per | none | ENR,-0.1554904487450366,-0.03639759285884962
4,noMC | F-fooof-per | none | SVR,-0.2984773573254418,-0.1036607166525715
4,noMC | F-fooof-per | none | Anchor,-0.41306172383674666,-0.16353932304852847
4,noMC | F-fooof-per | none | ICP,-0.06402631996803465,-0.3681159204662613
4,noMC | F-fooof-per | z | ENR,-0.2716378599147229,-0.26431514645177984
4,noMC | F-fooof-per | z | SVR,-0.05752312968921425,0.27273183373638377
4,noMC | F-fooof-per | z | Anchor,-0.37760928686447115,0.07314458491412879
4,noMC | F-fooof-per | z | ICP,-0.07810381454830329,-0.19426553087590945
4,noMC | F-rel | none | ENR,-0.07774531831732512,-0.00014020666687801497
4,noMC | F-rel | none | SVR,-0.09164460930078855,0.06188988699991013
4,noMC | F-rel | none | Anchor,-0.06603740396709368,0.08226013518280707
4,noMC | F-rel | none | ICP,-0.06402631996803465,-0.3681159204662613
4,noMC | F-rel | z | ENR,-0.09351477838659905,0.04582213646203295
4,noMC | F-rel | z | SVR,-0.1185299262859385,0.06872533558232102
4,noMC | F-rel | z | Anchor,-0.4763665374150048,0.01635608336997437
4,noMC | F-rel | z | ICP,-0.06402631996803465,-0.3681159204662613
4,noMC | F-asym | none | ENR,-0.11801593200377258,-0.28253668090602563
4,noMC | F-asym | none | SVR,-0.08301659180064336,0.013721741538145218
4,noMC | F-asym | none | Anchor,-0.23858438497473022,-0.3395071148353006
4,noMC | F-asym | none | ICP,-0.06402631996803465,-0.3681159204662613
4,noMC | F-asym | z | ENR,-0.8278475693499459,-0.19256962278456058
4,noMC | F-asym | z | SVR,-0.4019941175409594,-0.11592987220751415
4,noMC | F-asym | z | Anchor,-0.9883793037022426,-0.14742133332978635
4,noMC | F-asym | z | ICP,-0.06280650330402815,0.0448006662617729
4,noMC | F-riem | none | ENR,-0.1489197361006589,-0.38646772798131435
4,noMC | F-riem | none | SVR,-0.40764584375695834,-0.2715517768011918
4,noMC | F-riem | none | Anchor,-0.575566259550917,-0.3448148606645333
4,noMC | F-riem | none | ICP,-0.14499116297760128,-0.13536798314492582
4,noMC | F-riem | z | ENR,-0.06402631996803465,-0.3681159204662612
4,noMC | F-riem | z | SVR,-0.14784911812120582,-0.17441475303199724
4,noMC | F-riem | z | Anchor,-3.116464098334732,-0.2584302879677995
4,noMC | F-riem | z | ICP,-0.08292778543954205,-0.1454057201502183
4,noMC | F-riem | riem | ENR,-0.07344948344092228,-0.35637407386525455
4,noMC | F-riem | riem | SVR,-0.11215323240022768,-0.19122491324270563
4,noMC | F-riem | riem | Anchor,-1.787002698409088,-0.12023233061596394
4,noMC | F-riem | riem | ICP,-0.098139102219168,-0.21319479695642723
4,MC | F-band | none | ENR,0.07218418222607159,0.3958772422861962
4,MC | F-band | none | SVR,0.0008336472911637527,0.22089756080187567
4,MC | F-band | none | Anchor,-0.07207103961672257,0.3419942570147959
4,MC | F-band | none | ICP,-0.08594262817817788,-0.3878316343506174
4,MC | F-band | z | ENR,-0.19602535996759007,0.0008459162817652244
4,MC | F-band | z | SVR,-0.21536680354766147,0.0006269601590608923
4,MC | F-band | z | Anchor,-0.4391828887278193,-0.14062466125608025
4,MC | F-band | z | ICP,-0.09236131865664343,-0.13913009800374726
4,MC | F-fooof-per | none | ENR,-0.07110178384527432,-0.34541282892016284
4,MC | F-fooof-per | none | SVR,-0.29511920722047824,-0.12259724709277045
4,MC | F-fooof-per | none | Anchor,-0.641006889188166,-0.043742238811334454
4,MC | F-fooof-per | none | ICP,-0.06519721886983798,-0.3721391751640655
4,MC | F-fooof-per | z | ENR,-0.24876974958076725,-0.37301346051439127
4,MC | F-fooof-per | z | SVR,-0.2636565432425635,-0.1553518384684271
4,MC | F-fooof-per | z | Anchor,-0.5666658249419465,-0.16787359540296584
4,MC | F-fooof-per | z | ICP,-0.10506553962314658,0.09278789028936776
4,MC | F-rel | none | ENR,-0.07601527839849487,-0.09102803512759054
4,MC | F-rel | none | SVR,-0.046882019752368054,0.039494002772880565
4,MC | F-rel | none | Anchor,-0.059772278847658455,0.12508288877123147
4,MC | F-rel | none | ICP,-0.06519721886983798,-0.3721391751640655
4,MC | F-rel | z | ENR,-0.18516583880973014,-0.10757164620016826
4,MC | F-rel | z | SVR,-0.07667199394434521,-0.05398777548211514
4,MC | F-rel | z | Anchor,-0.42526718660947993,-0.06222806108526649
4,MC | F-rel | z | ICP,-0.06519721886983798,-0.3721391751640655
4,MC | F-asym | none | ENR,-0.09442175077647197,-0.3236588292020086
4,MC | F-asym | none | SVR,-0.09724333650577366,0.021464188047125122
4,MC | F-asym | none | Anchor,-0.24220289082220137,-0.3446623205856122
4,MC | F-asym | none | ICP,-0.06519721886983798,-0.3721391751640655
4,MC | F-asym | z | ENR,-0.31376403181241797,-0.39208529383674207
4,MC | F-asym | z | SVR,-0.2288696961582517,0.013610912986683224
4,MC | F-asym | z | Anchor,-0.7184016877416892,-0.34290357766687085
4,MC | F-asym | z | ICP,-0.06519721886983798,-0.3721391751640655
4,MC | F-riem | none | ENR,-0.16918705275947943,-0.34384637020625053
4,MC | F-riem | none | SVR,-0.3591356617291188,-0.21706914077145673
4,MC | F-riem | none | Anchor,-0.3348622925679623,-0.19649356771930943
4,MC | F-riem | none | ICP,-0.09260502377874413,-0.042042344238978076
4,MC | F-riem | z | ENR,-0.08448632328522865,-0.42198342252345633
4,MC | F-riem | z | SVR,-0.27832381025871156,-0.2635627600807677
4,MC | F-riem | z | Anchor,-2.6575212707276945,-0.1796808732232211
4,MC | F-riem | z | ICP,-0.16968170937867777,-0.316597516798676
4,MC | F-riem | riem | ENR,-0.15386167142384122,-0.4247071069339502
4,MC | F-riem | riem | SVR,-0.11661041341280343,-0.14191924059395283
4,MC | F-riem | riem | Anchor,-0.5961154014888288,-0.22858291602991845
4,MC | F-riem | riem | ICP,-0.08888631754755472,-0.3846173133595563
5,noMC | F-band | none | ENR,-0.18854364741957563,-0.3220557057248544
5,noMC | F-band | none | SVR,-0.11192971566255783,0.008755236097334036
5,noMC | F-band | none | Anchor,-0.7147595755355862,-0.14372858141387165
5,noMC | F-band | none | ICP,-0.2021993986415369,-0.07387515706957143
5,noMC | F-band | z | ENR,-0.07164227471466389,-0.06791542093228937
5,noMC | F-band | z | SVR,-0.04492105643219735,0.048967466398497014
5,noMC | F-band | z | Anchor,-0.5117256749380081,-0.1537053598436404
5,noMC | F-band | z | ICP,-0.06215774238962446,-0.11603297826833425
5,noMC | F-fooof-per | none | ENR,-0.12936414874048463,-0.2525042591331191
5,noMC | F-fooof-per | none | SVR,-0.015571058562743767,0.12473113611246459
5,noMC | F-fooof-per | none | Anchor,-0.2667638379914523,0.18272130430028108
5,noMC | F-fooof-per | none | ICP,-0.04077164067334205,-0.1351137701121167
5,noMC | F-fooof-per | z | ENR,-0.14797485734282834,-0.24497262417844612
5,noMC | F-fooof-per | z | SVR,-0.04903246452992782,0.04096564537430995
5,noMC | F-fooof-per | z | Anchor,-0.5771182111723312,0.022031283368814318
5,noMC | F-fooof-per | z | ICP,-0.05414181023020004,-0.15236094512057713
5,noMC | F-rel | none | ENR,-0.41860162026472736,-0.31240633946239155
5,noMC | F-rel | none | SVR,-0.2128921606408576,-0.18533135640783435
5,noMC | F-rel | none | Anchor,-2.0163884010854414,-0.2591970700360266
5,noMC | F-rel | none | ICP,-0.032290727008079445,-0.13658801742881277
5,noMC | F-rel | z | ENR,-0.2875027209436156,-0.07469447498956427
5,noMC | F-rel | z | SVR,-0.10128014397875029,-0.07235494140932593
5,noMC | F-rel | z | Anchor,-2.471461162334504,0.1768730596852084
5,noMC | F-rel | z | ICP,-0.061490878127983484,-0.21991516249646315
5,noMC | F-asym | none | ENR,-0.07313157135981507,-0.09897304804142343
5,noMC | F-asym | none | SVR,-0.16737713197541737,-0.08479422293183007
5,noMC | F-asym | none | Anchor,-0.10400795075803448,0.09543970298820113
5,noMC | F-asym | none | ICP,-0.04342203780875331,-0.032909859536024016
5,noMC | F-asym | z | ENR,-0.14166831092545173,-0.21054845647273623
5,noMC | F-asym | z | SVR,-0.054363413847827724,0.0323432022372781
5,noMC | F-asym | z | Anchor,-0.23248165233584084,-0.19218805313172566
5,noMC | F-asym | z | ICP,-0.043509511486682584,0.06163325567613735
5,noMC | F-riem | none | ENR,-0.08500610954091647,-0.24700528652577214
5,noMC | F-riem | none | SVR,-0.23228086340590526,-0.15111800059470076
5,noMC | F-riem | none | Anchor,-0.9644585982082514,-0.09072209048436018
5,noMC | F-riem | none | ICP,-0.10637361495270592,-0.2044814033365701
5,noMC | F-riem | z | ENR,-0.1840502008425804,0.051946923346295956
5,noMC | F-riem | z | SVR,-0.0392494742739391,0.04624134823515323
5,noMC | F-riem | z | Anchor,-0.4001379126382967,0.049093344105205924
5,noMC | F-riem | z | ICP,-0.04929930655780512,-0.13330549234708744
5,noMC | F-riem | riem | ENR,-0.03562644488126021,-0.03010784263414702
5,noMC | F-riem | riem | SVR,-0.06471604862914937,0.08397940555001535
5,noMC | F-riem | riem | Anchor,-0.7129592074646938,0.09628750240649853
5,noMC | F-riem | riem | ICP,-0.05853122451625037,-0.27904395147228933
5,MC | F-band | none | ENR,-0.07264154239928566,-0.31717071154113224
5,MC | F-band | none | SVR,-0.24674625426930885,-0.26980429134310435
5,MC | F-band | none | Anchor,-0.429225934870922,-0.12722334614125586
5,MC | F-band | none | ICP,-0.03755542728751915,-0.11474352167149487
5,MC | F-band | z | ENR,-0.09964416409690635,-0.25156165562979993
5,MC | F-band | z | SVR,-0.3206356346892998,-0.32718446081037245
5,MC | F-band | z | Anchor,-0.5322588030528674,-0.08144261765367938
5,MC | F-band | z | ICP,-0.06489663926707179,-0.1762063614506742
5,MC | F-fooof-per | none | ENR,-0.024269161341968104,-0.02155333569450531
5,MC | F-fooof-per | none | SVR,-0.08112740956375886,-0.00487148075678541
5,MC | F-fooof-per | none | Anchor,-0.07408313590020721,0.2704694231265564
5,MC | F-fooof-per | none | ICP,-0.029822148285287176,-0.1118341702346236
5,MC | F-fooof-per | z | ENR,-0.04239957795229565,-0.27082352293848155
5,MC | F-fooof-per | z | SVR,-0.16087968298144983,-0.04631741197330451
5,MC | F-fooof-per | z | Anchor,-0.1338710403573966,0.23285704836183607
5,MC | F-fooof-per | z | ICP,0.019527111440750144,0.1977814243683873
5,MC | F-rel | none | ENR,-0.07686472784308185,-0.26335026488276014
5,MC | F-rel | none | SVR,-0.17939664783771603,-0.16455872980017297
5,MC | F-rel | none | Anchor,-0.7989392175939642,-0.16905548067058124
5,MC | F-rel | none | ICP,-0.06116595066363306,-0.10649941520589287
5,MC | F-rel | z | ENR,-0.27274974329982915,-0.05697718815933583
5,MC | F-rel | z | SVR,-0.16107170784899072,-0.1847171550593068
5,MC | F-rel | z | Anchor,-1.4255564831831116,0.041655964372235274
5,MC | F-rel | z | ICP,-0.04337207802313614,-0.27211053125783136
5,MC | F-asym | none | ENR,-0.07342754946583985,-0.07550432380165359
5,MC | F-asym | none | SVR,-0.1264989803092169,-0.10106653512984053
5,MC | F-asym | none | Anchor,-0.136216678905839,0.04815271599602408
5,MC | F-asym | none | ICP,-0.05246034200331384,-0.2916860790317504
5,MC | F-asym | z | ENR,-0.08486277974480139,-0.1959155812079529
5,MC | F-asym | z | SVR,-0.19626427042974393,-0.25440400503656907
5,MC | F-asym | z | Anchor,-0.1510508087967084,-0.1026475969810724
5,MC | F-asym | z | ICP,-0.011655487861216285,0.08625480646866338
5,MC | F-riem | none | ENR,-0.044993176364393817,-0.2824162367488371
5,MC | F-riem | none | SVR,-0.246511571802557,-0.07038639351769801
5,MC | F-riem | none | Anchor,-0.37629627695594703,0.07884754802308686
5,MC | F-riem | none | ICP,-0.04392824094869474,-0.2713833604957302
5,MC | F-riem | z | ENR,-0.04337207802313614,-0.2721105312578314
5,MC | F-riem | z | SVR,-0.10490253774556169,-0.12893032289701462
5,MC | F-riem | z | Anchor,-0.11377015427491877,0.1071453867421131
5,MC | F-riem | z | ICP,-0.1287714468698753,-0.3141527995576666
5,MC | F-riem | riem | ENR,-0.05986510578245352,-0.2287678595755132
5,MC | F-riem | riem | SVR,-0.13627151160066253,-0.09445542352821751
5,MC | F-riem | riem | Anchor,-0.38730621247374564,0.10395404672733202
5,MC | F-riem | riem | ICP,-0.039719241571633424,-0.16823402484212518
6,noMC | F-band | none | ENR,-0.03176112739207393,-0.1011013485169043
6,noMC | F-band | none | SVR,-0.15071733027371637,-0.2120918348675216
6,noMC | F-band | none | Anchor,-0.34820765200291137,-0.03344600721271973
6,noMC | F-band | none | ICP,-0.19976475707182928,-0.16467381361700031
6,noMC | F-band | z | ENR,-0.10073666355229105,-0.06613664829530577
6,noMC | F-band | z | SVR,-0.20524031533315545,-0.10585548787048828
6,noMC | F-band | z | Anchor,-1.0031884370720165,0.1999227926373159
6,noMC | F-band | z | ICP,-0.060937760284975884,0.006312767570909393
6,noMC | F-fooof-per | none | ENR,-0.034781572800102856,-0.25178360614555856
6,noMC | F-fooof-per | none | SVR,-0.10896117960574903,-0.09145762804830687
6,noMC | F-fooof-per | none | Anchor,-0.1363856123380942,0.04168902745712097
6,noMC | F-fooof-per | none | ICP,-0.015427616272962519,0.03852369632583003
6,noMC | F-fooof-per | z | ENR,-0.09610986631235208,-0.09946931147383845
6,noMC | F-fooof-per | z | SVR,-0.26128384017849315,-0.08464307871622584
6,noMC | F-fooof-per | z | Anchor,-0.2135191546600297,0.06794291523397424
6,noMC | F-fooof-per | z | ICP,-0.10353422311275584,-0.09125814925228308
6,noMC | F-rel | none | ENR,-0.040006974486038516,-0.2292880027973474
6,noMC | F-rel | none | SVR,-0.1581207456785123,-0.14656872927412204
6,noMC | F-rel | none | Anchor,-1.0144648860700225,-0.10199998835117872
6,noMC | F-rel | none | ICP,-0.02594694379844875,-0.04565959922336456
6,noMC | F-rel | z | ENR,-0.039431750078082306,-0.27367543059806754
6,noMC | F-rel | z | SVR,-0.09270400870272644,-0.11511020545545794
6,noMC | F-rel | z | Anchor,-0.39963411250111425,0.054297182999435284
6,noMC | F-rel | z | ICP,-0.1192313004227592,-0.1057882532802553
6,noMC | F-asym | none | ENR,-0.036142546164411815,-0.2573005242223717
6,noMC | F-asym | none | SVR,-0.1476708771741797,-0.24809147445376087
6,noMC | F-asym | none | Anchor,-0.30057079414560506,-0.2235738078506999
6,noMC | F-asym | none | ICP,-0.11617645521323094,-0.24579899423519652
6,noMC | F-asym | z | ENR,-0.0631163902908718,-0.04433011449874456
6,noMC | F-asym | z | SVR,-0.15887625587553944,-0.1219006230281354
6,noMC | F-asym | z | Anchor,-0.1305475276484509,0.14047674218063141
6,noMC | F-asym | z | ICP,0.024329914417347664,0.1645547326244668
6,noMC | F-riem | none | ENR,-0.03529066359152222,-0.23094145162279656
6,noMC | F-riem | none | SVR,-0.2698999837798295,-0.09361168012789155
6,noMC | F-riem | none | Anchor,-0.25551104649026457,0.14780139927447988
6,noMC | F-riem | none | ICP,-0.0028343503686827365,0.19707327495052473
6,noMC | F-riem | z | ENR,-0.0389744863018362,-0.20853784872668243
6,noMC | F-riem | z | SVR,-0.20913202450169432,-0.1992995436822777
6,noMC | F-riem | z | Anchor,-0.45596260368130026,-0.10001813410640917
6,noMC | F-riem | z | ICP,-0.052456631650480645,-0.1666203648880401
6,noMC | F-riem | riem | ENR,-0.034660381269100426,-0.2249762540351375
6,noMC | F-riem | riem | SVR,-0.09381175024662847,-0.10161403055527651
6,noMC | F-riem | riem | Anchor,-0.3139767143360124,0.010973790118842038
6,noMC | F-riem | riem | ICP,-0.08818576236480791,-0.006583261882777011
6,MC | F-band | none | ENR,-0.04095796139521779,-0.07028151749876896
6,MC | F-band | none | SVR,-0.18725264368718686,-0.21819947383267074
6,MC | F-band | none | Anchor,-0.1947599768367987,-0.12546088460756666
6,MC | F-band | none | ICP,-0.04160677614585162,-0.1556406349637921
6,MC | F-band | z | ENR,-0.08548883945074603,-0.011310037849963924
6,MC | F-band | z | SVR,-0.3522210010517721,-0.10520234687572291
6,MC | F-band | z | Anchor,-0.18140052899498582,0.1846236378020112
6,MC | F-band | z | ICP,-0.03694122026013402,0.04243613177080613
6,MC | F-fooof-per | none | ENR,-0.03976702530105514,-0.2552624576242592
6,MC | F-fooof-per | none | SVR,-0.12559763242126976,0.01910130240615986
6,MC | F-fooof-per | none | Anchor,-0.22032552696089924,-0.0752400411149946
6,MC | F-fooof-per | none | ICP,-0.09689804199745655,-0.037877300100862446
6,MC | F-fooof-per | z | ENR,-0.08065151347969923,-0.08897143013361396
6,MC | F-fooof-per | z | SVR,-0.19582165204589685,-0.08636097918865587
6,MC | F-fooof-per | z | Anchor,-0.39559568876749984,0.014779593169471812
6,MC | F-fooof-per | z | ICP,-0.08433196611821647,-0.00692115859315607
6,MC | F-rel | none | ENR,-0.04639738523004566,-0.18227767048229332
6,MC | F-rel | none | SVR,-0.09976959682611031,-0.0480896101284368
6,MC | F-rel | none | Anchor,-0.14879643035974732,-0.1742726542198074
6,MC | F-rel | none | ICP,-0.05688185810715418,-0.20193998163636206
6,MC | F-rel | z | ENR,-0.03206910357085291,-0.07005720433413148
6,MC | F-rel | z | SVR,-0.08974867108688911,-0.08986377684010352
6,MC | F-rel | z | Anchor,-0.2722940295487577,-0.06693867161397872
6,MC | F-rel | z | ICP,-0.049303468655959026,0.06586352420095876
6,MC | F-asym | none | ENR,-0.03792813804826789,-0.25412144103314016
6,MC | F-asym | none | SVR,-0.3014675888591489,-0.342531147242778
6,MC | F-asym | none | Anchor,-0.14514862229298853,-0.17580211863419148
6,MC | F-asym | none | ICP,-0.03792813804826789,-0.2541214410331401
6,MC | F-asym | z | ENR,-0.10272676247070978,-0.13458798188934404
6,MC | F-asym | z | SVR,-0.3419699146791155,-0.28469097325840753
6,MC | F-asym | z | Anchor,-0.38096361956011204,-0.16326563557199406
6,MC | F-asym | z | ICP,-0.0986839203602512,-0.030515267668930673
6,MC | F-riem | none | ENR,-0.04904335917916547,-0.23295856871260268
6,MC | F-riem | none | SVR,-0.20455872536462794,-0.13115947228236483
6,MC | F-riem | none | Anchor,-0.1665638574411239,0.17951936649170225
6,MC | F-riem | none | ICP,0.05316192535285513,0.2879328079082119
6,MC | F-riem | z | ENR,-0.08014351840071554,-0.22731861004872586
6,MC | F-riem | z | SVR,-0.19393313034743476,-0.25644062023841774
6,MC | F-riem | z | Anchor,-0.45394689430893287,-0.17977015809166175
6,MC | F-riem | z | ICP,-0.07217012939464995,0.15691261437065607
6,MC | F-riem | riem | ENR,-0.03862884487068019,-0.2235072677175399
6,MC | F-riem | riem | SVR,-0.12430241844889212,-0.14998291174285944
6,MC | F-riem | riem | Anchor,-0.24392022348236986,-0.0671907817901799
6,MC | F-riem | riem | ICP,-0.048322807152872516,-0.22039261701971077
7,noMC | F-band | none | ENR,0.026746841718255143,0.2651574379950702
7,noMC | F-band | none | SVR,-0.2124769107550606,-0.21966520474140455
7,noMC | F-band | none | Anchor,-0.1482681242115329,0.11259711169856895
7,noMC | F-band | none | ICP,-0.11833863925729893,-0.09938047902184867
7,noMC | F-band | z | ENR,0.017586418427644968,0.1383064864156595
7,noMC | F-band | z | SVR,-0.2054696034797261,-0.2099563419951766
7,noMC | F-band | z | Anchor,-1.0620957225437477,-0.07416020309169655
7,noMC | F-band | z | ICP,-0.054439470839110715,-0.1022081139074427
7,noMC | F-fooof-per | none | ENR,-0.08999258572271929,-0.2446824352507549
7,noMC | F-fooof-per | none | SVR,0.013134994630969232,0.1918563111586994
7,noMC | F-fooof-per | none | Anchor,-0.321207314857334,0.20913902504156986
7,noMC | F-fooof-per | none | ICP,-0.06631219797441057,-0.10751513103438254
7,noMC | F-fooof-per | z | ENR,-0.033258263206034755,-0.02987507453926912
7,noMC | F-fooof-per | z | SVR,-0.13001195841969615,-0.03957969191261682
7,noMC | F-fooof-per | z | Anchor,-1.2301248534143987,0.0077529409742264875
7,noMC | F-fooof-per | z | ICP,-0.04347427209920807,-0.17268859990310353
7,noMC | F-rel | none | ENR,-0.09053950275125144,0.08258257946491031
7,noMC | F-rel | none | SVR,-0.23916526140102778,-0.14219461677745948
7,noMC | F-rel | none | Anchor,-0.11986237021036783,0.21220800478541396
7,noMC | F-rel | none | ICP,0.062382038166160725,0.296994758507493
7,noMC | F-rel | z | ENR,0.04366349270865533,0.2384045127564357
7,noMC | F-rel | z | SVR,-0.1940963000405045,-0.13919177246477982
7,noMC | F-rel | z | Anchor,-0.7181406147172591,0.28935470105096106
7,noMC | F-rel | z | ICP,-0.10021980618201809,0.0371500895593565
7,noMC | F-asym | none | ENR,0.09543525235333095,0.30975035616278634
7,noMC | F-asym | none | SVR,0.02669722214895598,0.25235907284426423
7,noMC | F-asym | none | Anchor,-0.09163548477269012,0.2063937186570657
7,noMC | F-asym | none | ICP,-0.03695465397868403,-0.26828776809084204
7,noMC | F-asym | z | ENR,-0.020776924079092485,0.050835931000740395
7,noMC | F-asym | z | SVR,0.020300142584646186,0.21511251883407068
7,noMC | F-asym | z | Anchor,-1.526346438852792,-0.18188385580527863
7,noMC | F-asym | z | ICP,0.0251280800680731,0.1715652954538069
7,noMC | F-riem | none | ENR,-0.03695465397868403,-0.2682877680908422
7,noMC | F-riem | none | SVR,-0.33278179506097993,-0.3020147987532353
7,noMC | F-riem | none | Anchor,-1.194533430659186,-0.28801135619707047
7,noMC | F-riem | none | ICP,-0.05516748402626659,-0.22158636145911925
7,noMC | F-riem | z | ENR,-0.403755557172061,0.04318554216835307
7,noMC | F-riem | z | SVR,-0.10806679420741472,-0.2569186427695884
7,noMC | F-riem | z | Anchor,-1.1444393162287314,-0.1363968302104055
7,noMC | F-riem | z | ICP,-0.040347969205388745,-0.2825200397531328
7,noMC | F-riem | riem | ENR,-0.04902415690814177,-0.2290963906343395
7,noMC | F-riem | riem | SVR,-0.1300922101842199,-0.24600387962349302
7,noMC | F-riem | riem | Anchor,-0.559757079950981,0.04762996947728867
7,noMC | F-riem | riem | ICP,-0.04801719841162999,-0.21921616666173505
7,MC | F-band | none | ENR,0.021123142127253525,0.2933862765995364
7,MC | F-band | none | SVR,-0.18649150540335024,-0.08757354444584671
7,MC | F-band | none | Anchor,0.07529568424262378,0.3155297548535562
7,MC | F-band | none | ICP,-0.004481972205206297,0.10712459881241843
7,MC | F-band | z | ENR,-0.09269539802896154,-0.19835801774987324
7,MC | F-band | z | SVR,-0.4288311780933147,-0.19790032651549586
7,MC | F-band | z | Anchor,-0.7769647922534315,0.10504812247015757
7,MC | F-band | z | ICP,-0.13713186947975053,-0.1434264453993596
7,MC | F-fooof-per | none | ENR,-0.06622397183682827,-0.18441266568464487
7,MC | F-fooof-per | none | SVR,-0.34691537703212827,0.04374378748037191
7,MC | F-fooof-per | none | Anchor,-0.38789897120256867,0.1794762523679811
7,MC | F-fooof-per | none | ICP,-0.06926223930269959,-0.1782033628101362
7,MC | F-fooof-per | z | ENR,-0.052281032723377585,-0.12522389822482077
7,MC | F-fooof-per | z | SVR,-0.16378187293015656,0.061559982096915836
7,MC | F-fooof-per | z | Anchor,-0.10246367500789888,0.22455093901729234
7,MC | F-fooof-per | z | ICP,-0.1372230179336742,-0.122850681893583
7,MC | F-rel | none | ENR,-0.13228991803652668,0.0655070728542129
7,MC | F-rel | none | SVR,-0.2261320385719201,-0.2082681106220435
7,MC | F-rel | none | Anchor,-0.06293808434328474,0.21614968927505046
7,MC | F-rel | none | ICP,-0.0001336392672419695,0.044334686696611
7,MC | F-rel | z | ENR,-0.005913561353000807,0.0691746465914983
7,MC | F-rel | z | SVR,-0.20017416707753055,-0.13075129904201033
7,MC | F-rel | z | Anchor,-0.21402202402830062,0.2157385033160281
7,MC | F-rel | z | ICP,-0.16229407868649814,-0.07073858445839763
7,MC | F-asym | none | ENR,0.08812340165767396,0.30000807402258944
7,MC | F-asym | none | SVR,-0.11868242639390347,0.2258641712313222
7,MC | F-asym | none | Anchor,-0.06140007131224845,0.2374692659341753
7,MC | F-asym | none | ICP,-0.03941502326071178,-0.2721013250450278
7,MC | F-asym | z | ENR,0.02249190893460029,0.18783523656909595
7,MC | F-asym | z | SVR,0.07540825008473206,0.291017538640269
7,MC | F-asym | z | Anchor,-0.1555067624825659,0.05116217780569134
7,MC | F-asym | z | ICP,0.014504448061533282,0.1986014755065046
7,MC | F-riem | none | ENR,-0.03941502326071178,-0.272101325045028
7,MC | F-riem | none | SVR,-0.22966256736210955,-0.3538979922320326
7,MC | F-riem | none | Anchor,-0.7268796393008929,-0.2688179752201936
7,MC | F-riem | none | ICP,-0.05976912457412675,-0.2164801704381326
7,MC | F-riem | z | ENR,-0.08044901415463945,-0.33985108385587093
7,MC | F-riem | z | SVR,-0.10971709306810062,-0.23978940006628352
7,MC | F-riem | z | Anchor,-0.8667012847369917,-0.20993321339726162
7,MC | F-riem | z | ICP,-0.045561433036765075,0.02334834983692534
7,MC | F-riem | riem | ENR,-0.036646735195613456,0.022578315379279103
7,MC | F-riem | riem | SVR,-0.13888700722756098,-0.23228172948863993
7,MC | F-riem | riem | Anchor,-0.33222456939282874,0.05973032535789184
7,MC | F-riem | riem | ICP,-0.043049375551840185,-0.12189204600277752
8,noMC | F-band | none | ENR,0.011787030282556121,0.12658363387119898
8,noMC | F-band | none | SVR,-0.10741561561299151,0.10286127143069461
8,noMC | F-band | none | Anchor,-0.11006748567084923,0.22751447398428062
8,noMC | F-band | none | ICP,-0.024964913400677524,-0.08929901067436857
8,noMC | F-band | z | ENR,-0.07045436634480429,-0.12037384407670944
8,noMC | F-band | z | SVR,-0.18269224840336573,-0.24007282031281402
8,noMC | F-band | z | Anchor,-0.2550714093564701,0.00754516505063299
8,noMC | F-band | z | ICP,-0.05951664745493823,-0.25949306256140287
8,noMC | F-fooof-per | none | ENR,-0.08594803083977398,-0.2772669184994071
8,noMC | F-fooof-per | none | SVR,-0.035756780472688376,0.13875109633474184
8,noMC | F-fooof-per | none | Anchor,-0.3766994993630699,0.19160384171524691
8,noMC | F-fooof-per | none | ICP,-0.03535751551560473,-0.24821638233776372
8,noMC | F-fooof-per | z | ENR,-0.0573949715517732,-0.13238899784175878
8,noMC | F-fooof-per | z | SVR,-0.06847364245098109,0.09601872350123769
8,noMC | F-fooof-per | z | Anchor,-1.908458517288373,-0.08167439404512455
8,noMC | F-fooof-per | z | ICP,-0.039472133040138635,-0.2948614197092921
8,noMC | F-rel | none | ENR,-0.023979850682501302,-0.02305238953103126
8,noMC | F-rel | none | SVR,-0.2942627935890314,-0.2848549604457473
8,noMC | F-rel | none | Anchor,-0.31117182638631835,0.09262879723473004
8,noMC | F-rel | none | ICP,-0.019855215968948015,-0.05738209763501831
8,noMC | F-rel | z | ENR,0.031176623606106513,0.230312470456547
8,noMC | F-rel | z | SVR,-0.028298661899345268,0.07800284915035996
8,noMC | F-rel | z | Anchor,-0.51271578793328,0.2527458980188638
8,noMC | F-rel | z | ICP,-0.09842838859189951,-0.14292583172704573
8,noMC | F-asym | none | ENR,-0.006732952541475434,0.0980826237138943
8,noMC | F-asym | none | SVR,-0.09964989785424327,0.2075420691195365
8,noMC | F-asym | none | Anchor,-0.14361753009215072,0.08265797800598802
8,noMC | F-asym | none | ICP,-0.039472133040138635,-0.2948614197092921
8,noMC | F-asym | z | ENR,-0.1509241087849158,-0.23849625744158323
8,noMC | F-asym | z | SVR,-0.15906546575197966,0.13094572321517411
8,noMC | F-asym | z | Anchor,-0.29564332262675763,-0.21519613208396332
8,noMC | F-asym | z | ICP,-0.0001441748239319196,0.06417000093020332
8,noMC | F-riem | none | ENR,-0.039472133040138635,-0.29486141970929214
8,noMC | F-riem | none | SVR,-0.17335664662275674,-0.1497845978009114
8,noMC | F-riem | none | Anchor,-0.5858856452455048,-0.1650746693546561
8,noMC | F-riem | none | ICP,-0.08415306858884009,-0.11993778793068074
8,noMC | F-riem | z | ENR,-0.15633434109640487,-0.15779635453424945
8,noMC | F-riem | z | SVR,-0.3437963755457245,-0.3035243207323964
8,noMC | F-riem | z | Anchor,-1.2016756936055373,-0.10905201050454141
8,noMC | F-riem | z | ICP,-0.04481097874744955,-0.1397789579009088
8,noMC | F-riem | riem | ENR,-0.04099973603827811,-0.2815856157559139
8,noMC | F-riem | riem | SVR,-0.22648357081857595,-0.16874380459932647
8,noMC | F-riem | riem | Anchor,-0.5127931687158114,0.17193458429848005
8,noMC | F-riem | riem | ICP,-0.0652844656605247,-0.1578722394866233
8,MC | F-band | none | ENR,-0.07583858978298852,0.016675465864664632
8,MC | F-band | none | SVR,-0.07423404750630103,-0.013990761671330895
8,MC | F-band | none | Anchor,0.036267557610728085,0.2797331156462649
8,MC | F-band | none | ICP,-0.023158263029376958,-0.03977958912531258
8,MC | F-band | z | ENR,0.03501949825060413,0.2424574826567909
8,MC | F-band | z | SVR,-0.37121034486386084,-0.11753330967352994
8,MC | F-band | z | Anchor,-0.6362658628430569,0.18207645197049172
8,MC | F-band | z | ICP,-0.05343921361581572,-0.1956250833466099
8,MC | F-fooof-per | none | ENR,-0.07289463243001126,-0.029047368989561683
8,MC | F-fooof-per | none | SVR,-0.08339765505250596,0.12778591289970176
8,MC | F-fooof-per | none | Anchor,-0.6696584326317794,0.15971571945662788
8,MC | F-fooof-per | none | ICP,-0.04560620970098239,-0.2000914705979921
8,MC | F-fooof-per | z | ENR,-0.07450221803267598,-0.2794561445683713
8,MC | F-fooof-per | z | SVR,-0.09400559487755156,0.03762715169925732
8,MC | F-fooof-per | z | Anchor,-0.2012374365621421,0.2387156015753571
8,MC | F-fooof-per | z | ICP,-0.15476750808716666,-0.15407410453268885
8,MC | F-rel | none | ENR,-0.014465124033639531,0.02513524014661694
8,MC | F-rel | none | SVR,-0.20078965090841505,-0.18236041086774335
8,MC | F-rel | none | Anchor,-0.16020017087379013,0.17559471382983016
8,MC | F-rel | none | ICP,-0.04121437902626601,-0.29572564045071076
8,MC | F-rel | z | ENR,-0.06948175098784493,0.04560740449642654
8,MC | F-rel | z | SVR,-0.09788482394327769,-0.03928380511098703
8,MC | F-rel | z | Anchor,-0.31655468158483524,0.2341923900241042
8,MC | F-rel | z | ICP,-0.04121437902626601,-0.29572564045071076
8,MC | F-asym | none | ENR,-0.018718589698003107,0.07330560284304855
8,MC | F-asym | none | SVR,0.02435265846791912,0.1821014322934531
8,MC | F-asym | none | Anchor,-0.12736170671463798,0.17384773921047605
8,MC | F-asym | none | ICP,-0.04121437902626601,-0.29572564045071076
8,MC | F-asym | z | ENR,-0.12358950373981026,-0.13400285160041303
8,MC | F-asym | z | SVR,-0.1350558683605907,-0.12668623766549947
8,MC | F-asym | z | Anchor,-0.23080961250030985,-0.07332111445703056
8,MC | F-asym | z | ICP,-0.044664126873367405,-0.30779539495731556
8,MC | F-riem | none | ENR,-0.04121437902626601,-0.29572564045071076
8,MC | F-riem | none | SVR,-0.13153262521824072,-0.07967360787774358
8,MC | F-riem | none | Anchor,-0.613313175870783,-0.07437777513113561
8,MC | F-riem | none | ICP,-0.07981896286771328,-0.19692418412160342
8,MC | F-riem | z | ENR,-0.3679355385079184,-0.21772115368889766
8,MC | F-riem | z | SVR,-0.16152687395909204,-0.2809941486491446
8,MC | F-riem | z | Anchor,-0.34713307072029087,0.0937890234341929
8,MC | F-riem | z | ICP,-0.011667773360537925,0.06344269415108092
8,MC | F-riem | riem | ENR,-0.04540087417534089,-0.24911872037092272
8,MC | F-riem | riem | SVR,-0.0915392628821341,-0.0752747614952293
8,MC | F-riem | riem | Anchor,-0.1295519390420352,0.14841946541232198
8,MC | F-riem | riem | ICP,-0.058861793584327415,-0.21861622212637088
9,noMC | F-band | none | ENR,-0.08336251019496066,-0.14949327122889297
9,noMC | F-band | none | SVR,-0.16412924313821953,-0.14314455643217594
9,noMC | F-band | none | Anchor,-0.07438405901103073,0.09094485649274474
9,noMC | F-band | none | ICP,-0.04890635125612253,-0.1252672959423296
9,noMC | F-band | z | ENR,-0.09247145243154398,-0.2685115598985521
9,noMC | F-band | z | SVR,-0.20318263774878464,-0.17538889866762297
9,noMC | F-band | z | Anchor,-1.376820359497846,-0.24075321312170775
9,noMC | F-band | z | ICP,-0.05803968055571462,-0.32435585810124035
9,noMC | F-fooof-per | none | ENR,-0.06037336487231548,-0.2980579342743576
9,noMC | F-fooof-per | none | SVR,-0.1531836090647618,-0.16872644454578858
9,noMC | F-fooof-per | none | Anchor,-0.12050009308393816,-0.12264403510287653
9,noMC | F-fooof-per | none | ICP,-0.07773819114331815,-0.15782594948138587
9,noMC | F-fooof-per | z | ENR,-0.0533765100049759,-0.25861966061053177
9,noMC | F-fooof-per | z | SVR,-0.23594330475232672,-0.3237002945920211
9,noMC | F-fooof-per | z | Anchor,-0.21436890698578615,-0.07639832646937961
9,noMC | F-fooof-per | z | ICP,-0.05089472342600665,-0.2944052913520602
9,noMC | F-rel | none | ENR,-0.06402390057919538,-0.17225097623506277
9,noMC | F-rel | none | SVR,-0.16277655155855664,-0.22132840003477808
9,noMC | F-rel | none | Anchor,-0.4668688906319587,-0.15474001004098883
9,noMC | F-rel | none | ICP,-0.1223763545333254,-0.08527038889642903
9,noMC | F-rel | z | ENR,-0.06329603301074793,-0.3471931752066904
9,noMC | F-rel | z | SVR,-0.09953514192094537,-0.23884437819679183
9,noMC | F-rel | z | Anchor,-1.117996302437792,-0.05577042895229482
9,noMC | F-rel | z | ICP,-0.1474563258045527,-0.2210810314524123
9,noMC | F-asym | none | ENR,-0.06450100172933482,-0.0613460683400282
9,noMC | F-asym | none | SVR,-0.047179820010904816,0.031220164514116973
9,noMC | F-asym | none | Anchor,-0.1692389908943044,0.08256625200195652
9,noMC | F-asym | none | ICP,-0.010234674991944193,0.05414319594728815
9,noMC | F-asym | z | ENR,-0.3912868985546498,0.041537532577364755
9,noMC | F-asym | z | SVR,-0.10831680657283482,0.1446193831324209
9,noMC | F-asym | z | Anchor,-0.5669936686518082,0.013719110689886405
9,noMC | F-asym | z | ICP,-0.021723356174627062,-0.03369486688516164
9,noMC | F-riem | none | ENR,-0.04445797278592245,-0.32593992321598375
9,noMC | F-riem | none | SVR,-0.467077780199054,-0.30650743504112576
9,noMC | F-riem | none | Anchor,-0.31559512219302643,-0.34295111965460134
9,noMC | F-riem | none | ICP,-0.37444420797040134,-0.19160302052995887
9,noMC | F-riem | z | ENR,-0.04445797278592245,-0.325939923215984
9,noMC | F-riem | z | SVR,-0.191830275649016,-0.21451758152221861
9,noMC | F-riem | z | Anchor,-1.184186819011201,-0.046630269104928276
9,noMC | F-riem | z | ICP,-0.04403576200108672,-0.2091160908431348
9,noMC | F-riem | riem | ENR,-0.04445797278592245,-0.32593992321598375
9,noMC | F-riem | riem | SVR,-0.1586512696151008,-0.4011237784404741
9,noMC | F-riem | riem | Anchor,-0.4867865401701308,0.008238515145084106
9,noMC | F-riem | riem | ICP,-0.07752908268776615,-0.19004019471761574
9,MC | F-band | none | ENR,-0.04925274502421928,-0.10626412238858424
9,MC | F-band | none | SVR,-0.3991229551954729,0.04691948092691114
9,MC | F-band | none | Anchor,-0.0296394173375778,0.2516030375136862
9,MC | F-band | none | ICP,-0.04954142681941498,-0.15921409964539068
9,MC | F-band | z | ENR,-0.807558859542524,-0.21492109957589672
9,MC | F-band | z | SVR,-0.19265961460664327,-0.10529139447382496
9,MC | F-band | z | Anchor,-1.0459064514034013,0.015382809138737658
9,MC | F-band | z | ICP,-0.06174634855938854,-0.2090584838063643
9,MC | F-fooof-per | none | ENR,-0.11930071659883157,-0.32486210760545564
9,MC | F-fooof-per | none | SVR,-0.1774063117152198,-0.21772243972042257
9,MC | F-fooof-per | none | Anchor,-0.21519829637175691,-0.04391770559702302
9,MC | F-fooof-per | none | ICP,-0.0555480587531727,-0.09190917057790855
9,MC | F-fooof-per | z | ENR,-0.062084662799748225,-0.28113901859793816
9,MC | F-fooof-per | z | SVR,-0.2648386768745752,-0.2128415156052944
9,MC | F-fooof-per | z | Anchor,-0.459895185676082,0.024231411899846594
9,MC | F-fooof-per | z | ICP,-0.18343800915458486,-0.163884729524372
9,MC | F-rel | none | ENR,-0.08823383932852469,-0.16172031173244955
9,MC | F-rel | none | SVR,-0.16233543275608397,-0.20522651994391705
9,MC | F-rel | none | Anchor,-0.15613151575550566,0.09104119345485216
9,MC | F-rel | none | ICP,-0.07237798454668054,-0.07243661898241334
9,MC | F-rel | z | ENR,-0.04728729117550046,-0.252818586158968
9,MC | F-rel | z | SVR,-0.10063855323825255,-0.1664403459315865
9,MC | F-rel | z | Anchor,-0.1673633649807953,0.19368927888269327
9,MC | F-rel | z | ICP,-0.047214721868874765,-0.32827905517500316
9,MC | F-asym | none | ENR,-0.04313832706147491,-0.033260213696342175
9,MC | F-asym | none | SVR,0.014314970949817485,0.1441067499084345
9,MC | F-asym | none | Anchor,-0.08600282299607498,0.061012407921654924
9,MC | F-asym | none | ICP,-0.03810349070490293,0.07092066198860557
9,MC | F-asym | z | ENR,-0.11603502768864882,-0.18080109486353146
9,MC | F-asym | z | SVR,-0.19407605199016809,-0.16286345837119198
9,MC | F-asym | z | Anchor,-0.23617222706683716,-0.15772023730632087
9,MC | F-asym | z | ICP,-0.03149332278933903,-0.00145825010747783
9,MC | F-riem | none | ENR,-0.047214721868874765,-0.3282790551750033
9,MC | F-riem | none | SVR,-0.48311546032766906,-0.21103913618685194
9,MC | F-riem | none | Anchor,-0.4734789270897155,-0.12174033974682652
9,MC | F-riem | none | ICP,-0.08664361966260392,-0.20960060706115438
9,MC | F-riem | z | ENR,-0.28757057221973703,-0.16250511067446444
9,MC | F-riem | z | SVR,-0.15421947877403497,-0.25106539120291627
9,MC | F-riem | z | Anchor,-0.6174534670669787,-0.06872889657749978
9,MC | F-riem | z | ICP,-0.0387694380801058,0.15841135737824427
9,MC | F-riem | riem | ENR,-0.047214721868874765,-0.32827905517500316
9,MC | F-riem | riem | SVR,-0.22138215130183747,-0.2834594127254958
9,MC | F-riem | riem | Anchor,-0.5696842676063087,0.07167062541723421
9,MC | F-riem | riem | ICP,-0.05611135292860703,-0.11105671450377577
10,noMC | F-band | none | ENR,0.07033854138030449,0.2996596199327762
10,noMC | F-band | none | SVR,-0.10294641441943497,0.01391264849260953
10,noMC | F-band | none | Anchor,0.06052539398306689,0.25872093647552935
10,noMC | F-band | none | ICP,0.00280610591845587,0.08879787585597047
10,noMC | F-band | z | ENR,-0.2631810994141268,-0.06434770946881738
10,noMC | F-band | z | SVR,-0.06591165931480836,-0.021575421828991113
10,noMC | F-band | z | Anchor,-3.0238326678578806,-0.0944754620780186
10,noMC | F-band | z | ICP,-0.009025866554067452,0.0255252420580431
10,noMC | F-fooof-per | none | ENR,-0.2595038175949993,0.017709796228854557
10,noMC | F-fooof-per | none | SVR,-0.13478204835801,0.08269128338253777
10,noMC | F-fooof-per | none | Anchor,-0.3071190239220911,0.04045306149064981
10,noMC | F-fooof-per | none | ICP,-0.058178633598207075,-0.3127296664203856
10,noMC | F-fooof-per | z | ENR,-0.2490769568829938,-0.06795786384423906
10,noMC | F-fooof-per | z | SVR,-0.026272347635280413,0.10104111248397586
10,noMC | F-fooof-per | z | Anchor,-0.41486846692255996,0.12821096092040862
10,noMC | F-fooof-per | z | ICP,-0.058178633598207075,-0.3127296664203856
10,noMC | F-rel | none | ENR,0.02130139729831404,0.2110313821326269
10,noMC | F-rel | none | SVR,-0.2783770422574401,-0.09202240782770879
10,noMC | F-rel | none | Anchor,0.0581005675566425,0.2574486910021143
10,noMC | F-rel | none | ICP,-0.058178633598207075,-0.3127296664203856
10,noMC | F-rel | z | ENR,0.03796122974702221,0.2558643251339945
10,noMC | F-rel | z | SVR,-0.0875576951601511,0.08820447043085987
10,noMC | F-rel | z | Anchor,0.02216763101547181,0.31396215889399537
10,noMC | F-rel | z | ICP,-0.058178633598207075,-0.3127296664203856
10,noMC | F-asym | none | ENR,-0.18306572895394835,-0.27591096735214526
10,noMC | F-asym | none | SVR,-0.2410643713788978,-0.028980427751711255
10,noMC | F-asym | none | Anchor,-0.199676765667538,-0.192137182291105
10,noMC | F-asym | none | ICP,-0.058178633598207075,-0.3127296664203856
10,noMC | F-asym | z | ENR,-0.29627725070551625,-0.3688134081365884
10,noMC | F-asym | z | SVR,-0.26516832303672944,-0.18206283323600347
10,noMC | F-asym | z | Anchor,-0.8990930525583845,-0.27878464418918136
10,noMC | F-asym | z | ICP,-0.02366565027655687,0.12091233215764258
10,noMC | F-riem | none | ENR,-0.07065577503959997,-0.2459232326867472
10,noMC | F-riem | none | SVR,-0.40520914468286384,-0.2988215645630953
10,noMC | F-riem | none | Anchor,-0.4215539318968726,-0.11315868889774687
10,noMC | F-riem | none | ICP,-0.17580068781369929,-0.19215638835932441
10,noMC | F-riem | z | ENR,-0.07522048369578793,-0.3537448589538097
10,noMC | F-riem | z | SVR,-0.09428680277080392,-0.08660557575708533
10,noMC | F-riem | z | Anchor,-3.8926798731953953,-0.2418222315725213
10,noMC | F-riem | z | ICP,-0.09058967724344957,-0.1170132602320675
10,noMC | F-riem | riem | ENR,-0.07214595025348358,-0.32576996676304626
10,noMC | F-riem | riem | SVR,-0.16051997333683587,-0.1993842140850195
10,noMC | F-riem | riem | Anchor,-0.49722919770036644,-0.12637346554937523
10,noMC | F-riem | riem | ICP,-0.1021177470646022,-0.07443007832481069
10,MC | F-band | none | ENR,0.027243283741473556,0.22521349665573148
10,MC | F-band | none | SVR,-0.13769759077515586,0.010241284255377327
10,MC | F-band | none | Anchor,0.011735203506106351,0.1863731287354691
10,MC | F-band | none | ICP,-0.02063609242663822,0.028302847904133864
10,MC | F-band | z | ENR,-0.29665943305962283,-0.16149415004710138
10,MC | F-band | z | SVR,-0.22501584572904787,-0.018984422309198917
10,MC | F-band | z | Anchor,-0.8534869825242233,-0.015140453675162483
10,MC | F-band | z | ICP,-0.06041714989850999,-0.3061247824920577
10,MC | F-fooof-per | none | ENR,-0.2740829148717143,-0.0047150229902016075
10,MC | F-fooof-per | none | SVR,-0.18227560106182827,0.04020800614833758
10,MC | F-fooof-per | none | Anchor,-0.36873138860278165,0.019535207996805325
10,MC | F-fooof-per | none | ICP,-0.07044011452304688,-0.23497082854592272
10,MC | F-fooof-per | z | ENR,-0.06171438472682711,-0.17484886320358653
10,MC | F-fooof-per | z | SVR,-0.23429055805761467,-0.015407413169088117
10,MC | F-fooof-per | z | Anchor,-0.7870028437985199,0.024721073649826387
10,MC | F-fooof-per | z | ICP,-0.7837248123656113,0.09400064941697549
10,MC | F-rel | none | ENR,-0.022199565186702186,0.11850078479296337
10,MC | F-rel | none | SVR,-0.21610301468848858,-0.07867032654129101
10,MC | F-rel | none | Anchor,0.061233313994310756,0.25239689966300494
10,MC | F-rel | none | ICP,-0.06085414905684505,-0.3149782426568321
10,MC | F-rel | z | ENR,0.045878347144725495,0.25591933904887343
10,MC | F-rel | z | SVR,-0.05000631064073291,0.10632988407838165
10,MC | F-rel | z | Anchor,-0.34535481157004444,0.08892924847977492
10,MC | F-rel | z | ICP,-0.06085414905684505,-0.3149782426568321
10,MC | F-asym | none | ENR,-0.19307847471399286,-0.30882640629010155
10,MC | F-asym | none | SVR,-0.11959347525912367,0.023862695551751873
10,MC | F-asym | none | Anchor,-0.2009789209504007,-0.2000243932666385
10,MC | F-asym | none | ICP,-0.06085414905684505,-0.3149782426568321
10,MC | F-asym | z | ENR,-0.33018926760040546,-0.29564440393872554
10,MC | F-asym | z | SVR,-0.36486036342918204,-0.223224612849855
10,MC | F-asym | z | Anchor,-0.6375932101565196,-0.31356246164921364
10,MC | F-asym | z | ICP,-0.06085414905684505,-0.3149782426568321
10,MC | F-riem | none | ENR,-0.06916776022660209,-0.3584876067981305
10,MC | F-riem | none | SVR,-0.44428493010279047,-0.2739941029767451
10,MC | F-riem | none | Anchor,-0.13591525288794482,0.0947614764437893
10,MC | F-riem | none | ICP,-0.08629569335882237,-0.19802254999684962
10,MC | F-riem | z | ENR,-0.17778284516635612,-0.28866240295112483
10,MC | F-riem | z | SVR,-0.06291801765734029,0.003661171448419376
10,MC | F-riem | z | Anchor,-3.967866489236876,-0.29110115393423713
10,MC | F-riem | z | ICP,-0.15027199003480174,-0.2906677954045946
10,MC | F-riem | riem | ENR,-0.08915549395158062,-0.3235694999270947
10,MC | F-riem | riem | SVR,-0.13553288766237515,-0.15710725586589258
10,MC | F-riem | riem | Anchor,-0.7063231101916763,-0.1982730757611592
10,MC | F-riem | riem | ICP,-0.12348291538848044,-0.14331865069599498
11,noMC | F-band | none | ENR,-0.10342896189877449,-0.13292572269577957
11,noMC | F-band | none | SVR,-0.339041666384299,-0.32149096136740074
11,noMC | F-band | none | Anchor,-0.11649163794213635,-0.021617674334103113
11,noMC | F-band | none | ICP,-0.2003288887099388,-0.3971172680834316
11,noMC | F-band | z | ENR,-0.21789221275881943,0.24817663493409703
11,noMC | F-band | z | SVR,-0.35468004076652515,-0.23568190466602928
11,noMC | F-band | z | Anchor,-0.6911714383897789,0.2909198254497629
11,noMC | F-band | z | ICP,-0.00155168748972212,0.03979149686625176
11,noMC | F-fooof-per | none | ENR,-0.0651239415193674,0.017621496840828955
11,noMC | F-fooof-per | none | SVR,-0.15665023655440202,-0.09236385255316397
11,noMC | F-fooof-per | none | Anchor,-0.15002431438578934,0.05085200738644932
11,noMC | F-fooof-per | none | ICP,-0.051277718862906774,-0.3445875922432425
11,noMC | F-fooof-per | z | ENR,-0.06327297211667049,-0.23425549686579897
11,noMC | F-fooof-per | z | SVR,-0.1952949376256501,-0.17640712210209836
11,noMC | F-fooof-per | z | Anchor,-0.3915562176368539,0.27257164748218193
11,noMC | F-fooof-per | z | ICP,-0.0509962635644412,-0.3124170739485235
11,noMC | F-rel | none | ENR,-0.08781959321946564,-0.05335524291629641
11,noMC | F-rel | none | SVR,-0.13990146535241,-0.1416575747683631
11,noMC | F-rel | none | Anchor,-0.252018857709464,-0.13292338432587752
11,noMC | F-rel | none | ICP,-0.051277718862906774,-0.3445875922432425
11,noMC | F-rel | z | ENR,-0.10419883340199787,-0.23024911930013195
11,noMC | F-rel | z | SVR,-0.17793378780819613,-0.2414803132604011
11,noMC | F-rel | z | Anchor,-0.07043175546693026,0.21441811305809721
11,noMC | F-rel | z | ICP,-0.18912343853459035,-0.2364339124759141
11,noMC | F-asym | none | ENR,-0.052555305306952516,-0.3030304627900723
11,noMC | F-asym | none | SVR,-0.30355378573858194,-0.23966227331313744
11,noMC | F-asym | none | Anchor,-0.15157945440062326,-0.20187764219286847
11,noMC | F-asym | none | ICP,-0.051277718862906774,-0.3445875922432425
11,noMC | F-asym | z | ENR,-0.32648181981976077,-0.24266641245885806
11,noMC | F-asym | z | SVR,-0.3028014050111518,-0.31319673044138013
11,noMC | F-asym | z | Anchor,-0.6437386093994102,-0.19002757964688577
11,noMC | F-asym | z | ICP,-0.03880833318102295,0.09411332632133887
11,noMC | F-riem | none | ENR,-0.6189761576325707,-0.2367439132507814
11,noMC | F-riem | none | SVR,-0.1006728133601309,0.01026241141950831
11,noMC | F-riem | none | Anchor,-0.08541862138500056,0.22645672099948877
11,noMC | F-riem | none | ICP,-0.07193393545463356,-0.3354746769985485
11,noMC | F-riem | z | ENR,-1.0409116571395698,-0.25684541991564214
11,noMC | F-riem | z | SVR,-0.6921670316926254,-0.3168674513137819
11,noMC | F-riem | z | Anchor,-3.027049647270127,-0.13507847594136424
11,noMC | F-riem | z | ICP,-0.045830811407064465,-0.11953237549213776
11,noMC | F-riem | riem | ENR,-0.13259865939015292,-0.29704779725746133
11,noMC | F-riem | riem | SVR,-0.08327010000520008,-0.2258043728332093
11,noMC | F-riem | riem | Anchor,-0.5248418314896897,-0.12241936539826231
11,noMC | F-riem | riem | ICP,-0.08464638154183879,-0.3210555941728779
11,MC | F-band | none | ENR,-0.016301478479864295,0.20470751171006996
11,MC | F-band | none | SVR,-0.4037620117679912,-0.272519254803247
11,MC | F-band | none | Anchor,0.04338239020651424,0.29326720092587355
11,MC | F-band | none | ICP,-0.08363042421404465,-0.2884009949087779
11,MC | F-band | z | ENR,-0.18720874075699667,-0.11755452370748648
11,MC | F-band | z | SVR,-0.37737606823464254,-0.10486792352809232
11,MC | F-band | z | Anchor,-0.25545717627143594,0.19397557519438807
11,MC | F-band | z | ICP,0.02136473862242938,0.1568523066484579
11,MC | F-fooof-per | none | ENR,-0.1635555357940488,0.0717511255382634
11,MC | F-fooof-per | none | SVR,-0.37880276862157936,0.015723673137080396
11,MC | F-fooof-per | none | Anchor,-0.2565820235903147,-0.018364990524557374
11,MC | F-fooof-per | none | ICP,-0.07143361567086326,-0.1318636466009061
11,MC | F-fooof-per | z | ENR,-0.22152207515964273,-0.35494101172144016
11,MC | F-fooof-per | z | SVR,-0.2854703217409704,-0.22588281753699763
11,MC | F-fooof-per | z | Anchor,-0.21074961758471478,-0.17751658380970328
11,MC | F-fooof-per | z | ICP,-0.06434440374422801,0.08480578772903419
11,MC | F-rel | none | ENR,-0.04633251917821912,0.0380053448931142
11,MC | F-rel | none | SVR,-0.13666530594086557,-0.12387119097412243
11,MC | F-rel | none | Anchor,-0.03648224152022417,0.0952169929114404
11,MC | F-rel | none | ICP,-0.057167950676801915,-0.35036975895369943
11,MC | F-rel | z | ENR,-0.09578762570137678,-0.24847672575469765
11,MC | F-rel | z | SVR,-0.25036947023688283,-0.2514588371887575
11,MC | F-rel | z | Anchor,-0.34694809609725974,-0.1438583631609085
11,MC | F-rel | z | ICP,-0.13300157305903992,-0.31386741089571735
11,MC | F-asym | none | ENR,-0.06037435058056828,-0.29791982836354824
11,MC | F-asym | none | SVR,-0.26778457947233125,-0.20997869886923554
11,MC | F-asym | none | Anchor,-0.14859527647833737,-0.2008828334572996
11,MC | F-asym | none | ICP,-0.057167950676801915,-0.35036975895369943
11,MC | F-asym | z | ENR,-0.2851656089644672,-0.35298270243183627
11,MC | F-asym | z | SVR,-0.36979689643924085,-0.24394889450175383
11,MC | F-asym | z | Anchor,-0.5226757366205745,-0.28311093180697855
11,MC | F-asym | z | ICP,-0.057167950676801915,-0.35036975895369943
11,MC | F-riem | none | ENR,-0.3134966151177936,-0.13897949344120344
11,MC | F-riem | none | SVR,-0.385661476746034,-0.006522871510769419
11,MC | F-riem | none | Anchor,-0.03621797075694211,0.1865007721033507
11,MC | F-riem | none | ICP,-0.040358475541573124,-0.10244677706304263
11,MC | F-riem | z | ENR,-0.8488438128454407,-0.2619284223740367
11,MC | F-riem | z | SVR,-0.39624546827571483,-0.2596914793067665
11,MC | F-riem | z | Anchor,-2.5983313751901056,-0.2284638838711852
11,MC | F-riem | z | ICP,-0.5242854228592699,-0.07254366875703039
11,MC | F-riem | riem | ENR,-0.19924973107273591,-0.29939597603999046
11,MC | F-riem | riem | SVR,-0.18514554453437748,-0.2271864508401189
11,MC | F-riem | riem | Anchor,-0.5057634044625186,-0.03032252168770094
11,MC | F-riem | riem | ICP,-0.07423664606114411,-0.27201857209141933
12,noMC | F-band | none | ENR,-0.0371850183074065,-0.2524211839973639
12,noMC | F-band | none | SVR,-0.26112184924034754,-0.10653459689225075
12,noMC | F-band | none | Anchor,-0.4503820998576127,-0.22977419407732874
12,noMC | F-band | none | ICP,-0.0754102536128598,-0.2213511196794397
12,noMC | F-band | z | ENR,-0.06140618040904733,-0.1624098227423832
12,noMC | F-band | z | SVR,-0.1303905668722085,-0.020946887837115104
12,noMC | F-band | z | Anchor,-0.1291934124892733,-0.15979575508414967
12,noMC | F-band | z | ICP,-0.08753701323063323,-0.13059421985880248
12,noMC | F-fooof-per | none | ENR,-0.092027469606905,-0.185750629296423
12,noMC | F-fooof-per | none | SVR,-0.14325189199519306,-0.08999253043062933
12,noMC | F-fooof-per | none | Anchor,-0.16093675797424023,-0.06483668933075173
12,noMC | F-fooof-per | none | ICP,-0.21042991106662168,-0.26464978672670253
12,noMC | F-fooof-per | z | ENR,-0.3917566527616736,-0.19186619945403993
12,noMC | F-fooof-per | z | SVR,-0.19691120293046538,-0.08241606819583085
12,noMC | F-fooof-per | z | Anchor,-0.6190048770071039,-0.09871086952338166
12,noMC | F-fooof-per | z | ICP,-0.08858085654556702,-0.09745870466810883
12,noMC | F-rel | none | ENR,-0.0371850183074065,-0.25242118399736396
12,noMC | F-rel | none | SVR,-0.1761374156287554,-0.0648617930449771
12,noMC | F-rel | none | Anchor,-0.3923209656800484,-0.2885638414354717
12,noMC | F-rel | none | ICP,-0.0371850183074065,-0.2524211839973639
12,noMC | F-rel | z | ENR,-0.04962739259209448,-0.23623598856804562
12,noMC | F-rel | z | SVR,-0.24898879757680747,-0.19740407917113056
12,noMC | F-rel | z | Anchor,-0.37873455107101983,-0.025884014535076705
12,noMC | F-rel | z | ICP,-0.12428548339149881,-0.2346338106746566
12,noMC | F-asym | none | ENR,-0.0371850183074065,-0.2524211839973639
12,noMC | F-asym | none | SVR,-0.1599130916871525,-0.07217610731337183
12,noMC | F-asym | none | Anchor,-0.20272898285956775,-0.2380224482085022
12,noMC | F-asym | none | ICP,-0.09982832086872895,-0.26571555191430307
12,noMC | F-asym | z | ENR,-0.05878274101502967,-0.25056147839488935
12,noMC | F-asym | z | SVR,-0.17412523825014015,-0.3053711382197689
12,noMC | F-asym | z | Anchor,-0.20024878214596775,0.1344156832091764
12,noMC | F-asym | z | ICP,-0.17759129310688726,-0.1529915844143503
12,noMC | F-riem | none | ENR,-0.04636021053648709,-0.21552716892562768
12,noMC | F-riem | none | SVR,-0.21207488699110777,-0.07419900219663358
12,noMC | F-riem | none | Anchor,-0.5352609315372383,-0.21653483153156566
12,noMC | F-riem | none | ICP,-0.059884526151167794,-0.0803255571228825
12,noMC | F-riem | z | ENR,-0.04127108215501285,-0.13187018324073302
12,noMC | F-riem | z | SVR,-0.21553491729877683,-0.20748373412528726
12,noMC | F-riem | z | Anchor,-0.2714211630884924,-0.12403602488531955
12,noMC | F-riem | z | ICP,-0.10174511256764696,-0.05195347122722848
12,noMC | F-riem | riem | ENR,-0.03740641932634681,-0.1532443256764509
12,noMC | F-riem | riem | SVR,-0.14811111223504825,-0.22046977507576337
12,noMC | F-riem | riem | Anchor,-0.3053165796336774,-0.11336772588273482
12,noMC | F-riem | riem | ICP,-0.04617663407802253,-0.2394863992094194
12,MC | F-band | none | ENR,-0.03715464105556987,-0.25297893619466016
12,MC | F-band | none | SVR,-0.33309739661930493,-0.218925333834709
12,MC | F-band | none | Anchor,-0.4640417777616719,-0.3452528019990324
12,MC | F-band | none | ICP,-0.2609075123485667,-0.1637899456312501
12,MC | F-band | z | ENR,-0.058793989335372165,-0.14798393303916876
12,MC | F-band | z | SVR,-0.19384790894839043,-0.12294781538039913
12,MC | F-band | z | Anchor,-0.1867067596778782,-0.11335244882881791
12,MC | F-band | z | ICP,-0.1646191909489536,-0.08617528323110096
12,MC | F-fooof-per | none | ENR,-0.05044632158312723,-0.23981372679861052
12,MC | F-fooof-per | none | SVR,-0.18878447617567695,-0.08042887620152507
12,MC | F-fooof-per | none | Anchor,-0.2823024564619201,-0.17922852676269152
12,MC | F-fooof-per | none | ICP,-0.05782095255685582,-0.10037937342411063
12,MC | F-fooof-per | z | ENR,-0.10516907665932784,-0.1548213188331233
12,MC | F-fooof-per | z | SVR,-0.16630257496746204,-0.05530661828119315
12,MC | F-fooof-per | z | Anchor,-0.07638284192512845,-0.08678390316891214
12,MC | F-fooof-per | z | ICP,-0.10433274946455762,-0.0649535091055712
12,MC | F-rel | none | ENR,-0.03715464105556987,-0.25297893619466016
12,MC | F-rel | none | SVR,-0.230871379620182,-0.18854922266530014
12,MC | F-rel | none | Anchor,-0.4998979356347675,-0.3034224990362094
12,MC | F-rel | none | ICP,-0.21262281146210404,-0.1598494618268421
12,MC | F-rel | z | ENR,-0.03715464105556987,-0.25297893619466016
12,MC | F-rel | z | SVR,-0.20554191848782155,-0.20975946692650507
12,MC | F-rel | z | Anchor,-0.5351358298570461,-0.2579368931633236
12,MC | F-rel | z | ICP,-0.05741438044856051,-0.18027123537415113
12,MC | F-asym | none | ENR,-0.03715464105556987,-0.25297893619466016
12,MC | F-asym | none | SVR,-0.0864739498769167,0.18693202961193095
12,MC | F-asym | none | Anchor,-0.139305045834343,-0.24900822939055964
12,MC | F-asym | none | ICP,-0.03715464105556987,-0.25297893619466016
12,MC | F-asym | z | ENR,-0.03715464105556987,-0.25297893619466016
12,MC | F-asym | z | SVR,-0.06750572122283538,0.0086568000696918
12,MC | F-asym | z | Anchor,-0.36799312067880097,-0.2295219280097155
12,MC | F-asym | z | ICP,-0.03715464105556987,-0.25297893619466016
12,MC | F-riem | none | ENR,-0.04045803079692334,-0.24107464209613352
12,MC | F-riem | none | SVR,-0.19691345139368366,-0.22524323743978958
12,MC | F-riem | none | Anchor,-0.2580458712220248,-0.21570763066689871
12,MC | F-riem | none | ICP,-0.03715464105556987,-0.25297893619466016
12,MC | F-riem | z | ENR,-0.042229374264585395,-0.1640713586050123
12,MC | F-riem | z | SVR,-0.31704387487142327,-0.23089826472575747
12,MC | F-riem | z | Anchor,-0.5613387633458029,-0.21396331332137652
12,MC | F-riem | z | ICP,-0.18734155352453508,-0.40710945951115685
12,MC | F-riem | riem | ENR,-0.04411018264346822,-0.1331075724187967
12,MC | F-riem | riem | SVR,-0.1636513735591696,-0.23890901821251886
12,MC | F-riem | riem | Anchor,-0.47172015134821677,-0.08804482269788519
12,MC | F-riem | riem | ICP,-0.0553487357964344,-0.2688647462771143
13,noMC | F-band | none | ENR,-0.09377221496894372,0.17605015279298514
13,noMC | F-band | none | SVR,-0.2302152345334787,0.043462676922828
13,noMC | F-band | none | Anchor,-0.008402034048326845,0.3053552843447166
13,noMC | F-band | none | ICP,0.0003488321211732037,0.1113433271665046
13,noMC | F-band | z | ENR,-0.08846552351560266,-0.007479313607553037
13,noMC | F-band | z | SVR,-0.14420012310323593,-0.2694700507874931
13,noMC | F-band | z | Anchor,-0.24919212115314493,-0.15231424077284722
13,noMC | F-band | z | ICP,-0.21288696117141814,0.14322657142191078
13,noMC | F-fooof-per | none | ENR,-0.03945112308459553,-0.0674209800632224
13,noMC | F-fooof-per | none | SVR,-0.05977718152835165,0.05972337798028119
13,noMC | F-fooof-per | none | Anchor,-0.12467012180665549,0.08753980129028635
13,noMC | F-fooof-per | none | ICP,-0.03161432769893424,-0.032704764323907475
13,noMC | F-fooof-per | z | ENR,-0.08409413272381983,-0.12355819113257063
13,noMC | F-fooof-per | z | SVR,-0.09631152786972397,-0.19949920460790832
13,noMC | F-fooof-per | z | Anchor,-0.6160392655642608,0.07899557418100407
13,noMC | F-fooof-per | z | ICP,-0.046346256249607753,-0.18440814852197207
13,noMC | F-rel | none | ENR,-0.03296417460820833,0.14355470715687885
13,noMC | F-rel | none | SVR,-0.1257075072376912,0.010828500133230983
13,noMC | F-rel | none | Anchor,-0.16816218771323577,0.24026534735593896
13,noMC | F-rel | none | ICP,-0.018171265897967137,0.08796446698633771
13,noMC | F-rel | z | ENR,0.0014470558514459997,0.06175228820684406
13,noMC | F-rel | z | SVR,-0.2728907707941157,-0.19793964366753675
13,noMC | F-rel | z | Anchor,-0.2369874243761656,0.203580323676289
13,noMC | F-rel | z | ICP,-0.11570370797092289,-0.12030722883798965
13,noMC | F-asym | none | ENR,-0.08447942757585669,0.2110503048837078
13,noMC | F-asym | none | SVR,0.007287879347310899,0.242731342026281
13,noMC | F-asym | none | Anchor,-0.05247997684768002,0.23830446483722637
13,noMC | F-asym | none | ICP,-0.03765295040337713,-0.28049113863422903
13,noMC | F-asym | z | ENR,-0.1312383311851888,0.13008001802693842
13,noMC | F-asym | z | SVR,-0.03657209593058841,0.31086461975532176
13,noMC | F-asym | z | Anchor,-1.0292438128197268,0.02855438374995206
13,noMC | F-asym | z | ICP,0.012560851534566542,0.1315353994222319
13,noMC | F-riem | none | ENR,-0.18870659740058993,-0.20864359723991394
13,noMC | F-riem | none | SVR,-0.39685836988480094,-0.2156527075774922
13,noMC | F-riem | none | Anchor,-0.6172207552481281,-0.18636190162098415
13,noMC | F-riem | none | ICP,-0.06765519817512056,-0.10341561054860804
13,noMC | F-riem | z | ENR,-0.1516528898934204,-0.22546108151265237
13,noMC | F-riem | z | SVR,-0.21948941673360922,-0.1682012079885339
13,noMC | F-riem | z | Anchor,-1.41667350681184,-0.0836470074938358
13,noMC | F-riem | z | ICP,-0.04474234709909819,-0.2186740919542402
13,noMC | F-riem | riem | ENR,-0.04021461896988021,-0.27267380503962557
13,noMC | F-riem | riem | SVR,-0.04981589638183381,-0.14122791491762834
13,noMC | F-riem | riem | Anchor,-0.3000857956249572,0.05013692397453405
13,noMC | F-riem | riem | ICP,-0.0749132421964771,-0.17229006661676693
13,MC | F-band | none | ENR,-0.292376012179965,0.19105941559049847
13,MC | F-band | none | SVR,0.02429834920535512,0.20654561095775203
13,MC | F-band | none | Anchor,-0.27757209265419647,0.27554400653717936
13,MC | F-band | none | ICP,-0.031884560013833774,0.00851757457873838
13,MC | F-band | z | ENR,-0.255801052849723,-0.06691310764983041
13,MC | F-band | z | SVR,-0.16382969315462392,-0.20262068447466075
13,MC | F-band | z | Anchor,-1.316145267303523,-0.04594961678413161
13,MC | F-band | z | ICP,-0.09474804578316909,-0.09645886260737528
13,MC | F-fooof-per | none | ENR,-0.0914647145355818,-0.15508894647657856
13,MC | F-fooof-per | none | SVR,-0.13079443810419789,0.001448913989265159
13,MC | F-fooof-per | none | Anchor,-0.43788985731232444,0.11762878318527714
13,MC | F-fooof-per | none | ICP,-0.029928553846381822,-0.04374735772988378
13,MC | F-fooof-per | z | ENR,-0.10923502344996794,-0.1665601714107619
13,MC | F-fooof-per | z | SVR,-0.15408353160890398,-0.021281827424353028
13,MC | F-fooof-per | z | Anchor,-0.6955827095597282,0.017207110490697786
13,MC | F-fooof-per | z | ICP,-0.06483290719310286,-0.1956454866263731
13,MC | F-rel | none | ENR,-0.23279298228125644,0.13268561509416793
13,MC | F-rel | none | SVR,-0.11416849162003917,-0.06567745100694108
13,MC | F-rel | none | Anchor,-0.07621732111181934,0.2614840862139745
13,MC | F-rel | none | ICP,-0.1280264047353199,0.16183342463935593
13,MC | F-rel | z | ENR,-0.026113202360817267,0.04158176354514597
13,MC | F-rel | z | SVR,-0.20662927367833972,-0.0719367002036399
13,MC | F-rel | z | Anchor,-0.30638009549913203,0.22420979529079257
13,MC | F-rel | z | ICP,-0.10870530546971158,-0.04507626306297435
13,MC | F-asym | none | ENR,-0.0952784012689174,0.17067143028343504
13,MC | F-asym | none | SVR,-0.28343620684481285,0.171248696962755
13,MC | F-asym | none | Anchor,-0.11020419586166019,0.1787417189573055
13,MC | F-asym | none | ICP,-0.03975055766059343,-0.2824280868188682
13,MC | F-asym | z | ENR,-0.2588907691788911,0.11582731713582414
13,MC | F-asym | z | SVR,-0.5872017546697399,0.1775727820004563
13,MC | F-asym | z | Anchor,-0.43978330127043286,0.11607862196157842
13,MC | F-asym | z | ICP,-0.0077627581092989395,0.042129891697203256
13,MC | F-riem | none | ENR,-0.22818578092778452,-0.20116704921123654
13,MC | F-riem | none | SVR,-0.4210657112142173,-0.19740712122217074
13,MC | F-riem | none | Anchor,-0.7945980599447542,-0.17661299545864081
13,MC | F-riem | none | ICP,-0.07999411839413595,-0.006402247473556406
13,MC | F-riem | z | ENR,-0.11363757385970064,-0.2290373472353116
13,MC | F-riem | z | SVR,-0.3405930543359168,-0.19431403225314908
13,MC | F-riem | z | Anchor,-0.5091298919444014,-0.16633265736715808
13,MC | F-riem | z | ICP,-0.12412722373288587,-0.15674993391042719
13,MC | F-riem | riem | ENR,-0.11704159145702442,-0.08999898843429568
13,MC | F-riem | riem | SVR,-0.0689185115883586,-0.13330927703178805
13,MC | F-riem | riem | Anchor,-0.19691191132899832,-0.05329058251403184
13,MC | F-riem | riem | ICP,-0.16299175956602552,-0.14756707147942838
14,noMC | F-band | none | ENR,-0.14678466496593945,-0.2030424836642949
14,noMC | F-band | none | SVR,-0.06914983533124852,0.09802464047158187
14,noMC | F-band | none | Anchor,-1.6578879563678006,-0.18805114772559112
14,noMC | F-band | none | ICP,-0.08564337010674761,-0.12172959475060012
14,noMC | F-band | z | ENR,-0.079545457849443,-0.23542856172328555
14,noMC | F-band | z | SVR,-0.26537329893145767,0.17836632633934577
14,noMC | F-band | z | Anchor,-0.2865862859222226,-0.11640759247024107
14,noMC | F-band | z | ICP,-0.051704078705538725,-0.1746571472433303
14,noMC | F-fooof-per | none | ENR,-0.2638267839712425,-0.20952457206557498
14,noMC | F-fooof-per | none | SVR,-0.12147787383942488,0.03332802248539349
14,noMC | F-fooof-per | none | Anchor,-0.5547757528261599,0.03394402556749951
14,noMC | F-fooof-per | none | ICP,-0.13685941409919145,-0.14532979254183986
14,noMC | F-fooof-per | z | ENR,-0.0624901395008175,-0.25571934256553275
14,noMC | F-fooof-per | z | SVR,-0.19150729999586136,-0.007257300737328096
14,noMC | F-fooof-per | z | Anchor,-0.4628630692506501,-0.011195545763127653
14,noMC | F-fooof-per | z | ICP,-0.19362436642104375,-0.11976099443458696
14,noMC | F-rel | none | ENR,-0.040284201282215326,-0.274521983140785
14,noMC | F-rel | none | SVR,-0.030458841196996156,0.1287836030430708
14,noMC | F-rel | none | Anchor,-0.8538906555022281,-0.21306330388748473
14,noMC | F-rel | none | ICP,-0.20610741886724426,-0.360703584432658
14,noMC | F-rel | z | ENR,-0.040284201282215104,-0.274521983140785
14,noMC | F-rel | z | SVR,-0.2400651871348638,-0.14406830007286708
14,noMC | F-rel | z | Anchor,-3.1981334150022382,-0.24061804827465366
14,noMC | F-rel | z | ICP,-0.10342236572810037,-0.20157660539209654
14,noMC | F-asym | none | ENR,-0.0661348354134561,-0.28094497852179856
14,noMC | F-asym | none | SVR,-0.34764490805944903,-0.24030490642363184
14,noMC | F-asym | none | Anchor,-0.3846531830629982,-0.22972067922174455
14,noMC | F-asym | none | ICP,-0.040284201282215104,-0.274521983140785
14,noMC | F-asym | z | ENR,-0.8497456105677703,0.020772745608730353
14,noMC | F-asym | z | SVR,-0.34652237150917187,-0.2439310209649274
14,noMC | F-asym | z | Anchor,-0.7749678815863164,0.03129162871110623
14,noMC | F-asym | z | ICP,-0.18858399178114293,0.049543713985409646
14,noMC | F-riem | none | ENR,-0.040284201282215326,-0.2745219831407849
14,noMC | F-riem | none | SVR,-0.3318834898919618,-0.22072438192204774
14,noMC | F-riem | none | Anchor,-2.0255656928089465,-0.2209158182458569
14,noMC | F-riem | none | ICP,-0.0738008622392583,-0.1024124254918457
14,noMC | F-riem | z | ENR,-0.24416042751381095,0.04379886617730504
14,noMC | F-riem | z | SVR,-0.0010521224624291392,0.11082277788807787
14,noMC | F-riem | z | Anchor,-0.12756329774213593,0.23540579034254544
14,noMC | F-riem | z | ICP,-0.5496293571176589,-0.21795901646970825
14,noMC | F-riem | riem | ENR,-0.09058915830134273,-0.21048621427103187
14,noMC | F-riem | riem | SVR,-0.05249256866291452,0.022412983869726826
14,noMC | F-riem | riem | Anchor,-0.8176671406803409,-0.18642977315237907
14,noMC | F-riem | riem | ICP,-0.05542592994793427,-0.17154889367127513
14,MC | F-band | none | ENR,-0.2666956100062685,-0.19570955079156854
14,MC | F-band | none | SVR,-0.5605805268630082,-0.11516409504407027
14,MC | F-band | none | Anchor,-1.2623930311973615,-0.18768687950058033
14,MC | F-band | none | ICP,-0.2600441354705112,-0.21872503535287308
14,MC | F-band | z | ENR,-0.07484554322009807,-0.23322262782924352
14,MC | F-band | z | SVR,-0.2257010965953128,-0.02925983649367286
14,MC | F-band | z | Anchor,-0.5477157518581257,0.008618435495040037
14,MC | F-band | z | ICP,-0.1449368608537298,-0.24126480992384974
14,MC | F-fooof-per | none | ENR,-0.3252707206344072,-0.20377236965153156
14,MC | F-fooof-per | none | SVR,-0.2430024509119082,-0.231637582716449
14,MC | F-fooof-per | none | Anchor,-0.3632611898726852,-0.13393861198580437
14,MC | F-fooof-per | none | ICP,-0.0646861362179969,-0.11587380888133787
14,MC | F-fooof-per | z | ENR,-0.1310988971661573,-0.1727373982132379
14,MC | F-fooof-per | z | SVR,-0.2551511889955198,-0.1901849290033684
14,MC | F-fooof-per | z | Anchor,-0.14137938263660943,-0.21552721326265856
14,MC | F-fooof-per | z | ICP,-0.1408970402176073,-0.19785943349669685
14,MC | F-rel | none | ENR,-0.04213204685086214,-0.2697643910051396
14,MC | F-rel | none | SVR,-0.021727470523094095,0.10874183442095527
14,MC | F-rel | none | Anchor,-0.6256197089637674,-0.3015403322524468
14,MC | F-rel | none | ICP,-0.14282684110363442,-0.06341103869304568
14,MC | F-rel | z | ENR,-0.1240732399890574,-0.12189704444518222
14,MC | F-rel | z | SVR,-0.1611588989342636,0.0859910661633389
14,MC | F-rel | z | Anchor,-2.4225921695217196,-0.1855424905886258
14,MC | F-rel | z | ICP,-0.11838024272571124,-0.22660236414748902
14,MC | F-asym | none | ENR,-0.20244711138263294,-0.22094196463826943
14,MC | F-asym | none | SVR,-0.3026829037761589,-0.20824919779475068
14,MC | F-asym | none | Anchor,-0.20258697295728356,-0.14600021659673165
14,MC | F-asym | none | ICP,-0.1618012953994732,-0.10122739977385961
14,MC | F-asym | z | ENR,-0.1992244191114576,-0.3015008783936218
14,MC | F-asym | z | SVR,-0.6059515896445031,-0.28070958453177264
14,MC | F-asym | z | Anchor,-0.24843005243121707,-0.3126787787350923
14,MC | F-asym | z | ICP,-0.04213204685086214,-0.26976439100513955
14,MC | F-riem | none | ENR,-0.10429265031343848,-0.34393285746547364
14,MC | F-riem | none | SVR,-0.24268441538560337,-0.20706451762387945
14,MC | F-riem | none | Anchor,-1.9737116386015021,-0.2177301453588483
14,MC | F-riem | none | ICP,-0.12778494354219627,-0.15307947010652467
14,MC | F-riem | z | ENR,-0.10245193315123391,-0.165066870350373
14,MC | F-riem | z | SVR,-0.37997093695140105,-0.06662464574805246
14,MC | F-riem | z | Anchor,-0.21221081379705287,0.09772031245476173
14,MC | F-riem | z | ICP,-1.1740958288708034,-0.17273712741261682
14,MC | F-riem | riem | ENR,-0.05349649419118352,-0.10514459491518101
14,MC | F-riem | riem | SVR,-0.052705232832455096,0.014168024099291084
14,MC | F-riem | riem | Anchor,-2.1955857622186743,-0.13858694061613894
14,MC | F-riem | riem | ICP,-0.04213204685086214,-0.26976439100513955
15,noMC | F-band | none | ENR,0.020242785123780527,0.26909881392603086
15,noMC | F-band | none | SVR,-0.1591611858881503,-0.06899160951492402
15,noMC | F-band | none | Anchor,-0.09530249771173405,0.23358348408746166
15,noMC | F-band | none | ICP,0.0397045223307021,0.21303861451457884
15,noMC | F-band | z | ENR,-0.026502905609696148,0.19720734648992733
15,noMC | F-band | z | SVR,-0.16043970214395653,-0.14185583593120385
15,noMC | F-band | z | Anchor,-0.8715777797552142,0.14307371027310037
15,noMC | F-band | z | ICP,-0.007674151609862623,0.07684879254110843
15,noMC | F-fooof-per | none | ENR,-0.08927028615636257,-0.08761372235426108
15,noMC | F-fooof-per | none | SVR,-0.11622591404271354,-0.04716457018119006
15,noMC | F-fooof-per | none | Anchor,-0.15816077575555276,-0.07759459208124696
15,noMC | F-fooof-per | none | ICP,-0.03883516830352818,0.05118780462126513
15,noMC | F-fooof-per | z | ENR,-0.029976102038689945,0.03194464747133677
15,noMC | F-fooof-per | z | SVR,-0.16590074488790618,-0.16595762989865348
15,noMC | F-fooof-per | z | Anchor,-0.16475188104585126,0.041988300412673776
15,noMC | F-fooof-per | z | ICP,-0.04468174470553876,-0.16595386824875347
15,noMC | F-rel | none | ENR,-0.03899402903941418,0.24276113339482433
15,noMC | F-rel | none | SVR,-0.10515169684472081,0.05360915318848307
15,noMC | F-rel | none | Anchor,-0.20544022432426323,0.22630893919572032
15,noMC | F-rel | none | ICP,0.015095778756741285,0.1851542562577974
15,noMC | F-rel | z | ENR,0.170390868288966,0.4909184387453516
15,noMC | F-rel | z | SVR,-0.09588618387805026,-0.10505414645720303
15,noMC | F-rel | z | Anchor,-0.19138345229558795,0.2530212932033589
15,noMC | F-rel | z | ICP,-0.11524572498006092,0.027109852658546405
15,noMC | F-asym | none | ENR,0.16894600933641113,0.42117097379439594
15,noMC | F-asym | none | SVR,0.02484779469476217,0.31305953676222775
15,noMC | F-asym | none | Anchor,0.10123415244189193,0.4027334102703406
15,noMC | F-asym | none | ICP,-0.04690386684710868,-0.3529007157895634
15,noMC | F-asym | z | ENR,0.013746020133856729,0.35703738304114463
15,noMC | F-asym | z | SVR,0.04813749695526304,0.3384760202851613
15,noMC | F-asym | z | Anchor,-0.14350253427055737,0.2815223787315656
15,noMC | F-asym | z | ICP,0.02046991931404818,0.18060196544080165
15,noMC | F-riem | none | ENR,-0.04690386684710868,-0.3529007157895632
15,noMC | F-riem | none | SVR,-0.21061662212735532,-0.19070721874572638
15,noMC | F-riem | none | Anchor,-0.48238241900803325,-0.3347644303700668
15,noMC | F-riem | none | ICP,-0.10426919578039007,-0.2109455430952595
15,noMC | F-riem | z | ENR,-0.19886344409605972,-0.2054078060552362
15,noMC | F-riem | z | SVR,-0.5080378074023875,-0.2663689845169277
15,noMC | F-riem | z | Anchor,-1.409718796983919,-0.0731846306262473
15,noMC | F-riem | z | ICP,-0.0489672747912413,-0.36274157970735177
15,noMC | F-riem | riem | ENR,-0.05746604467805905,-0.3201235775087513
15,noMC | F-riem | riem | SVR,-0.11897964719095921,-0.13739115351208686
15,noMC | F-riem | riem | Anchor,-0.32221993423412143,0.0288531847902969
15,noMC | F-riem | riem | ICP,-0.05761297449168845,-0.2602463753560379
15,MC | F-band | none | ENR,0.09215761567086689,0.369636169661651
15,MC | F-band | none | SVR,-0.013077038952607367,0.12312903306784566
15,MC | F-band | none | Anchor,0.059755098920277305,0.309544841518019
15,MC | F-band | none | ICP,-0.023578728347776634,0.03959100149119261
15,MC | F-band | z | ENR,0.07323910087457242,0.2822112692971942
15,MC | F-band | z | SVR,-0.33052187947408274,-0.038017512900702766
15,MC | F-band | z | Anchor,-0.7513714620719096,0.24092473284485483
15,MC | F-band | z | ICP,-0.4057574270000792,0.21590814775553352
15,MC | F-fooof-per | none | ENR,-0.14157952805474716,-0.2316300967937151
15,MC | F-fooof-per | none | SVR,-0.12971742709755896,0.023391993751924637
15,MC | F-fooof-per | none | Anchor,-0.13980724026528102,0.07568370309166994
15,MC | F-fooof-per | none | ICP,-0.12382966739749102,-0.18288775934117069
15,MC | F-fooof-per | z | ENR,-0.05805929448149971,-0.3011405041894733
15,MC | F-fooof-per | z | SVR,-0.21826534756643756,-0.09237314739294433
15,MC | F-fooof-per | z | Anchor,-0.3610847597627185,-0.03747320383953989
15,MC | F-fooof-per | z | ICP,-0.05094849058607909,-0.33528906356937627
15,MC | F-rel | none | ENR,0.008718592186475527,0.34469431378175763
15,MC | F-rel | none | SVR,0.016710890961718516,0.266537455919912
15,MC | F-rel | none | Anchor,-0.04912278906874823,0.32502477551518194
15,MC | F-rel | none | ICP,-0.016011592030215294,-0.050627935289206345
15,MC | F-rel | z | ENR,0.20378470536956506,0.4669456371675449
15,MC | F-rel | z | SVR,-0.25579044306468646,-0.09871068849768913
15,MC | F-rel | z | Anchor,0.12378940822338302,0.4569317398578178
15,MC | F-rel | z | ICP,-0.048531150455551675,-0.18701793861717383
15,MC | F-asym | none | ENR,0.13881297481225674,0.4255750139403668
15,MC | F-asym | none | SVR,0.05619454488603037,0.34112266134336805
15,MC | F-asym | none | Anchor,0.10880766867162961,0.4120377750730353
15,MC | F-asym | none | ICP,-0.04941862660492058,-0.3543983005124188
15,MC | F-asym | z | ENR,-0.0779279239310895,0.32317484457813483
15,MC | F-asym | z | SVR,-0.017169053463575334,0.32235903083801276
15,MC | F-asym | z | Anchor,-0.3184017249018638,0.2464536301667976
15,MC | F-asym | z | ICP,-0.05617956133606716,-0.04979381528565747
15,MC | F-riem | none | ENR,-0.22433114982239188,-0.2513440509054631
15,MC | F-riem | none | SVR,-0.21559024300276475,-0.16674383417920985
15,MC | F-riem | none | Anchor,-0.42625735014020516,-0.13126375482711677
15,MC | F-riem | none | ICP,-0.0635496959061832,-0.19412663115741408
15,MC | F-riem | z | ENR,-0.3201162460632212,-0.19812505186216972
15,MC | F-riem | z | SVR,-0.14217557686337878,-0.2364733645414149
15,MC | F-riem | z | Anchor,-0.817963799619696,-0.20888035834524923
15,MC | F-riem | z | ICP,-0.09842528631312275,-0.20386288825353238
15,MC | F-riem | riem | ENR,-0.06610387422229236,-0.07229641630586481
15,MC | F-riem | riem | SVR,-0.09368029122927202,-0.3363552009995201
15,MC | F-riem | riem | Anchor,-0.7071029142278162,0.25734811750664405
15,MC | F-riem | riem | ICP,-0.040566065070123836,-0.004838805789961997
16,noMC | F-band | none | ENR,-0.13900856292181807,-0.4979195344328261
16,noMC | F-band | none | SVR,-0.08506240336381166,0.014053780041355041
16,noMC | F-band | none | Anchor,-0.4664590084014404,-0.3185724168309587
16,noMC | F-band | none | ICP,-0.14985227016996028,-0.4746398385541506
16,noMC | F-band | z | ENR,-0.11589462518421412,-0.30551042307896853
16,noMC | F-band | z | SVR,0.006842473001477778,0.1583948773512408
16,noMC | F-band | z | Anchor,-0.6332702743855869,-0.22635200351608303
16,noMC | F-band | z | ICP,-0.05059537280082327,-0.3777098126085492
16,noMC | F-fooof-per | none | ENR,-0.08576420719159095,-0.46643508943027
16,noMC | F-fooof-per | none | SVR,-0.1615760070727199,-0.25735078983976667
16,noMC | F-fooof-per | none | Anchor,-0.33736313181169764,-0.0952012524413539
16,noMC | F-fooof-per | none | ICP,-0.15654847771833835,-0.48120725745917314
16,noMC | F-fooof-per | z | ENR,-0.11050079366491983,-0.47910960805806874
16,noMC | F-fooof-per | z | SVR,-0.12008417740692456,-0.0026867946702808804
16,noMC | F-fooof-per | z | Anchor,-0.32898342785193835,-0.2789503560696037
16,noMC | F-fooof-per | z | ICP,-0.10744769887898187,-0.09970190326421419
16,noMC | F-rel | none | ENR,-0.14626460942525776,-0.463126445791097
16,noMC | F-rel | none | SVR,-0.2362741683876588,0.020583946513355482
16,noMC | F-rel | none | Anchor,-0.5015767882183573,-0.29605645037663136
16,noMC | F-rel | none | ICP,-0.25070933292147,-0.3775940736399398
16,noMC | F-rel | z | ENR,-0.10059203970986763,-0.44564148288139294
16,noMC | F-rel | z | SVR,-0.15104649718867336,-0.2663717648154778
16,noMC | F-rel | z | Anchor,-1.113619434006667,-0.2462620911072044
16,noMC | F-rel | z | ICP,-0.07810076135092414,-0.20957266201576602
16,noMC | F-asym | none | ENR,-0.15151512894906505,-0.4761047914121483
16,noMC | F-asym | none | SVR,-0.04351467883502713,0.1319484404389728
16,noMC | F-asym | none | Anchor,-0.28319937145824814,-0.48026814943381185
16,noMC | F-asym | none | ICP,-0.05059537280082327,-0.3777098126085492
16,noMC | F-asym | z | ENR,-0.18247197562057593,-0.5069905066392144
16,noMC | F-asym | z | SVR,-0.03349461498016226,0.08916747565543398
16,noMC | F-asym | z | Anchor,-0.7091536437862525,-0.2821592775826537
16,noMC | F-asym | z | ICP,-0.14619597466945478,-0.18053026940900932
16,noMC | F-riem | none | ENR,-0.05059537280082327,-0.3777098126085493
16,noMC | F-riem | none | SVR,-0.2332843339123889,-0.1746317346980663
16,noMC | F-riem | none | Anchor,-0.48284633116499753,-0.40633123984137387
16,noMC | F-riem | none | ICP,-0.09626615346568168,-0.25988606443803497
16,noMC | F-riem | z | ENR,-0.05059537280082327,-0.37770981260854924
16,noMC | F-riem | z | SVR,-0.44378450413208026,-0.40685652110474235
16,noMC | F-riem | z | Anchor,-1.0044474071973344,-0.3543843562633361
16,noMC | F-riem | z | ICP,-0.06574280650605324,-0.16508565664295366
16,noMC | F-riem | riem | ENR,-0.1245539622476366,-0.3795027245497988
16,noMC | F-riem | riem | SVR,-0.09007248137375323,-0.20171481977582095
16,noMC | F-riem | riem | Anchor,-1.897624644554556,-0.134675578886351
16,noMC | F-riem | riem | ICP,-0.08858169941845251,-0.22797809358487814
16,MC | F-band | none | ENR,-0.05411953442152084,-0.3870016114150633
16,MC | F-band | none | SVR,-0.21149586270489484,-0.1945905719096238
16,MC | F-band | none | Anchor,-0.5416920498530469,-0.3946850206807655
16,MC | F-band | none | ICP,-0.15691633573783204,-0.49556801501523046
16,MC | F-band | z | ENR,-0.12171342445789501,-0.28608079072148196
16,MC | F-band | z | SVR,-0.3476299051952614,-0.1677254811550859
16,MC | F-band | z | Anchor,-0.21355742103949593,-0.27213412338318455
16,MC | F-band | z | ICP,-0.04888556950217793,-0.0700153160259605
16,MC | F-fooof-per | none | ENR,-0.08882971448940702,-0.49300565402788404
16,MC | F-fooof-per | none | SVR,-0.26402049797958616,-0.22708524231524208
16,MC | F-fooof-per | none | Anchor,-0.35973147649773485,-0.47753957551740617
16,MC | F-fooof-per | none | ICP,-0.06834369841160415,-0.1640577662306031
16,MC | F-fooof-per | z | ENR,-0.05176712942226169,-0.38662397898073253
16,MC | F-fooof-per | z | SVR,-0.5660521669110543,-0.29811707073939486
16,MC | F-fooof-per | z | Anchor,-0.1891208241185265,-0.4446175213637418
16,MC | F-fooof-per | z | ICP,-0.03358972214839051,0.045054110777622176
16,MC | F-rel | none | ENR,-0.09988861697286366,-0.4698348271518611
16,MC | F-rel | none | SVR,-0.14997907614705985,-0.12484336849051256
16,MC | F-rel | none | Anchor,-0.3602288508132876,-0.41256907888627714
16,MC | F-rel | none | ICP,-0.05411953442152084,-0.3870016114150633
16,MC | F-rel | z | ENR,-0.05411953442152084,-0.3870016114150632
16,MC | F-rel | z | SVR,-0.22944467186538753,-0.3139428937597761
16,MC | F-rel | z | Anchor,-0.6144402180553139,-0.4832451224700603
16,MC | F-rel | z | ICP,-0.26300829848955254,-0.4034751074684545
16,MC | F-asym | none | ENR,-0.15947407738086072,-0.5130159784415135
16,MC | F-asym | none | SVR,-0.08600679361784414,0.0953929039967834
16,MC | F-asym | none | Anchor,-0.23390593352614641,-0.49469925737993903
16,MC | F-asym | none | ICP,-0.05411953442152084,-0.3870016114150633
16,MC | F-asym | z | ENR,-0.14062790955799187,-0.5522284967181514
16,MC | F-asym | z | SVR,-0.12467677023468049,-0.042002253502383284
16,MC | F-asym | z | Anchor,-0.3366278477932887,-0.4280193629463666
16,MC | F-asym | z | ICP,-0.05411953442152084,-0.3870016114150633
16,MC | F-riem | none | ENR,-0.05411953442152084,-0.3870016114150633
16,MC | F-riem | none | SVR,-0.3597243867000717,-0.3586450319867345
16,MC | F-riem | none | Anchor,-0.9262557785762264,-0.4308498591245026
16,MC | F-riem | none | ICP,-0.09896570984841335,-0.22843821311475038
16,MC | F-riem | z | ENR,-0.05411953442152084,-0.3870016114150633
16,MC | F-riem | z | SVR,-0.22638748856096025,-0.17822688655605493
16,MC | F-riem | z | Anchor,-0.6306571970956252,-0.039982925257812545
16,MC | F-riem | z | ICP,-0.07334057612033607,-0.30871478370084954
16,MC | F-riem | riem | ENR,-0.05411953442152084,-0.3870016114150633
16,MC | F-riem | riem | SVR,-0.07152860375428527,-0.0029770693037942594
16,MC | F-riem | riem | Anchor,-0.46516998402820753,-0.2264619538255817
16,MC | F-riem | riem | ICP,-0.0945524486055338,-0.29791855982945575
17,noMC | F-band | none | ENR,0.051586347919053366,0.32621183793914477
17,noMC | F-band | none | SVR,-0.14647067458390972,-0.06610228744604543
17,noMC | F-band | none | Anchor,0.08900214530924677,0.36784992682155987
17,noMC | F-band | none | ICP,-0.07046870399604144,-0.43155915548980406
17,noMC | F-band | z | ENR,-0.07005665510169323,-0.0010747643694928033
17,noMC | F-band | z | SVR,-0.20288270582960344,-0.18964046876448876
17,noMC | F-band | z | Anchor,-1.0008021497062285,0.08256383440437491
17,noMC | F-band | z | ICP,-0.07046870399604144,-0.43155915548980406
17,noMC | F-fooof-per | none | ENR,-0.09079416063016188,-0.3256250020668794
17,noMC | F-fooof-per | none | SVR,-0.11020248234704977,-0.013252345200989668
17,noMC | F-fooof-per | none | Anchor,-0.302484467515719,-0.13091564912086218
17,noMC | F-fooof-per | none | ICP,-0.07046870399604144,-0.43155915548980406
17,noMC | F-fooof-per | z | ENR,-0.11002866615525053,-0.21157589390337989
17,noMC | F-fooof-per | z | SVR,-0.2441292658837888,-0.2776510171959477
17,noMC | F-fooof-per | z | Anchor,-0.3977645391277411,0.0393684729336419
17,noMC | F-fooof-per | z | ICP,-0.05992840219926676,-0.329364922322631
17,noMC | F-rel | none | ENR,-0.07403165746157114,0.0634832316533806
17,noMC | F-rel | none | SVR,-0.14876195504562273,0.03038563823339171
17,noMC | F-rel | none | Anchor,0.048788088118753126,0.2559852451751945
17,noMC | F-rel | none | ICP,-0.07046870399604144,-0.43155915548980406
17,noMC | F-rel | z | ENR,-0.18928881490473026,-0.32796339514148654
17,noMC | F-rel | z | SVR,-0.2624261282014986,-0.34023585245688537
17,noMC | F-rel | z | Anchor,-0.7800326663620072,-0.12993690169130082
17,noMC | F-rel | z | ICP,0.0009685540496668921,0.14143592228239033
17,noMC | F-asym | none | ENR,-0.07046870399604144,-0.43155915548980406
17,noMC | F-asym | none | SVR,-0.23878782430734047,-0.06303183658897636
17,noMC | F-asym | none | Anchor,-0.24460883960784385,-0.3367497404098441
17,noMC | F-asym | none | ICP,-0.07046870399604144,-0.43155915548980406
17,noMC | F-asym | z | ENR,-1.2306296576588505,-0.14636937839444628
17,noMC | F-asym | z | SVR,-0.6582985995608823,-0.051309004944911876
17,noMC | F-asym | z | Anchor,-0.6929570371679643,0.00832413066986959
17,noMC | F-asym | z | ICP,-0.049066541374057415,0.14741927098062355
17,noMC | F-riem | none | ENR,-0.091890517409557,-0.3895061568034565
17,noMC | F-riem | none | SVR,-0.413076291340577,-0.2993648403069472
17,noMC | F-riem | none | Anchor,-0.2301918891464081,-0.039896814836484364
17,noMC | F-riem | none | ICP,-0.12820602299340855,-0.11648581225195477
17,noMC | F-riem | z | ENR,-0.33593450285637294,-0.20694291563627804
17,noMC | F-riem | z | SVR,-0.5772806491738498,-0.16931843903941238
17,noMC | F-riem | z | Anchor,-2.443001436643243,-0.2060203769114775
17,noMC | F-riem | z | ICP,-0.09521490626677087,-0.20016987485120133
17,noMC | F-riem | riem | ENR,-0.16663058040229894,-0.251044902058271
17,noMC | F-riem | riem | SVR,-0.16809811873757674,-0.4233456831428399
17,noMC | F-riem | riem | Anchor,-0.537170275657191,-0.054768616597194994
17,noMC | F-riem | riem | ICP,-0.2162234044513076,-0.2588319359604793
17,MC | F-band | none | ENR,0.0802432368484376,0.32410049338650426
17,MC | F-band | none | SVR,-0.052591401911254776,0.13331484926861084
17,MC | F-band | none | Anchor,0.15015039790350637,0.41762880275299835
17,MC | F-band | none | ICP,-0.10510413541831087,-0.4242229341147514
17,MC | F-band | z | ENR,-0.18029474894110709,-0.12331786568825212
17,MC | F-band | z | SVR,-0.38724810450398595,-0.19885943804481918
17,MC | F-band | z | Anchor,-0.5944458549615492,-0.007790594409392448
17,MC | F-band | z | ICP,0.036299002777422706,0.196900674863414
17,MC | F-fooof-per | none | ENR,-0.08344587508744916,-0.3871468016692787
17,MC | F-fooof-per | none | SVR,-0.1927387522410089,0.004520505307431795
17,MC | F-fooof-per | none | Anchor,-0.20031797317803401,0.010838279644727722
17,MC | F-fooof-per | none | ICP,-0.08880059734825263,-0.3788388787875113
17,MC | F-fooof-per | z | ENR,-0.225491486929283,-0.33943080805851894
17,MC | F-fooof-per | z | SVR,-0.4268196580173407,-0.29257087557869654
17,MC | F-fooof-per | z | Anchor,-0.2859303039780119,-0.24141462372559608
17,MC | F-fooof-per | z | ICP,-0.15112321695470388,0.08623474317962745
17,MC | F-rel | none | ENR,-0.07941866954017929,-0.04372472177264839
17,MC | F-rel | none | SVR,-0.11431555577915442,-0.05981269754120248
17,MC | F-rel | none | Anchor,0.05768751131143457,0.27182460750327625
17,MC | F-rel | none | ICP,-0.07501013095627473,-0.43795746208045244
17,MC | F-rel | z | ENR,-0.13992239382252714,-0.15687172944612776
17,MC | F-rel | z | SVR,-0.3708348938164925,-0.3144801921689641
17,MC | F-rel | z | Anchor,-0.29687925731730447,0.02224739293216009
17,MC | F-rel | z | ICP,-0.07434457251034798,-0.31174140647995097
17,MC | F-asym | none | ENR,-0.07501013095627473,-0.43795746208045244
17,MC | F-asym | none | SVR,-0.26146765370474223,-0.0876456348464869
17,MC | F-asym | none | Anchor,-0.24967806342406984,-0.3599814612012597
17,MC | F-asym | none | ICP,-0.07501013095627473,-0.43795746208045244
17,MC | F-asym | z | ENR,-0.7235352817910543,-0.16770665277549174
17,MC | F-asym | z | SVR,-0.82674069719019,-0.17899633520280014
17,MC | F-asym | z | Anchor,-0.7434751868026466,-0.2929250632478139
17,MC | F-asym | z | ICP,-0.07501013095627473,-0.43795746208045244
17,MC | F-riem | none | ENR,-0.0910915641677097,-0.4104957936233212
17,MC | F-riem | none | SVR,-0.429845100412207,-0.2989455920654519
17,MC | F-riem | none | Anchor,-0.25611041686502567,-0.0338373897336505
17,MC | F-riem | none | ICP,-0.16017588841235897,-0.36916801349960815
17,MC | F-riem | z | ENR,-0.9319571610953057,-0.23171561057824597
17,MC | F-riem | z | SVR,-0.39662615400559353,-0.3071595620106235
17,MC | F-riem | z | Anchor,-2.190413987663053,-0.11630584396119267
17,MC | F-riem | z | ICP,-0.09864892604072817,-0.23249219850326852
17,MC | F-riem | riem | ENR,-0.1492818847854911,-0.2765317839672996
17,MC | F-riem | riem | SVR,-0.2701875423739519,-0.4482689000161774
17,MC | F-riem | riem | Anchor,-0.40968930733398645,-0.07427636074862182
17,MC | F-riem | riem | ICP,-0.10199389474713705,-0.4448873601144982
18,noMC | F-band | none | ENR,-0.008980424362626582,0.2145015092985989
18,noMC | F-band | none | SVR,-0.012488716245804943,0.16488423758127813
18,noMC | F-band | none | Anchor,0.002919646655509922,0.21288535560041466
18,noMC | F-band | none | ICP,-0.027448161317727093,-0.02219112017533468
18,noMC | F-band | z | ENR,-0.038007910725290195,-0.13596219483242705
18,noMC | F-band | z | SVR,-0.06852185575421066,-0.03981676876938939
18,noMC | F-band | z | Anchor,-2.210151133581448,0.07018113091217545
18,noMC | F-band | z | ICP,-0.016534159106040835,-0.02121449204295437
18,noMC | F-fooof-per | none | ENR,-0.06406754355404942,0.11952011138105688
18,noMC | F-fooof-per | none | SVR,-0.06468622400089541,0.04116995170390236
18,noMC | F-fooof-per | none | Anchor,-0.1665704866325528,0.16148645516188964
18,noMC | F-fooof-per | none | ICP,-0.046723288103561744,0.03270468395279639
18,noMC | F-fooof-per | z | ENR,-0.06465994280818443,-0.2661566417136191
18,noMC | F-fooof-per | z | SVR,-0.087840483713999,-0.17344043231832096
18,noMC | F-fooof-per | z | Anchor,-0.043264651203976046,0.22587190818607306
18,noMC | F-fooof-per | z | ICP,-0.04301786853100076,-0.3065985481415747
18,noMC | F-rel | none | ENR,-0.006066538371678476,0.18918093510449824
18,noMC | F-rel | none | SVR,-0.013408285791403962,0.18693841778538278
18,noMC | F-rel | none | Anchor,-0.03372497687541687,0.18300733457318308
18,noMC | F-rel | none | ICP,2.7305925567655542e-05,0.06503137320421466
18,noMC | F-rel | z | ENR,-6.81539396905853,-0.06977061521516137
18,noMC | F-rel | z | SVR,-0.5693288491469553,-0.07262342539605496
18,noMC | F-rel | z | Anchor,-9.384833408218494,-0.03554484996786367
18,noMC | F-rel | z | ICP,-0.05197534835071793,-0.21940226721807138
18,noMC | F-asym | none | ENR,0.03748280244178148,0.22853999347574494
18,noMC | F-asym | none | SVR,-0.0014004841272485802,0.18689712240828438
18,noMC | F-asym | none | Anchor,-0.0643376869746759,0.1845482323525417
18,noMC | F-asym | none | ICP,-0.04301786853100076,-0.3065985481415747
18,noMC | F-asym | z | ENR,-0.05072204570154715,-0.04783976587586088
18,noMC | F-asym | z | SVR,-0.018975734616946127,0.09907034620532823
18,noMC | F-asym | z | Anchor,-0.36662498874171123,0.005006994399877694
18,noMC | F-asym | z | ICP,-0.03864543747638005,0.13034952808398464
18,noMC | F-riem | none | ENR,-0.06379031178981198,-0.1595334379893256
18,noMC | F-riem | none | SVR,-0.8149502724051625,-0.2438583217681995
18,noMC | F-riem | none | Anchor,-1.3839353913262724,0.07143582779256255
18,noMC | F-riem | none | ICP,-0.12082617212619762,-0.15265718689747487
18,noMC | F-riem | z | ENR,-0.055145347769423925,-0.25700579381989225
18,noMC | F-riem | z | SVR,-0.045935594247631384,0.03536805075463356
18,noMC | F-riem | z | Anchor,-0.6220749109976513,0.31551615609178074
18,noMC | F-riem | z | ICP,-0.04368695797259181,-0.3030031413023847
18,noMC | F-riem | riem | ENR,-0.04401481158504894,-0.29841748060265333
18,noMC | F-riem | riem | SVR,-0.04162372129718217,-0.020526067650267914
18,noMC | F-riem | riem | Anchor,-2.073908223285804,0.20094567573470595
18,noMC | F-riem | riem | ICP,-0.045440709404652724,-0.25686414763308285
18,MC | F-band | none | ENR,0.05042783288789132,0.24640315345503536
18,MC | F-band | none | SVR,0.07068406962168894,0.3041289082713515
18,MC | F-band | none | Anchor,-0.10715127073381825,0.2675077501843805
18,MC | F-band | none | ICP,-0.02100041889442439,0.026896764932126144
18,MC | F-band | z | ENR,-0.04484369061845439,-0.30939765470871916
18,MC | F-band | z | SVR,-0.1766491435738915,-0.1141591039452713
18,MC | F-band | z | Anchor,-0.42413171868331667,0.13395601673231144
18,MC | F-band | z | ICP,-0.1000677279321871,-0.15004673950115505
18,MC | F-fooof-per | none | ENR,0.0074812907479574475,0.1547699463471537
18,MC | F-fooof-per | none | SVR,-0.07566315828196535,0.19111073525614042
18,MC | F-fooof-per | none | Anchor,0.01275402393788394,0.24139358613255543
18,MC | F-fooof-per | none | ICP,-0.012205662117431126,0.08818127247852901
18,MC | F-fooof-per | z | ENR,-0.10603024383897353,-0.11307783078739861
18,MC | F-fooof-per | z | SVR,-0.09529039089744273,-0.061431429765599246
18,MC | F-fooof-per | z | Anchor,-0.41381533384720415,0.10699802989292567
18,MC | F-fooof-per | z | ICP,-0.0781910225424245,0.04183796579325899
18,MC | F-rel | none | ENR,-0.006338802425019718,0.10548111148991039
18,MC | F-rel | none | SVR,-0.1762252587493245,0.2682687032449944
18,MC | F-rel | none | Anchor,0.033870376311450734,0.251807084342454
18,MC | F-rel | none | ICP,-0.04484369061845439,-0.30939765470871916
18,MC | F-rel | z | ENR,-0.06010770062115345,0.012049239263862727
18,MC | F-rel | z | SVR,-0.1705921688331502,0.0030023791547062646
18,MC | F-rel | z | Anchor,-0.518108962704753,0.2731337149303522
18,MC | F-rel | z | ICP,-0.04484369061845439,-0.30939765470871916
18,MC | F-asym | none | ENR,0.013179287304885046,0.16098368061227306
18,MC | F-asym | none | SVR,-0.07499812769998027,0.026422248449486353
18,MC | F-asym | none | Anchor,-0.17266239514450854,0.043013847774196264
18,MC | F-asym | none | ICP,-0.04484369061845439,-0.30939765470871916
18,MC | F-asym | z | ENR,-0.09284045947095043,-0.11569497832500211
18,MC | F-asym | z | SVR,-0.037390094006238384,0.026074282848894813
18,MC | F-asym | z | Anchor,-0.31187099180052225,-0.14705154568829654
18,MC | F-asym | z | ICP,-0.04911252691926116,-0.052548261956970314
18,MC | F-riem | none | ENR,-0.08582029288083715,-0.19338993502659474
18,MC | F-riem | none | SVR,-0.3980935817622999,-0.2075845482784211
18,MC | F-riem | none | Anchor,-1.61113712103761,0.0710465767490654
18,MC | F-riem | none | ICP,-0.05686615402535278,-0.15100464973242023
18,MC | F-riem | z | ENR,-0.06424020812532727,-0.2793503445344821
18,MC | F-riem | z | SVR,-0.09452057522645729,-0.04810089015101391
18,MC | F-riem | z | Anchor,-0.7427590496967671,0.2055887488147248
18,MC | F-riem | z | ICP,-0.07623463099117322,-0.2387253931251863
18,MC | F-riem | riem | ENR,-0.04484369061845439,-0.30939765470871927
18,MC | F-riem | riem | SVR,-0.11594815887191223,-0.03268179435525723
18,MC | F-riem | riem | Anchor,-3.0642819213270656,0.13977501272856202
18,MC | F-riem | riem | ICP,-0.038730250707065705,-0.228304986550082
19,noMC | F-band | none | ENR,-0.11715876665795899,-0.06887024821863838
19,noMC | F-band | none | SVR,-0.48345350217137706,-0.17044139585595391
19,noMC | F-band | none | Anchor,-0.5361990850562293,-0.08662425828648987
19,noMC | F-band | none | ICP,-0.04736724275794213,-0.29378164251494854
19,noMC | F-band | z | ENR,-0.10497414599260724,-0.39599055625062535
19,noMC | F-band | z | SVR,-0.1903681311406369,-0.24837719850112772
19,noMC | F-band | z | Anchor,-0.14355187149695237,-0.14197780355197867
19,noMC | F-band | z | ICP,-0.07130369720067642,-0.13297442415898206
19,noMC | F-fooof-per | none | ENR,-0.06904706414173356,-0.328707223082388
19,noMC | F-fooof-per | none | SVR,-0.3049349014835081,-0.18474239263288067
19,noMC | F-fooof-per | none | Anchor,-0.8871459983778207,-0.14565304177037752
19,noMC | F-fooof-per | none | ICP,-0.04890688236620577,-0.3724756832255518
19,noMC | F-fooof-per | z | ENR,-0.04890688236620577,-0.3724756832255518
19,noMC | F-fooof-per | z | SVR,-0.23049835689944187,-0.18429840951968052
19,noMC | F-fooof-per | z | Anchor,-0.6833832503863566,-0.17823256775851665
19,noMC | F-fooof-per | z | ICP,-0.04492469449941394,-0.2877229923986339
19,noMC | F-rel | none | ENR,-0.11872505891935026,-0.2690526983671345
19,noMC | F-rel | none | SVR,-0.2165149289329844,-0.05786944279059142
19,noMC | F-rel | none | Anchor,-0.2725050370998712,-0.009403649366873074
19,noMC | F-rel | none | ICP,-0.03779514103146808,-0.16069148165881028
19,noMC | F-rel | z | ENR,-0.10595938089307899,-0.3011367003481195
19,noMC | F-rel | z | SVR,-0.2520903981844056,-0.29915536006235666
19,noMC | F-rel | z | Anchor,-2.7972417721938814,-0.2775755875886735
19,noMC | F-rel | z | ICP,-0.07394851208295972,-0.25524664834847766
19,noMC | F-asym | none | ENR,-0.15016900516067277,-0.46322528261001594
19,noMC | F-asym | none | SVR,-0.24641126923387202,-0.3282681147388563
19,noMC | F-asym | none | Anchor,-0.6477102473515475,-0.19645009507004496
19,noMC | F-asym | none | ICP,-0.11594246330730718,-0.14950214298248982
19,noMC | F-asym | z | ENR,-0.09621989279319254,-0.20792485205336386
19,noMC | F-asym | z | SVR,-0.13621582180141845,0.016840304467471992
19,noMC | F-asym | z | Anchor,-0.025029763085881562,0.2151471033367525
19,noMC | F-asym | z | ICP,-0.051858824046841834,0.03037004685488487
19,noMC | F-riem | none | ENR,-0.05067597146111269,-0.37760205965304866
19,noMC | F-riem | none | SVR,-0.3215887789790841,-0.25504725899984576
19,noMC | F-riem | none | Anchor,-0.15670609317724438,-0.007709231081410327
19,noMC | F-riem | none | ICP,-0.0862606590438757,-0.26796387062362614
19,noMC | F-riem | z | ENR,-0.04890688236620577,-0.3724756832255518
19,noMC | F-riem | z | SVR,-0.27901827910982435,-0.28281986149587024
19,noMC | F-riem | z | Anchor,-1.4518252271520664,-0.3002570326921742
19,noMC | F-riem | z | ICP,-0.059335860480410396,-0.163524431703808
19,noMC | F-riem | riem | ENR,-0.04724005234273032,-0.3690183400378086
19,noMC | F-riem | riem | SVR,-0.2060917045901398,-0.17867281194006324
19,noMC | F-riem | riem | Anchor,-0.2572590878698968,-0.040028514541870036
19,noMC | F-riem | riem | ICP,-0.05050073001075139,-0.279864116610975
19,MC | F-band | none | ENR,-0.1104211672766271,-0.21534465497075422
19,MC | F-band | none | SVR,-0.23643254249551227,-0.22862876438677598
19,MC | F-band | none | Anchor,-0.49509759925757013,-0.13557550470155816
19,MC | F-band | none | ICP,-0.046618539980383344,-0.31610925523633976
19,MC | F-band | z | ENR,-0.0562392208383542,-0.0855017796236957
19,MC | F-band | z | SVR,-0.22286484455989353,-0.11855816619490964
19,MC | F-band | z | Anchor,-0.11874278697900698,-0.08979301224598116
19,MC | F-band | z | ICP,-0.15431025603922377,-0.2797646946831704
19,MC | F-fooof-per | none | ENR,-0.051597719299915745,-0.37518620898788096
19,MC | F-fooof-per | none | SVR,-0.12600606071135312,0.07644661891287738
19,MC | F-fooof-per | none | Anchor,-0.5954042188280761,-0.20451058834974206
19,MC | F-fooof-per | none | ICP,-0.08712462217920502,-0.12053406134641897
19,MC | F-fooof-per | z | ENR,-0.13232829822366265,-0.3135775921843007
19,MC | F-fooof-per | z | SVR,-0.34582946574512596,-0.08491955223790845
19,MC | F-fooof-per | z | Anchor,-0.32425299105672534,-0.3837316514823208
19,MC | F-fooof-per | z | ICP,-0.051597719299915745,-0.37518620898788096
19,MC | F-rel | none | ENR,-0.0928609173233832,-0.23589363561473964
19,MC | F-rel | none | SVR,-0.07936086015438093,0.11389442925670173
19,MC | F-rel | none | Anchor,-0.407934817616427,-0.11495265899397768
19,MC | F-rel | none | ICP,-0.051597719299915745,-0.37518620898788096
19,MC | F-rel | z | ENR,-0.0818786076042819,-0.32812289542828055
19,MC | F-rel | z | SVR,-0.19116360541155197,-0.3120341709521235
19,MC | F-rel | z | Anchor,-1.437332313093569,-0.27096763793457046
19,MC | F-rel | z | ICP,-0.05106153133168756,-0.15059187188915651
19,MC | F-asym | none | ENR,-0.1548233440404907,-0.27872219067950266
19,MC | F-asym | none | SVR,-0.27313553219555264,-0.37700315117011574
19,MC | F-asym | none | Anchor,-0.227499757616477,-0.3252211388314024
19,MC | F-asym | none | ICP,-0.07606085251386197,-0.23235651449229036
19,MC | F-asym | z | ENR,-0.08509007844702388,-0.17653646674221535
19,MC | F-asym | z | SVR,-0.15506917638558404,-0.22548202047617036
19,MC | F-asym | z | Anchor,-0.6258437532901815,-0.00862133643117264
19,MC | F-asym | z | ICP,-0.27330369286995815,0.04048543530797133
19,MC | F-riem | none | ENR,-0.05477148738545545,-0.3844624027882519
19,MC | F-riem | none | SVR,-0.2686815883587521,-0.32084875562498494
19,MC | F-riem | none | Anchor,-0.3491295082381145,-0.12442183507257264
19,MC | F-riem | none | ICP,-0.07378708546631785,-0.19120750552298654
19,MC | F-riem | z | ENR,-0.051597719299915745,-0.375186208987881
19,MC | F-riem | z | SVR,-0.14257278783698646,-0.14992948911767062
19,MC | F-riem | z | Anchor,-1.0064720825102995,-0.12442499285036912
19,MC | F-riem | z | ICP,-0.05389818421863324,-0.15043974244169103
19,MC | F-riem | riem | ENR,-0.053561534239289665,-0.37693555095949116
19,MC | F-riem | riem | SVR,-0.13842186819837332,-0.19529150783629892
19,MC | F-riem | riem | Anchor,-0.2526171473620962,-0.13821327953102222
19,MC | F-riem | riem | ICP,-0.06517030044687933,-0.3413418766431995
20,noMC | F-band | none | ENR,-0.10275756764611499,-0.22847266571624547
20,noMC | F-band | none | SVR,-0.28267720803131025,-0.2779762562826481
20,noMC | F-band | none | Anchor,-0.34779419739193407,-0.15058953445300466
20,noMC | F-band | none | ICP,-0.05300438725456713,-0.31984807263164855
20,noMC | F-band | z | ENR,-0.07615822899859559,-0.16035138439102567
20,noMC | F-band | z | SVR,-0.1817487934544444,0.06408677834827728
20,noMC | F-band | z | Anchor,-1.5285141540605554,0.21324535391648108
20,noMC | F-band | z | ICP,-0.052706265493478455,-0.38096072625155913
20,noMC | F-fooof-per | none | ENR,-0.33614546437480985,-0.4443861203491658
20,noMC | F-fooof-per | none | SVR,-0.4722509133366588,-0.33908686435291036
20,noMC | F-fooof-per | none | Anchor,-0.9535979958888086,-0.3596834337770927
20,noMC | F-fooof-per | none | ICP,-0.06290436151727818,-0.18907512128937382
20,noMC | F-fooof-per | z | ENR,-0.29957672651404343,-0.33802159071430476
20,noMC | F-fooof-per | z | SVR,-0.2509176999415348,-0.21747787899467363
20,noMC | F-fooof-per | z | Anchor,-1.3807585425385929,-0.055351289309820584
20,noMC | F-fooof-per | z | ICP,-0.07265959262872612,-0.16193635430540948
20,noMC | F-rel | none | ENR,-0.11776839437271014,-0.3539777252691376
20,noMC | F-rel | none | SVR,-0.26278041637400795,-0.2526962943769388
20,noMC | F-rel | none | Anchor,-0.42746542352658157,-0.2972949405955351
20,noMC | F-rel | none | ICP,-0.052706265493478455,-0.38096072625155913
20,noMC | F-rel | z | ENR,-0.09794812973040212,-0.26248618534593254
20,noMC | F-rel | z | SVR,-0.18841754875605377,-0.2668441698388907
20,noMC | F-rel | z | Anchor,-2.3157364319642193,-0.3016641568860282
20,noMC | F-rel | z | ICP,-0.12169951536944068,-0.06018978389946003
20,noMC | F-asym | none | ENR,-0.06272614935440957,-0.4346427645202873
20,noMC | F-asym | none | SVR,-0.5260248737595832,-0.2559812698402512
20,noMC | F-asym | none | Anchor,-0.9453144834527551,-0.3708177390726942
20,noMC | F-asym | none | ICP,-0.052706265493478455,-0.38096072625155913
20,noMC | F-asym | z | ENR,-0.11672305939614902,-0.47209930551126467
20,noMC | F-asym | z | SVR,-0.5086848499654886,-0.436729328695347
20,noMC | F-asym | z | Anchor,-0.23319481796253028,-0.16494955790986088
20,noMC | F-asym | z | ICP,-0.1290592216105002,-0.2186880116552354
20,noMC | F-riem | none | ENR,-0.0819947940664334,-0.44743410790369026
20,noMC | F-riem | none | SVR,-0.3534509163846735,-0.3231781025579141
20,noMC | F-riem | none | Anchor,-0.2960546060856606,-0.07749233123619124
20,noMC | F-riem | none | ICP,-0.09818495448435893,-0.27470641091615633
20,noMC | F-riem | z | ENR,-0.10909424626306863,-0.3247295485724747
20,noMC | F-riem | z | SVR,-0.2995031265163892,-0.32121404067712184
20,noMC | F-riem | z | Anchor,-0.9515749063102743,-0.29688246850356675
20,noMC | F-riem | z | ICP,-0.061856860392593305,-0.2671191210686805
20,noMC | F-riem | riem | ENR,-0.052706265493478455,-0.38096072625155913
20,noMC | F-riem | riem | SVR,-0.10900570161656797,-0.21414237307417
20,noMC | F-riem | riem | Anchor,-1.8566244650098898,-0.18546450028495265
20,noMC | F-riem | riem | ICP,-0.07010136690381708,-0.27145048868858385
20,MC | F-band | none | ENR,-0.08555620388439333,0.0408556610792023
20,MC | F-band | none | SVR,-0.35009958134180974,-0.23985647678639507
20,MC | F-band | none | Anchor,-0.2732333926800474,0.08674415104147472
20,MC | F-band | none | ICP,-0.06104800762586615,-0.2212479012895493
20,MC | F-band | z | ENR,-0.05013055205923833,0.1569503098611144
20,MC | F-band | z | SVR,-0.2216824424349526,-0.05827915168228269
20,MC | F-band | z | Anchor,-0.2476736845990295,0.07268186467911686
20,MC | F-band | z | ICP,-0.2008180757942677,-0.42310302447752063
20,MC | F-fooof-per | none | ENR,-0.08424317470156462,-0.4061340449731835
20,MC | F-fooof-per | none | SVR,-0.3356914912589275,-0.1590106952837081
20,MC | F-fooof-per | none | Anchor,-1.2887142466005357,-0.3214220917996905
20,MC | F-fooof-per | none | ICP,-0.08476297667383559,-0.1670739413191502
20,MC | F-fooof-per | z | ENR,-0.31708260019472134,-0.4263570215978939
20,MC | F-fooof-per | z | SVR,-0.34561650725823934,-0.2863197599165066
20,MC | F-fooof-per | z | Anchor,-0.3867139143535112,-0.4169327335165823
20,MC | F-fooof-per | z | ICP,-0.06293526888421974,-0.391020099311646
20,MC | F-rel | none | ENR,-0.08495410107013979,-0.10611438900951556
20,MC | F-rel | none | SVR,-0.15646802283747951,-0.11519615679448911
20,MC | F-rel | none | Anchor,-0.32023476927284245,-0.032805856370173615
20,MC | F-rel | none | ICP,-0.06293526888421974,-0.391020099311646
20,MC | F-rel | z | ENR,-0.11399069109812632,-0.3542102920613164
20,MC | F-rel | z | SVR,-0.22280532923999297,-0.31688735273956803
20,MC | F-rel | z | Anchor,-1.6021121795510296,-0.31332292993525057
20,MC | F-rel | z | ICP,-0.05210157785665448,-0.1465762620085237
20,MC | F-asym | none | ENR,-0.06293526888421974,-0.391020099311646
20,MC | F-asym | none | SVR,-0.40026117454698995,-0.4576705336814509
20,MC | F-asym | none | Anchor,-0.9842855856043835,-0.3489985956750944
20,MC | F-asym | none | ICP,-0.08800155943990329,-0.2161179153636775
20,MC | F-asym | z | ENR,-0.21350041018896926,-0.37747476611676956
20,MC | F-asym | z | SVR,-0.3054847312886413,-0.33283604064041006
20,MC | F-asym | z | Anchor,-0.695299438860324,-0.03598112719409361
20,MC | F-asym | z | ICP,-0.19742476755179084,0.026115027161304927
20,MC | F-riem | none | ENR,-0.15234804682094993,-0.35894870581536686
20,MC | F-riem | none | SVR,-0.3542166225223744,-0.3963500794943534
20,MC | F-riem | none | Anchor,-1.093868150614464,-0.02345175144286267
20,MC | F-riem | none | ICP,-0.09988449703711866,-0.3658180005355933
20,MC | F-riem | z | ENR,-0.06293526888421974,-0.39102009931164605
20,MC | F-riem | z | SVR,-0.3097783632986726,-0.21156692611829558
20,MC | F-riem | z | Anchor,-1.5178291347012434,-0.24462393725855314
20,MC | F-riem | z | ICP,-0.1861476867306202,-0.11255527497853793
20,MC | F-riem | riem | ENR,-0.2502581299699511,-0.35046387534250906
20,MC | F-riem | riem | SVR,-0.18672373982275636,-0.33044728761185527
20,MC | F-riem | riem | Anchor,-0.9342438158477302,-0.31170570090138316
20,MC | F-riem | riem | ICP,-0.08679054183682067,-0.40315064041486437
21,noMC | F-band | none | ENR,-0.1604463025835816,-0.27915918550093455
21,noMC | F-band | none | SVR,-0.2660311688342978,-0.2727580532346229
21,noMC | F-band | none | Anchor,-4.892961441283127,-0.3182858913381952
21,noMC | F-band | none | ICP,-0.11658683546076043,-0.12303230763825558
21,noMC | F-band | z | ENR,-0.36974480412893973,-0.25253405912566407
21,noMC | F-band | z | SVR,-0.36352073304425425,-0.18103212514528866
21,noMC | F-band | z | Anchor,-0.6622064829255776,0.13419933149829166
21,noMC | F-band | z | ICP,-0.055601734883415466,-0.2782216177783666
21,noMC | F-fooof-per | none | ENR,-0.0783358997573016,-0.31119538970047
21,noMC | F-fooof-per | none | SVR,-0.221968605082993,-0.260706826235561
21,noMC | F-fooof-per | none | Anchor,-0.17469254667262613,0.03993819021242526
21,noMC | F-fooof-per | none | ICP,-0.20000066977228914,-0.23793013609920938
21,noMC | F-fooof-per | z | ENR,-0.1580542682929511,-0.25810922262232494
21,noMC | F-fooof-per | z | SVR,-0.2332639726510537,-0.22563629326120166
21,noMC | F-fooof-per | z | Anchor,-3.840903039474912,-0.030510907318992392
21,noMC | F-fooof-per | z | ICP,-0.0424620664386508,-0.18306046608499635
21,noMC | F-rel | none | ENR,-0.20850640020692346,-0.2721338251601957
21,noMC | F-rel | none | SVR,-0.21654914632421285,-0.20174455229820548
21,noMC | F-rel | none | Anchor,-3.010003916441918,-0.3109955367869926
21,noMC | F-rel | none | ICP,-0.07440248634399005,-0.16085140983038226
21,noMC | F-rel | z | ENR,-0.13772908943641782,-0.0878429988328276
21,noMC | F-rel | z | SVR,-0.22281129690877366,-0.15835519851960747
21,noMC | F-rel | z | Anchor,-3.5077265602692913,-0.2506965404411304
21,noMC | F-rel | z | ICP,-0.1415355176556763,-0.11689817757532699
21,noMC | F-asym | none | ENR,-0.29036245276466577,-0.2652756790725426
21,noMC | F-asym | none | SVR,-0.269449624679615,-0.06681436895943568
21,noMC | F-asym | none | Anchor,-0.8071900118793007,-0.25206359818783053
21,noMC | F-asym | none | ICP,-0.036843955367951375,-0.2681950975816759
21,noMC | F-asym | z | ENR,-0.13847566100761788,-0.2694836699748584
21,noMC | F-asym | z | SVR,-0.24280087626989832,-0.2641909219311804
21,noMC | F-asym | z | Anchor,-0.659536216835134,0.05845352676024432
21,noMC | F-asym | z | ICP,-0.06096375554263367,-0.07165140761772223
21,noMC | F-riem | none | ENR,-0.036843955367951375,-0.2681950975816759
21,noMC | F-riem | none | SVR,-0.3699831590799163,-0.2577668146986801
21,noMC | F-riem | none | Anchor,-4.007606679051753,-0.24329588150474907
21,noMC | F-riem | none | ICP,-0.07638965770434569,-0.10528649413030013
21,noMC | F-riem | z | ENR,-0.8440342349607646,-0.1132073579723506
21,noMC | F-riem | z | SVR,-0.33737418803890007,-0.12043211239174823
21,noMC | F-riem | z | Anchor,-1.5904855545486343,-0.1475707355544814
21,noMC | F-riem | z | ICP,-0.06600944382224094,-0.10682680626284705
21,noMC | F-riem | riem | ENR,-0.6697412423588505,-0.02842672602894003
21,noMC | F-riem | riem | SVR,-0.39731000094360347,0.014343681047486623
21,noMC | F-riem | riem | Anchor,-5.329964199906581,-0.22994813494376956
21,noMC | F-riem | riem | ICP,-0.1032971634217863,-0.09356981936413214
21,MC | F-band | none | ENR,-0.07807162057953021,-0.28378919543713466
21,MC | F-band | none | SVR,-0.3578365543076065,-0.14600297862153944
21,MC | F-band | none | Anchor,-0.8237054373910968,-0.301277566093076
21,MC | F-band | none | ICP,-0.2631045356193822,-0.25950973478474343
21,MC | F-band | z | ENR,-0.19857983213992703,-0.29438046161762355
21,MC | F-band | z | SVR,-0.3125832473658592,-0.20562997714157102
21,MC | F-band | z | Anchor,-0.22079994544368886,0.07284263699509924
21,MC | F-band | z | ICP,-0.03469278251166452,0.002295462515636393
21,MC | F-fooof-per | none | ENR,-0.07258247208781943,-0.28252973334387255
21,MC | F-fooof-per | none | SVR,-0.522939528354327,-0.09973273264946514
21,MC | F-fooof-per | none | Anchor,-0.5557938604612824,-0.18834381547073992
21,MC | F-fooof-per | none | ICP,-0.15692128223987334,-0.21994417328881044
21,MC | F-fooof-per | z | ENR,-0.14788135985241202,-0.22776442513259787
21,MC | F-fooof-per | z | SVR,-0.3028671536246923,-0.24651896925516073
21,MC | F-fooof-per | z | Anchor,-0.44385524449006786,-0.2715865019844228
21,MC | F-fooof-per | z | ICP,-0.03847972211720796,-0.2703108967445288
21,MC | F-rel | none | ENR,-0.04638183884904312,-0.29433259819155244
21,MC | F-rel | none | SVR,-0.31089345304486304,-0.015428171600211427
21,MC | F-rel | none | Anchor,-1.353387290858783,-0.3409831614917981
21,MC | F-rel | none | ICP,-0.11885460655403124,-0.1397368973274555
21,MC | F-rel | z | ENR,-0.05961956055131057,-0.31110913928189404
21,MC | F-rel | z | SVR,-0.21947519172717578,-0.10231605546801899
21,MC | F-rel | z | Anchor,-3.2548091871125653,-0.2519876668853207
21,MC | F-rel | z | ICP,-0.03847972211720796,-0.2703108967445288
21,MC | F-asym | none | ENR,-0.14525672772473386,-0.20126887812812838
21,MC | F-asym | none | SVR,-0.3961284835238792,-0.27607068782302047
21,MC | F-asym | none | Anchor,-0.202827395336997,-0.2609738273491763
21,MC | F-asym | none | ICP,-0.15086489548026893,-0.24388484650318765
21,MC | F-asym | z | ENR,-0.03847972211720796,-0.2703108967445288
21,MC | F-asym | z | SVR,-0.21261371706735188,-0.2807539960983939
21,MC | F-asym | z | Anchor,-0.36014664808858954,-0.08029712660784574
21,MC | F-asym | z | ICP,-0.03847972211720796,-0.2703108967445288
21,MC | F-riem | none | ENR,-0.03847972211720818,-0.2703108967445289
21,MC | F-riem | none | SVR,-0.1544768404882224,-0.15639608699955698
21,MC | F-riem | none | Anchor,-0.2467111721671349,-0.04102352240413617
21,MC | F-riem | none | ICP,0.00439069404252046,0.09422035957394949
21,MC | F-riem | z | ENR,-0.4770593523555009,-0.07979616228198436
21,MC | F-riem | z | SVR,-0.3221598086449855,-0.025570419551172174
21,MC | F-riem | z | Anchor,-1.223865769440037,0.0025913248635784855
21,MC | F-riem | z | ICP,-0.028752848819552534,-0.024961358602621053
21,MC | F-riem | riem | ENR,-0.757600339691268,-0.08511136183684004
21,MC | F-riem | riem | SVR,-0.43001709809440936,-0.031683434402252936
21,MC | F-riem | riem | Anchor,-4.656004419956404,-0.20358063315980734
21,MC | F-riem | riem | ICP,-0.13587220248988396,-0.17553716153416754
22,noMC | F-band | none | ENR,-0.07823204272476758,-0.10979840168308626
22,noMC | F-band | none | SVR,-0.2462580629445994,0.018489947544783003
22,noMC | F-band | none | Anchor,-0.15292588171222787,-0.08086956480018966
22,noMC | F-band | none | ICP,-0.041955941459453694,-0.11746932173357581
22,noMC | F-band | z | ENR,-0.08398229995689732,-0.10727554420587666
22,noMC | F-band | z | SVR,-0.029129159775626468,0.12549185089629925
22,noMC | F-band | z | Anchor,-0.39055807841075496,0.10967987723999707
22,noMC | F-band | z | ICP,-0.041922871181957255,-0.24504722401736728
22,noMC | F-fooof-per | none | ENR,-0.12312027202499176,-0.2871883207298275
22,noMC | F-fooof-per | none | SVR,-0.1741459499508442,-0.10978085594646633
22,noMC | F-fooof-per | none | Anchor,-0.11263023503698766,0.09499141698373534
22,noMC | F-fooof-per | none | ICP,0.013867857828937402,0.1258656325855788
22,noMC | F-fooof-per | z | ENR,-3.339169802235123,0.07405259043409168
22,noMC | F-fooof-per | z | SVR,-0.1408068088156207,-0.16979479968896607
22,noMC | F-fooof-per | z | Anchor,-0.013130698745870584,0.08439658455229912
22,noMC | F-fooof-per | z | ICP,-0.031188953598084934,-0.17947364292184004
22,noMC | F-rel | none | ENR,-0.10457945940018343,-0.18819827787744955
22,noMC | F-rel | none | SVR,-0.1267998836663322,-0.030048710863679655
22,noMC | F-rel | none | Anchor,-0.43564819274843214,-0.1305662824214647
22,noMC | F-rel | none | ICP,-0.02909530399491045,-0.19032469483317835
22,noMC | F-rel | z | ENR,-0.11193952485481673,-0.11394554967507686
22,noMC | F-rel | z | SVR,-0.43174457988879644,-0.09915545333300442
22,noMC | F-rel | z | Anchor,-0.44584558412267206,-0.03380479806094585
22,noMC | F-rel | z | ICP,-0.06060568306419256,-0.20004652400080097
22,noMC | F-asym | none | ENR,-0.11214044174152127,-0.17950041799708125
22,noMC | F-asym | none | SVR,-0.13745989099391154,-0.09048143529813696
22,noMC | F-asym | none | Anchor,-0.18191584336347844,0.0031578337815980247
22,noMC | F-asym | none | ICP,-0.03908065154324469,-0.28138534443275537
22,noMC | F-asym | z | ENR,-0.21321943998829385,-0.19137149076121618
22,noMC | F-asym | z | SVR,-0.1462803193747857,-0.12174444066411734
22,noMC | F-asym | z | Anchor,-0.3793756789524243,-0.07048778586413496
22,noMC | F-asym | z | ICP,-0.17730629134488307,-0.14493775169617437
22,noMC | F-riem | none | ENR,-0.16129164968937193,-0.08445511917399263
22,noMC | F-riem | none | SVR,-0.15620395564848621,0.028034976176701365
22,noMC | F-riem | none | Anchor,-0.30912858922938136,-0.0777884484289998
22,noMC | F-riem | none | ICP,-0.11141356992039131,-0.10618018831810883
22,noMC | F-riem | z | ENR,-0.4474388112040788,-0.05484168638559163
22,noMC | F-riem | z | SVR,-0.17836541630424763,-0.019080192335456478
22,noMC | F-riem | z | Anchor,-0.46452467838750366,-0.005894218813038213
22,noMC | F-riem | z | ICP,-0.06631018440423375,-0.21285650113033938
22,noMC | F-riem | riem | ENR,-0.11545699459740733,-0.1084242614241088
22,noMC | F-riem | riem | SVR,-0.042090131541485,0.036631379669933795
22,noMC | F-riem | riem | Anchor,-0.2892760057986625,-0.0025974284736460206
22,noMC | F-riem | riem | ICP,-0.10383745873027372,-0.1121182388139553
22,MC | F-band | none | ENR,-0.15773528130259296,-0.061983855320061836
22,MC | F-band | none | SVR,-0.3326277207833317,-0.19053902175266854
22,MC | F-band | none | Anchor,-0.20109850891680758,-0.02047123919598438
22,MC | F-band | none | ICP,-0.0692573359059343,-0.14671107228173919
22,MC | F-band | z | ENR,-0.13041474830226973,-0.22387293773702904
22,MC | F-band | z | SVR,-0.5753200926162307,-0.22384014525428225
22,MC | F-band | z | Anchor,-0.38507094861478475,-0.03025867380696728
22,MC | F-band | z | ICP,-0.15314056424761557,-0.16935879190647962
22,MC | F-fooof-per | none | ENR,-0.15993657476606926,-0.3708559743976404
22,MC | F-fooof-per | none | SVR,-0.1001172044109655,-0.03797022618679337
22,MC | F-fooof-per | none | Anchor,-0.06894211216092594,0.08843072174881647
22,MC | F-fooof-per | none | ICP,-0.06964241826134177,-0.21038906090953158
22,MC | F-fooof-per | z | ENR,-0.11513936532443458,-0.20522091824152694
22,MC | F-fooof-per | z | SVR,-0.3578280299477683,-0.1350526690622207
22,MC | F-fooof-per | z | Anchor,-0.14777449495066142,0.08519621659278069
22,MC | F-fooof-per | z | ICP,-0.027426346726571627,0.07851706013327897
22,MC | F-rel | none | ENR,-0.10308175329473412,-0.06800438711989135
22,MC | F-rel | none | SVR,-0.13252594872325973,-0.02821567795538645
22,MC | F-rel | none | Anchor,-0.36171202824041226,-0.05297504006561802
22,MC | F-rel | none | ICP,-0.037890014070162126,-0.16450976060818942
22,MC | F-rel | z | ENR,-0.1541664290314897,-0.03387477666853993
22,MC | F-rel | z | SVR,-0.26979513702056157,-0.14758538882043346
22,MC | F-rel | z | Anchor,-0.3122612077385114,0.05244831463576933
22,MC | F-rel | z | ICP,-0.0808550921413953,-0.0660724380341883
22,MC | F-asym | none | ENR,-0.09162656516229117,-0.11384802792890227
22,MC | F-asym | none | SVR,-0.08620801631355768,-0.013724877849021726
22,MC | F-asym | none | Anchor,-0.07914943320733792,0.10528194331704659
22,MC | F-asym | none | ICP,-0.04319204610426475,-0.2872948474232139
22,MC | F-asym | z | ENR,-0.08374446477827169,-0.15094328005343477
22,MC | F-asym | z | SVR,-0.1471209594511773,-0.10092495881403386
22,MC | F-asym | z | Anchor,-0.1963690054722409,-0.017307363127254415
22,MC | F-asym | z | ICP,-0.15713823593178677,-0.2040540844905595
22,MC | F-riem | none | ENR,-0.07288189484078389,-0.0790729427255035
22,MC | F-riem | none | SVR,-0.29750347666570787,-0.06108006556363804
22,MC | F-riem | none | Anchor,-0.9019104057199192,0.04725416117073975
22,MC | F-riem | none | ICP,-0.1375460715315222,-0.21847389615008872
22,MC | F-riem | z | ENR,-0.160196617216954,0.0534671156791953
22,MC | F-riem | z | SVR,-0.11873642396418038,-0.005188341148880123
22,MC | F-riem | z | Anchor,-0.12329339825905183,0.17658875238828117
22,MC | F-riem | z | ICP,-0.06853509110799338,0.07480774163388015
22,MC | F-riem | riem | ENR,-0.07276801883032857,0.10146832115791174
22,MC | F-riem | riem | SVR,-0.052232769447242644,0.04366407151851712
22,MC | F-riem | riem | Anchor,-0.21056576511143943,0.21026894281769987
22,MC | F-riem | riem | ICP,-0.06043216951145203,0.03773490052864831
23,noMC | F-band | none | ENR,-0.0587659395632012,-0.0014392611530832586
23,noMC | F-band | none | SVR,-0.09931067469440036,0.04081281158439956
23,noMC | F-band | none | Anchor,-0.18382761247070656,-0.08376735569828107
23,noMC | F-band | none | ICP,-0.12253744735876593,-0.1065186937203278
23,noMC | F-band | z | ENR,-0.06676643270641747,-0.029884917633861783
23,noMC | F-band | z | SVR,-0.07538797020817145,-0.05793408341569634
23,noMC | F-band | z | Anchor,-0.09619735646745431,-0.08512827099719983
23,noMC | F-band | z | ICP,-0.031172194765388683,-0.2130714769779783
23,noMC | F-fooof-per | none | ENR,-0.03916505679788851,-0.16175186636652508
23,noMC | F-fooof-per | none | SVR,-0.12251973619574441,-0.004854325025091283
23,noMC | F-fooof-per | none | Anchor,-0.0907566320625921,0.06950708084031754
23,noMC | F-fooof-per | none | ICP,-0.06271113949004858,-0.01861928370003986
23,noMC | F-fooof-per | z | ENR,-0.07207514191900954,-0.15765286796865324
23,noMC | F-fooof-per | z | SVR,-0.0822014255810517,-0.14605879673932895
23,noMC | F-fooof-per | z | Anchor,-0.09732958244530665,0.05532126809051394
23,noMC | F-fooof-per | z | ICP,-0.028941097069539623,-0.15867729243185213
23,noMC | F-rel | none | ENR,-0.03605525258646569,-0.17636362672183611
23,noMC | F-rel | none | SVR,-0.09268064222095962,-0.004662170102980222
23,noMC | F-rel | none | Anchor,-0.1842905530530181,-0.14399946459448537
23,noMC | F-rel | none | ICP,-0.031172194765388683,-0.2130714769779783
23,noMC | F-rel | z | ENR,-0.0969124590934416,-0.12328526822785901
23,noMC | F-rel | z | SVR,-0.039651501947389534,0.001590527816295824
23,noMC | F-rel | z | Anchor,-5.552188915269944,-0.14129389138489795
23,noMC | F-rel | z | ICP,-0.3967185989659219,-0.18528138245783246
23,noMC | F-asym | none | ENR,-0.0640318885110116,-0.2685240575200596
23,noMC | F-asym | none | SVR,-0.11092521123081234,-0.18978323792447374
23,noMC | F-asym | none | Anchor,-0.16054006900623574,-0.13333854949182566
23,noMC | F-asym | none | ICP,-0.05001682775172567,-0.1029749990587409
23,noMC | F-asym | z | ENR,-0.06872272836922044,-0.17055637141387592
23,noMC | F-asym | z | SVR,-0.10299107761433635,-0.15329680089825032
23,noMC | F-asym | z | Anchor,-0.2826234629067017,-0.10543511167886108
23,noMC | F-asym | z | ICP,-0.05976453890571398,0.04151535874148393
23,noMC | F-riem | none | ENR,-0.11401401150655865,-0.10196328400259747
23,noMC | F-riem | none | SVR,-0.1367256625683131,-0.11534759384930807
23,noMC | F-riem | none | Anchor,-0.2974435317845796,-0.0402308109328274
23,noMC | F-riem | none | ICP,-0.18959887059827696,-0.12109380583587787
23,noMC | F-riem | z | ENR,-0.03973038671851015,0.05583784045304447
23,noMC | F-riem | z | SVR,-0.09761685366189199,-0.0359239833466209
23,noMC | F-riem | z | Anchor,-0.5184077368525994,0.012592976695525344
23,noMC | F-riem | z | ICP,-0.05116323901940567,-0.11817035870607186
23,noMC | F-riem | riem | ENR,-0.08594808071928606,-0.09762407198308554
23,noMC | F-riem | riem | SVR,-0.0517769747717296,-0.011427213059377175
23,noMC | F-riem | riem | Anchor,-0.327079432929829,-0.07005698805304124
23,noMC | F-riem | riem | ICP,-0.0907126382732999,-0.10982534725848377
23,MC | F-band | none | ENR,-0.0525642824600705,-0.016462690159440324
23,MC | F-band | none | SVR,-0.10777647664292034,0.020309461038133365
23,MC | F-band | none | Anchor,-0.21566283104510187,-0.09164590081805479
23,MC | F-band | none | ICP,-0.04629322718869111,-0.16297531508784938
23,MC | F-band | z | ENR,-0.035452577968360766,-0.08670331613688173
23,MC | F-band | z | SVR,-0.10932878582873351,-0.07615039437327176
23,MC | F-band | z | Anchor,-0.04911626408664138,0.037049750307687535
23,MC | F-band | z | ICP,-0.05653213886616926,-0.1932899132267855
23,MC | F-fooof-per | none | ENR,-0.0296959439810629,-0.20706713826078207
23,MC | F-fooof-per | none | SVR,-0.12056423252954107,-0.046224751434926596
23,MC | F-fooof-per | none | Anchor,-0.18541346588206897,0.009473421632599621
23,MC | F-fooof-per | none | ICP,-0.0475362861650197,0.040045368163451056
23,MC | F-fooof-per | z | ENR,-0.017756238125629542,-0.0384828995897149
23,MC | F-fooof-per | z | SVR,-0.11377057671628554,-0.05745047543146818
23,MC | F-fooof-per | z | Anchor,-0.48571896663355063,0.045817289388131996
23,MC | F-fooof-per | z | ICP,-0.06045771916941156,0.05975479916737947
23,MC | F-rel | none | ENR,-0.02947466700434065,-0.059414402362186994
23,MC | F-rel | none | SVR,-0.07182735724368272,0.028902925819635113
23,MC | F-rel | none | Anchor,-0.1319303142248418,-0.1662743545720764
23,MC | F-rel | none | ICP,-0.051442456171497675,-0.19557509028094466
23,MC | F-rel | z | ENR,0.013769956055370014,0.13967649626001793
23,MC | F-rel | z | SVR,-0.0362092524248292,0.061572439347700916
23,MC | F-rel | z | Anchor,-0.46882016355131007,0.05348215904637082
23,MC | F-rel | z | ICP,-0.012878306475570866,0.045641359580597174
23,MC | F-asym | none | ENR,-0.06459386306397796,-0.2728842859769779
23,MC | F-asym | none | SVR,-0.09088122998469528,-0.17553610226470576
23,MC | F-asym | none | Anchor,-0.15666523513896857,-0.1348868502165909
23,MC | F-asym | none | ICP,-0.1744850813195835,-0.2808719895547814
23,MC | F-asym | z | ENR,-0.06367439001499897,-0.1734778592607877
23,MC | F-asym | z | SVR,-0.03715458160842511,-0.046173173509502397
23,MC | F-asym | z | Anchor,-0.22716387582203734,-0.12484544776368552
23,MC | F-asym | z | ICP,-0.048098312389213804,-0.23778532109902945
23,MC | F-riem | none | ENR,-0.07764357680375356,-0.14565484433611672
23,MC | F-riem | none | SVR,-0.18729318246558035,-0.09916152779930922
23,MC | F-riem | none | Anchor,-0.40498921535672827,-0.19181597460696442
23,MC | F-riem | none | ICP,-0.2541801602970408,-0.1390798582135433
23,MC | F-riem | z | ENR,-0.07096921706365555,-0.10799160209447066
23,MC | F-riem | z | SVR,-0.12942293366386126,-0.13255512936659125
23,MC | F-riem | z | Anchor,-1.093786902096852,-0.24281317133726518
23,MC | F-riem | z | ICP,-0.03872089967777459,-0.07642092002209419
23,MC | F-riem | riem | ENR,-0.07468874965955097,-0.16631131384121356
23,MC | F-riem | riem | SVR,-0.09122662980874008,0.0049754520834597435
23,MC | F-riem | riem | Anchor,-0.12196989392554713,0.030751833818864798
23,MC | F-riem | riem | ICP,-0.018625450931908594,-0.06560869119223889
24,noMC | F-band | none | ENR,-0.2126296879052869,-0.3231151202792582
24,noMC | F-band | none | SVR,-0.527620511172394,-0.32801219699746537
24,noMC | F-band | none | Anchor,-0.6103196058975857,-0.17796597501865224
24,noMC | F-band | none | ICP,-0.034512150551682774,-0.2098282399666614
24,noMC | F-band | z | ENR,-0.04000565761606123,-0.019925050685647323
24,noMC | F-band | z | SVR,-0.06677699881320875,0.08401504070580419
24,noMC | F-band | z | Anchor,-4.948666002561797,0.18014894659468966
24,noMC | F-band | z | ICP,-0.044938272377997635,-0.34026236225712914
24,noMC | F-fooof-per | none | ENR,-0.14322414185728793,-0.45715643298411407
24,noMC | F-fooof-per | none | SVR,-0.32938782198897787,-0.28906951073630016
24,noMC | F-fooof-per | none | Anchor,-1.0558420300335642,-0.07393654910526572
24,noMC | F-fooof-per | none | ICP,-0.16303538398027495,-0.430430492596001
24,noMC | F-fooof-per | z | ENR,-0.2253377203454412,-0.1337506046401472
24,noMC | F-fooof-per | z | SVR,-0.19354794671962705,-0.16734532586247147
24,noMC | F-fooof-per | z | Anchor,-0.837101738352585,-0.2623942731218398
24,noMC | F-fooof-per | z | ICP,-0.06866701832002087,-0.18708135108854396
24,noMC | F-rel | none | ENR,-0.21721792976065735,-0.15450017432674945
24,noMC | F-rel | none | SVR,-0.07724577120620868,0.03168278721613179
24,noMC | F-rel | none | Anchor,-0.6396148754323936,-0.25223557149724074
24,noMC | F-rel | none | ICP,-0.044938272377997635,-0.34026236225712914
24,noMC | F-rel | z | ENR,-0.41503322590440916,-0.30876400980007845
24,noMC | F-rel | z | SVR,-0.30747644431181564,-0.24530313910030566
24,noMC | F-rel | z | Anchor,-2.5190246138342194,-0.22313420989271382
24,noMC | F-rel | z | ICP,-0.044938272377997635,-0.34026236225712914
24,noMC | F-asym | none | ENR,-0.044938272377997635,-0.34026236225712925
24,noMC | F-asym | none | SVR,-0.38857713327483623,-0.40272829672884936
24,noMC | F-asym | none | Anchor,-1.0253669605487095,-0.34184317678741577
24,noMC | F-asym | none | ICP,-0.044938272377997635,-0.34026236225712914
24,noMC | F-asym | z | ENR,-0.04538784968475329,-0.3366566979453395
24,noMC | F-asym | z | SVR,-0.35065522953442296,-0.39964694713099885
24,noMC | F-asym | z | Anchor,-0.1978117489950677,-0.055212216249658094
24,noMC | F-asym | z | ICP,-0.10593838499623032,-0.06857615650926539
24,noMC | F-riem | none | ENR,-0.044938272377997635,-0.34026236225712925
24,noMC | F-riem | none | SVR,-0.13148281785099325,-0.1589026774043976
24,noMC | F-riem | none | Anchor,-0.36041608781260526,-0.20185282382517125
24,noMC | F-riem | none | ICP,-0.059311664043210754,-0.13591918387046092
24,noMC | F-riem | z | ENR,-0.30000311648405353,-0.1478538924124388
24,noMC | F-riem | z | SVR,-0.388912658585318,-0.09902477591939161
24,noMC | F-riem | z | Anchor,-1.1214168395131567,-0.21490734306432993
24,noMC | F-riem | z | ICP,-0.05286134808862597,-0.1774223349169134
24,noMC | F-riem | riem | ENR,-0.06357801494699378,-0.3469763129972089
24,noMC | F-riem | riem | SVR,-0.5293707845789997,-0.11609168661232368
24,noMC | F-riem | riem | Anchor,-1.0599157427550532,-0.12646030044111584
24,noMC | F-riem | riem | ICP,-0.045940163432115044,-0.33215847537116466
24,MC | F-band | none | ENR,-0.4519590561492395,-0.34371656716556087
24,MC | F-band | none | SVR,-0.7013030339916213,-0.3367974746457061
24,MC | F-band | none | Anchor,-1.084288616461516,-0.27808501886778764
24,MC | F-band | none | ICP,-0.14244378994691864,-0.2700104263553262
24,MC | F-band | z | ENR,-0.2391442910321777,-0.15272370396594376
24,MC | F-band | z | SVR,-0.28714624678224543,-0.19544609991453837
24,MC | F-band | z | Anchor,-0.3886706219995639,-0.23163884620937392
24,MC | F-band | z | ICP,-0.03168838202054869,-0.08177789743468677
24,MC | F-fooof-per | none | ENR,-0.12031656257109669,-0.5019996394998787
24,MC | F-fooof-per | none | SVR,-0.3245398869504348,-0.2839295621957064
24,MC | F-fooof-per | none | Anchor,-0.5167933113761574,-0.22882345026291642
24,MC | F-fooof-per | none | ICP,-0.044207093286801724,-0.29883194858693973
24,MC | F-fooof-per | z | ENR,-0.20366539533213768,-0.2823059520566107
24,MC | F-fooof-per | z | SVR,-0.46388328367668197,-0.33670882625654885
24,MC | F-fooof-per | z | Anchor,-0.38702345321843423,-0.427623452997017
24,MC | F-fooof-per | z | ICP,-0.04549081215553996,-0.33510126907079096
24,MC | F-rel | none | ENR,-0.058187703973961113,-0.2639032684581829
24,MC | F-rel | none | SVR,-0.21783342628014712,-0.17861615718815044
24,MC | F-rel | none | Anchor,-1.0599587364018959,-0.3638315599281856
24,MC | F-rel | none | ICP,-0.01503451976794401,0.02182278760657244
24,MC | F-rel | z | ENR,-0.33244959598566215,-0.4286034473668959
24,MC | F-rel | z | SVR,-0.20683410226877985,-0.1939994903638652
24,MC | F-rel | z | Anchor,-2.680519021879257,-0.3729304663545126
24,MC | F-rel | z | ICP,-0.011222676377589336,0.024074133427653632
24,MC | F-asym | none | ENR,-0.04549081215553996,-0.33510126907079096
24,MC | F-asym | none | SVR,-0.3791263619258709,-0.4861942890957934
24,MC | F-asym | none | Anchor,-0.228279355801976,-0.45503692043684446
24,MC | F-asym | none | ICP,-0.09408386701970084,-0.27701085254636654
24,MC | F-asym | z | ENR,-0.04549081215553996,-0.33510126907079096
24,MC | F-asym | z | SVR,-0.5397567820668918,-0.4852885832338824
24,MC | F-asym | z | Anchor,-0.6582902206031311,-0.12289869187132905
24,MC | F-asym | z | ICP,-0.3213699049303713,-0.05431071804834893
24,MC | F-riem | none | ENR,-0.06838179833202829,-0.33043717285044416
24,MC | F-riem | none | SVR,-0.288483283086586,-0.2653848087389941
24,MC | F-riem | none | Anchor,-0.40021969552990844,-0.1316587985979939
24,MC | F-riem | none | ICP,-0.06056805664847542,-0.27349210349917996
24,MC | F-riem | z | ENR,-0.22681912464562837,-0.07501164042667517
24,MC | F-riem | z | SVR,-0.21407647964305543,-0.20904725304280466
24,MC | F-riem | z | Anchor,-1.0955211988709408,-0.06138873721319421
24,MC | F-riem | z | ICP,-0.06120317530178032,-0.21838354291665002
24,MC | F-riem | riem | ENR,-0.06577921152689581,-0.34103587579429206
24,MC | F-riem | riem | SVR,-0.3451138174794832,-0.2209905667388965
24,MC | F-riem | riem | Anchor,-1.26674119889526,-0.15030288567026598
24,MC | F-riem | riem | ICP,-0.04549081215553996,-0.33510126907079096
25,noMC | F-band | none | ENR,-0.001645311407956207,0.20396867855130887
25,noMC | F-band | none | SVR,-0.5762568219357931,-0.3195504399157362
25,noMC | F-band | none | Anchor,-0.21899395061316085,-0.038062813522931435
25,noMC | F-band | none | ICP,-0.059002764783236294,-0.3965018304453173
25,noMC | F-band | z | ENR,-0.11991111927324294,-0.22997137941168727
25,noMC | F-band | z | SVR,-0.39329983500798393,-0.2958873148468043
25,noMC | F-band | z | Anchor,-0.39162972968072274,-0.18681718068138337
25,noMC | F-band | z | ICP,-0.059002764783236294,-0.3965018304453173
25,noMC | F-fooof-per | none | ENR,-0.1775649128569683,-0.2850810262736604
25,noMC | F-fooof-per | none | SVR,-0.20790148516688567,-0.20472373422704743
25,noMC | F-fooof-per | none | Anchor,-0.3651170203480185,0.13997366679540224
25,noMC | F-fooof-per | none | ICP,-0.17870468796673844,-0.46224390214178906
25,noMC | F-fooof-per | z | ENR,-0.9736337289086785,-0.338453447979282
25,noMC | F-fooof-per | z | SVR,-0.2140311998951192,-0.1624438350595954
25,noMC | F-fooof-per | z | Anchor,-1.0462852584386746,-0.2175687803861696
25,noMC | F-fooof-per | z | ICP,-0.10362565219069708,-0.047225837548688525
25,noMC | F-rel | none | ENR,-0.09881486561730024,0.08132347642807186
25,noMC | F-rel | none | SVR,-0.09209949036696141,0.0027711420061860073
25,noMC | F-rel | none | Anchor,-0.22501981505411672,-0.022776873857383282
25,noMC | F-rel | none | ICP,-0.04074468980294976,-0.09273543088132122
25,noMC | F-rel | z | ENR,-0.24453275654696904,-0.3310281699435082
25,noMC | F-rel | z | SVR,-0.21494116869543856,-0.36130177225509863
25,noMC | F-rel | z | Anchor,-1.5431785277751922,-0.1345193693520866
25,noMC | F-rel | z | ICP,-0.11040518139067257,-0.08128357950014728
25,noMC | F-asym | none | ENR,-0.19331354995421157,-0.4248853349626696
25,noMC | F-asym | none | SVR,-0.48905066503349337,-0.18856839550760712
25,noMC | F-asym | none | Anchor,-0.3013388978668192,-0.4132936175157772
25,noMC | F-asym | none | ICP,-0.059002764783236294,-0.3965018304453173
25,noMC | F-asym | z | ENR,-0.24865658150017556,-0.3598592753710479
25,noMC | F-asym | z | SVR,-0.05799729462939185,0.0933833590239678
25,noMC | F-asym | z | Anchor,-0.8304890553120037,-0.11456849662334388
25,noMC | F-asym | z | ICP,-0.081281636320089,-0.13898006342815056
25,noMC | F-riem | none | ENR,-0.4669347433618638,-0.2563986516461046
25,noMC | F-riem | none | SVR,-0.36920229048495345,-0.1372954354828297
25,noMC | F-riem | none | Anchor,-0.39326786749319287,-0.157962528313758
25,noMC | F-riem | none | ICP,-0.08013725554392415,-0.4117023393458471
25,noMC | F-riem | z | ENR,-0.09612564295535231,-0.30478776286878884
25,noMC | F-riem | z | SVR,-0.20838481689728394,-0.27421077115330095
25,noMC | F-riem | z | Anchor,-4.2009190935585945,-0.2833683792079505
25,noMC | F-riem | z | ICP,-0.09377112977517288,-0.33436636000786546
25,noMC | F-riem | riem | ENR,-0.13893357028802078,-0.2561320882909707
25,noMC | F-riem | riem | SVR,-0.06025591472751146,-0.031812604958478916
25,noMC | F-riem | riem | Anchor,-0.8647269097479666,-0.12051576136275216
25,noMC | F-riem | riem | ICP,-0.07694391811917733,-0.38686055546303466
25,MC | F-band | none | ENR,-0.06039852910117127,0.07146707424909066
25,MC | F-band | none | SVR,-0.05793814689792187,0.10481587493108631
25,MC | F-band | none | Anchor,-0.24285995167917496,-0.006298676430104511
25,MC | F-band | none | ICP,-0.13079638613832922,-0.4780662148477987
25,MC | F-band | z | ENR,-0.1642385307170806,-0.10005790433454229
25,MC | F-band | z | SVR,-0.3662600255846673,-0.205913074025372
25,MC | F-band | z | Anchor,-0.6540695382335846,-0.21986046262448872
25,MC | F-band | z | ICP,-0.08531768353740565,-0.13573776726288933
25,MC | F-fooof-per | none | ENR,-0.22022828264918903,-0.3833486711912387
25,MC | F-fooof-per | none | SVR,-0.21334112674207617,-0.20587873135530577
25,MC | F-fooof-per | none | Anchor,-0.26346832931433894,0.046126118888454
25,MC | F-fooof-per | none | ICP,-0.09516496333589397,-0.2706788086497494
25,MC | F-fooof-per | z | ENR,-0.4788250431265353,-0.4200111641505436
25,MC | F-fooof-per | z | SVR,-0.41130292469758056,-0.3312821659259655
25,MC | F-fooof-per | z | Anchor,-0.9029862084045961,-0.35113764021874416
25,MC | F-fooof-per | z | ICP,-0.06170352773493315,-0.4024554265810864
25,MC | F-rel | none | ENR,-0.1744563997608759,-0.17097717410508628
25,MC | F-rel | none | SVR,-0.07272680266411302,0.05548591003907413
25,MC | F-rel | none | Anchor,-0.18433039312542654,-0.05187297148219029
25,MC | F-rel | none | ICP,-0.06170352773493315,-0.4024554265810864
25,MC | F-rel | z | ENR,-0.17650256014879817,-0.30722293531998923
25,MC | F-rel | z | SVR,-0.1563990765438399,-0.23597304822284837
25,MC | F-rel | z | Anchor,-1.1443262733382875,-0.09496192143601817
25,MC | F-rel | z | ICP,-0.07072527084315494,-0.3409062600965477
25,MC | F-asym | none | ENR,-0.06170352773493315,-0.4024554265810864
25,MC | F-asym | none | SVR,-0.14125555592310168,0.11023249084600163
25,MC | F-asym | none | Anchor,-0.31652599806474924,-0.41623050028995145
25,MC | F-asym | none | ICP,-0.06170352773493315,-0.4024554265810864
25,MC | F-asym | z | ENR,-0.06170352773493315,-0.4024554265810866
25,MC | F-asym | z | SVR,0.01929133090259616,0.21580417139217195
25,MC | F-asym | z | Anchor,-1.222733210286557,-0.2508822764156869
25,MC | F-asym | z | ICP,-0.3379841963723289,-0.09876125682491509
25,MC | F-riem | none | ENR,-0.11696655384753218,-0.32300345545757625
25,MC | F-riem | none | SVR,-0.28886792413901663,-0.2339934124720737
25,MC | F-riem | none | Anchor,-1.5950770390548739,-0.25548999288744156
25,MC | F-riem | none | ICP,-0.0487605065456429,-0.24481976278402548
25,MC | F-riem | z | ENR,-0.11870333310248138,-0.31056801785626775
25,MC | F-riem | z | SVR,-0.21948982826532304,-0.18745647443022215
25,MC | F-riem | z | Anchor,-3.727219251496547,-0.2243834790753454
25,MC | F-riem | z | ICP,-0.10323497410917493,-0.24657497337506631
25,MC | F-riem | riem | ENR,-0.1248855049780333,-0.28676073510097383
25,MC | F-riem | riem | SVR,-0.10409356841374473,-0.196547230226571
25,MC | F-riem | riem | Anchor,-1.0351129243165986,-0.17722070380076704
25,MC | F-riem | riem | ICP,-0.11288222746441834,-0.35277763285679353
26,noMC | F-band | none | ENR,-0.13974988540242506,-0.2810044913093115
26,noMC | F-band | none | SVR,-0.31375417085445134,-0.2765453796992383
26,noMC | F-band | none | Anchor,-0.7122647937298141,-0.41692859321541104
26,noMC | F-band | none | ICP,-0.10708946353435222,-0.147504403130919
26,noMC | F-band | z | ENR,-0.10247379004602353,-0.5089228861760196
26,noMC | F-band | z | SVR,-0.4261366660889665,-0.04261955060587653
26,noMC | F-band | z | Anchor,-0.4078285991607351,-0.19830415487140798
26,noMC | F-band | z | ICP,-0.0296177208350743,-0.16789037893892933
26,noMC | F-fooof-per | none | ENR,-0.16722408020451796,-0.41433390094094313
26,noMC | F-fooof-per | none | SVR,-0.2996603409571792,-0.20068160034671384
26,noMC | F-fooof-per | none | Anchor,-0.18304142777402932,0.057199832921209184
26,noMC | F-fooof-per | none | ICP,-0.17556749519198056,-0.2934811219408897
26,noMC | F-fooof-per | z | ENR,-0.09628508233507471,-0.3257631053632224
26,noMC | F-fooof-per | z | SVR,-0.5641165148998435,-0.1586389530316107
26,noMC | F-fooof-per | z | Anchor,-4.603061042844439,0.005213245611479549
26,noMC | F-fooof-per | z | ICP,-0.043226385597743944,-0.16396808922148726
26,noMC | F-rel | none | ENR,-0.04510814448510181,-0.3393521533112296
26,noMC | F-rel | none | SVR,-0.1775573137344295,-0.1458775539223855
26,noMC | F-rel | none | Anchor,-1.6098342536368309,-0.32115071584939836
26,noMC | F-rel | none | ICP,-0.06436704736982257,-0.11077588446374811
26,noMC | F-rel | z | ENR,-0.20402114341905686,-0.36112046013862814
26,noMC | F-rel | z | SVR,-0.5838050769788588,-0.21559862054843965
26,noMC | F-rel | z | Anchor,-1.152673349265958,-0.0089098604496992
26,noMC | F-rel | z | ICP,-0.07873015684650397,-0.3287174470199552
26,noMC | F-asym | none | ENR,-0.21215977485853088,-0.34721860708313124
26,noMC | F-asym | none | SVR,-0.24913488362324632,-0.10412750103925505
26,noMC | F-asym | none | Anchor,-0.2643307236988608,-0.4506131818898842
26,noMC | F-asym | none | ICP,-0.04510814448510181,-0.33935215331122964
26,noMC | F-asym | z | ENR,-0.09857678067727838,-0.2621376079741239
26,noMC | F-asym | z | SVR,-0.2687941283504245,-0.3073022355641923
26,noMC | F-asym | z | Anchor,-0.04158345136690711,0.18696793314766175
26,noMC | F-asym | z | ICP,-0.08008369289354667,-0.05806534180400427
26,noMC | F-riem | none | ENR,-0.04510814448510181,-0.3393521533112297
26,noMC | F-riem | none | SVR,-0.2828998520963708,-0.23428654345450795
26,noMC | F-riem | none | Anchor,-2.6768275884646062,-0.23194673800407137
26,noMC | F-riem | none | ICP,-0.10729424822529832,-0.28086952322803693
26,noMC | F-riem | z | ENR,-0.16159740987012872,-0.05198927815107794
26,noMC | F-riem | z | SVR,-0.37195638561739797,-0.10605294314990224
26,noMC | F-riem | z | Anchor,-0.999957311369849,-0.19705240808533842
26,noMC | F-riem | z | ICP,-0.05455233785108482,-0.24783838696181232
26,noMC | F-riem | riem | ENR,-0.08983847701960479,-0.12030718527577057
26,noMC | F-riem | riem | SVR,-0.1867460936160592,-0.05497047180297026
26,noMC | F-riem | riem | Anchor,-0.7436784787996285,-0.09365130665421093
26,noMC | F-riem | riem | ICP,-0.046282110834144685,-0.24416966598029372
26,MC | F-band | none | ENR,-0.2566044214580434,-0.26019881194238437
26,MC | F-band | none | SVR,-1.038898662466322,-0.36895430001128965
26,MC | F-band | none | Anchor,-1.7080791482925668,-0.30602437639017305
26,MC | F-band | none | ICP,-0.07805381889988894,-0.08382440068496808
26,MC | F-band | z | ENR,-0.2355087096284738,-0.017982619344488658
26,MC | F-band | z | SVR,-0.2918794529529478,0.007748677349881966
26,MC | F-band | z | Anchor,-0.2512931698323966,-0.12051382421067687
26,MC | F-band | z | ICP,-0.12441604527651617,-0.21432541053436327
26,MC | F-fooof-per | none | ENR,-0.17268801300241132,-0.42854876530219876
26,MC | F-fooof-per | none | SVR,-0.31656979946726627,-0.2361854166875432
26,MC | F-fooof-per | none | Anchor,-0.5104039970952072,-0.1832834546157881
26,MC | F-fooof-per | none | ICP,-0.27725044106464125,-0.2513658608286086
26,MC | F-fooof-per | z | ENR,-0.2565504896417765,-0.4043709259811902
26,MC | F-fooof-per | z | SVR,-0.33692047429589134,-0.32076969706866404
26,MC | F-fooof-per | z | Anchor,-0.24985536592097368,-0.4224784432369369
26,MC | F-fooof-per | z | ICP,-0.11487481380408937,-0.31992546987474474
26,MC | F-rel | none | ENR,-0.041374555071573615,-0.25430221382757656
26,MC | F-rel | none | SVR,-0.1864197942069834,-0.14740866968930394
26,MC | F-rel | none | Anchor,-1.0531236670709405,-0.3386602889959186
26,MC | F-rel | none | ICP,-0.11402517467885676,-0.059169448468076466
26,MC | F-rel | z | ENR,-0.237058500930438,-0.39753901364254546
26,MC | F-rel | z | SVR,-0.17511123787511162,-0.12749288319989188
26,MC | F-rel | z | Anchor,-0.3757072121506113,-0.47899356747048627
26,MC | F-rel | z | ICP,-0.09546575820940562,-0.05643407209798475
26,MC | F-asym | none | ENR,-0.2115601184779723,-0.2540412516536768
26,MC | F-asym | none | SVR,-0.3234708902040224,-0.422284331071407
26,MC | F-asym | none | Anchor,-0.2321042368614208,-0.3674854254819516
26,MC | F-asym | none | ICP,-0.047522044798755214,-0.34326428971367384
26,MC | F-asym | z | ENR,-0.1735401780521486,-0.13377673071951124
26,MC | F-asym | z | SVR,-0.321053523783009,-0.36146940013541706
26,MC | F-asym | z | Anchor,-0.417414083666954,-0.11330698907277349
26,MC | F-asym | z | ICP,-0.047522044798755214,-0.34326428971367384
26,MC | F-riem | none | ENR,-0.06955392010364614,-0.29921895665646703
26,MC | F-riem | none | SVR,-0.31954204344452664,-0.3404634656944307
26,MC | F-riem | none | Anchor,-0.5789460515882732,-0.21532581459372588
26,MC | F-riem | none | ICP,-0.20891795231169574,-0.28393568552106796
26,MC | F-riem | z | ENR,-0.4897091845736987,-0.12586442135718592
26,MC | F-riem | z | SVR,-0.32511755696602584,-0.1347699906040566
26,MC | F-riem | z | Anchor,-1.1826468594469275,-0.18146540809510864
26,MC | F-riem | z | ICP,-0.46228441563769085,-0.12245344048668765
26,MC | F-riem | riem | ENR,-0.12186298092386938,-0.2226352790134436
26,MC | F-riem | riem | SVR,-0.14212453248975132,-0.18385103451182905
26,MC | F-riem | riem | Anchor,-2.1194284875931224,-0.2201532837394746
26,MC | F-riem | riem | ICP,-0.4189827734249256,-0.11461159423367985
27,noMC | F-band | none | ENR,-0.04531758939379582,-0.21248908849137688
27,noMC | F-band | none | SVR,-0.2080076501098549,-0.04082538993382477
27,noMC | F-band | none | Anchor,-2.824650569578868,-0.23004839224399704
27,noMC | F-band | none | ICP,-0.29596524292824533,-0.14534213072396823
27,noMC | F-band | z | ENR,-0.0802923050684603,-0.3104534362516921
27,noMC | F-band | z | SVR,-0.1049893219200706,-0.04757255963954424
27,noMC | F-band | z | Anchor,-3.0642197137748832,0.18613749963545323
27,noMC | F-band | z | ICP,-0.029706934798179763,-0.16666206097416544
27,noMC | F-fooof-per | none | ENR,-0.10856848991560164,-0.05005725989709344
27,noMC | F-fooof-per | none | SVR,-0.1144484527684062,-0.09662368839812113
27,noMC | F-fooof-per | none | Anchor,-0.15332929363019887,0.11375206427251937
27,noMC | F-fooof-per | none | ICP,-0.04682915430749435,-0.2580426777075979
27,noMC | F-fooof-per | z | ENR,-0.06086571916343941,-0.25642819155873864
27,noMC | F-fooof-per | z | SVR,-0.12133325852249977,-0.02640020089666531
27,noMC | F-fooof-per | z | Anchor,-0.6792713701823911,-0.23883285263448123
27,noMC | F-fooof-per | z | ICP,-0.021059374028242983,-0.0491187148490994
27,noMC | F-rel | none | ENR,-0.09087675358930358,-0.3288508609002735
27,noMC | F-rel | none | SVR,-0.09526113472935993,0.022600685085865362
27,noMC | F-rel | none | Anchor,-0.6141766445893331,-0.2840596963135731
27,noMC | F-rel | none | ICP,-0.03396954165843402,-0.23749725049228787
27,noMC | F-rel | z | ENR,-0.03980884387382799,-0.15324662889828067
27,noMC | F-rel | z | SVR,-0.1234350603756258,0.017446361762888773
27,noMC | F-rel | z | Anchor,-1.068980506408172,-0.10353748557670817
27,noMC | F-rel | z | ICP,-0.13765836396157005,-0.26498407862803697
27,noMC | F-asym | none | ENR,-0.4780740946837876,-0.18878273549117944
27,noMC | F-asym | none | SVR,-0.24070846641269616,-0.1603895037816669
27,noMC | F-asym | none | Anchor,-0.3526670904340208,-0.2711937597185253
27,noMC | F-asym | none | ICP,-0.03396954165843402,-0.23749725049228787
27,noMC | F-asym | z | ENR,-0.043082599083767104,-0.08628301232044083
27,noMC | F-asym | z | SVR,-0.13875970752564504,-0.2387239050888202
27,noMC | F-asym | z | Anchor,-0.07557352617966617,0.11545578928808244
27,noMC | F-asym | z | ICP,-0.030695309171632212,0.012285147072775573
27,noMC | F-riem | none | ENR,-0.0350521849550145,-0.16681489919166886
27,noMC | F-riem | none | SVR,-0.18505882960872122,0.01066331525980473
27,noMC | F-riem | none | Anchor,-1.4611392576855766,-0.09901887057257619
27,noMC | F-riem | none | ICP,-0.2758537233671272,-0.22610695374169393
27,noMC | F-riem | z | ENR,-0.23967654988129095,-0.024193222196990806
27,noMC | F-riem | z | SVR,-0.09438872780238228,-0.0030945057682315313
27,noMC | F-riem | z | Anchor,-0.7943917985563034,0.07007141603507663
27,noMC | F-riem | z | ICP,-0.05350741269692416,-0.16259169904373988
27,noMC | F-riem | riem | ENR,-0.03703935242626666,-0.24216039035248632
27,noMC | F-riem | riem | SVR,-0.1328748673395277,0.01340461408433194
27,noMC | F-riem | riem | Anchor,-2.5733443659338624,-0.0619811362948306
27,noMC | F-riem | riem | ICP,-0.05619545524915037,-0.17098527774881273
27,MC | F-band | none | ENR,-0.06310703663351114,-0.19191490504669775
27,MC | F-band | none | SVR,-0.6546907012281857,-0.19660402195178456
27,MC | F-band | none | Anchor,-0.5834951684026988,-0.2656337662486056
27,MC | F-band | none | ICP,-0.1549333844899905,-0.15684516340842525
27,MC | F-band | z | ENR,-0.17802293685825155,-0.05458311209914109
27,MC | F-band | z | SVR,-0.7464026469916827,-0.16643503477720775
27,MC | F-band | z | Anchor,-0.3059990622346347,0.07980759170790527
27,MC | F-band | z | ICP,-0.06418847202322553,-0.07606927007442492
27,MC | F-fooof-per | none | ENR,-0.08678291490288892,-0.27386764728884544
27,MC | F-fooof-per | none | SVR,-0.1280711524271445,-0.1033453070491725
27,MC | F-fooof-per | none | Anchor,-0.24153854140239273,-0.11361974953788402
27,MC | F-fooof-per | none | ICP,-0.15813291292223441,-0.2028842371215252
27,MC | F-fooof-per | z | ENR,-0.1290557444945415,-0.24896930214020618
27,MC | F-fooof-per | z | SVR,-0.2979681703989492,-0.18870547382722813
27,MC | F-fooof-per | z | Anchor,-0.14690237241036486,-0.3695533595520828
27,MC | F-fooof-per | z | ICP,-0.034181688936620436,-0.23803162761639002
27,MC | F-rel | none | ENR,-0.034181688936620436,-0.23803162761639013
27,MC | F-rel | none | SVR,-0.30432161286563253,-0.2544067147118341
27,MC | F-rel | none | Anchor,-0.7388332353830409,-0.2800300575804732
27,MC | F-rel | none | ICP,-0.18494401955434037,-0.15494050174197693
27,MC | F-rel | z | ENR,-0.04235437168528988,-0.22950392043791457
27,MC | F-rel | z | SVR,-0.4391825366489379,-0.2416327878241683
27,MC | F-rel | z | Anchor,-2.584387652736196,-0.18604973274210312
27,MC | F-rel | z | ICP,-0.10858761236999337,-0.301625004328065
27,MC | F-asym | none | ENR,-0.14821492520598012,-0.25943123461579143
27,MC | F-asym | none | SVR,-0.22496168110883086,-0.12924946916870278
27,MC | F-asym | none | Anchor,-0.20160186508324607,-0.3332470726921286
27,MC | F-asym | none | ICP,-0.24833160086959305,-0.13776688308992435
27,MC | F-asym | z | ENR,-0.12345992540839257,-0.18459197455104912
27,MC | F-asym | z | SVR,-0.21460769309955907,-0.2690251721079688
27,MC | F-asym | z | Anchor,-0.6389883079532168,-0.09505859901892416
27,MC | F-asym | z | ICP,-0.10993773014867592,-0.2581337427734053
27,MC | F-riem | none | ENR,-0.03472629005348171,-0.21421793909386572
27,MC | F-riem | none | SVR,-0.12768048638557983,-0.1446329847417484
27,MC | F-riem | none | Anchor,-1.5887260475280218,-0.20805335177045842
27,MC | F-riem | none | ICP,-0.07627419335122387,-0.15321480893350126
27,MC | F-riem | z | ENR,-0.3850006922125637,-0.06049684828008824
27,MC | F-riem | z | SVR,-0.20708579190696197,-0.10078097393698027
27,MC | F-riem | z | Anchor,-1.048738558241157,-2.4084227552428894e-05
27,MC | F-riem | z | ICP,-0.1976987597863753,0.0074136466948852425
27,MC | F-riem | riem | ENR,-0.03604488013330953,-0.18641229229592993
27,MC | F-riem | riem | SVR,-0.10920218546757066,-0.10128145760610506
27,MC | F-riem | riem | Anchor,-2.354574354164613,-0.044809553168320075
27,MC | F-riem | riem | ICP,-0.3491658340866972,-0.029883867108949354
28,noMC | F-band | none | ENR,-0.1171840616406461,-0.21817835050194312
28,noMC | F-band | none | SVR,-0.30379032557683217,0.0028479682006044924
28,noMC | F-band | none | Anchor,-1.895394321603157,-0.18766092461991463
28,noMC | F-band | none | ICP,-0.7562475919691325,-0.21730656579881086
28,noMC | F-band | z | ENR,-1.0035344828726993,-0.03294911207390626
28,noMC | F-band | z | SVR,-0.11029602655329018,-0.15742852625808298
28,noMC | F-band | z | Anchor,-1.3288031653597097,-0.03915169387243682
28,noMC | F-band | z | ICP,-0.05901206655890734,-0.10545887677016653
28,noMC | F-fooof-per | none | ENR,-0.06173720208678035,-0.27697446035844053
28,noMC | F-fooof-per | none | SVR,-0.151783514338804,-0.08698232312821072
28,noMC | F-fooof-per | none | Anchor,-0.5207240002691957,-0.13841349970848418
28,noMC | F-fooof-per | none | ICP,-0.18084571563093088,-0.24332426733034823
28,noMC | F-fooof-per | z | ENR,-0.05805551602806758,-0.24731977363741525
28,noMC | F-fooof-per | z | SVR,-0.21294623447529215,-0.16316840697692214
28,noMC | F-fooof-per | z | Anchor,-0.36498936166107177,-0.04521940126506031
28,noMC | F-fooof-per | z | ICP,-0.09961457475319846,-0.14181312019421533
28,noMC | F-rel | none | ENR,-0.09824742650104246,-0.27099500117434805
28,noMC | F-rel | none | SVR,-0.3001894930572089,-0.11632749228846175
28,noMC | F-rel | none | Anchor,-0.6753774887186814,-0.08737401519027278
28,noMC | F-rel | none | ICP,-0.28446983513955004,-0.26533335933256835
28,noMC | F-rel | z | ENR,-0.03379724643306292,-0.22325353523189773
28,noMC | F-rel | z | SVR,-0.20946541011396658,-0.19498635635090222
28,noMC | F-rel | z | Anchor,-2.3246025142227342,-0.14045052471641464
28,noMC | F-rel | z | ICP,-8.195837248596748,-0.08296358132948753
28,noMC | F-asym | none | ENR,-0.13702762701402604,-0.3320233095665881
28,noMC | F-asym | none | SVR,0.013719644525670427,0.2937674909334333
28,noMC | F-asym | none | Anchor,-0.15954487477672918,-0.30842116191676583
28,noMC | F-asym | none | ICP,-0.03379724643306292,-0.22325353523189773
28,noMC | F-asym | z | ENR,-0.2062929899631205,-0.22929181601552134
28,noMC | F-asym | z | SVR,-0.007666010244627319,0.1528846541310328
28,noMC | F-asym | z | Anchor,-0.30352244253887606,-0.10117121293088144
28,noMC | F-asym | z | ICP,-0.09661306670385605,0.013273506326989606
28,noMC | F-riem | none | ENR,-0.036368631157451814,-0.21807456584862256
28,noMC | F-riem | none | SVR,-0.21546264652791924,-0.11646194448977798
28,noMC | F-riem | none | Anchor,-1.0320307678005287,-0.1602643244428439
28,noMC | F-riem | none | ICP,-0.3156331446812066,-0.2475467523098075
28,noMC | F-riem | z | ENR,-0.03379724643306292,-0.22325353523189773
28,noMC | F-riem | z | SVR,-0.1523210279468441,-0.15775804738083676
28,noMC | F-riem | z | Anchor,-0.8355029974637709,-0.10950108461740428
28,noMC | F-riem | z | ICP,-0.28819191326765314,-0.15513342222720716
28,noMC | F-riem | riem | ENR,-0.03379724643306292,-0.22325353523189773
28,noMC | F-riem | riem | SVR,-0.09804862680882187,-0.2090831290232031
28,noMC | F-riem | riem | Anchor,-1.7251651056945096,-0.07210338379852785
28,noMC | F-riem | riem | ICP,-0.6085000035821724,-0.15718426896458765
28,MC | F-band | none | ENR,-0.07146933130741018,-0.3121748689690721
28,MC | F-band | none | SVR,-0.41703127033639764,-0.22544288695489023
28,MC | F-band | none | Anchor,-0.9065264994268856,-0.17996414015648354
28,MC | F-band | none | ICP,-0.27224453184911734,-0.29141680795971603
28,MC | F-band | z | ENR,-0.03868830699473258,-0.2287537624020761
28,MC | F-band | z | SVR,-0.28526441002539094,-0.20142225511251316
28,MC | F-band | z | Anchor,-0.22208110503951906,-0.20774037279343197
28,MC | F-band | z | ICP,-0.08612398913773167,-0.18357389963638987
28,MC | F-fooof-per | none | ENR,-0.06383340557059713,-0.2862774616636291
28,MC | F-fooof-per | none | SVR,-0.20740936843826296,-0.1660998221536538
28,MC | F-fooof-per | none | Anchor,-0.22918966983142441,-0.17722595952077927
28,MC | F-fooof-per | none | ICP,-0.19510185641132183,-0.19025116519978957
28,MC | F-fooof-per | z | ENR,-0.043458815601433054,-0.21695186614991857
28,MC | F-fooof-per | z | SVR,-0.3608996651902534,-0.22229574562574372
28,MC | F-fooof-per | z | Anchor,-0.14736180654937558,-0.25742983249079265
28,MC | F-fooof-per | z | ICP,-0.16525025921919134,-0.12880167021339042
28,MC | F-rel | none | ENR,-0.09636359763801683,-0.278873520040591
28,MC | F-rel | none | SVR,-0.3733220258681982,-0.29575016307623664
28,MC | F-rel | none | Anchor,-0.2667307382343973,-0.22126847067828453
28,MC | F-rel | none | ICP,-0.10053095611312002,-0.18197980183857862
28,MC | F-rel | z | ENR,-0.03868830699473258,-0.2287537624020761
28,MC | F-rel | z | SVR,-0.2462263328227643,-0.2899078737388001
28,MC | F-rel | z | Anchor,-0.37953361701889987,-0.3495875063411103
28,MC | F-rel | z | ICP,-0.1748785941735047,-0.389307481757163
28,MC | F-asym | none | ENR,-0.11350702984708105,-0.3694967468501651
28,MC | F-asym | none | SVR,0.0368397750383046,0.2886635378517028
28,MC | F-asym | none | Anchor,-0.17703321842029562,-0.11605676659385367
28,MC | F-asym | none | ICP,-0.03868830699473258,-0.2287537624020761
28,MC | F-asym | z | ENR,-0.07322822264821038,-0.32993851989881445
28,MC | F-asym | z | SVR,-0.002670842774930904,0.2276587850022641
28,MC | F-asym | z | Anchor,-0.2998475286273419,-0.1796911263903446
28,MC | F-asym | z | ICP,-0.12898028941839357,-0.34359199068386276
28,MC | F-riem | none | ENR,-0.05096617688644689,-0.20568732094177006
28,MC | F-riem | none | SVR,-0.7140594124749935,-0.20144158698537917
28,MC | F-riem | none | Anchor,-1.2617967445655829,-0.15034473362468592
28,MC | F-riem | none | ICP,-0.25276709618926385,-0.18442896928213978
28,MC | F-riem | z | ENR,-0.1957798655401657,-0.009199093417239838
28,MC | F-riem | z | SVR,-0.10894904290782415,-0.02148837068472961
28,MC | F-riem | z | Anchor,-1.0400207313448129,-0.060931262658413116
28,MC | F-riem | z | ICP,-0.35539222902871836,-0.12302667712802604
28,MC | F-riem | riem | ENR,-0.09508785318760848,-0.03127917484077401
28,MC | F-riem | riem | SVR,-0.1855326965851698,-0.25841097562827264
28,MC | F-riem | riem | Anchor,-3.70585070691455,-0.12268055650351625
28,MC | F-riem | riem | ICP,-0.03551192479676901,-0.21660358072412472
29,noMC | F-band | none | ENR,-0.0433100836900997,-0.3097085713846931
29,noMC | F-band | none | SVR,-0.2946887986010489,-0.283848863022615
29,noMC | F-band | none | Anchor,-0.49860635954455845,-0.3598531316955329
29,noMC | F-band | none | ICP,-0.06409852951484951,-0.11224358004199778
29,noMC | F-band | z | ENR,-0.24123667803972282,-0.2704147261806657
29,noMC | F-band | z | SVR,-0.10436722757144112,-0.0660967173888515
29,noMC | F-band | z | Anchor,-0.35837789229185946,0.12442221629435424
29,noMC | F-band | z | ICP,-0.0433100836900997,-0.3097085713846931
29,noMC | F-fooof-per | none | ENR,-0.07490154860043097,-0.2602305330254754
29,noMC | F-fooof-per | none | SVR,-0.20700186734831005,-0.23126466213408292
29,noMC | F-fooof-per | none | Anchor,-0.29322176287956214,-0.12643527790887224
29,noMC | F-fooof-per | none | ICP,-0.19603892403307488,-0.1832973098620847
29,noMC | F-fooof-per | z | ENR,-0.0433100836900997,-0.30970857138469304
29,noMC | F-fooof-per | z | SVR,-0.214950950899794,-0.22838353039716663
29,noMC | F-fooof-per | z | Anchor,-6.668138135837864,-0.3149004787980052
29,noMC | F-fooof-per | z | ICP,-0.0433100836900997,-0.3097085713846931
29,noMC | F-rel | none | ENR,-0.044527586485556325,-0.31844553564519357
29,noMC | F-rel | none | SVR,-0.5130225854779551,-0.23471911711467863
29,noMC | F-rel | none | Anchor,-0.5083757411229479,-0.3839055415256387
29,noMC | F-rel | none | ICP,-0.0433100836900997,-0.3097085713846931
29,noMC | F-rel | z | ENR,-0.0433100836900997,-0.3097085713846931
29,noMC | F-rel | z | SVR,-0.3075654643361614,-0.35164940284345697
29,noMC | F-rel | z | Anchor,-1.8864147279975079,-0.2369311771969106
29,noMC | F-rel | z | ICP,-0.234554852586095,-0.3695157531465531
29,noMC | F-asym | none | ENR,-0.0433100836900997,-0.309708571384693
29,noMC | F-asym | none | SVR,-0.38886070209918033,-0.3209339480127008
29,noMC | F-asym | none | Anchor,-0.27412007504232894,-0.474632389913369
29,noMC | F-asym | none | ICP,-0.12256139348946538,-0.25192089775445153
29,noMC | F-asym | z | ENR,-0.09586802780282722,-0.37935472568766077
29,noMC | F-asym | z | SVR,-0.08854406508437451,-0.03762164334977227
29,noMC | F-asym | z | Anchor,-0.1982956768627986,-0.08261031208925022
29,noMC | F-asym | z | ICP,-0.0627788744883695,0.033470259800308454
29,noMC | F-riem | none | ENR,-0.0433100836900997,-0.3097085713846931
29,noMC | F-riem | none | SVR,-0.3954686078194636,-0.3069664157331937
29,noMC | F-riem | none | Anchor,-0.23161270898862862,-0.28253143328955166
29,noMC | F-riem | none | ICP,-0.13285537784685086,-0.16229368564079782
29,noMC | F-riem | z | ENR,-0.05892866330301305,-0.2850402680991967
29,noMC | F-riem | z | SVR,-0.31925454891788085,-0.2493201999992452
29,noMC | F-riem | z | Anchor,-0.626616027283083,-0.10863281101977856
29,noMC | F-riem | z | ICP,-0.05088720712106953,-0.12915895193027396
29,noMC | F-riem | riem | ENR,-0.05027477658394486,-0.31587153985169797
29,noMC | F-riem | riem | SVR,-0.14459712736649677,-0.2421944330589969
29,noMC | F-riem | riem | Anchor,-0.8398842442814185,-0.08965690869957181
29,noMC | F-riem | riem | ICP,-0.12742495918609698,-0.21983682648921923
29,MC | F-band | none | ENR,-0.046499110681401,-0.313017860441964
29,MC | F-band | none | SVR,-0.33419564528098755,-0.2824749167205711
29,MC | F-band | none | Anchor,-0.4805156926442875,-0.34154688110418846
29,MC | F-band | none | ICP,-0.17530297109192605,-0.3359151919721404
29,MC | F-band | z | ENR,-0.32611656272731726,0.0909261044652258
29,MC | F-band | z | SVR,-0.13299842469680856,-0.15992182031806926
29,MC | F-band | z | Anchor,-0.30700793639515545,0.014435016690057336
29,MC | F-band | z | ICP,-0.0948466486984687,-0.12738024894172875
29,MC | F-fooof-per | none | ENR,-0.0602092326449013,-0.1724854278703415
29,MC | F-fooof-per | none | SVR,-0.26676422255388577,-0.20713311139744833
29,MC | F-fooof-per | none | Anchor,-0.22671398217887662,-0.1927085935821434
29,MC | F-fooof-per | none | ICP,-0.1154007625930844,-0.05994905692067892
29,MC | F-fooof-per | z | ENR,-0.20609017835762122,-0.2893490557747119
29,MC | F-fooof-per | z | SVR,-0.5989437864568898,-0.43214041591593877
29,MC | F-fooof-per | z | Anchor,-0.36143126504572143,-0.3381247756093443
29,MC | F-fooof-per | z | ICP,-0.034552915275662954,-0.23593457275494661
29,MC | F-rel | none | ENR,-0.04935987533757591,-0.3303358739433839
29,MC | F-rel | none | SVR,-0.26953762358091193,-0.24317900999497416
29,MC | F-rel | none | Anchor,-0.45965148068757866,-0.35297463502399873
29,MC | F-rel | none | ICP,-0.10126451307931572,-0.3917346353657234
29,MC | F-rel | z | ENR,-0.046499110681401,-0.313017860441964
29,MC | F-rel | z | SVR,-0.31049955443370747,-0.3834813492845245
29,MC | F-rel | z | Anchor,-1.8863150202203292,-0.3583933630002719
29,MC | F-rel | z | ICP,-0.19134450951070336,-0.42435693845025435
29,MC | F-asym | none | ENR,-0.14324630821793716,-0.49016802914150764
29,MC | F-asym | none | SVR,-0.5126740442599083,-0.3364868024227256
29,MC | F-asym | none | Anchor,-0.25015621276664346,-0.48005428077764917
29,MC | F-asym | none | ICP,-0.10008432974819326,-0.23696919933475155
29,MC | F-asym | z | ENR,-0.11780644965918863,-0.3096090868290425
29,MC | F-asym | z | SVR,-0.18753741023986437,-0.08812249958847704
29,MC | F-asym | z | Anchor,-0.8103567218081504,-0.019577500412089343
29,MC | F-asym | z | ICP,-0.22687230063946195,0.09226233545452366
29,MC | F-riem | none | ENR,-0.046499110681401,-0.313017860441964
29,MC | F-riem | none | SVR,-0.16928288335097963,-0.1515551614366003
29,MC | F-riem | none | Anchor,-0.27985604989484925,-0.18514073685267574
29,MC | F-riem | none | ICP,-0.06918478205107625,-0.17662514315414882
29,MC | F-riem | z | ENR,-0.046499110681401,-0.313017860441964
29,MC | F-riem | z | SVR,-0.21205978446255713,-0.16891931922889114
29,MC | F-riem | z | Anchor,-1.104221614427006,-0.014148676883025771
29,MC | F-riem | z | ICP,-0.2342132127322505,-0.22296623172003327
29,MC | F-riem | riem | ENR,-0.06263135464798264,-0.3111043124977768
29,MC | F-riem | riem | SVR,-0.07680028912842118,-0.04296967637933308
29,MC | F-riem | riem | Anchor,-0.41611294732315507,-0.20708152937358837
29,MC | F-riem | riem | ICP,-0.08149170275793494,-0.28258878089352774
30,noMC | F-band | none | ENR,0.01367485816770142,0.25925828881071133
30,noMC | F-band | none | SVR,-0.11705313345887158,-0.01816326681076909
30,noMC | F-band | none | Anchor,0.09529060900823971,0.32069334415737516
30,noMC | F-band | none | ICP,-0.1318268199734025,-0.31726249095431736
30,noMC | F-band | z | ENR,-0.13386935391041033,0.04969828944737839
30,noMC | F-band | z | SVR,-0.20634504294501954,-0.044174970747374635
30,noMC | F-band | z | Anchor,-1.6056844932388539,0.09270294980917397
30,noMC | F-band | z | ICP,-0.07117882998510727,-0.11365182817103375
30,noMC | F-fooof-per | none | ENR,-0.7094927360503225,-0.1403435636418417
30,noMC | F-fooof-per | none | SVR,-0.1966102177376574,-0.1332236891788873
30,noMC | F-fooof-per | none | Anchor,-0.8242838431311414,-5.05184911287794e-05
30,noMC | F-fooof-per | none | ICP,-0.23174670521164176,-0.2587017266687457
30,noMC | F-fooof-per | z | ENR,-0.16697611726441064,-0.36156743526548996
30,noMC | F-fooof-per | z | SVR,-0.24819498759001712,-0.1593512978187101
30,noMC | F-fooof-per | z | Anchor,-0.21191240556030877,0.14164226203132896
30,noMC | F-fooof-per | z | ICP,-0.1465584901990098,-0.35763447064303433
30,noMC | F-rel | none | ENR,-0.08558945058446743,0.2866277286281643
30,noMC | F-rel | none | SVR,0.05254577146698203,0.27155339852889526
30,noMC | F-rel | none | Anchor,-0.06439984633334483,0.35966605925554584
30,noMC | F-rel | none | ICP,-0.10846824982482839,-0.11100442311329659
30,noMC | F-rel | z | ENR,-0.15277579387730666,0.10858494350304583
30,noMC | F-rel | z | SVR,-0.3314362520840539,-0.2887413430266231
30,noMC | F-rel | z | Anchor,-0.9914218365659149,0.11321500795847818
30,noMC | F-rel | z | ICP,-0.2118265965261401,-0.21402466740394355
30,noMC | F-asym | none | ENR,-0.09360356897439126,-0.13009832571100552
30,noMC | F-asym | none | SVR,-0.09466833647333872,0.12504362367934815
30,noMC | F-asym | none | Anchor,-0.13968378187047925,-0.19919745212881568
30,noMC | F-asym | none | ICP,-0.12436448082655449,-0.23472551278034126
30,noMC | F-asym | z | ENR,-0.2642374204650775,0.021560359068539384
30,noMC | F-asym | z | SVR,-0.20202027129396316,-0.006229082734320088
30,noMC | F-asym | z | Anchor,-0.6091183003043776,0.16578074054910344
30,noMC | F-asym | z | ICP,-0.06776652476493705,-0.043296097900079225
30,noMC | F-riem | none | ENR,-0.17378177693460728,-0.2984476970944156
30,noMC | F-riem | none | SVR,-0.26656165947757104,-0.14118116076973342
30,noMC | F-riem | none | Anchor,-0.4789788833216062,-0.03500875201940028
30,noMC | F-riem | none | ICP,-0.07983307720402655,-0.011197880732571993
30,noMC | F-riem | z | ENR,-0.0521968065959002,-0.3108933547695836
30,noMC | F-riem | z | SVR,-0.14202804261868796,-0.15876828395953296
30,noMC | F-riem | z | Anchor,-2.546356859731229,-0.2237009875532317
30,noMC | F-riem | z | ICP,-0.0521968065959002,-0.3108933547695836
30,noMC | F-riem | riem | ENR,-0.05465792631871236,-0.3240344532983541
30,noMC | F-riem | riem | SVR,-0.08293786911467116,-0.18010277276726627
30,noMC | F-riem | riem | Anchor,-0.7208534283849468,-0.21182728545210877
30,noMC | F-riem | riem | ICP,-0.07787204186377061,-0.25016755752393527
30,MC | F-band | none | ENR,0.12263575344068045,0.3871350072602719
30,MC | F-band | none | SVR,-0.008762704246615405,0.18747940911964375
30,MC | F-band | none | Anchor,-0.15067662306058138,0.21282844520500677
30,MC | F-band | none | ICP,-0.12074104304670663,-0.3318603231652599
30,MC | F-band | z | ENR,-0.08265286943369587,0.05250877128524209
30,MC | F-band | z | SVR,-0.1689456644562033,0.015364018731305294
30,MC | F-band | z | Anchor,-0.8043677588979101,0.00557917541147912
30,MC | F-band | z | ICP,0.0036603574450773113,0.13187733704797394
30,MC | F-fooof-per | none | ENR,-0.5720026673076122,-0.09197951539946017
30,MC | F-fooof-per | none | SVR,-0.3273355715652273,-0.16052613270555854
30,MC | F-fooof-per | none | Anchor,-0.47351679427990256,0.033230300242843555
30,MC | F-fooof-per | none | ICP,-0.2243380323634354,-0.2080812862132731
30,MC | F-fooof-per | z | ENR,-0.20362986134560668,-0.35623284598690175
30,MC | F-fooof-per | z | SVR,-0.3685400631201794,-0.28033528214521664
30,MC | F-fooof-per | z | Anchor,-0.6788495437955404,-0.2999783850813396
30,MC | F-fooof-per | z | ICP,-0.34830157426136665,-0.2449654158617521
30,MC | F-rel | none | ENR,-0.16331014861991644,0.27300723293197904
30,MC | F-rel | none | SVR,-0.06821337738356714,0.16306481121422678
30,MC | F-rel | none | Anchor,-0.11316870418024916,0.34594695495112227
30,MC | F-rel | none | ICP,-0.05819036999632465,-0.3167433189718154
30,MC | F-rel | z | ENR,-0.003920424273753609,0.27787487006990474
30,MC | F-rel | z | SVR,0.02190019287852918,0.18978136384600025
30,MC | F-rel | z | Anchor,-0.2921094482240665,0.17659774055625127
30,MC | F-rel | z | ICP,-0.05262542150887595,-0.16377788975088226
30,MC | F-asym | none | ENR,-0.14934872392230125,-0.24294595116705991
30,MC | F-asym | none | SVR,-0.19853306321017117,0.03126393824629309
30,MC | F-asym | none | Anchor,-0.14930489908836275,-0.24266275386958308
30,MC | F-asym | none | ICP,-0.12030110620392453,-0.2663661718419555
30,MC | F-asym | z | ENR,-0.1348070790358482,-0.3169075541187285
30,MC | F-asym | z | SVR,-0.2394027827727545,-0.10898127407145311
30,MC | F-asym | z | Anchor,-0.6438773379254081,-0.09508447940207197
30,MC | F-asym | z | ICP,-0.12419174517889009,-0.3154146187292628
30,MC | F-riem | none | ENR,-0.18982763282808546,0.1588068050024784
30,MC | F-riem | none | SVR,-0.6346235197820935,-0.07075759174317461
30,MC | F-riem | none | Anchor,-0.564679998108804,0.11079544763853645
30,MC | F-riem | none | ICP,-0.042840279058275366,0.04459190276719545
30,MC | F-riem | z | ENR,-0.07595888076361446,-0.3666165667831415
30,MC | F-riem | z | SVR,-0.20861052920150303,-0.2746679829955627
30,MC | F-riem | z | Anchor,-1.1072208050638412,-0.17643359279300574
30,MC | F-riem | z | ICP,-0.15956757289282275,-0.2891380919484494
30,MC | F-riem | riem | ENR,-0.08021466906258046,-0.33805509000639045
30,MC | F-riem | riem | SVR,-0.3427672498696068,-0.10752193548397503
30,MC | F-riem | riem | Anchor,-0.5269730819477987,-0.09463923408855729
30,MC | F-riem | riem | ICP,-0.18967591505547343,-0.11939883114921591
31,noMC | F-band | none | ENR,-0.08622200377360656,-0.4452308281648486
31,noMC | F-band | none | SVR,-0.4340217876863064,-0.32973644054468876
31,noMC | F-band | none | Anchor,-0.24657115075379643,-0.19862794063650202
31,noMC | F-band | none | ICP,-0.16745087607797515,-0.35807178113615934
31,noMC | F-band | z | ENR,-0.3357578043726004,-0.268728840995033
31,noMC | F-band | z | SVR,-0.41744514622528484,-0.16295134194912342
31,noMC | F-band | z | Anchor,-0.45607264717457463,-0.05074848898653726
31,noMC | F-band | z | ICP,-0.15929175000774842,-0.24160939726857464
31,noMC | F-fooof-per | none | ENR,-0.1315677232310064,-0.4641601913252916
31,noMC | F-fooof-per | none | SVR,-0.37618589983964057,-0.4550055590170404
31,noMC | F-fooof-per | none | Anchor,-0.2929458427705314,-0.3038859983419111
31,noMC | F-fooof-per | none | ICP,-0.07791872040767434,-0.24735215163036656
31,noMC | F-fooof-per | z | ENR,-0.0687800210320424,-0.4354047850979841
31,noMC | F-fooof-per | z | SVR,-0.3776563862961977,-0.42515256706791893
31,noMC | F-fooof-per | z | Anchor,-0.30547277399511996,-0.2769275117219956
31,noMC | F-fooof-per | z | ICP,-0.17012086698685858,-0.4102400523380372
31,noMC | F-rel | none | ENR,-0.2964652172750195,-0.3910237213487342
31,noMC | F-rel | none | SVR,-0.22828369725635222,-0.27782397291025596
31,noMC | F-rel | none | Anchor,-0.3771014167510969,-0.11941752567799925
31,noMC | F-rel | none | ICP,-0.288443447492549,-0.3266216520064925
31,noMC | F-rel | z | ENR,-0.22583567278794936,-0.2945460331664913
31,noMC | F-rel | z | SVR,-0.21485237329845774,-0.43693859131777685
31,noMC | F-rel | z | Anchor,-1.0620898789170514,-0.128666742928166
31,noMC | F-rel | z | ICP,-0.06573384561946827,-0.44435983485979225
31,noMC | F-asym | none | ENR,-0.17300288300803857,-0.2763427874975011
31,noMC | F-asym | none | SVR,-0.1986117812864585,-0.10996268634088821
31,noMC | F-asym | none | Anchor,-0.20315457985797414,-0.25616793398406
31,noMC | F-asym | none | ICP,-0.06573384561946827,-0.44435983485979225
31,noMC | F-asym | z | ENR,-0.2759694101800245,-0.2642505235515373
31,noMC | F-asym | z | SVR,-0.27907370802522147,-0.1823436291721533
31,noMC | F-asym | z | Anchor,-0.4825329544089543,0.12094487737744108
31,noMC | F-asym | z | ICP,-0.01019374528098882,0.07081409373522167
31,noMC | F-riem | none | ENR,-0.06683518657033205,-0.3181735105942416
31,noMC | F-riem | none | SVR,-0.39448444990196596,-0.34586822232358966
31,noMC | F-riem | none | Anchor,-0.3564645003445668,-0.36361692085423036
31,noMC | F-riem | none | ICP,-0.6541349612506182,-0.3487234000792211
31,noMC | F-riem | z | ENR,-0.06840520580257148,-0.443839114075143
31,noMC | F-riem | z | SVR,-0.4540424882125127,-0.40764669767241046
31,noMC | F-riem | z | Anchor,-2.4910757868872078,-0.22400633524260036
31,noMC | F-riem | z | ICP,-0.17614956846215857,-0.187161274386918
31,noMC | F-riem | riem | ENR,-0.06573384561946827,-0.44435983485979225
31,noMC | F-riem | riem | SVR,-0.14706604960176906,-0.37206645752806344
31,noMC | F-riem | riem | Anchor,-1.6735531053778616,-0.21286464243228104
31,noMC | F-riem | riem | ICP,-0.15186249926762008,-0.19695777952140112
31,MC | F-band | none | ENR,-0.19633242857169697,-0.3321490809016341
31,MC | F-band | none | SVR,-0.3837325102029161,-0.3519511420657782
31,MC | F-band | none | Anchor,-0.304442280343147,-0.2040151816703051
31,MC | F-band | none | ICP,-0.152317180163291,-0.372842389422632
31,MC | F-band | z | ENR,-0.24030029171839384,-0.22245317344605975
31,MC | F-band | z | SVR,-0.3810755369005081,-0.2142060793158515
31,MC | F-band | z | Anchor,-0.6062933078534429,-0.27698587341632913
31,MC | F-band | z | ICP,-0.19176009700440955,-0.3750666137270219
31,MC | F-fooof-per | none | ENR,-0.1262952833953408,-0.4334043993372677
31,MC | F-fooof-per | none | SVR,-0.2763694779771697,-0.36270512277326294
31,MC | F-fooof-per | none | Anchor,-0.38956553387697324,-0.20546139890899662
31,MC | F-fooof-per | none | ICP,-0.0737246551838171,-0.4095218255628109
31,MC | F-fooof-per | z | ENR,-0.09855354312288922,-0.4037727077482456
31,MC | F-fooof-per | z | SVR,-0.41258063676235346,-0.4090372994948225
31,MC | F-fooof-per | z | Anchor,-0.6495219299682191,-0.25928238841929224
31,MC | F-fooof-per | z | ICP,-0.07330283553870287,-0.05726765260322575
31,MC | F-rel | none | ENR,-0.13682380101842773,-0.33775075941537663
31,MC | F-rel | none | SVR,-0.1825948101024346,-0.20648412764318555
31,MC | F-rel | none | Anchor,-0.16896049907629807,-0.052483527495892766
31,MC | F-rel | none | ICP,-0.0734359809476739,-0.44845734599494613
31,MC | F-rel | z | ENR,-0.1672375529492971,-0.24800499542514715
31,MC | F-rel | z | SVR,-0.27829384531448653,-0.3400484573935352
31,MC | F-rel | z | Anchor,-0.5609244127941999,-0.03995029387837029
31,MC | F-rel | z | ICP,-0.0734359809476739,-0.44845734599494613
31,MC | F-asym | none | ENR,-0.16541399159919834,-0.29670701379718056
31,MC | F-asym | none | SVR,-0.20380186436267422,-0.24453667214734104
31,MC | F-asym | none | Anchor,-0.23650293875447526,-0.3403172503034813
31,MC | F-asym | none | ICP,-0.0734359809476739,-0.44845734599494613
31,MC | F-asym | z | ENR,-0.23438571277981612,-0.298081913860106
31,MC | F-asym | z | SVR,-0.3642938631035637,-0.33164936828076474
31,MC | F-asym | z | Anchor,-0.4974347272863402,-0.2666390539847839
31,MC | F-asym | z | ICP,-0.07296970620943677,0.1952269438848836
31,MC | F-riem | none | ENR,-0.20670531389074576,-0.30914707050407186
31,MC | F-riem | none | SVR,-0.34758933240049483,-0.3085342578389155
31,MC | F-riem | none | Anchor,-0.1942883177931165,-0.1286491322032156
31,MC | F-riem | none | ICP,-0.18833795610802917,-0.24691483704370681
31,MC | F-riem | z | ENR,-0.0734359809476739,-0.44845734599494613
31,MC | F-riem | z | SVR,-0.3405770189955153,-0.26504004399079073
31,MC | F-riem | z | Anchor,-2.931805241411212,-0.18587979691400125
31,MC | F-riem | z | ICP,-0.17230212533241707,-0.03793123006203007
31,MC | F-riem | riem | ENR,-0.0734359809476739,-0.4484573459949462
31,MC | F-riem | riem | SVR,-0.1477053418617551,-0.31451899977145925
31,MC | F-riem | riem | Anchor,-0.7912743225393575,-0.29367517943945337
31,MC | F-riem | riem | ICP,-0.10654098084812258,-0.43972636111598
32,noMC | F-band | none | ENR,-0.28442928464403305,-0.23890308083794107
32,noMC | F-band | none | SVR,-0.7653524783188592,-0.2079467183465541
32,noMC | F-band | none | Anchor,-2.1915342665291364,-0.3680947454436711
32,noMC | F-band | none | ICP,-0.1813940328708652,-0.10399360701307445
32,noMC | F-band | z | ENR,-0.6455567332090753,-0.23754778663017545
32,noMC | F-band | z | SVR,-0.4476628511265033,-0.22396748315327486
32,noMC | F-band | z | Anchor,-1.9651039469008027,-0.10896532730947435
32,noMC | F-band | z | ICP,-0.08563221026216339,-0.19185066960303737
32,noMC | F-fooof-per | none | ENR,-0.07670696968528912,-0.39392822389055093
32,noMC | F-fooof-per | none | SVR,-0.3341209053451053,-0.33741131111315303
32,noMC | F-fooof-per | none | Anchor,-0.27412517793243985,-0.22970371990702595
32,noMC | F-fooof-per | none | ICP,-0.15473475351484534,-0.2629243776149588
32,noMC | F-fooof-per | z | ENR,-0.17386930151182334,-0.09074774498882615
32,noMC | F-fooof-per | z | SVR,-0.08270129057861952,-0.03111930125633465
32,noMC | F-fooof-per | z | Anchor,-0.5382419961958889,-0.07228921509016523
32,noMC | F-fooof-per | z | ICP,-0.04832917731832076,-0.1877009938950886
32,noMC | F-rel | none | ENR,-0.10061322559764507,-0.2536645003617534
32,noMC | F-rel | none | SVR,-0.06253342251776739,0.017051787037222977
32,noMC | F-rel | none | Anchor,-0.7936487681760678,-0.3421914429977304
32,noMC | F-rel | none | ICP,-0.20254247764879296,-0.27772835981950694
32,noMC | F-rel | z | ENR,-0.1696140631561347,-0.2635581141694626
32,noMC | F-rel | z | SVR,-0.1132182600343905,-0.1671719495827404
32,noMC | F-rel | z | Anchor,-3.0904159148991095,-0.1593367793420169
32,noMC | F-rel | z | ICP,-0.18236746003882365,-0.038183869356765335
32,noMC | F-asym | none | ENR,-0.11373315768009684,-0.3223804563350624
32,noMC | F-asym | none | SVR,-0.3328889108491144,-0.2486010650477613
32,noMC | F-asym | none | Anchor,-0.6251444015036063,-0.41199292616002775
32,noMC | F-asym | none | ICP,-0.4733045057351206,-0.22633616687578234
32,noMC | F-asym | z | ENR,-0.11036821360610105,-0.29621657901774495
32,noMC | F-asym | z | SVR,-0.21638216227200346,-0.35699498645047145
32,noMC | F-asym | z | Anchor,-0.32267546950551207,-0.3812871911637722
32,noMC | F-asym | z | ICP,-0.1034980058355337,-0.2338843597024728
32,noMC | F-riem | none | ENR,-0.04445179764891449,-0.2908410479100073
32,noMC | F-riem | none | SVR,-0.15459615498397805,-0.16858067665551404
32,noMC | F-riem | none | Anchor,-7.361397258429907,-0.33993754332873716
32,noMC | F-riem | none | ICP,-0.0885376739518764,-0.32266770101209896
32,noMC | F-riem | z | ENR,-0.28858794305960633,-0.06721028924420251
32,noMC | F-riem | z | SVR,-0.2117399350215874,-0.22289840640897524
32,noMC | F-riem | z | Anchor,-2.9214894638032693,-0.24241494577583111
32,noMC | F-riem | z | ICP,-0.370998382481059,-0.1013796530537873
32,noMC | F-riem | riem | ENR,-0.11137900338777951,-0.2085813433323936
32,noMC | F-riem | riem | SVR,-0.16223489086864507,-0.17963098069085753
32,noMC | F-riem | riem | Anchor,-7.230334738133733,-0.2843136978987195
32,noMC | F-riem | riem | ICP,-0.08942774484584648,-0.23889490143628914
32,MC | F-band | none | ENR,-0.24337161153016607,-0.23978799137173318
32,MC | F-band | none | SVR,-0.1892378919540818,-0.05467917538480035
32,MC | F-band | none | Anchor,-2.160747606109918,-0.34365432666781964
32,MC | F-band | none | ICP,-0.11141350390665683,-0.3481278147031047
32,MC | F-band | z | ENR,-0.7100218674219954,-0.23107118410811434
32,MC | F-band | z | SVR,-0.4954568976344904,-0.09948923817596728
32,MC | F-band | z | Anchor,-2.6230089782914496,-0.21219420495824215
32,MC | F-band | z | ICP,-0.04031301194874137,-0.07971050040858496
32,MC | F-fooof-per | none | ENR,-0.13274637110328613,-0.32294410955493014
32,MC | F-fooof-per | none | SVR,-0.20357939850168894,-0.20677396183646102
32,MC | F-fooof-per | none | Anchor,-0.41393194914054665,-0.20886485333226926
32,MC | F-fooof-per | none | ICP,-0.2707421219318782,-0.2640499963617168
32,MC | F-fooof-per | z | ENR,-0.24303902960087864,-0.33910841199781716
32,MC | F-fooof-per | z | SVR,-0.3907784932466929,-0.3377385673182288
32,MC | F-fooof-per | z | Anchor,-0.5428098243764266,-0.3099868951075887
32,MC | F-fooof-per | z | ICP,-0.047114765319876906,-0.2877300297758405
32,MC | F-rel | none | ENR,-0.12166570941007593,-0.2641294011493829
32,MC | F-rel | none | SVR,-0.1538617407258247,0.006672522880660301
32,MC | F-rel | none | Anchor,-1.041003699764289,-0.3941877224823953
32,MC | F-rel | none | ICP,-0.1066767455811235,-0.10325498388712442
32,MC | F-rel | z | ENR,-0.09500518030739391,-0.2814114945997953
32,MC | F-rel | z | SVR,-0.113641536782072,-0.08817686761150008
32,MC | F-rel | z | Anchor,-5.248455211494528,-0.14671726282564446
32,MC | F-rel | z | ICP,-0.0906845390256732,-0.2947678949140722
32,MC | F-asym | none | ENR,-0.04711476531987713,-0.28773002977584083
32,MC | F-asym | none | SVR,-0.3368528042018617,-0.42378644788621667
32,MC | F-asym | none | Anchor,-0.20784593715857724,-0.3624741645001309
32,MC | F-asym | none | ICP,-0.047114765319876906,-0.2877300297758405
32,MC | F-asym | z | ENR,-0.04711476531987713,-0.2877300297758407
32,MC | F-asym | z | SVR,-0.25945810894122245,-0.3990677666133398
32,MC | F-asym | z | Anchor,-0.30944034426166644,-0.4360171376216018
32,MC | F-asym | z | ICP,-0.047114765319876906,-0.2877300297758405
32,MC | F-riem | none | ENR,-0.047114765319876906,-0.2877300297758405
32,MC | F-riem | none | SVR,-0.2607647101771069,-0.27839466168891264
32,MC | F-riem | none | Anchor,-11.584125089848925,-0.30325964043364884
32,MC | F-riem | none | ICP,-0.05464402803831114,-0.2792372226345331
32,MC | F-riem | z | ENR,-0.18973804015110574,-0.03325107892974437
32,MC | F-riem | z | SVR,-0.1845280798726947,-0.096358005151851
32,MC | F-riem | z | Anchor,-2.5983254560336295,-0.1571647027514432
32,MC | F-riem | z | ICP,-0.08454605057395881,-0.27737117076087825
32,MC | F-riem | riem | ENR,-0.04522724949706913,-0.1576312606682343
32,MC | F-riem | riem | SVR,-0.14088911973542873,-0.15891707025375823
32,MC | F-riem | riem | Anchor,-7.552399403906968,-0.2363348920245811
32,MC | F-riem | riem | ICP,-0.5297129744080327,-0.03996165997442558
33,noMC | F-band | none | ENR,-0.006186239706992502,0.1469860003968128
33,noMC | F-band | none | SVR,-0.1660081974038803,-0.04658634209047936
33,noMC | F-band | none | Anchor,-0.24387332494597636,0.05395461927837171
33,noMC | F-band | none | ICP,-0.08827870851210351,-0.30564190931619084
33,noMC | F-band | z | ENR,-0.6944518617588278,-0.21355442751096632
33,noMC | F-band | z | SVR,-0.11680127318762268,0.0007745395758759713
33,noMC | F-band | z | Anchor,-2.3463567794932922,-0.1257003604932216
33,noMC | F-band | z | ICP,-0.05950446222392114,-0.4046537451940686
33,noMC | F-fooof-per | none | ENR,-0.16247827339647047,-0.1383117111977339
33,noMC | F-fooof-per | none | SVR,-0.18821543676271646,-0.21393142114474356
33,noMC | F-fooof-per | none | Anchor,-0.15437578524645112,0.10561461124369226
33,noMC | F-fooof-per | none | ICP,-0.05950446222392114,-0.4046537451940686
33,noMC | F-fooof-per | z | ENR,-0.2198670454105427,-0.13759591281383923
33,noMC | F-fooof-per | z | SVR,-0.18219041522148727,-0.15634011873851417
33,noMC | F-fooof-per | z | Anchor,-3.402652014456054,-0.24636694326542105
33,noMC | F-fooof-per | z | ICP,-0.055304091135555566,-0.320449082897203
33,noMC | F-rel | none | ENR,-0.026521583859377973,0.11010766296821539
33,noMC | F-rel | none | SVR,-0.0843462206486405,0.0421219317529803
33,noMC | F-rel | none | Anchor,-0.10122718425170119,0.16973895917199838
33,noMC | F-rel | none | ICP,-0.05950446222392114,-0.4046537451940686
33,noMC | F-rel | z | ENR,-0.09704366420165766,-0.18039660613871034
33,noMC | F-rel | z | SVR,-0.1907265573600434,-0.15918757466233402
33,noMC | F-rel | z | Anchor,-0.19765919126053255,0.17805035030990343
33,noMC | F-rel | z | ICP,-0.05950446222392114,-0.4046537451940686
33,noMC | F-asym | none | ENR,-0.0854473991449034,-0.14703752008299817
33,noMC | F-asym | none | SVR,-0.23605250307804937,0.28262506185064595
33,noMC | F-asym | none | Anchor,-0.5268238641380341,-0.20959290591370666
33,noMC | F-asym | none | ICP,-0.05950446222392114,-0.4046537451940686
33,noMC | F-asym | z | ENR,-0.967406750893572,-0.2018516372705106
33,noMC | F-asym | z | SVR,-0.08505496676658675,-0.02582126689851484
33,noMC | F-asym | z | Anchor,-1.180641613814255,-0.059924124104203766
33,noMC | F-asym | z | ICP,-0.015984757118873594,0.049245306084097676
33,noMC | F-riem | none | ENR,-0.08027139268987926,-0.314440783926746
33,noMC | F-riem | none | SVR,-0.43800119443021734,-0.3477823888841318
33,noMC | F-riem | none | Anchor,-1.4896877559771795,-0.2936404546627804
33,noMC | F-riem | none | ICP,-0.9079385689852086,-0.29873979082746116
33,noMC | F-riem | z | ENR,-0.05950446222392114,-0.4046537451940684
33,noMC | F-riem | z | SVR,-0.40452461964563224,-0.3129923866963145
33,noMC | F-riem | z | Anchor,-3.5171038253105005,-0.2657094895970173
33,noMC | F-riem | z | ICP,-0.09132900541253175,-0.17969381984618393
33,noMC | F-riem | riem | ENR,-0.05950446222392114,-0.4046537451940686
33,noMC | F-riem | riem | SVR,-0.03323630999549021,-0.04297932005535625
33,noMC | F-riem | riem | Anchor,-3.27144945089802,-0.09698454800985885
33,noMC | F-riem | riem | ICP,-0.10970299781590676,-0.21159550551612064
33,MC | F-band | none | ENR,-0.16752091786897294,-0.05405991825731719
33,MC | F-band | none | SVR,-0.29171437224085084,-0.3067121716810659
33,MC | F-band | none | Anchor,-0.23473893634457021,-0.023345029067882432
33,MC | F-band | none | ICP,-0.09644814458581585,-0.30863125679370074
33,MC | F-band | z | ENR,-0.08754369348643953,-0.29489186676506085
33,MC | F-band | z | SVR,-0.37137905803959725,-0.2658081184931368
33,MC | F-band | z | Anchor,-0.6622800125653632,-0.18656986995593489
33,MC | F-band | z | ICP,0.05031673541196391,0.22668785101117142
33,MC | F-fooof-per | none | ENR,-0.0733175290879895,-0.11477179440456654
33,MC | F-fooof-per | none | SVR,-0.20876599573656596,-0.19486991086168295
33,MC | F-fooof-per | none | Anchor,-0.1869622244862117,0.07590011662864335
33,MC | F-fooof-per | none | ICP,-0.13101346917804468,-0.3112626686181218
33,MC | F-fooof-per | z | ENR,-0.05082920676252867,-0.322299116398075
33,MC | F-fooof-per | z | SVR,-0.256546975094085,-0.19313118933645557
33,MC | F-fooof-per | z | Anchor,-0.5397330535959739,-0.15356117980893827
33,MC | F-fooof-per | z | ICP,-0.19132826623650945,0.07825210992749189
33,MC | F-rel | none | ENR,-0.10595356213512108,-0.12224681351936548
33,MC | F-rel | none | SVR,-0.11840596909553258,-0.1497282946065122
33,MC | F-rel | none | Anchor,-0.23459710345618223,-0.05495197143648979
33,MC | F-rel | none | ICP,-0.06258503831237694,-0.4120331663329495
33,MC | F-rel | z | ENR,-0.11667902916246331,-0.2738880613059134
33,MC | F-rel | z | SVR,-0.11113679755192618,-0.19640284660066445
33,MC | F-rel | z | Anchor,-0.0735441080523278,0.21815001894588207
33,MC | F-rel | z | ICP,-0.06258503831237694,-0.4120331663329495
33,MC | F-asym | none | ENR,-0.12451428691085376,-0.20566424072193742
33,MC | F-asym | none | SVR,-0.028444932522643462,0.09211198140351187
33,MC | F-asym | none | Anchor,-0.23640216920787682,-0.2405857604961032
33,MC | F-asym | none | ICP,-0.06258503831237694,-0.4120331663329495
33,MC | F-asym | z | ENR,-0.2181120010754969,-0.25747144951493117
33,MC | F-asym | z | SVR,-0.11191595762822426,-0.06837957444115925
33,MC | F-asym | z | Anchor,-0.5737620501925125,-0.27938715191473285
33,MC | F-asym | z | ICP,-0.08227815161603846,-0.3610922703445475
33,MC | F-riem | none | ENR,-0.06258503831237694,-0.4120331663329496
33,MC | F-riem | none | SVR,-0.43455757332271516,-0.401062174432499
33,MC | F-riem | none | Anchor,-1.0348627499646499,-0.3839870904375892
33,MC | F-riem | none | ICP,-0.18885367461383118,-0.3817367276226313
33,MC | F-riem | z | ENR,-0.06258503831237694,-0.4120331663329495
33,MC | F-riem | z | SVR,-0.35455096115920415,-0.3116667428563847
33,MC | F-riem | z | Anchor,-4.178720130255528,-0.16323574525314188
33,MC | F-riem | z | ICP,-0.22138738795371316,-0.16703628669024295
33,MC | F-riem | riem | ENR,-0.06258503831237694,-0.4120331663329495
33,MC | F-riem | riem | SVR,-0.04733302454685484,-0.06850286615695517
33,MC | F-riem | riem | Anchor,-2.8137668686618458,-0.20669646143510417
33,MC | F-riem | riem | ICP,-0.07939298632920821,-0.4188567016904834
34,noMC | F-band | none | ENR,-0.06047605522011135,-0.16162287306626688
34,noMC | F-band | none | SVR,-0.1748242668841551,-0.19184962703775457
34,noMC | F-band | none | Anchor,-0.21300744747633926,-0.1735044166154613
34,noMC | F-band | none | ICP,-0.23305270498827535,-0.2675733515845602
34,noMC | F-band | z | ENR,-0.12257776496773531,-0.06791757764683441
34,noMC | F-band | z | SVR,-0.1276656172596471,-0.1559100720366393
34,noMC | F-band | z | Anchor,-0.13359187177655563,0.11322193386661346
34,noMC | F-band | z | ICP,-0.06838744867842106,-0.19497344932208666
34,noMC | F-fooof-per | none | ENR,-0.011056717741581457,-0.024338402352156913
34,noMC | F-fooof-per | none | SVR,-0.09242951959486612,-0.10695176926762648
34,noMC | F-fooof-per | none | Anchor,-0.11494237019554987,-0.02554940818497628
34,noMC | F-fooof-per | none | ICP,-0.008254722606614529,0.1071850327534319
34,noMC | F-fooof-per | z | ENR,-0.07028910772292929,-0.18317131268865686
34,noMC | F-fooof-per | z | SVR,-0.05461271510843835,-0.1007534364647236
34,noMC | F-fooof-per | z | Anchor,-0.06116413781518748,0.10592456217282828
34,noMC | F-fooof-per | z | ICP,-0.07648727436601588,-0.15513462992257318
34,noMC | F-rel | none | ENR,-0.01704546763451087,-0.020300368348496283
34,noMC | F-rel | none | SVR,-0.08496902980662213,-0.05486524598554468
34,noMC | F-rel | none | Anchor,-0.03631045690496637,0.06181778501847458
34,noMC | F-rel | none | ICP,-0.0014849443905105009,0.07089181490733565
34,noMC | F-rel | z | ENR,-0.048339230165064695,-0.20920548567994746
34,noMC | F-rel | z | SVR,-0.06476646437164213,-0.15361581137697788
34,noMC | F-rel | z | Anchor,-0.19007479820766848,0.05010213787054524
34,noMC | F-rel | z | ICP,-0.19547348172511003,-0.17636237408621808
34,noMC | F-asym | none | ENR,-0.05757474199269219,-0.14101223803145235
34,noMC | F-asym | none | SVR,-0.07609133783682864,-0.03447320576346386
34,noMC | F-asym | none | Anchor,-0.10042099424755513,-0.005012124977676953
34,noMC | F-asym | none | ICP,-0.06130158369569272,-0.0117906882786315
34,noMC | F-asym | z | ENR,-0.14258962609893966,-0.1632503790704486
34,noMC | F-asym | z | SVR,-0.08484009726915365,-0.10116956534181198
34,noMC | F-asym | z | Anchor,-0.4691145335508746,-0.03295124625026576
34,noMC | F-asym | z | ICP,-0.012394111636027327,0.03312480365408652
34,noMC | F-riem | none | ENR,-0.0535812701691698,-0.22319593986609376
34,noMC | F-riem | none | SVR,-0.1986170558748137,-0.12244669950577024
34,noMC | F-riem | none | Anchor,-0.38453645564081596,-0.11903906053524338
34,noMC | F-riem | none | ICP,0.04792266799283185,0.28183416230834546
34,noMC | F-riem | z | ENR,-0.038317041252052375,-0.21332627403572815
34,noMC | F-riem | z | SVR,-0.08781321161617672,-0.11862080969443223
34,noMC | F-riem | z | Anchor,-0.5025667981118451,-0.05274598655964627
34,noMC | F-riem | z | ICP,-0.048088462168311086,-0.03596321096516334
34,noMC | F-riem | riem | ENR,-0.034433103235096185,-0.23595471815069044
34,noMC | F-riem | riem | SVR,-0.1026016808346979,-0.1861549056481261
34,noMC | F-riem | riem | Anchor,-0.2558017953021279,-0.020597416807995702
34,noMC | F-riem | riem | ICP,-0.3973884412837765,0.15341520822690127
34,MC | F-band | none | ENR,-0.06239116457030436,-0.1526470463443086
34,MC | F-band | none | SVR,-0.1347673385537702,-0.07688429561593707
34,MC | F-band | none | Anchor,-0.16758245592344667,-0.1128180652876881
34,MC | F-band | none | ICP,-0.16957241692315494,-0.21718017351905136
34,MC | F-band | z | ENR,-0.14007375819674261,-0.06684421743346593
34,MC | F-band | z | SVR,-0.07365726311965326,-0.09911271961873522
34,MC | F-band | z | Anchor,-0.1536535239696688,0.06467109265859636
34,MC | F-band | z | ICP,-0.12519264459623947,-0.2386762172010984
34,MC | F-fooof-per | none | ENR,-0.035228092922294785,-0.2207816194122703
34,MC | F-fooof-per | none | SVR,-0.1097378109249556,-0.03103330652719491
34,MC | F-fooof-per | none | Anchor,-0.3062818088915551,0.006773550399184026
34,MC | F-fooof-per | none | ICP,-0.03663410801631817,-0.03342288886816373
34,MC | F-fooof-per | z | ENR,-0.08495746354601352,-0.14696316781615415
34,MC | F-fooof-per | z | SVR,-0.1082550435017351,-0.1620936758111775
34,MC | F-fooof-per | z | Anchor,-0.4681300182156407,-0.009522613880092706
34,MC | F-fooof-per | z | ICP,-0.042467348600500276,-0.07009383591838872
34,MC | F-rel | none | ENR,-0.11840569828006542,-0.1272696665502018
34,MC | F-rel | none | SVR,-0.06766418340645997,-0.04256569280526207
34,MC | F-rel | none | Anchor,-0.09484977711141185,0.010040140213445046
34,MC | F-rel | none | ICP,-0.05568379824531644,-0.1337286661917354
34,MC | F-rel | z | ENR,-0.01811833132848828,-0.0072970611936712575
34,MC | F-rel | z | SVR,-0.06556839241293955,-0.12591617994452042
34,MC | F-rel | z | Anchor,-0.10323727971818042,0.19412647226528765
34,MC | F-rel | z | ICP,0.015972485208550435,0.1339242880832415
34,MC | F-asym | none | ENR,-0.05860347143328615,-0.12197358421805886
34,MC | F-asym | none | SVR,-0.13247080302108838,0.018442471509316175
34,MC | F-asym | none | Anchor,-0.10746404964679157,0.0005959562128527475
34,MC | F-asym | none | ICP,-0.007654609682563374,0.17055606140842158
34,MC | F-asym | z | ENR,-0.04432754870684574,0.062855314609439
34,MC | F-asym | z | SVR,-0.12610200517756476,-0.11105413612441778
34,MC | F-asym | z | Anchor,-0.20062412445647593,-0.04488259414220057
34,MC | F-asym | z | ICP,-0.07344969669366153,-0.22742628851973318
34,MC | F-riem | none | ENR,-0.016940956965641574,-0.0861203292640706
34,MC | F-riem | none | SVR,-0.16637867224401504,-0.0857349800331565
34,MC | F-riem | none | Anchor,-0.1760854909558709,0.07293908802110932
34,MC | F-riem | none | ICP,-0.03399435288051311,0.07189288903983682
34,MC | F-riem | z | ENR,-0.03946243631366819,-0.21382236448952885
34,MC | F-riem | z | SVR,-0.10257243262034121,-0.14683121052577286
34,MC | F-riem | z | Anchor,-0.48420987059794474,-0.17335645334689997
34,MC | F-riem | z | ICP,-0.5386538934673386,0.1543738727359889
34,MC | F-riem | riem | ENR,-0.034636694480280505,-0.22547964514854657
34,MC | F-riem | riem | SVR,-0.08790944891873287,-0.25322698898890794
34,MC | F-riem | riem | Anchor,-0.1651851944131848,-0.06246042847801654
34,MC | F-riem | riem | ICP,-0.03394533561476076,-0.22129709477870785
35,noMC | F-band | none | ENR,-0.05267956240809624,-0.29716364081979113
35,noMC | F-band | none | SVR,-0.2642582803955611,-0.26852680962464937
35,noMC | F-band | none | Anchor,-0.482457735713262,-0.34702773376106466
35,noMC | F-band | none | ICP,-0.03972892736608369,-0.2911977812786709
35,noMC | F-band | z | ENR,-0.10511757404345001,-0.20523197588151731
35,noMC | F-band | z | SVR,-0.12280455554214087,-0.2259593901395111
35,noMC | F-band | z | Anchor,-0.3920762425787796,0.02754837906553488
35,noMC | F-band | z | ICP,-0.03877007645055208,-0.298852898863346
35,noMC | F-fooof-per | none | ENR,-0.08232932364487522,-0.27647364572353567
35,noMC | F-fooof-per | none | SVR,-0.11648421559096467,-0.12580168245474377
35,noMC | F-fooof-per | none | Anchor,-0.2430313027812232,-0.26365641160777037
35,noMC | F-fooof-per | none | ICP,-0.04681778662514757,-0.21776926858667858
35,noMC | F-fooof-per | z | ENR,-0.06806795854147252,-0.21300523819232095
35,noMC | F-fooof-per | z | SVR,-0.18761282994743178,-0.16326569383111514
35,noMC | F-fooof-per | z | Anchor,-0.17767808289959586,-0.14124690975317988
35,noMC | F-fooof-per | z | ICP,-0.03947840809385861,-0.18520245392311374
35,noMC | F-rel | none | ENR,-0.04957706210285462,-0.29601776647223166
35,noMC | F-rel | none | SVR,-0.24581153601717154,-0.1897768686839903
35,noMC | F-rel | none | Anchor,-0.3741048981669606,-0.3124893922243714
35,noMC | F-rel | none | ICP,-0.131142660529324,-0.24219689999706168
35,noMC | F-rel | z | ENR,-0.03972892736608369,-0.2911977812786709
35,noMC | F-rel | z | SVR,-0.22188384217738455,-0.2378823778617732
35,noMC | F-rel | z | Anchor,-1.8522201403115166,-0.24268304633706653
35,noMC | F-rel | z | ICP,-0.2148661497670723,-0.16370039272974107
35,noMC | F-asym | none | ENR,-0.20941946314831883,-0.2900069960394205
35,noMC | F-asym | none | SVR,-0.2829682778475564,-0.16030251888697872
35,noMC | F-asym | none | Anchor,-0.6570299181077155,-0.2690443727023786
35,noMC | F-asym | none | ICP,-0.03972892736608369,-0.2911977812786709
35,noMC | F-asym | z | ENR,-0.06912943793192916,-0.28080101176803274
35,noMC | F-asym | z | SVR,-0.2744190206795516,-0.27483734935966375
35,noMC | F-asym | z | Anchor,-0.3943483074792138,-0.27580619728339356
35,noMC | F-asym | z | ICP,-0.5028300808442354,-0.2634866436134895
35,noMC | F-riem | none | ENR,-0.03972892736608369,-0.2911977812786709
35,noMC | F-riem | none | SVR,-0.3068993657917043,0.0011685666194383663
35,noMC | F-riem | none | Anchor,-0.23079422406124972,-0.20063598872076807
35,noMC | F-riem | none | ICP,-0.08061992033420928,-0.26538307713071
35,noMC | F-riem | z | ENR,-0.0567016352658396,-0.13997325355123727
35,noMC | F-riem | z | SVR,-0.15952404736466752,-0.18882182050893326
35,noMC | F-riem | z | Anchor,-0.5242465784396426,0.07798630165904157
35,noMC | F-riem | z | ICP,-0.15707034675538045,-0.2004233775726146
35,noMC | F-riem | riem | ENR,-0.11326623926944968,-0.13613427050670096
35,noMC | F-riem | riem | SVR,-0.060143531637446124,-0.08739367713420491
35,noMC | F-riem | riem | Anchor,-0.5348105182669813,0.12853444529133834
35,noMC | F-riem | riem | ICP,-0.0936252116467815,-0.24651108840624364
35,MC | F-band | none | ENR,-0.06990652396576769,-0.28806694860844984
35,MC | F-band | none | SVR,-0.3015146657376351,-0.27707006542564483
35,MC | F-band | none | Anchor,-0.4630097765000756,-0.3010228311559635
35,MC | F-band | none | ICP,-0.12602056838034348,-0.24017030460558125
35,MC | F-band | z | ENR,-0.03938111888940199,-0.03673174170232031
35,MC | F-band | z | SVR,-0.1550168506386398,-0.10569866524548005
35,MC | F-band | z | Anchor,-0.37349979233412656,0.09193181981578218
35,MC | F-band | z | ICP,-0.04046121580833595,-0.2618069737717678
35,MC | F-fooof-per | none | ENR,-0.03894692317502457,-0.18700626206893226
35,MC | F-fooof-per | none | SVR,-0.1073801300424233,-0.008539084122835272
35,MC | F-fooof-per | none | Anchor,-0.10007642651202997,-0.1284991431830218
35,MC | F-fooof-per | none | ICP,-0.04054025838376485,0.0506577162893201
35,MC | F-fooof-per | z | ENR,-0.04875160787845312,-0.07428846617265862
35,MC | F-fooof-per | z | SVR,-0.19689122425129013,-0.138818362083244
35,MC | F-fooof-per | z | Anchor,-0.16553325501583904,-0.17805156013896412
35,MC | F-fooof-per | z | ICP,-0.019849264995274396,0.11465108948073133
35,MC | F-rel | none | ENR,-0.041714863292866555,-0.28984325939436173
35,MC | F-rel | none | SVR,-0.08139599634941908,-0.06087695872065052
35,MC | F-rel | none | Anchor,-0.2526257728374395,-0.3198245324668491
35,MC | F-rel | none | ICP,-0.12735986061177118,-0.2117426812684144
35,MC | F-rel | z | ENR,-0.19684584657256976,-0.2179717128168774
35,MC | F-rel | z | SVR,-0.07566601187993038,0.053013234951479436
35,MC | F-rel | z | Anchor,-1.5860456506812501,-0.1506124933926285
35,MC | F-rel | z | ICP,-0.041023092865566824,-0.11248431254408348
35,MC | F-asym | none | ENR,-0.18496794047250487,-0.2748850508708837
35,MC | F-asym | none | SVR,-0.31059776259629057,-0.183334921092907
35,MC | F-asym | none | Anchor,-0.23467033619875166,-0.2536920444306532
35,MC | F-asym | none | ICP,-0.041714863292866555,-0.28984325939436173
35,MC | F-asym | z | ENR,-0.15245931859597595,-0.2838445907847542
35,MC | F-asym | z | SVR,-0.26157811121870633,-0.260482552718801
35,MC | F-asym | z | Anchor,-0.551983495977233,-0.24147548988259962
35,MC | F-asym | z | ICP,-0.20904242450255595,-0.25304531342090897
35,MC | F-riem | none | ENR,-0.041714863292866555,-0.28984325939436173
35,MC | F-riem | none | SVR,-0.2368537927057992,0.0024543623503214713
35,MC | F-riem | none | Anchor,-0.32506606158265505,-0.22470215436793295
35,MC | F-riem | none | ICP,-0.04957140102695412,-0.1901424936678985
35,MC | F-riem | z | ENR,-0.04545662139617512,-0.2943712810279293
35,MC | F-riem | z | SVR,-0.12505541420800514,-0.13669240843062688
35,MC | F-riem | z | Anchor,-0.31240767020831806,0.14401307892181178
35,MC | F-riem | z | ICP,-0.2741946068692154,-0.22660660088930643
35,MC | F-riem | riem | ENR,-0.055504421641516144,-0.14198214198934345
35,MC | F-riem | riem | SVR,-0.08772019901869799,-0.0686667855476322
35,MC | F-riem | riem | Anchor,-0.20816175721281294,0.06399974784632487
35,MC | F-riem | riem | ICP,-0.017647314025459826,-0.08330615140383048
36,noMC | F-band | none | ENR,-0.29624812101746145,-0.31032690964857834
36,noMC | F-band | none | SVR,-0.2024194029719717,-0.1315240750364277
36,noMC | F-band | none | Anchor,-0.8032738607659926,-0.283922299230913
36,noMC | F-band | none | ICP,-0.03823682747867552,-0.2659954869675795
36,noMC | F-band | z | ENR,-0.1262159497918911,-0.3908774401381537
36,noMC | F-band | z | SVR,-0.09982714959458305,0.0063021762559902425
36,noMC | F-band | z | Anchor,-1.31418636925528,-0.2582787328895164
36,noMC | F-band | z | ICP,-0.031201056073319577,-0.18626672323885704
36,noMC | F-fooof-per | none | ENR,-0.11559893511048047,-0.48416609394195453
36,noMC | F-fooof-per | none | SVR,-0.21547540658189557,-0.2263452765240147
36,noMC | F-fooof-per | none | Anchor,-0.49192018870922305,-0.06618258250626369
36,noMC | F-fooof-per | none | ICP,-0.1562417590513585,-0.4380328905849912
36,noMC | F-fooof-per | z | ENR,-0.20474111426629138,-0.35991963803500626
36,noMC | F-fooof-per | z | SVR,-0.18018052798360662,-0.11000494063965255
36,noMC | F-fooof-per | z | Anchor,-0.42954930227940546,-0.22674174102831962
36,noMC | F-fooof-per | z | ICP,-0.05011138240944524,-0.12271986224058137
36,noMC | F-rel | none | ENR,-0.2606500950737176,-0.25966633480617474
36,noMC | F-rel | none | SVR,-0.21616544084961942,-0.13180440882148
36,noMC | F-rel | none | Anchor,-0.4503998924445827,-0.25451245982714676
36,noMC | F-rel | none | ICP,-0.04402209092939868,-0.3320305172659447
36,noMC | F-rel | z | ENR,-0.10176830724541697,-0.2710766130897233
36,noMC | F-rel | z | SVR,-0.21767817415072144,-0.250065090129371
36,noMC | F-rel | z | Anchor,-2.021573047689999,-0.28619471124739687
36,noMC | F-rel | z | ICP,-0.21752992092497725,-0.3681969325445747
36,noMC | F-asym | none | ENR,-0.08640092316462655,-0.459033529097745
36,noMC | F-asym | none | SVR,-0.4080420598429597,-0.4611202922797021
36,noMC | F-asym | none | Anchor,-0.2717035937881618,-0.46060580886419716
36,noMC | F-asym | none | ICP,-0.04402209092939868,-0.3320305172659447
36,noMC | F-asym | z | ENR,-0.04402209092939868,-0.3320305172659447
36,noMC | F-asym | z | SVR,-0.2829348073185307,-0.4467970949611383
36,noMC | F-asym | z | Anchor,-0.25205461380694416,-0.17451335347605273
36,noMC | F-asym | z | ICP,-0.121337565856664,-0.10180691010933357
36,noMC | F-riem | none | ENR,-0.04402209092939868,-0.3320305172659447
36,noMC | F-riem | none | SVR,-0.16697163578028018,-0.07847558670539256
36,noMC | F-riem | none | Anchor,-0.972690034474891,-0.37029586437163164
36,noMC | F-riem | none | ICP,-0.11355686477977556,-0.3312665220559979
36,noMC | F-riem | z | ENR,-0.19478897052732846,-0.0724874740683521
36,noMC | F-riem | z | SVR,-0.25109837395198586,-0.14106268387136395
36,noMC | F-riem | z | Anchor,-1.2888364535626726,-0.1893321522971947
36,noMC | F-riem | z | ICP,-0.06427293392878775,-0.23872097235547451
36,noMC | F-riem | riem | ENR,-0.11576321203487705,-0.3731355701778515
36,noMC | F-riem | riem | SVR,-0.11748047514364557,-0.21278922961228106
36,noMC | F-riem | riem | Anchor,-1.1729808975500169,-0.06746144490833009
36,noMC | F-riem | riem | ICP,-0.046534210246755636,-0.13432187674857132
36,MC | F-band | none | ENR,-0.2388867384673703,-0.22272867210060898
36,MC | F-band | none | SVR,-0.23800248937002277,-0.18562906756054692
36,MC | F-band | none | Anchor,-0.6515805894655278,-0.25905752652077785
36,MC | F-band | none | ICP,-0.13922105765207426,-0.43615401018717886
36,MC | F-band | z | ENR,-0.2634298204590064,-0.4908206964514571
36,MC | F-band | z | SVR,-0.24793723598548767,-0.11488446043808324
36,MC | F-band | z | Anchor,-1.2719708309736113,-0.3627528726136005
36,MC | F-band | z | ICP,-0.04670878457741234,-0.077114388405487
36,MC | F-fooof-per | none | ENR,-0.13584756572544499,-0.5005033148150758
36,MC | F-fooof-per | none | SVR,-0.12950546619165904,0.043919563122925456
36,MC | F-fooof-per | none | Anchor,-0.4451502437968502,-0.21452419394437677
36,MC | F-fooof-per | none | ICP,-0.06063372681142498,-0.1344057042486191
36,MC | F-fooof-per | z | ENR,-0.35257764731407115,-0.35791948777248567
36,MC | F-fooof-per | z | SVR,-0.3657987376513794,-0.16698841669998363
36,MC | F-fooof-per | z | Anchor,-0.5544168120868387,-0.33074821323413495
36,MC | F-fooof-per | z | ICP,-0.04684972995656733,-0.3343160114380157
36,MC | F-rel | none | ENR,-0.053442835681424716,-0.3053825698802787
36,MC | F-rel | none | SVR,-0.06607416596328664,0.11821213849628154
36,MC | F-rel | none | Anchor,-0.5201827909156234,-0.38072275497658603
36,MC | F-rel | none | ICP,-0.028036955522001694,-0.011441762417271253
36,MC | F-rel | z | ENR,-0.131822727321095,-0.2632521599326654
36,MC | F-rel | z | SVR,-0.12182283924753112,-0.15970094177535227
36,MC | F-rel | z | Anchor,-2.1958088752505747,-0.3580789737151594
36,MC | F-rel | z | ICP,-0.036487931361402604,-0.03820088394009155
36,MC | F-asym | none | ENR,-0.18476661563899865,-0.4713770051316294
36,MC | F-asym | none | SVR,-0.2956262517621193,-0.3794959269079719
36,MC | F-asym | none | Anchor,-0.2381347635969513,-0.46420716373773696
36,MC | F-asym | none | ICP,-0.10638425855737887,-0.2657213244842115
36,MC | F-asym | z | ENR,-0.048828011226373036,-0.33565189163730036
36,MC | F-asym | z | SVR,-0.20784487814819697,-0.24412034917659914
36,MC | F-asym | z | Anchor,-0.7639980411688758,-0.21789851203111854
36,MC | F-asym | z | ICP,-0.39965753368807855,-0.07780820621493927
36,MC | F-riem | none | ENR,-0.04684972995656733,-0.3343160114380157
36,MC | F-riem | none | SVR,-0.37756365607104136,-0.26507217987361253
36,MC | F-riem | none | Anchor,-1.3680762827186075,-0.3782490364433177
36,MC | F-riem | none | ICP,-0.04014216491685585,-0.23380979903922755
36,MC | F-riem | z | ENR,-0.16526600857414242,-0.004512418235106275
36,MC | F-riem | z | SVR,-0.15169332449499384,-0.2115811505005357
36,MC | F-riem | z | Anchor,-1.0828524391546348,-0.07095440725939671
36,MC | F-riem | z | ICP,-0.06349365914850158,-0.19996673728938197
36,MC | F-riem | riem | ENR,-0.09898645709275744,-0.3403026455402869
36,MC | F-riem | riem | SVR,-0.21355180158540232,-0.2431834344366464
36,MC | F-riem | riem | Anchor,-2.1387426434897887,-0.18712482805079367
36,MC | F-riem | riem | ICP,-0.07970475917775888,-0.2690250736773445
37,noMC | F-band | none | ENR,-0.04960484247602559,-0.24854127676399013
37,noMC | F-band | none | SVR,-0.28862901358686766,-0.11453929829170525
37,noMC | F-band | none | Anchor,-0.6287722783033565,-0.22005212813682526
37,noMC | F-band | none | ICP,-0.080466167717131,-0.2199723997798796
37,noMC | F-band | z | ENR,-0.28553246356448403,-0.13518984280761387
37,noMC | F-band | z | SVR,-0.20785026640899074,-0.022006951009458493
37,noMC | F-band | z | Anchor,-2.214890639685009,-0.05542005524459002
37,noMC | F-band | z | ICP,-0.02377934979535934,-0.1406300691374188
37,noMC | F-fooof-per | none | ENR,-0.06032113123333116,-0.23739770087278494
37,noMC | F-fooof-per | none | SVR,-0.07195625722327681,0.010902998295195736
37,noMC | F-fooof-per | none | Anchor,-0.23605544700497938,-0.10035180035031542
37,noMC | F-fooof-per | none | ICP,-0.11089732185607248,-0.21614661656797102
37,noMC | F-fooof-per | z | ENR,-0.055904725591263915,-0.22362572015092472
37,noMC | F-fooof-per | z | SVR,-0.268324336356911,-0.10755740854895668
37,noMC | F-fooof-per | z | Anchor,-0.4449170507206297,-0.05462120405740961
37,noMC | F-fooof-per | z | ICP,-0.09479098931899954,-0.009079780910475586
37,noMC | F-rel | none | ENR,-0.09958539631677876,-0.25458137065242464
37,noMC | F-rel | none | SVR,-0.29343087688487124,-0.12187153847836325
37,noMC | F-rel | none | Anchor,-0.3392614801969984,-0.16829189461257904
37,noMC | F-rel | none | ICP,-0.24880388991153346,-0.23708825377157722
37,noMC | F-rel | z | ENR,-0.5342372858565403,-0.2576616133567706
37,noMC | F-rel | z | SVR,-0.2398191223708661,-0.22460956459655407
37,noMC | F-rel | z | Anchor,-5.490678105457214,-0.21570358079967838
37,noMC | F-rel | z | ICP,-0.1586697006895872,-0.217922754769002
37,noMC | F-asym | none | ENR,-0.1170141300726002,-0.2775915952167791
37,noMC | F-asym | none | SVR,-0.17348322097897917,-0.17007543760019594
37,noMC | F-asym | none | Anchor,-0.22896617313586343,-0.25233509486325095
37,noMC | F-asym | none | ICP,-0.02974276830721334,-0.0964451316900504
37,noMC | F-asym | z | ENR,-0.050355444403234806,-0.277431505254595
37,noMC | F-asym | z | SVR,-0.18428979528350653,-0.1849148256818206
37,noMC | F-asym | z | Anchor,-0.21533111049707965,-0.2076804274738363
37,noMC | F-asym | z | ICP,-0.2061744721242844,-0.15599083172857206
37,noMC | F-riem | none | ENR,-0.03510421002606323,-0.2436594856482539
37,noMC | F-riem | none | SVR,-0.46787661349245235,-0.25022245505669094
37,noMC | F-riem | none | Anchor,-1.4443980534411374,-0.23493275694771276
37,noMC | F-riem | none | ICP,-0.17135391106850428,-0.19132530354840743
37,noMC | F-riem | z | ENR,-0.049049767285307855,-0.24599330769995567
37,noMC | F-riem | z | SVR,-0.06062437606426174,-0.018769955914663277
37,noMC | F-riem | z | Anchor,-0.7440221948840384,-0.1883340937608094
37,noMC | F-riem | z | ICP,-0.1564691817515227,-0.19119100766360206
37,noMC | F-riem | riem | ENR,-0.03510421002606323,-0.2436594856482539
37,noMC | F-riem | riem | SVR,-0.0031510048700942317,0.11544965532533352
37,noMC | F-riem | riem | Anchor,-0.6618855989539645,-0.0853771635586024
37,noMC | F-riem | riem | ICP,-0.03510421002606323,-0.2436594856482539
37,MC | F-band | none | ENR,-0.23309935804037973,-0.25480873338924
37,MC | F-band | none | SVR,-0.4748522981061336,-0.18919522731339278
37,MC | F-band | none | Anchor,-0.510480901455135,-0.13657084663308833
37,MC | F-band | none | ICP,-0.18731309279727038,-0.16736457196224358
37,MC | F-band | z | ENR,-0.03819839608877551,-0.2298125946056979
37,MC | F-band | z | SVR,-0.19307151435900693,-0.16686923637948775
37,MC | F-band | z | Anchor,-0.9070482742078412,-0.014326667968044288
37,MC | F-band | z | ICP,-0.0366481571427093,-0.2440909740823587
37,MC | F-fooof-per | none | ENR,-0.08325769528003679,-0.16728998086066904
37,MC | F-fooof-per | none | SVR,0.013833973427621937,0.18902017415431588
37,MC | F-fooof-per | none | Anchor,-0.23421604639149218,-0.008759976507370804
37,MC | F-fooof-per | none | ICP,-0.12778404668573384,-0.05700311445782844
37,MC | F-fooof-per | z | ENR,-0.08423876661535434,-0.18908278915071253
37,MC | F-fooof-per | z | SVR,-0.14232331824222988,-0.09826289778970766
37,MC | F-fooof-per | z | Anchor,-0.13840969336793885,-0.1465873324648377
37,MC | F-fooof-per | z | ICP,-0.14392044131980009,-0.09046640124783042
37,MC | F-rel | none | ENR,-0.12433898407631894,-0.3365900533289304
37,MC | F-rel | none | SVR,-0.2389481913426721,-0.15043645613882467
37,MC | F-rel | none | Anchor,-0.29605539506594036,-0.15776241084366416
37,MC | F-rel | none | ICP,-0.26548394999980407,-0.24069065740484913
37,MC | F-rel | z | ENR,-0.05795735853580686,-0.23181457306516706
37,MC | F-rel | z | SVR,-0.3713001356433254,-0.22276191294173053
37,MC | F-rel | z | Anchor,-2.4319647841098013,-0.1846540836504713
37,MC | F-rel | z | ICP,-0.2544617045850046,-0.2332885409136241
37,MC | F-asym | none | ENR,-0.11364930139116147,-0.2804508258000803
37,MC | F-asym | none | SVR,-0.21163533839784954,-0.16584102509571763
37,MC | F-asym | none | Anchor,-0.16897626411083544,-0.248048138017739
37,MC | F-asym | none | ICP,-0.15357155475044926,-0.20071957755430303
37,MC | F-asym | z | ENR,-0.06422233986989667,-0.29955687206207304
37,MC | F-asym | z | SVR,-0.12432957772173459,-0.06267602153939025
37,MC | F-asym | z | Anchor,-0.37505037115518625,-0.20727008186003812
37,MC | F-asym | z | ICP,-0.08183845626775588,-0.14016972830399543
37,MC | F-riem | none | ENR,-0.0366481571427093,-0.2440909740823587
37,MC | F-riem | none | SVR,-0.5862518621037482,-0.19299643810993158
37,MC | F-riem | none | Anchor,-1.1496160757285927,-0.2616698881330357
37,MC | F-riem | none | ICP,-0.2248854958254478,-0.23539324446409182
37,MC | F-riem | z | ENR,-0.0366481571427093,-0.2440909740823587
37,MC | F-riem | z | SVR,-0.11081994815410412,-0.08128468606773148
37,MC | F-riem | z | Anchor,-0.28686625234522434,-0.1375662299065629
37,MC | F-riem | z | ICP,-0.04063740123919368,-0.19372819884291126
37,MC | F-riem | riem | ENR,-0.09091960025157397,-0.06026248728084681
37,MC | F-riem | riem | SVR,-0.0357246673598175,0.04624913473639611
37,MC | F-riem | riem | Anchor,-0.2929021214126215,-0.12144924137471765
37,MC | F-riem | riem | ICP,-0.28776319893557556,-0.18835082215885832
38,noMC | F-band | none | ENR,-0.03425061474554969,-0.0416776389340488
38,noMC | F-band | none | SVR,-0.2632667102064081,-0.13115383335296904
38,noMC | F-band | none | Anchor,-1.7060050144571264,-0.1477063663461421
38,noMC | F-band | none | ICP,-0.0638916384267385,-0.06281563108059901
38,noMC | F-band | z | ENR,-0.030935539091884845,0.042685538479205906
38,noMC | F-band | z | SVR,-0.4128959693458929,-0.029647864289494497
38,noMC | F-band | z | Anchor,-0.1998655967090892,-0.03246238302008086
38,noMC | F-band | z | ICP,-0.05789231165327302,0.008783645024168805
38,noMC | F-fooof-per | none | ENR,-0.8915936410686418,-0.2588830649227151
38,noMC | F-fooof-per | none | SVR,-0.599379797023329,-0.24686206999926347
38,noMC | F-fooof-per | none | Anchor,-1.0506256521227217,-0.21307479020402983
38,noMC | F-fooof-per | none | ICP,-0.06269169636414018,-0.10420879188073971
38,noMC | F-fooof-per | z | ENR,-0.12451424690382806,-0.17476428197603014
38,noMC | F-fooof-per | z | SVR,-0.16805558825283207,-0.1441131271173326
38,noMC | F-fooof-per | z | Anchor,-0.7925380968051541,0.06730574095783182
38,noMC | F-fooof-per | z | ICP,-0.17259626001865347,-0.25705001472350586
38,noMC | F-rel | none | ENR,-0.03698412895925074,-0.2446051637394962
38,noMC | F-rel | none | SVR,-0.20604566204481567,-0.027690820322506502
38,noMC | F-rel | none | Anchor,-1.4044117044885533,-0.09384654319857137
38,noMC | F-rel | none | ICP,-0.037527301154160364,-0.26746568097935985
38,noMC | F-rel | z | ENR,-0.07335315107756246,-0.11162406194548827
38,noMC | F-rel | z | SVR,-0.49217248285297677,-0.18163760140904756
38,noMC | F-rel | z | Anchor,-0.9857360750557855,-0.023044405137655023
38,noMC | F-rel | z | ICP,-0.14144882394829605,-0.10066967553921378
38,noMC | F-asym | none | ENR,-0.11062648592974256,-0.276300539836463
38,noMC | F-asym | none | SVR,-0.7973958984228149,-0.20051721483645948
38,noMC | F-asym | none | Anchor,-0.7632325239494895,-0.2940577728907946
38,noMC | F-asym | none | ICP,-0.09002336630288355,-0.2833671895358416
38,noMC | F-asym | z | ENR,-0.17151495381531112,-0.28781571015658425
38,noMC | F-asym | z | SVR,-0.22342061323040796,-0.29115735357048966
38,noMC | F-asym | z | Anchor,-0.39719845538661014,0.14340157019731167
38,noMC | F-asym | z | ICP,-0.7173524024529399,0.08444361039649925
38,noMC | F-riem | none | ENR,-0.037527301154160364,-0.26746568097935985
38,noMC | F-riem | none | SVR,-0.21907610438909142,-0.2677643281996329
38,noMC | F-riem | none | Anchor,-0.2007084393355787,-0.18527124631715258
38,noMC | F-riem | none | ICP,-0.32296381950181297,-0.258832716548126
38,noMC | F-riem | z | ENR,-0.1861254794174927,-0.14945807381615278
38,noMC | F-riem | z | SVR,-0.21798852944084013,-0.18121170775264628
38,noMC | F-riem | z | Anchor,-0.31074513382700863,-0.08108938299063972
38,noMC | F-riem | z | ICP,-0.9945510630505794,-0.19994106900892106
38,noMC | F-riem | riem | ENR,-0.08045079725058901,-0.22912262526253985
38,noMC | F-riem | riem | SVR,-0.12203786450215182,-0.0973759276761556
38,noMC | F-riem | riem | Anchor,-0.32901389105245515,-0.11203639793941989
38,noMC | F-riem | riem | ICP,-0.6594907929664151,-0.2645513197316417
38,MC | F-band | none | ENR,-0.040506006266117334,-0.26191293543610406
38,MC | F-band | none | SVR,-0.27312653003610454,-0.1534304269872676
38,MC | F-band | none | Anchor,-1.8611547680953557,-0.15951915579823284
38,MC | F-band | none | ICP,-0.22356903407990036,-0.2360428770524596
38,MC | F-band | z | ENR,-0.06637789776186542,-0.1537353065128514
38,MC | F-band | z | SVR,-0.38636251941604716,-0.17689124654909244
38,MC | F-band | z | Anchor,-0.43642656246059097,-0.15701443655683534
38,MC | F-band | z | ICP,-0.09454699136619427,-0.24529557814539682
38,MC | F-fooof-per | none | ENR,-0.3408252175619253,-0.24616476652914981
38,MC | F-fooof-per | none | SVR,-0.5073035135229633,-0.2712354234694029
38,MC | F-fooof-per | none | Anchor,-0.2922212108371085,-0.2059296957344404
38,MC | F-fooof-per | none | ICP,-0.19012485961669467,-0.23835489137706373
38,MC | F-fooof-per | z | ENR,-0.14697225220647847,-0.2170223573586876
38,MC | F-fooof-per | z | SVR,-0.261088325768426,-0.2364051683680795
38,MC | F-fooof-per | z | Anchor,-0.367826092603883,-0.25217596853972796
38,MC | F-fooof-per | z | ICP,-0.18585765260714915,-0.21933209485940117
38,MC | F-rel | none | ENR,-0.040506006266117334,-0.26191293543610417
38,MC | F-rel | none | SVR,-0.16640887445926866,-0.05640122303365996
38,MC | F-rel | none | Anchor,-0.6869064657858148,-0.17736708837023085
38,MC | F-rel | none | ICP,-0.14183571610739376,-0.2816081957511053
38,MC | F-rel | z | ENR,-0.05658689468444744,-0.20541007590239246
38,MC | F-rel | z | SVR,-0.2960017997947162,-0.2571661406729979
38,MC | F-rel | z | Anchor,-1.5980621918588644,-0.039385106391191166
38,MC | F-rel | z | ICP,-0.040506006266117334,-0.26191293543610417
38,MC | F-asym | none | ENR,-0.040506006266117334,-0.2619129354361041
38,MC | F-asym | none | SVR,-0.38675884233728675,-0.24057743724072433
38,MC | F-asym | none | Anchor,-0.13736551161492727,-0.2581350336638998
38,MC | F-asym | none | ICP,-0.08797467529456138,-0.2572038021943638
38,MC | F-asym | z | ENR,-0.1352508906173835,-0.32591247857428707
38,MC | F-asym | z | SVR,-0.2868140086512232,-0.3436454700195505
38,MC | F-asym | z | Anchor,-0.3678543808698347,-0.15051281801573596
38,MC | F-asym | z | ICP,-0.04697625452055232,-0.06426395725730641
38,MC | F-riem | none | ENR,-0.040506006266117334,-0.26191293543610417
38,MC | F-riem | none | SVR,-0.5416159588951759,-0.3173369517062623
38,MC | F-riem | none | Anchor,-0.8563109043236143,-0.23145050524797273
38,MC | F-riem | none | ICP,-0.103908074274071,-0.2773586022747425
38,MC | F-riem | z | ENR,-0.11210449540465595,-0.0875372878310792
38,MC | F-riem | z | SVR,-0.21417172606898127,-0.21375443848113684
38,MC | F-riem | z | Anchor,-1.0525237515248125,-0.19177499839559042
38,MC | F-riem | z | ICP,-0.27769974051635415,-0.4465785892534029
38,MC | F-riem | riem | ENR,-0.04903016644695546,-0.2163535383446745
38,MC | F-riem | riem | SVR,-0.134923381288931,-0.14401780605329226
38,MC | F-riem | riem | Anchor,-3.428238268437897,-0.22978836068596944
38,MC | F-riem | riem | ICP,-0.04182423349420228,-0.18161088261553862
39,noMC | F-band | none | ENR,-0.04039378359484158,-0.241215949168483
39,noMC | F-band | none | SVR,-0.858806415903222,-0.18683422090667426
39,noMC | F-band | none | Anchor,-5.148484803810406,-0.22707721390788352
39,noMC | F-band | none | ICP,-0.11218964482797977,-0.14113043822221316
39,noMC | F-band | z | ENR,-0.13575104859496245,-0.18971850737315674
39,noMC | F-band | z | SVR,-0.15743301322362613,-0.21395921745663848
39,noMC | F-band | z | Anchor,-1.0497562718471554,0.08914625268380458
39,noMC | F-band | z | ICP,-0.06313520756906188,-0.12825001990051516
39,noMC | F-fooof-per | none | ENR,-0.03559286644038373,-0.16989264565788814
39,noMC | F-fooof-per | none | SVR,-0.13805078408501292,-0.11402518223563478
39,noMC | F-fooof-per | none | Anchor,-0.2918321711281082,-0.025463698672899326
39,noMC | F-fooof-per | none | ICP,-0.07836228677025714,-0.24025863749106663
39,noMC | F-fooof-per | z | ENR,-0.03566383869563183,-0.24222202400449094
39,noMC | F-fooof-per | z | SVR,-0.23197332339533316,-0.20262320626308417
39,noMC | F-fooof-per | z | Anchor,-1.0530016520039989,-0.18172365937574636
39,noMC | F-fooof-per | z | ICP,-0.3200302826297676,-0.08054936276673405
39,noMC | F-rel | none | ENR,-0.04426344495942236,-0.24293377791059972
39,noMC | F-rel | none | SVR,-0.1588771390051238,-0.06015994763056828
39,noMC | F-rel | none | Anchor,-3.068882970914144,-0.23137333710198216
39,noMC | F-rel | none | ICP,-0.10753972600989359,-0.20204913974889804
39,noMC | F-rel | z | ENR,-0.15116289800973126,-0.19626525788466206
39,noMC | F-rel | z | SVR,-0.34158152163717426,-0.2182036780717364
39,noMC | F-rel | z | Anchor,-3.8554855266637036,-0.20085088186117372
39,noMC | F-rel | z | ICP,-0.07389019757761961,-0.16014816196073814
39,noMC | F-asym | none | ENR,-0.5323217462229961,-0.17649504825955986
39,noMC | F-asym | none | SVR,-0.5567801582530747,-0.1043196957215031
39,noMC | F-asym | none | Anchor,-0.5784557290846666,-0.18474216893118564
39,noMC | F-asym | none | ICP,-0.03998478769571401,-0.15950766473186417
39,noMC | F-asym | z | ENR,-0.07707356299790202,-0.28490665972413587
39,noMC | F-asym | z | SVR,-0.14130264373326162,-0.14821845106618992
39,noMC | F-asym | z | Anchor,-0.500436208695578,0.17726688500358817
39,noMC | F-asym | z | ICP,-0.3658998124141575,0.1220072013298612
39,noMC | F-riem | none | ENR,-0.043595494502913335,-0.10919341678477526
39,noMC | F-riem | none | SVR,-0.46044910783311876,-0.11281574297788939
39,noMC | F-riem | none | Anchor,-0.8001919281508447,-0.1608886401013626
39,noMC | F-riem | none | ICP,-0.5145198983283354,-0.22615282346147614
39,noMC | F-riem | z | ENR,-0.02811715343536636,-0.02322255696185347
39,noMC | F-riem | z | SVR,-0.21361307197192625,-0.11157691006141529
39,noMC | F-riem | z | Anchor,-0.5761527366814223,-0.020563227325090448
39,noMC | F-riem | z | ICP,-0.17662700274155374,-0.20690132783345866
39,noMC | F-riem | riem | ENR,-0.03479492815982255,-0.24361646572693924
39,noMC | F-riem | riem | SVR,-0.11158970156050474,0.017269138292611504
39,noMC | F-riem | riem | Anchor,-0.2159740487337174,0.017247378748642087
39,noMC | F-riem | riem | ICP,-0.04466145914408126,-0.24266261585576426
39,MC | F-band | none | ENR,-0.036128011386017844,-0.24515490423360398
39,MC | F-band | none | SVR,-0.380619943884537,-0.23894083214060963
39,MC | F-band | none | Anchor,-0.29657579233123044,-0.30532802913502644
39,MC | F-band | none | ICP,-0.2056520391097456,-0.21410971959175598
39,MC | F-band | z | ENR,-0.07048685404806054,-0.1666460266036305
39,MC | F-band | z | SVR,-0.3381458715414545,-0.18581918665727665
39,MC | F-band | z | Anchor,-0.9380889246472988,0.06882369486984094
39,MC | F-band | z | ICP,-0.18654684481129058,0.058596240395452664
39,MC | F-fooof-per | none | ENR,-0.057969577965880426,-0.3174498508406569
39,MC | F-fooof-per | none | SVR,-0.07552082992206821,-0.07053542891664834
39,MC | F-fooof-per | none | Anchor,-0.12675572866611384,-0.07269731227991579
39,MC | F-fooof-per | none | ICP,-0.07433511792454817,-0.10843477371129576
39,MC | F-fooof-per | z | ENR,-0.04926901393523897,-0.0920729693777064
39,MC | F-fooof-per | z | SVR,-0.22470680678151678,-0.2138228216847217
39,MC | F-fooof-per | z | Anchor,-0.16877883051098075,-0.04831689976103143
39,MC | F-fooof-per | z | ICP,-0.036128011386017844,-0.24515490423360398
39,MC | F-rel | none | ENR,-0.036128011386017844,-0.24515490423360398
39,MC | F-rel | none | SVR,-0.4158313382367256,-0.16524964295377775
39,MC | F-rel | none | Anchor,-1.355824160889184,-0.25694276784934383
39,MC | F-rel | none | ICP,-0.26330254407037734,-0.24100917534957195
39,MC | F-rel | z | ENR,-0.03749165412153621,-0.2500479164477551
39,MC | F-rel | z | SVR,-0.2221058920625678,-0.25551546022473565
39,MC | F-rel | z | Anchor,-2.8422301628810467,-0.22972947511046507
39,MC | F-rel | z | ICP,-0.08433098386018179,-0.17642947290128733
39,MC | F-asym | none | ENR,-0.1140005130373849,-0.24974549181807115
39,MC | F-asym | none | SVR,-0.1583724523565906,0.03380875059897611
39,MC | F-asym | none | Anchor,-0.18425488429762904,-0.22568225961985894
39,MC | F-asym | none | ICP,-0.02380689283630444,-0.1612177256346956
39,MC | F-asym | z | ENR,-0.15926444576177512,-0.15228214884354835
39,MC | F-asym | z | SVR,-0.19439653973236726,-0.1329042608903011
39,MC | F-asym | z | Anchor,-0.36444803228213085,0.003662258301775214
39,MC | F-asym | z | ICP,-0.13380807124368177,-0.12487693414337311
39,MC | F-riem | none | ENR,-0.032713442790832215,-0.12510493539748438
39,MC | F-riem | none | SVR,-0.42465617851532556,-0.10873811199807734
39,MC | F-riem | none | Anchor,-1.2543302217645298,0.22094250759113787
39,MC | F-riem | none | ICP,-0.0015090598764533336,0.1381811183234889
39,MC | F-riem | z | ENR,-0.043674672349773624,0.05048604176163168
39,MC | F-riem | z | SVR,-0.12687393362056887,-0.07060892674616785
39,MC | F-riem | z | Anchor,-0.32233437418864486,0.0554117357741489
39,MC | F-riem | z | ICP,-0.03071512598501469,-0.018895477176513333
39,MC | F-riem | riem | ENR,-0.036128011386017844,-0.24515490423360398
39,MC | F-riem | riem | SVR,0.01606429390818076,0.1655639295648655
39,MC | F-riem | riem | Anchor,-0.4824438963432207,0.12709847477284553
39,MC | F-riem | riem | ICP,-0.06279579577592731,-0.21561791706060845
40,noMC | F-band | none | ENR,-0.042516888496174854,0.005428467197817338
40,noMC | F-band | none | SVR,-0.14816715464723873,-0.116189453704861
40,noMC | F-band | none | Anchor,-0.1070316990060014,0.09108004257427674
40,noMC | F-band | none | ICP,-0.06691378048649477,-0.10422281717065549
40,noMC | F-band | z | ENR,-0.04837074712073197,0.06872087243322703
40,noMC | F-band | z | SVR,-0.16075815778977298,-0.10915811398331393
40,noMC | F-band | z | Anchor,-1.0661885097134665,0.17870842130506395
40,noMC | F-band | z | ICP,-0.03885547759595265,-0.2710019513489045
40,noMC | F-fooof-per | none | ENR,-0.03885547759595265,-0.2710019513489045
40,noMC | F-fooof-per | none | SVR,-0.1662053793786742,-0.07625291493899801
40,noMC | F-fooof-per | none | Anchor,-0.29903599594651165,-0.1267642240542672
40,noMC | F-fooof-per | none | ICP,-0.14708546061553496,-0.24928035705681606
40,noMC | F-fooof-per | z | ENR,-0.12303082930560172,-0.2010243746053908
40,noMC | F-fooof-per | z | SVR,-0.16786905035177369,-0.10449086068296298
40,noMC | F-fooof-per | z | Anchor,-0.6913272636512842,-0.23276813634504773
40,noMC | F-fooof-per | z | ICP,-0.035958139595087646,-0.19722728577564055
40,noMC | F-rel | none | ENR,-0.0792647789226324,-0.2295947944768181
40,noMC | F-rel | none | SVR,-0.13889366328928787,-0.15914732050433528
40,noMC | F-rel | none | Anchor,-0.38686768597679055,-0.1409817976825012
40,noMC | F-rel | none | ICP,-0.30035089431864703,-0.15572261604665144
40,noMC | F-rel | z | ENR,-0.03248498633166519,-0.21327029868637043
40,noMC | F-rel | z | SVR,-0.11046454497059366,-0.11950476706274092
40,noMC | F-rel | z | Anchor,-0.656525574835076,-0.19907265237929261
40,noMC | F-rel | z | ICP,-0.07718722912032638,-0.13530968914503816
40,noMC | F-asym | none | ENR,-0.05977071506055309,-0.2567912421245031
40,noMC | F-asym | none | SVR,-0.346935055778846,-0.2815660431772605
40,noMC | F-asym | none | Anchor,-0.8259480183683061,-0.23493350043212435
40,noMC | F-asym | none | ICP,-0.03885547759595265,-0.2710019513489045
40,noMC | F-asym | z | ENR,-0.04448759767928223,-0.2712048015318533
40,noMC | F-asym | z | SVR,-0.24726435994940044,-0.2562499269359781
40,noMC | F-asym | z | Anchor,-0.9468067778060432,-0.045773870738390635
40,noMC | F-asym | z | ICP,-0.5377659271352049,-0.20854847254263292
40,noMC | F-riem | none | ENR,-0.04835246408788074,-0.2366832990444991
40,noMC | F-riem | none | SVR,-0.20554604062715232,-0.21501264522942576
40,noMC | F-riem | none | Anchor,-0.30763327855634137,-0.07330513628433236
40,noMC | F-riem | none | ICP,-0.03885547759595265,-0.2710019513489045
40,noMC | F-riem | z | ENR,-0.04166052268662912,-0.2835253462676158
40,noMC | F-riem | z | SVR,-0.15308400257222532,-0.0264947372702883
40,noMC | F-riem | z | Anchor,-1.4044025205031554,0.02875407894407684
40,noMC | F-riem | z | ICP,-0.21940636012377102,-0.2547282185438574
40,noMC | F-riem | riem | ENR,-0.18643637718810058,-0.19681887952832375
40,noMC | F-riem | riem | SVR,-0.048792055464515593,0.012483184712039862
40,noMC | F-riem | riem | Anchor,-0.28734487538326103,-0.03656794391384679
40,noMC | F-riem | riem | ICP,-0.3887929638962049,-0.21161849652614775
40,MC | F-band | none | ENR,-0.04112516402655286,-0.08255686645343426
40,MC | F-band | none | SVR,-0.23196161598327425,-0.08894065472343811
40,MC | F-band | none | Anchor,-0.7537714292010498,-0.19817362150634305
40,MC | F-band | none | ICP,-0.04926351320623801,-0.2221994289312604
40,MC | F-band | z | ENR,-0.03945488947605069,-0.26691262394088894
40,MC | F-band | z | SVR,-0.24650131648586115,-0.11738321809401638
40,MC | F-band | z | Anchor,-0.17712357239001109,-0.043147449259286486
40,MC | F-band | z | ICP,-0.07829655650345213,0.008868742285958789
40,MC | F-fooof-per | none | ENR,-0.044024049501171225,-0.2527720213309785
40,MC | F-fooof-per | none | SVR,-0.16511524847745762,-0.07274661131087366
40,MC | F-fooof-per | none | Anchor,-0.10206625824730486,-0.11312638958378331
40,MC | F-fooof-per | none | ICP,-0.03632490878786565,0.06955659990475878
40,MC | F-fooof-per | z | ENR,-0.009243753013857381,0.10290145241159918
40,MC | F-fooof-per | z | SVR,-0.14334036803413674,-0.055064063231572515
40,MC | F-fooof-per | z | Anchor,-0.03356871543721596,0.005637118834273969
40,MC | F-fooof-per | z | ICP,-1.9021954440633206,0.05719446844084965
40,MC | F-rel | none | ENR,-0.06850380628637365,-0.3267430587041348
40,MC | F-rel | none | SVR,-0.09192261439265437,0.02073400665873993
40,MC | F-rel | none | Anchor,-0.2061224182776129,-0.3430762773667224
40,MC | F-rel | none | ICP,-0.10918739384285381,-0.3253282127793147
40,MC | F-rel | z | ENR,-0.14227354126281822,-0.13484276489253322
40,MC | F-rel | z | SVR,-0.17311190277519883,-0.1954009510340214
40,MC | F-rel | z | Anchor,-0.18945336992086115,-0.07301441899280395
40,MC | F-rel | z | ICP,-0.02017691982565739,-0.07907097828223847
40,MC | F-asym | none | ENR,-0.03786854088375535,-0.26514484775523556
40,MC | F-asym | none | SVR,-0.23727528995941594,-0.17380121899357587
40,MC | F-asym | none | Anchor,-0.19150247855250702,-0.23941941632960356
40,MC | F-asym | none | ICP,-0.09252381745219695,-0.2313643464379809
40,MC | F-asym | z | ENR,-0.03786854088375535,-0.26514484775523567
40,MC | F-asym | z | SVR,-0.15327606896221524,-0.036092031807930136
40,MC | F-asym | z | Anchor,-0.7223877751523315,-0.26728711272925315
40,MC | F-asym | z | ICP,-0.2876465637345724,-0.17899246319890788
40,MC | F-riem | none | ENR,-0.0591917964235984,-0.30648912297112096
40,MC | F-riem | none | SVR,-0.42942523558357903,-0.18363523177235822
40,MC | F-riem | none | Anchor,-0.12126829699163211,0.017239189697630518
40,MC | F-riem | none | ICP,-0.04162364049923739,-0.13054250856411045
40,MC | F-riem | z | ENR,-0.03786854088375535,-0.26514484775523556
40,MC | F-riem | z | SVR,-0.11977940476337023,-0.17256789269692763
40,MC | F-riem | z | Anchor,-0.5565030670120898,0.05098934592123773
40,MC | F-riem | z | ICP,-0.12516561644759272,-0.27232855130735245
40,MC | F-riem | riem | ENR,-0.12672097867577792,-0.20554766016768108
40,MC | F-riem | riem | SVR,-0.09219436477299814,-0.06786636824083
40,MC | F-riem | riem | Anchor,-0.1984533955334573,-0.039501621761781014
40,MC | F-riem | riem | ICP,-0.05994585379008832,-0.1382766874087625
41,noMC | F-band | none | ENR,-0.03828392967268579,-0.256721205282561
41,noMC | F-band | none | SVR,-0.26257033622951464,-0.2509996393595525
41,noMC | F-band | none | Anchor,-0.7758502971377177,-0.2984342599994949
41,noMC | F-band | none | ICP,-0.3892658629292174,-0.2255266804186734
41,noMC | F-band | z | ENR,-0.04014555414041876,-0.2650517595911128
41,noMC | F-band | z | SVR,-0.17425062700120186,-0.28598715333571856
41,noMC | F-band | z | Anchor,-1.2324551039540776,-0.12798257288807074
41,noMC | F-band | z | ICP,-0.03828392967268579,-0.256721205282561
41,noMC | F-fooof-per | none | ENR,-0.07160398840391968,-0.23259444119801687
41,noMC | F-fooof-per | none | SVR,-0.30640566307294637,-0.17431271187423913
41,noMC | F-fooof-per | none | Anchor,-0.18316733280955,-0.18463293172094264
41,noMC | F-fooof-per | none | ICP,-0.21352352769124727,-0.2537575555104529
41,noMC | F-fooof-per | z | ENR,-0.06156431701622034,-0.243317534763396
41,noMC | F-fooof-per | z | SVR,-0.18336077918882854,-0.07156998377024884
41,noMC | F-fooof-per | z | Anchor,-0.26319032701221134,-0.11755171206764575
41,noMC | F-fooof-per | z | ICP,-0.2394820054744613,-0.24522429354493486
41,noMC | F-rel | none | ENR,-0.12206146421169595,-0.33929874770928603
41,noMC | F-rel | none | SVR,-0.20914071593656614,-0.18474656500490896
41,noMC | F-rel | none | Anchor,-0.40206234763279447,-0.1993640578021125
41,noMC | F-rel | none | ICP,-0.06522136362425845,-0.1514318787107913
41,noMC | F-rel | z | ENR,-0.03828392967268579,-0.256721205282561
41,noMC | F-rel | z | SVR,-0.3137565981777999,-0.2657767039474104
41,noMC | F-rel | z | Anchor,-0.8102459367287604,-0.23013527655752056
41,noMC | F-rel | z | ICP,-0.22717516871464927,-0.20192118686940727
41,noMC | F-asym | none | ENR,-0.11614790987995827,-0.28555505138827153
41,noMC | F-asym | none | SVR,-0.2340202825984432,-0.20019322495847866
41,noMC | F-asym | none | Anchor,-0.2423718158321706,-0.14950926213647409
41,noMC | F-asym | none | ICP,-0.02899962126460487,-0.12240968080297425
41,noMC | F-asym | z | ENR,-0.11747681527271081,-0.4224280972313901
41,noMC | F-asym | z | SVR,-0.13161054083627044,-0.28450415928742456
41,noMC | F-asym | z | Anchor,-0.19213057265143663,-0.22678694956525416
41,noMC | F-asym | z | ICP,-0.1562399669615906,-0.12084004126362978
41,noMC | F-riem | none | ENR,-0.039437965813821974,-0.23024721443249543
41,noMC | F-riem | none | SVR,-0.25326841566626146,-0.15508047611032624
41,noMC | F-riem | none | Anchor,-3.72515295375643,-0.2010872009853242
41,noMC | F-riem | none | ICP,-0.32472984770357116,-0.21617082070340465
41,noMC | F-riem | z | ENR,-0.044859885497547936,-0.22308701875668002
41,noMC | F-riem | z | SVR,-0.1831829590723708,-0.07982347733305538
41,noMC | F-riem | z | Anchor,-0.5169453297567856,-0.13959831781971913
41,noMC | F-riem | z | ICP,-0.14117826714607218,-0.20345970363652682
41,noMC | F-riem | riem | ENR,-0.05206533022093951,-0.17503435223023134
41,noMC | F-riem | riem | SVR,-0.011264753755198642,0.05928085298367264
41,noMC | F-riem | riem | Anchor,-0.592588024627146,-0.12511999544680846
41,noMC | F-riem | riem | ICP,-0.03828392967268579,-0.256721205282561
41,MC | F-band | none | ENR,-0.13557229209192112,-0.3418191198307994
41,MC | F-band | none | SVR,-0.42211287431756106,-0.11538335510416459
41,MC | F-band | none | Anchor,-0.6298575815453871,-0.24027701762828163
41,MC | F-band | none | ICP,-0.18391931010951668,-0.15641430982967247
41,MC | F-band | z | ENR,-0.184132246741064,-0.17456561525547898
41,MC | F-band | z | SVR,-0.40618074887684763,-0.055546583182975534
41,MC | F-band | z | Anchor,-1.1036923076571759,-0.031048008311023646
41,MC | F-band | z | ICP,-0.08871855685811014,-0.2223386162158773
41,MC | F-fooof-per | none | ENR,-0.08134110669998829,-0.19940825823885777
41,MC | F-fooof-per | none | SVR,-0.08636619475109653,0.04604949719633141
41,MC | F-fooof-per | none | Anchor,-0.3384691083473621,0.05669004591527941
41,MC | F-fooof-per | none | ICP,-0.10491579937112272,-0.1014506316050005
41,MC | F-fooof-per | z | ENR,-0.09641315207093282,-0.19096083725507218
41,MC | F-fooof-per | z | SVR,-0.3063774880517909,-0.17781580008563982
41,MC | F-fooof-per | z | Anchor,-0.2114100621325874,-0.17358664177739136
41,MC | F-fooof-per | z | ICP,-0.14216429821174592,-0.12317504997230201
41,MC | F-rel | none | ENR,-0.08861350426192849,-0.37461972349783196
41,MC | F-rel | none | SVR,-0.17974308655335758,-0.19384869329125934
41,MC | F-rel | none | Anchor,-0.42684313910264327,-0.25319119488016595
41,MC | F-rel | none | ICP,-0.11731111551492202,-0.19987360058858603
41,MC | F-rel | z | ENR,-0.04097063136870083,-0.24442084494775754
41,MC | F-rel | z | SVR,-0.2688393473659949,-0.2618710522314067
41,MC | F-rel | z | Anchor,-1.6107904089869138,-0.183876929561187
41,MC | F-rel | z | ICP,-0.10688729591294832,-0.18699807040237104
41,MC | F-asym | none | ENR,-0.1191569851016061,-0.3103835978413719
41,MC | F-asym | none | SVR,-0.1900478211816976,-0.21370397482363934
41,MC | F-asym | none | Anchor,-0.18344301960652443,-0.13858400543079014
41,MC | F-asym | none | ICP,-0.11242262572831985,-0.1251265250482292
41,MC | F-asym | z | ENR,-0.08617588564206913,-0.3243296345839225
41,MC | F-asym | z | SVR,-0.24292973961271946,-0.18488986415236225
41,MC | F-asym | z | Anchor,-0.2323577727022781,-0.1804959259629335
41,MC | F-asym | z | ICP,-0.10024970559181057,-0.06688986696025105
41,MC | F-riem | none | ENR,-0.03963778654902672,-0.256468370227519
41,MC | F-riem | none | SVR,-0.3448962198529255,-0.056193598584514115
41,MC | F-riem | none | Anchor,-1.5940871765135807,-0.2073264536529504
41,MC | F-riem | none | ICP,-0.3704767304170855,-0.18989671180334203
41,MC | F-riem | z | ENR,-0.19068051202811898,-0.05572673807951245
41,MC | F-riem | z | SVR,-0.16569377172573563,0.018298751929490306
41,MC | F-riem | z | Anchor,-0.3318314422418791,0.06897851826681783
41,MC | F-riem | z | ICP,-0.2700159103979376,-0.16214858487772366
41,MC | F-riem | riem | ENR,-0.08839165097647417,-0.05679606263487346
41,MC | F-riem | riem | SVR,-0.049688592334731885,0.08049215769220519
41,MC | F-riem | riem | Anchor,-0.7934513557297622,-0.004739231221042499
41,MC | F-riem | riem | ICP,-0.7334063427641266,-0.18241198906752865
42,noMC | F-band | none | ENR,0.1262455028184405,0.37540076835027286
42,noMC | F-band | none | SVR,-0.039929297428614285,0.12263379340720765
42,noMC | F-band | none | Anchor,0.1064269510537229,0.34008615440628
42,noMC | F-band | none | ICP,-0.062045266633254936,-0.3813624810657673
42,noMC | F-band | z | ENR,0.060738966291286944,0.29316728842092676
42,noMC | F-band | z | SVR,-0.10032946576393642,-0.03392418597002069
42,noMC | F-band | z | Anchor,-0.5959098902240492,-0.030802669226523357
42,noMC | F-band | z | ICP,-0.062045266633254936,-0.3813624810657673
42,noMC | F-fooof-per | none | ENR,-0.08795422220490257,-0.3092035425577066
42,noMC | F-fooof-per | none | SVR,-0.3111837532001971,-0.19704034684556773
42,noMC | F-fooof-per | none | Anchor,-0.6472688966684554,-0.13701020899104438
42,noMC | F-fooof-per | none | ICP,-0.062045266633254936,-0.3813624810657673
42,noMC | F-fooof-per | z | ENR,-0.1373639631402126,-0.37369006623155043
42,noMC | F-fooof-per | z | SVR,-0.0864252654474793,0.06180378827862801
42,noMC | F-fooof-per | z | Anchor,-0.517826978666952,-0.01173112448315394
42,noMC | F-fooof-per | z | ICP,-0.08060327708988058,-0.23854384417459829
42,noMC | F-rel | none | ENR,-0.01998806276522469,0.1303074320719837
42,noMC | F-rel | none | SVR,-0.05435946795316293,0.1216788062155632
42,noMC | F-rel | none | Anchor,-0.028583529375766803,0.13638382797967497
42,noMC | F-rel | none | ICP,-0.062045266633254936,-0.3813624810657673
42,noMC | F-rel | z | ENR,0.049260840842185516,0.24793256282973147
42,noMC | F-rel | z | SVR,-0.06290465270082302,0.05022888965113383
42,noMC | F-rel | z | Anchor,-0.803691402725156,-0.03379590834294891
42,noMC | F-rel | z | ICP,-0.06147835480288455,0.014991687420726409
42,noMC | F-asym | none | ENR,-0.062045266633254936,-0.3813624810657673
42,noMC | F-asym | none | SVR,-0.27916865816117964,-0.17033682969970676
42,noMC | F-asym | none | Anchor,-0.2281881136844801,-0.3188898687897927
42,noMC | F-asym | none | ICP,-0.062045266633254936,-0.3813624810657673
42,noMC | F-asym | z | ENR,-0.7000247029857136,-0.19096556011423346
42,noMC | F-asym | z | SVR,-0.3818997495568486,-0.3417363336754241
42,noMC | F-asym | z | Anchor,-0.8066109364066876,-0.13770496357977202
42,noMC | F-asym | z | ICP,-0.07226583264371245,0.06168431645616011
42,noMC | F-riem | none | ENR,-0.19215447361876636,-0.3049261999850185
42,noMC | F-riem | none | SVR,-0.6474960495079098,-0.3126862990060826
42,noMC | F-riem | none | Anchor,-0.20694318633131226,-0.09604398486392743
42,noMC | F-riem | none | ICP,-0.08763817992529921,-0.39113247874904444
42,noMC | F-riem | z | ENR,-0.0702052418177781,-0.37537932231002347
42,noMC | F-riem | z | SVR,-0.1549167361891648,-0.16668827189348348
42,noMC | F-riem | z | Anchor,-4.3714043761734125,-0.389280012670553
42,noMC | F-riem | z | ICP,-0.07702427914884757,-0.2101783579315858
42,noMC | F-riem | riem | ENR,-0.07537473154940733,-0.3623403510291081
42,noMC | F-riem | riem | SVR,-0.11695532756603333,-0.2439721803011457
42,noMC | F-riem | riem | Anchor,-0.5824343597818802,-0.27242830304431276
42,noMC | F-riem | riem | ICP,-0.08401961558712134,-0.38867416349524886
42,MC | F-band | none | ENR,0.04954929333235791,0.24291541714770634
42,MC | F-band | none | SVR,-0.12984202034813808,0.01786232693947988
42,MC | F-band | none | Anchor,-0.059260883352774796,0.07551544817522356
42,MC | F-band | none | ICP,-0.06489650991861051,-0.3836922446215912
42,MC | F-band | z | ENR,-0.08432291281331672,0.17375208299681216
42,MC | F-band | z | SVR,-0.3035222768737327,-0.11040426211041973
42,MC | F-band | z | Anchor,-0.4407481471100765,-0.07793413195667284
42,MC | F-band | z | ICP,-0.03840262910770109,-0.03939710161808073
42,MC | F-fooof-per | none | ENR,-0.23152874583890992,-0.33777444588096345
42,MC | F-fooof-per | none | SVR,-0.244432978443883,-0.3287266334911645
42,MC | F-fooof-per | none | Anchor,-0.5203152803625455,-0.31787485217845535
42,MC | F-fooof-per | none | ICP,-0.08860986765704837,-0.371317521887681
42,MC | F-fooof-per | z | ENR,-0.285296361201576,-0.3914199960426665
42,MC | F-fooof-per | z | SVR,-0.3293427422566597,-0.2050762679765314
42,MC | F-fooof-per | z | Anchor,-0.40813385339118047,-0.3917525343460915
42,MC | F-fooof-per | z | ICP,-0.2639159024929407,0.07985908582600433
42,MC | F-rel | none | ENR,-0.028829609341243456,0.10036720883387937
42,MC | F-rel | none | SVR,-0.08061190583064781,0.10140193080261453
42,MC | F-rel | none | Anchor,-0.0778001606357408,0.07025285738110489
42,MC | F-rel | none | ICP,-0.06489650991861051,-0.3836922446215912
42,MC | F-rel | z | ENR,0.010407897961640766,0.18978488234664304
42,MC | F-rel | z | SVR,-0.11261641988218662,0.03220360846779503
42,MC | F-rel | z | Anchor,-0.8605355409799982,-0.1702604931298668
42,MC | F-rel | z | ICP,-0.06911666594279575,0.013027170048107675
42,MC | F-asym | none | ENR,-0.16532939473946806,-0.39312592125966317
42,MC | F-asym | none | SVR,-0.30012370861090143,-0.15330851668379292
42,MC | F-asym | none | Anchor,-0.2273409892488416,-0.3352351229664572
42,MC | F-asym | none | ICP,-0.06489650991861051,-0.3836922446215912
42,MC | F-asym | z | ENR,-0.06489650991861051,-0.38369224462159124
42,MC | F-asym | z | SVR,-0.5052545244601088,-0.36920133454706594
42,MC | F-asym | z | Anchor,-1.1057195082902784,-0.3057283496417893
42,MC | F-asym | z | ICP,-0.06489650991861051,-0.3836922446215912
42,MC | F-riem | none | ENR,-0.07172836851941145,-0.4225791954547594
42,MC | F-riem | none | SVR,-0.5037894382017949,-0.29983657407877984
42,MC | F-riem | none | Anchor,-1.0474536315396108,-0.1583354285186832
42,MC | F-riem | none | ICP,-0.13923700212558754,-0.16094440488015666
42,MC | F-riem | z | ENR,-0.07934486824182474,-0.4192152133787507
42,MC | F-riem | z | SVR,-0.2560805546774516,-0.24854384215174904
42,MC | F-riem | z | Anchor,-3.219880175459677,-0.3227098259824473
42,MC | F-riem | z | ICP,-0.39187080337885294,-0.07842948177260778
42,MC | F-riem | riem | ENR,-0.07900095844794319,-0.3975645941412248
42,MC | F-riem | riem | SVR,-0.18610410573057545,-0.28446745360013415
42,MC | F-riem | riem | Anchor,-0.6593226297349086,-0.22527861215817105
42,MC | F-riem | riem | ICP,-0.08487392445023256,-0.39093749701202246
43,noMC | F-band | none | ENR,-0.050434784910387,0.0788308549263932
43,noMC | F-band | none | SVR,-0.2059948511577141,-0.1593324034346041
43,noMC | F-band | none | Anchor,-0.05172702975043597,0.07414615553925
43,noMC | F-band | none | ICP,-0.06594937037557891,-0.1240928034854807
43,noMC | F-band | z | ENR,-0.10448431130188074,0.0774907717079942
43,noMC | F-band | z | SVR,-0.408615470233193,-0.20892116495782348
43,noMC | F-band | z | Anchor,-0.6261768775948928,0.22528472360055113
43,noMC | F-band | z | ICP,-0.04807836962642664,-0.14799786493421985
43,noMC | F-fooof-per | none | ENR,-0.21782698338636708,-0.11930219150484624
43,noMC | F-fooof-per | none | SVR,-0.2660369650823433,-0.1163279190615703
43,noMC | F-fooof-per | none | Anchor,-0.1924013434965839,-0.0014874085730218686
43,noMC | F-fooof-per | none | ICP,-0.05442642173019263,-0.3506009417351204
43,noMC | F-fooof-per | z | ENR,-0.0967872922771198,-0.24325311421564796
43,noMC | F-fooof-per | z | SVR,-0.23779927375602772,-0.13146380979603248
43,noMC | F-fooof-per | z | Anchor,-0.315667570823966,-0.1922072140001791
43,noMC | F-fooof-per | z | ICP,-0.0525902912449443,-0.18720856900299004
43,noMC | F-rel | none | ENR,-0.09372853153954441,-0.08307627000312878
43,noMC | F-rel | none | SVR,-0.11602112309443702,-0.06818990845315262
43,noMC | F-rel | none | Anchor,-0.17893996631949238,-0.03042965091326841
43,noMC | F-rel | none | ICP,0.0009489778129790905,0.07182534475417338
43,noMC | F-rel | z | ENR,-0.02867437200616174,0.22885917353370286
43,noMC | F-rel | z | SVR,-0.2607549956238173,-0.27637900678493654
43,noMC | F-rel | z | Anchor,-0.38159295122678083,0.2566548253199887
43,noMC | F-rel | z | ICP,-0.20003596908810395,-0.32873731768748105
43,noMC | F-asym | none | ENR,-0.05442642173019263,-0.35060094173512046
43,noMC | F-asym | none | SVR,-0.3444395444606978,-0.3286809770690163
43,noMC | F-asym | none | Anchor,-0.1923321248242178,-0.3022543284631126
43,noMC | F-asym | none | ICP,-0.05442642173019263,-0.3506009417351204
43,noMC | F-asym | z | ENR,-0.21094797402781063,-0.20448290148947607
43,noMC | F-asym | z | SVR,-0.2921182851018935,-0.3322546291136961
43,noMC | F-asym | z | Anchor,-0.37809912402135226,-0.043942432616898605
43,noMC | F-asym | z | ICP,-0.06185330486253293,0.06676587965937239
43,noMC | F-riem | none | ENR,0.04139781169891443,0.20527262370952676
43,noMC | F-riem | none | SVR,-0.18421548129190213,-0.16538452362858394
43,noMC | F-riem | none | Anchor,0.028401562588760032,0.22884929621807287
43,noMC | F-riem | none | ICP,-0.048897488650627485,-0.18068801029911927
43,noMC | F-riem | z | ENR,-0.05442642173019263,-0.3506009417351204
43,noMC | F-riem | z | SVR,-0.13200055395897214,-0.13949311340614404
43,noMC | F-riem | z | Anchor,-3.218153558592535,-0.1775749596418429
43,noMC | F-riem | z | ICP,-0.06505924362050286,-0.15123563103890822
43,noMC | F-riem | riem | ENR,-0.05820559650831503,-0.3520875425820461
43,noMC | F-riem | riem | SVR,-0.16259997907504342,-0.40062510160233744
43,noMC | F-riem | riem | Anchor,-0.6556333870301794,0.06450153432682314
43,noMC | F-riem | riem | ICP,-0.09758175663743551,-0.2923547710685839
43,MC | F-band | none | ENR,-0.15123668324188166,0.11156878057691828
43,MC | F-band | none | SVR,-1.1415382821116027,-0.28994288736989393
43,MC | F-band | none | Anchor,-0.007675273130578475,0.2561425919451835
43,MC | F-band | none | ICP,-0.07810958943600732,-0.3755367146020465
43,MC | F-band | z | ENR,-0.1047401686607099,0.1349155469405814
43,MC | F-band | z | SVR,-0.7763065553209783,-0.18129667395720256
43,MC | F-band | z | Anchor,-0.9934867691327902,-0.03746816427258917
43,MC | F-band | z | ICP,-0.13965693657609424,-0.3570052507210624
43,MC | F-fooof-per | none | ENR,-0.24685918926206418,-0.10237685824455411
43,MC | F-fooof-per | none | SVR,-0.375993919701507,-0.09487888640599251
43,MC | F-fooof-per | none | Anchor,-0.257466847283208,-0.028961498733724812
43,MC | F-fooof-per | none | ICP,-0.061889803766008944,-0.11137256804611358
43,MC | F-fooof-per | z | ENR,-0.09519232332177174,-0.32908614191262997
43,MC | F-fooof-per | z | SVR,-0.4046748275244394,-0.2453982814090614
43,MC | F-fooof-per | z | Anchor,-0.5337684233231106,-0.2897155779607581
43,MC | F-fooof-per | z | ICP,-0.0576512556509039,0.0672394754682568
43,MC | F-rel | none | ENR,-0.049593085827734695,0.058004109471150075
43,MC | F-rel | none | SVR,-0.06457838423601836,0.06454010321068923
43,MC | F-rel | none | Anchor,-0.03564113241383904,0.11769670148490155
43,MC | F-rel | none | ICP,-0.06356023754412132,-0.35865325088531963
43,MC | F-rel | z | ENR,-0.0178807929879079,0.1354584413352279
43,MC | F-rel | z | SVR,-0.3970336669032355,-0.22218280325971196
43,MC | F-rel | z | Anchor,-0.2461130291868836,-0.08309768095359835
43,MC | F-rel | z | ICP,-0.056661084200230416,-0.10604611471726602
43,MC | F-asym | none | ENR,-0.06356023754412132,-0.35865325088531963
43,MC | F-asym | none | SVR,-0.3774881797067937,-0.24319898372727589
43,MC | F-asym | none | Anchor,-0.23482311898528918,-0.3507013899217154
43,MC | F-asym | none | ICP,-0.06356023754412132,-0.35865325088531963
43,MC | F-asym | z | ENR,-0.06356023754412132,-0.3586532508853198
43,MC | F-asym | z | SVR,-0.4914503510333885,-0.3172568817829978
43,MC | F-asym | z | Anchor,-0.6662327585725729,-0.28863131209772497
43,MC | F-asym | z | ICP,-0.06356023754412132,-0.35865325088531963
43,MC | F-riem | none | ENR,-0.2924970380038374,-0.13112548892585402
43,MC | F-riem | none | SVR,-0.1983799605648291,-0.10274651621825154
43,MC | F-riem | none | Anchor,0.016572508254670715,0.25980167505006824
43,MC | F-riem | none | ICP,-0.06442370993253133,-0.11267080322194366
43,MC | F-riem | z | ENR,-1.403594907845064,-0.2548862141433212
43,MC | F-riem | z | SVR,-0.5423340061794328,-0.25257510812069517
43,MC | F-riem | z | Anchor,-2.5949118603805377,-0.17174655090390661
43,MC | F-riem | z | ICP,-0.5377845076594829,-0.10226196026515261
43,MC | F-riem | riem | ENR,-0.31957813495691867,-0.18631958492125775
43,MC | F-riem | riem | SVR,-0.5103225019081798,-0.27117761247084293
43,MC | F-riem | riem | Anchor,-0.4430009992991717,-0.038450950538828715
43,MC | F-riem | riem | ICP,-0.11723142298495359,-0.2126565744135472
44,noMC | F-band | none | ENR,-0.06462381110085502,-0.2468280127877657
44,noMC | F-band | none | SVR,-0.2752635550858995,-0.2927263080953023
44,noMC | F-band | none | Anchor,-0.719508895342025,-0.38605780708422777
44,noMC | F-band | none | ICP,-0.15155033912996174,-0.17842967864679588
44,noMC | F-band | z | ENR,-0.07251117544731112,-0.2577174726800071
44,noMC | F-band | z | SVR,-0.5395290716425434,-0.1871864787282597
44,noMC | F-band | z | Anchor,-1.8608866406205817,-0.1940205211797107
44,noMC | F-band | z | ICP,-0.040979931432734595,-0.2461868081488368
44,noMC | F-fooof-per | none | ENR,-0.04602146273880581,-0.22864941631601243
44,noMC | F-fooof-per | none | SVR,-0.1339988557905778,-0.07485367199133489
44,noMC | F-fooof-per | none | Anchor,-0.19321323183595052,-0.2425824924075855
44,noMC | F-fooof-per | none | ICP,-0.16299489970891679,-0.2045606634236889
44,noMC | F-fooof-per | z | ENR,-0.04474124918041156,-0.22779915799447917
44,noMC | F-fooof-per | z | SVR,-0.22638202071925395,-0.25780348456660357
44,noMC | F-fooof-per | z | Anchor,-0.40184994425892384,-0.3149597512519827
44,noMC | F-fooof-per | z | ICP,-0.06508173824415087,-0.22826102581112523
44,noMC | F-rel | none | ENR,-0.349370244710451,-0.22370682369490888
44,noMC | F-rel | none | SVR,-0.19234453188976675,-0.25161630126940926
44,noMC | F-rel | none | Anchor,-0.8384448513040346,-0.3839314621242452
44,noMC | F-rel | none | ICP,-0.04128832056866294,-0.2847610080050718
44,noMC | F-rel | z | ENR,-0.07890295233802602,-0.24400955775877864
44,noMC | F-rel | z | SVR,-0.2689083516491151,-0.33103770316288467
44,noMC | F-rel | z | Anchor,-1.1957607536530115,-0.3036812947775172
44,noMC | F-rel | z | ICP,-0.22113188922509286,-0.09648756383876148
44,noMC | F-asym | none | ENR,-0.186899791827301,-0.26820081427466536
44,noMC | F-asym | none | SVR,-0.3398099280101494,-0.3253224819216963
44,noMC | F-asym | none | Anchor,-0.22365294462607554,-0.2584083385237823
44,noMC | F-asym | none | ICP,-0.08178780701692268,-0.2997679549450446
44,noMC | F-asym | z | ENR,-0.1263770499798329,-0.19381805846476685
44,noMC | F-asym | z | SVR,-0.19780582414846615,-0.2906797489969422
44,noMC | F-asym | z | Anchor,-0.3198461634773577,-0.32378256598267785
44,noMC | F-asym | z | ICP,-0.4084460735749851,-0.2960531185872056
44,noMC | F-riem | none | ENR,-0.0495140020876661,-0.26300526114416206
44,noMC | F-riem | none | SVR,-0.16287030291063753,-0.1494198292326082
44,noMC | F-riem | none | Anchor,-0.6835740948159803,-0.1681359531240546
44,noMC | F-riem | none | ICP,-0.05502127631605913,-0.2241063118017152
44,noMC | F-riem | z | ENR,-0.04450629733034783,-0.2543400347340709
44,noMC | F-riem | z | SVR,-0.13278641709517358,-0.28988333140242123
44,noMC | F-riem | z | Anchor,-0.3427050196399555,-0.13908235111063885
44,noMC | F-riem | z | ICP,-0.14797051643636627,-0.2149155851806692
44,noMC | F-riem | riem | ENR,-0.10866223788995799,-0.14538720450913384
44,noMC | F-riem | riem | SVR,-0.03622465879742531,-0.04937393495179597
44,noMC | F-riem | riem | Anchor,-0.3770142115426178,-0.15872810896943967
44,noMC | F-riem | riem | ICP,-0.032863515911409236,-0.13070578432392446
44,MC | F-band | none | ENR,-0.11489752944435616,-0.22659348318124295
44,MC | F-band | none | SVR,-0.5526639612862425,-0.32142304059050403
44,MC | F-band | none | Anchor,-0.6344453680755735,-0.3625248613964517
44,MC | F-band | none | ICP,-0.06989475884422736,-0.267384377757624
44,MC | F-band | z | ENR,-0.039531992475936306,-0.2661278146658783
44,MC | F-band | z | SVR,-0.6274970344626836,-0.2687963378206869
44,MC | F-band | z | Anchor,-0.6852951660187421,-0.17236985822513645
44,MC | F-band | z | ICP,-0.08317493131763443,-0.07715047995403707
44,MC | F-fooof-per | none | ENR,-0.08117913312704128,-0.18342885830486583
44,MC | F-fooof-per | none | SVR,-0.11365908521415657,0.02797410888611373
44,MC | F-fooof-per | none | Anchor,-0.13653188072724665,0.19758821215042016
44,MC | F-fooof-per | none | ICP,-0.04039732440097055,-0.15105595509881078
44,MC | F-fooof-per | z | ENR,-0.07974336828364814,-0.11156500431106801
44,MC | F-fooof-per | z | SVR,-0.20411607317356495,-0.18569703901813792
44,MC | F-fooof-per | z | Anchor,-0.13387168994532073,-0.17295967676435015
44,MC | F-fooof-per | z | ICP,0.003356234829582694,0.09952749963604503
44,MC | F-rel | none | ENR,-0.07007575882839978,-0.304543956994728
44,MC | F-rel | none | SVR,-0.08403933513215511,0.015298320616769962
44,MC | F-rel | none | Anchor,-0.7365000697167077,-0.3728878095862796
44,MC | F-rel | none | ICP,-0.05485038494383687,-0.21180261552167123
44,MC | F-rel | z | ENR,-0.05103035293042235,-0.26581091429115167
44,MC | F-rel | z | SVR,-0.2568313745596731,-0.3411230845086685
44,MC | F-rel | z | Anchor,-1.106351532072213,-0.1903872046545834
44,MC | F-rel | z | ICP,-0.028077021565347193,-0.17538152848654956
44,MC | F-asym | none | ENR,-0.21548509773643665,-0.2560155883723215
44,MC | F-asym | none | SVR,-0.3496276686138564,-0.2903321737110849
44,MC | F-asym | none | Anchor,-0.26457562564366777,-0.24524307290675731
44,MC | F-asym | none | ICP,-0.039531992475936306,-0.2661278146658783
44,MC | F-asym | z | ENR,-0.3041247620079228,-0.15948656516711604
44,MC | F-asym | z | SVR,-0.18937740925740254,-0.10358151533536755
44,MC | F-asym | z | Anchor,-0.5991992796007217,-0.29373437577311623
44,MC | F-asym | z | ICP,-0.3970113494249605,-0.23434423577284494
44,MC | F-riem | none | ENR,-0.05159099966744973,-0.26302774379886934
44,MC | F-riem | none | SVR,-0.19411994178963754,-0.18191067137383304
44,MC | F-riem | none | Anchor,-0.3906328240670307,-0.19955871202619396
44,MC | F-riem | none | ICP,-0.03620887330876199,-0.1875724820080532
44,MC | F-riem | z | ENR,-0.3904493744215358,-0.03932708213622395
44,MC | F-riem | z | SVR,-0.11178870908617244,-0.10831368835471766
44,MC | F-riem | z | Anchor,-0.4753895961826913,-0.0510051568934192
44,MC | F-riem | z | ICP,-0.10644435774178396,-0.21107120011140007
44,MC | F-riem | riem | ENR,-0.20452390690471556,-0.09905756793946355
44,MC | F-riem | riem | SVR,-0.0426030952449874,0.02203335159631617
44,MC | F-riem | riem | Anchor,-0.41228905902348667,-0.03767511002227041
44,MC | F-riem | riem | ICP,-0.16652205522178098,-0.07809918552821707
45,noMC | F-band | none | ENR,-0.0358299817641663,-0.11512388052420346
45,noMC | F-band | none | SVR,-0.1245879324155641,-0.16081963930696577
45,noMC | F-band | none | Anchor,-0.022885180562736807,0.17737082177237362
45,noMC | F-band | none | ICP,-0.12417895268542667,-0.2050325385811516
45,noMC | F-band | z | ENR,-0.07243179776530084,-0.17071746853670602
45,noMC | F-band | z | SVR,-0.16584097938223086,-0.13992210404079303
45,noMC | F-band | z | Anchor,-0.7558875754242858,0.1571098214182986
45,noMC | F-band | z | ICP,-0.17501339679619932,-0.19073962043191592
45,noMC | F-fooof-per | none | ENR,-0.08099270900308109,-0.18942755369184786
45,noMC | F-fooof-per | none | SVR,-0.13846224183309608,0.06296903303317962
45,noMC | F-fooof-per | none | Anchor,-0.05350319627740263,0.18672080165861896
45,noMC | F-fooof-per | none | ICP,-0.03605786668237432,0.01156638320562026
45,noMC | F-fooof-per | z | ENR,-0.0005588787772754511,0.08942428833318061
45,noMC | F-fooof-per | z | SVR,-0.11476408944245797,-0.11741943523884875
45,noMC | F-fooof-per | z | Anchor,-0.5177680531157349,0.10183109239428495
45,noMC | F-fooof-per | z | ICP,-0.03230505963823216,-0.23378160734237113
45,noMC | F-rel | none | ENR,-0.03177102416987121,-0.15665776496110026
45,noMC | F-rel | none | SVR,-0.1403387907015512,-0.11799838623775509
45,noMC | F-rel | none | Anchor,-0.23628819940312007,-0.1437549918242672
45,noMC | F-rel | none | ICP,-0.02541158584424652,-0.05918075952271967
45,noMC | F-rel | z | ENR,-0.05160484794807574,-0.13615150368176177
45,noMC | F-rel | z | SVR,-0.07958397320445876,-0.11862312996338567
45,noMC | F-rel | z | Anchor,0.040360780223367754,0.22393758007084447
45,noMC | F-rel | z | ICP,-0.07158464920999696,-0.1388422264118233
45,noMC | F-asym | none | ENR,-0.05114958645579004,-0.14059891232503421
45,noMC | F-asym | none | SVR,-0.041353760589594835,0.06779461080383761
45,noMC | F-asym | none | Anchor,-0.06964183811506586,0.17097819716609686
45,noMC | F-asym | none | ICP,-0.03230505963823216,-0.23378160734237113
45,noMC | F-asym | z | ENR,-0.053104967554642224,-0.16705979413758076
45,noMC | F-asym | z | SVR,-0.00830059103160874,0.08305640605954075
45,noMC | F-asym | z | Anchor,-0.19255252673593648,-0.15433752309229623
45,noMC | F-asym | z | ICP,-0.03489254222233029,0.04564329992179439
45,noMC | F-riem | none | ENR,-0.13087496516847463,-0.19247201865527921
45,noMC | F-riem | none | SVR,-0.3101299467393037,-0.20428969874488268
45,noMC | F-riem | none | Anchor,-0.2332340279620404,-0.038033967413599254
45,noMC | F-riem | none | ICP,-0.049933658967324046,-0.21166818889298372
45,noMC | F-riem | z | ENR,-0.03230505963823216,-0.23378160734237113
45,noMC | F-riem | z | SVR,-0.18124127395035594,-0.042716985013922106
45,noMC | F-riem | z | Anchor,-0.962453541330853,0.20133399352743092
45,noMC | F-riem | z | ICP,-0.04351336172392695,-0.18253848648799986
45,noMC | F-riem | riem | ENR,-0.06277691316935141,-0.19576997548361852
45,noMC | F-riem | riem | SVR,-0.11878629334188329,-0.1299831052061288
45,noMC | F-riem | riem | Anchor,-0.17107565106012168,0.15877049977711258
45,noMC | F-riem | riem | ICP,-0.05889830415923014,-0.1424764463351277
45,MC | F-band | none | ENR,-0.039304369761099744,-0.2573764765239998
45,MC | F-band | none | SVR,-0.24868018070019815,-0.24977829526979994
45,MC | F-band | none | Anchor,-0.10244435214641134,-0.09451208383636336
45,MC | F-band | none | ICP,-0.059179339518551144,-0.17810853522583395
45,MC | F-band | z | ENR,-0.019211417680863763,0.050790640999847585
45,MC | F-band | z | SVR,-0.13720754701158722,-0.13466759728129818
45,MC | F-band | z | Anchor,-0.02590495002247528,0.030286157737757512
45,MC | F-band | z | ICP,0.020854683267824803,0.18450439485547232
45,MC | F-fooof-per | none | ENR,-0.04239158207292415,-0.2436813356055564
45,MC | F-fooof-per | none | SVR,-0.1123319846993105,0.0007668338309370151
45,MC | F-fooof-per | none | Anchor,-0.0032647064683437588,0.1981786911688386
45,MC | F-fooof-per | none | ICP,-0.04498551367759074,-0.10130620488589358
45,MC | F-fooof-per | z | ENR,-0.012498672607215378,-1.09998124029273e-05
45,MC | F-fooof-per | z | SVR,-0.10211194523753164,-0.03210134500786361
45,MC | F-fooof-per | z | Anchor,-1.3934324993948741,-0.0874240146977531
45,MC | F-fooof-per | z | ICP,-0.05266866894984101,-0.12124115430413523
45,MC | F-rel | none | ENR,-0.050064473694662937,-0.19900819814029458
45,MC | F-rel | none | SVR,-0.18273709212529887,-0.22459345368446818
45,MC | F-rel | none | Anchor,-0.18378549069573946,-0.15896245527426586
45,MC | F-rel | none | ICP,-0.06594687646830866,-0.18268965772604345
45,MC | F-rel | z | ENR,-0.032189847836520125,-0.12844175607902908
45,MC | F-rel | z | SVR,-0.09218584540476926,-0.11294972481281207
45,MC | F-rel | z | Anchor,-0.059635286755686856,0.14989061585285857
45,MC | F-rel | z | ICP,-0.044483474540484735,-0.20552512293349887
45,MC | F-asym | none | ENR,-0.05305828504323529,-0.19438586756077764
45,MC | F-asym | none | SVR,-0.08346960934089864,-0.05945768816813374
45,MC | F-asym | none | Anchor,-0.12179061409195846,-0.0050634100471970665
45,MC | F-asym | none | ICP,-0.03451504171119546,-0.23562425988281743
45,MC | F-asym | z | ENR,-0.06287156331576527,-0.24135745177108672
45,MC | F-asym | z | SVR,-0.029780465606120465,0.019693189002385418
45,MC | F-asym | z | Anchor,-0.18094715596146393,-0.11733577007451207
45,MC | F-asym | z | ICP,-0.06999776002577152,-0.05647221249581851
45,MC | F-riem | none | ENR,-0.12637098149804005,-0.11671932578567751
45,MC | F-riem | none | SVR,-0.10923840406190277,0.09976618474399143
45,MC | F-riem | none | Anchor,-0.31776493094846825,0.15711007075226835
45,MC | F-riem | none | ICP,-0.005407159044515941,0.17717828842429612
45,MC | F-riem | z | ENR,-0.04421525930094172,-0.21595561644462052
45,MC | F-riem | z | SVR,-0.11771708906854861,-0.05979746457112498
45,MC | F-riem | z | Anchor,-0.4979144672836171,-0.14214591873294014
45,MC | F-riem | z | ICP,-0.055155850589913236,-0.08305292283484234
45,MC | F-riem | riem | ENR,-0.03681204778264546,-0.21012203142190214
45,MC | F-riem | riem | SVR,-0.08446585890501024,-0.019097302738886004
45,MC | F-riem | riem | Anchor,-0.06071610577122688,0.11893062031092097
45,MC | F-riem | riem | ICP,-0.06653239049318671,-0.17327335043234893
46,noMC | F-band | none | ENR,-0.043155610236842445,-0.24844784450638668
46,noMC | F-band | none | SVR,-0.47340738948779726,-0.23995267051726982
46,noMC | F-band | none | Anchor,-0.4118232989393811,-0.30075848531914856
46,noMC | F-band | none | ICP,-0.07987183415775889,-0.20841560435269996
46,noMC | F-band | z | ENR,-0.06895908225791492,-0.2333161186468957
46,noMC | F-band | z | SVR,-0.17747103834271094,-0.267960900409943
46,noMC | F-band | z | Anchor,-0.26304933361471083,-0.11723598608135397
46,noMC | F-band | z | ICP,-0.04189397137226969,-0.2051766426774322
46,noMC | F-fooof-per | none | ENR,-0.05674699784104864,-0.24503280361616459
46,noMC | F-fooof-per | none | SVR,0.010266147757400201,0.18005166979307996
46,noMC | F-fooof-per | none | Anchor,0.05285014377654851,0.2518175175701954
46,noMC | F-fooof-per | none | ICP,-0.009423763652487649,-0.048582158190410965
46,noMC | F-fooof-per | z | ENR,-0.07392014831051008,-0.22744008569268503
46,noMC | F-fooof-per | z | SVR,-0.127684232310326,-0.08803650201853358
46,noMC | F-fooof-per | z | Anchor,-0.1722546790639008,-0.10200203150677417
46,noMC | F-fooof-per | z | ICP,-0.08759937857749445,-0.24113493492708837
46,noMC | F-rel | none | ENR,-0.13500712320524944,-0.2950926662306669
46,noMC | F-rel | none | SVR,-0.7143126817414496,-0.235476341932402
46,noMC | F-rel | none | Anchor,-0.45135110207179063,-0.26334552922641835
46,noMC | F-rel | none | ICP,-0.035309719208262536,-0.22803675734330436
46,noMC | F-rel | z | ENR,-0.059306984367711424,-0.23509531434457323
46,noMC | F-rel | z | SVR,-0.16035519805551868,-0.2521745092690609
46,noMC | F-rel | z | Anchor,-0.93892435753707,-0.16128619291809526
46,noMC | F-rel | z | ICP,-0.03426693610080278,-0.19935011464643165
46,noMC | F-asym | none | ENR,-0.07009777669327977,-0.19276220795693955
46,noMC | F-asym | none | SVR,-0.2447711457882653,-0.21865969457526313
46,noMC | F-asym | none | Anchor,-0.24242100930653288,-0.10365680354391815
46,noMC | F-asym | none | ICP,-0.031212833296187847,-0.059483340800925016
46,noMC | F-asym | z | ENR,-0.08140955815911877,-0.2417908750366742
46,noMC | F-asym | z | SVR,-0.16249558661918484,-0.19394311465753838
46,noMC | F-asym | z | Anchor,-0.6037871210137282,-0.3160234382647933
46,noMC | F-asym | z | ICP,-0.07276913156324483,-0.04171581217456899
46,noMC | F-riem | none | ENR,-0.05420569461318392,-0.2821878985173777
46,noMC | F-riem | none | SVR,-0.13388408066486224,-0.14227075730827726
46,noMC | F-riem | none | Anchor,-0.046081678582633456,0.08623467988807847
46,noMC | F-riem | none | ICP,-0.040884542826814085,0.0795771010324791
46,noMC | F-riem | z | ENR,-0.26638162366480955,-0.058051391824455754
46,noMC | F-riem | z | SVR,-0.1936266523651058,-0.08407402590545428
46,noMC | F-riem | z | Anchor,-0.11750774477434356,0.10734664921661866
46,noMC | F-riem | z | ICP,-0.04430874566939269,-0.027579694103285583
46,noMC | F-riem | riem | ENR,-0.03284564911832999,-0.22779254081245953
46,noMC | F-riem | riem | SVR,-0.06608789110690694,-0.15403953646361784
46,noMC | F-riem | riem | Anchor,-0.3276555046715175,0.03970111333237134
46,noMC | F-riem | riem | ICP,-0.03230469878270803,-0.12069405343172959
46,MC | F-band | none | ENR,-0.0542319592095728,-0.2817358969149015
46,MC | F-band | none | SVR,-0.2309313980914114,-0.2466615692564493
46,MC | F-band | none | Anchor,-0.36590202309526654,-0.19634955314630625
46,MC | F-band | none | ICP,-0.05319741480641582,-0.1995829219463694
46,MC | F-band | z | ENR,-0.0476239976350985,-0.21051585601172068
46,MC | F-band | z | SVR,-0.17858534232606216,-0.15455637667615243
46,MC | F-band | z | Anchor,-0.193553491820323,-0.01754520781490431
46,MC | F-band | z | ICP,-0.08807164159830272,-0.33497431897054064
46,MC | F-fooof-per | none | ENR,-0.1321293399152752,-0.11784535281882605
46,MC | F-fooof-per | none | SVR,-0.06474115875518516,0.11679316231601766
46,MC | F-fooof-per | none | Anchor,0.050917433277608004,0.29273833899764384
46,MC | F-fooof-per | none | ICP,-0.02184427576365766,-0.012926083726539063
46,MC | F-fooof-per | z | ENR,-0.09534708968040584,-0.021462151639727325
46,MC | F-fooof-per | z | SVR,-0.12058764801334565,-0.1013354291703022
46,MC | F-fooof-per | z | Anchor,-0.010275785362494183,0.2941619633076331
46,MC | F-fooof-per | z | ICP,0.04002068506118006,0.23005537347138522
46,MC | F-rel | none | ENR,-0.11068384585478919,-0.3166837359635968
46,MC | F-rel | none | SVR,-0.2393511432977018,-0.20313187583637496
46,MC | F-rel | none | Anchor,-0.6375674262247182,-0.2664542311550538
46,MC | F-rel | none | ICP,-0.03477794866488493,-0.21938203060221376
46,MC | F-rel | z | ENR,-0.03490844401003712,-0.22126456547149914
46,MC | F-rel | z | SVR,-0.13586050089918755,-0.21803373479155724
46,MC | F-rel | z | Anchor,-0.9079350836664584,-0.07717925557943404
46,MC | F-rel | z | ICP,-0.033151238793480475,-0.22128521674083865
46,MC | F-asym | none | ENR,-0.0889330654969469,-0.2506668382643446
46,MC | F-asym | none | SVR,-0.1627160976766684,-0.1341376952289811
46,MC | F-asym | none | Anchor,-0.28547399865129175,-0.12647035580344396
46,MC | F-asym | none | ICP,-0.033151238793480475,-0.22128521674083865
46,MC | F-asym | z | ENR,-0.06527395147521853,-0.23922671662158446
46,MC | F-asym | z | SVR,-0.003002480060848134,0.22059538893989084
46,MC | F-asym | z | Anchor,-0.4547232014489908,-0.27995071789368464
46,MC | F-asym | z | ICP,-0.033151238793480475,-0.22128521674083865
46,MC | F-riem | none | ENR,-0.033151238793480475,-0.22128521674083865
46,MC | F-riem | none | SVR,-0.2077754449097915,-0.18302316368544053
46,MC | F-riem | none | Anchor,-0.1441826651501501,0.07625649496418982
46,MC | F-riem | none | ICP,-0.07518805904542125,-0.25096578822580085
46,MC | F-riem | z | ENR,-0.050778755474031545,-0.263705964522404
46,MC | F-riem | z | SVR,-0.026246065843741118,0.06686630179840403
46,MC | F-riem | z | Anchor,-0.34251137546318966,0.03721251567577092
46,MC | F-riem | z | ICP,-0.09755638940681144,-0.21661681480741368
46,MC | F-riem | riem | ENR,-0.0746720586431151,-0.044234549524096084
46,MC | F-riem | riem | SVR,-0.022412800260232846,0.06507938592892301
46,MC | F-riem | riem | Anchor,-0.278671431384236,0.13696411029908917
46,MC | F-riem | riem | ICP,-0.0219530606851448,-0.07213818623460745
47,noMC | F-band | none | ENR,-0.09714611417471142,-0.059426065968102154
47,noMC | F-band | none | SVR,-0.05051147838940717,0.07474593810491367
47,noMC | F-band | none | Anchor,-0.04999813460925395,0.15741688343398547
47,noMC | F-band | none | ICP,-0.18631965529422634,-0.3172545741623566
47,noMC | F-band | z | ENR,-0.14525593203549358,-0.3532006462249068
47,noMC | F-band | z | SVR,-0.9470149753815402,-0.09062137781904636
47,noMC | F-band | z | Anchor,-1.6480583445289079,-0.10704024748343094
47,noMC | F-band | z | ICP,-0.07861854627503773,-0.19308346819689753
47,noMC | F-fooof-per | none | ENR,-0.22194454214285364,-0.34049845883948504
47,noMC | F-fooof-per | none | SVR,-0.2875675709218153,-0.27298450067642926
47,noMC | F-fooof-per | none | Anchor,-0.2586402397399663,0.02175037663889956
47,noMC | F-fooof-per | none | ICP,-0.19285418419336375,-0.31524132905337254
47,noMC | F-fooof-per | z | ENR,-0.11994040594041389,-0.3953558697314795
47,noMC | F-fooof-per | z | SVR,-0.14474600767969603,-0.13226085042402663
47,noMC | F-fooof-per | z | Anchor,-0.18335067104307234,-0.011536718349670919
47,noMC | F-fooof-per | z | ICP,-0.12279735806209624,-0.2372929036296413
47,noMC | F-rel | none | ENR,-0.1699853482661824,-0.08106910465027667
47,noMC | F-rel | none | SVR,-0.01775784692377469,0.14963386930897188
47,noMC | F-rel | none | Anchor,-0.09670370283394991,0.13843928978666808
47,noMC | F-rel | none | ICP,-0.059779859654630396,-0.18344997304559998
47,noMC | F-rel | z | ENR,-0.6352039288774101,-0.040364908297152696
47,noMC | F-rel | z | SVR,-0.43698444813159787,-0.2433614411153253
47,noMC | F-rel | z | Anchor,-0.8154806140313051,-0.07922348749882936
47,noMC | F-rel | z | ICP,-0.3944615496854609,-0.32771492140288616
47,noMC | F-asym | none | ENR,-0.0951802133147388,-0.06158719229870844
47,noMC | F-asym | none | SVR,0.17514237856708847,0.4194338890191905
47,noMC | F-asym | none | Anchor,-0.3121331018707736,0.039021486671218006
47,noMC | F-asym | none | ICP,-0.04800776882542013,-0.3452289985339104
47,noMC | F-asym | z | ENR,-0.9023751569935023,-0.012852283951598542
47,noMC | F-asym | z | SVR,-0.2309046739554701,0.05783793448060101
47,noMC | F-asym | z | Anchor,-0.7445988892232325,0.08132666422265125
47,noMC | F-asym | z | ICP,-0.14119173943360308,-0.22267988007651934
47,noMC | F-riem | none | ENR,-0.04800776882542013,-0.3452289985339104
47,noMC | F-riem | none | SVR,-0.26124408612511796,-0.1767958423596702
47,noMC | F-riem | none | Anchor,-0.9606820738960353,-0.3125973936739472
47,noMC | F-riem | none | ICP,-0.7181336882341434,-0.18681980408091534
47,noMC | F-riem | z | ENR,-0.04800776882542013,-0.3452289985339104
47,noMC | F-riem | z | SVR,-0.26021720474300536,-0.35703147042690947
47,noMC | F-riem | z | Anchor,-2.5658145112019364,-0.25918352850829646
47,noMC | F-riem | z | ICP,-0.052251892711993486,-0.31809273709179037
47,noMC | F-riem | riem | ENR,-0.04800776882542013,-0.3452289985339104
47,noMC | F-riem | riem | SVR,-0.09453088832439094,-0.2595506135292672
47,noMC | F-riem | riem | Anchor,-1.3795383019050735,-0.2769336894960253
47,noMC | F-riem | riem | ICP,-0.11793701688199465,-0.23477994608355726
47,MC | F-band | none | ENR,-0.15439505583681634,-0.2573508356584441
47,MC | F-band | none | SVR,-0.19791585972552195,-0.1870151423755098
47,MC | F-band | none | Anchor,-0.2330966730594055,-0.1658883531821785
47,MC | F-band | none | ICP,-0.1747376823395057,-0.3362681718827317
47,MC | F-band | z | ENR,-0.18150829003234326,-0.23239101484357533
47,MC | F-band | z | SVR,-0.3687501093881962,-0.337617959945019
47,MC | F-band | z | Anchor,-1.184409662220678,-0.3595579437549344
47,MC | F-band | z | ICP,-0.05157436457330622,-0.35434241184679444
47,MC | F-fooof-per | none | ENR,-0.10218040453127752,-0.3985154573528978
47,MC | F-fooof-per | none | SVR,-0.1620402545727544,-0.11849305331445874
47,MC | F-fooof-per | none | Anchor,-0.25535371954359065,-0.026382809448179903
47,MC | F-fooof-per | none | ICP,-0.16681688512659165,-0.28300058870895184
47,MC | F-fooof-per | z | ENR,-0.16644824712566608,-0.4031574639476062
47,MC | F-fooof-per | z | SVR,-0.41326788529359115,-0.30125238580891767
47,MC | F-fooof-per | z | Anchor,-0.2642613420921791,-0.3819436696699694
47,MC | F-fooof-per | z | ICP,-0.33777814038155496,-0.26189950334381323
47,MC | F-rel | none | ENR,-0.17428859469713354,-0.34970163985438185
47,MC | F-rel | none | SVR,-0.11163525583685074,-0.10732810373151933
47,MC | F-rel | none | Anchor,-0.16635452855724941,-0.08984399212064381
47,MC | F-rel | none | ICP,-0.05157436457330622,-0.35434241184679444
47,MC | F-rel | z | ENR,-0.05157436457330622,-0.35434241184679444
47,MC | F-rel | z | SVR,-0.19658672945516553,-0.29101175542945934
47,MC | F-rel | z | Anchor,-0.7898443645112594,-0.2974633187602766
47,MC | F-rel | z | ICP,-0.35836712667102266,-0.36080652687604436
47,MC | F-asym | none | ENR,-0.08321244509623416,-0.05356825178329162
47,MC | F-asym | none | SVR,0.033113601064471365,0.23241786011947252
47,MC | F-asym | none | Anchor,-0.18299558447484254,-0.11108496827178552
47,MC | F-asym | none | ICP,-0.05157436457330622,-0.35434241184679444
47,MC | F-asym | z | ENR,-0.3360313033227409,-0.06364394030977619
47,MC | F-asym | z | SVR,-0.34178408953973416,-0.019833335322709367
47,MC | F-asym | z | Anchor,-0.325784566252143,-0.1124191876245993
47,MC | F-asym | z | ICP,-0.1264808777500308,-0.33385522812136736
47,MC | F-riem | none | ENR,-0.06936338665773922,-0.35153984675563643
47,MC | F-riem | none | SVR,-0.3874112367010949,-0.16709305312086592
47,MC | F-riem | none | Anchor,-0.7388462589849321,-0.20840073221958233
47,MC | F-riem | none | ICP,-0.1904329116276091,-0.14025711542705926
47,MC | F-riem | z | ENR,-0.05157436457330622,-0.3543424118467945
47,MC | F-riem | z | SVR,-0.2838614226938607,-0.19022308384290115
47,MC | F-riem | z | Anchor,-2.141245345966281,-0.15010844033786794
47,MC | F-riem | z | ICP,-0.04785071377664862,-0.31305717548819934
47,MC | F-riem | riem | ENR,-0.06483504739828572,-0.41549510304637377
47,MC | F-riem | riem | SVR,-0.26062967618374344,-0.04913697804517509
47,MC | F-riem | riem | Anchor,-0.29290136863139393,-0.3198492231337287
47,MC | F-riem | riem | ICP,-0.08509527152851093,-0.11963292044810389
48,noMC | F-band | none | ENR,-0.0007052608652224901,0.16036132079168183
48,noMC | F-band | none | SVR,-0.2744665474262533,-0.15642849503710599
48,noMC | F-band | none | Anchor,-0.027587341621631456,0.2351303975246667
48,noMC | F-band | none | ICP,-0.058009351106465434,-0.1648914426139214
48,noMC | F-band | z | ENR,0.010276217634177631,0.14225881137452256
48,noMC | F-band | z | SVR,-0.09356531091011244,-0.08571308764785143
48,noMC | F-band | z | Anchor,-1.556318197504194,-0.2208314960420624
48,noMC | F-band | z | ICP,-0.06447109890591496,-0.2998941889134429
48,noMC | F-fooof-per | none | ENR,-0.07166708106656361,-0.29643516811091
48,noMC | F-fooof-per | none | SVR,-0.13051806057887472,-0.1366662196996078
48,noMC | F-fooof-per | none | Anchor,-0.15406905397495763,0.11560604631812564
48,noMC | F-fooof-per | none | ICP,-0.08778982093066623,-0.17972521553093013
48,noMC | F-fooof-per | z | ENR,-0.05086149762310632,-0.3589621161369162
48,noMC | F-fooof-per | z | SVR,-0.15646832337493422,-0.19776063523872323
48,noMC | F-fooof-per | z | Anchor,-2.364430120315701,-0.17245873805138812
48,noMC | F-fooof-per | z | ICP,-0.04801191133850735,-0.36367594468688214
48,noMC | F-rel | none | ENR,-0.17380833669469364,-0.24161598914205115
48,noMC | F-rel | none | SVR,-0.15707566472235102,-0.0465717344015467
48,noMC | F-rel | none | Anchor,-0.19037573827534549,0.24009421119468602
48,noMC | F-rel | none | ICP,0.0095795160969816,0.12008595252970229
48,noMC | F-rel | z | ENR,-0.07928185541420696,-0.34032518959019953
48,noMC | F-rel | z | SVR,-0.6564650459824073,-0.16862829787060127
48,noMC | F-rel | z | Anchor,-0.03700559657827274,0.35000101490032665
48,noMC | F-rel | z | ICP,0.03340683791048116,0.19752709530237728
48,noMC | F-asym | none | ENR,-0.048959676217650294,0.006774793236445718
48,noMC | F-asym | none | SVR,0.06364332511006154,0.265513911884959
48,noMC | F-asym | none | Anchor,-0.3049970053947475,-0.0038828811900365676
48,noMC | F-asym | none | ICP,-0.04845777239562654,-0.15802194292821375
48,noMC | F-asym | z | ENR,-0.20537746288914915,-0.08794806457645066
48,noMC | F-asym | z | SVR,0.06347836284414776,0.2887324630234399
48,noMC | F-asym | z | Anchor,-1.155511904281921,-0.09367819021511284
48,noMC | F-asym | z | ICP,-0.012303334234162522,-0.039925122807130946
48,noMC | F-riem | none | ENR,-2.1265138597303914,-0.23182599552034142
48,noMC | F-riem | none | SVR,-0.4470637455140687,-0.2647083117380368
48,noMC | F-riem | none | Anchor,-2.1131010987886008,-0.2795930363246942
48,noMC | F-riem | none | ICP,-0.46667297742679326,-0.26190902137678884
48,noMC | F-riem | z | ENR,-0.05020796350064893,-0.36325371485973007
48,noMC | F-riem | z | SVR,-0.31011541566388545,-0.23440538381252757
48,noMC | F-riem | z | Anchor,-1.9512696239720388,-0.27245519913674554
48,noMC | F-riem | z | ICP,-0.08309395674661135,-0.25925901290661
48,noMC | F-riem | riem | ENR,-0.049142427524626386,-0.3637352242540467
48,noMC | F-riem | riem | SVR,-0.16346181894863854,-0.2216143677563167
48,noMC | F-riem | riem | Anchor,-1.1404302419661394,-0.02608017465652017
48,noMC | F-riem | riem | ICP,-0.08503338433392504,-0.2641284873570628
48,MC | F-band | none | ENR,-0.05315485277775389,0.1944536118447286
48,MC | F-band | none | SVR,-0.12509520503830518,-0.023576162383845786
48,MC | F-band | none | Anchor,0.009788186349997674,0.2753918660040718
48,MC | F-band | none | ICP,-0.06272248639681743,-0.16266293284126196
48,MC | F-band | z | ENR,0.0757511379908018,0.2823817304627245
48,MC | F-band | z | SVR,-0.1948015895019919,0.17434434815585095
48,MC | F-band | z | Anchor,-0.6256974183334705,-0.07632155137596873
48,MC | F-band | z | ICP,-0.09560594281060575,-0.14957183321969755
48,MC | F-fooof-per | none | ENR,-0.1529629240508137,-0.33906849488966906
48,MC | F-fooof-per | none | SVR,-0.17505538139284926,-0.23446187905788096
48,MC | F-fooof-per | none | Anchor,-0.1933665629006578,0.12572214198538195
48,MC | F-fooof-per | none | ICP,-0.10251808491192693,-0.22606712283979974
48,MC | F-fooof-per | z | ENR,-0.16270681838799073,-0.27717216170719017
48,MC | F-fooof-per | z | SVR,-0.2661651531652649,-0.24022213468000808
48,MC | F-fooof-per | z | Anchor,-1.4018119338215045,0.02362083979236982
48,MC | F-fooof-per | z | ICP,-0.46114261769384113,0.03633498538387084
48,MC | F-rel | none | ENR,-0.16062510957671017,-0.21706018295319723
48,MC | F-rel | none | SVR,-0.08940214042614802,-0.053508920374070054
48,MC | F-rel | none | Anchor,-0.25208866757874726,0.21889982743339248
48,MC | F-rel | none | ICP,-0.05063896488370867,-0.3668655368758811
48,MC | F-rel | z | ENR,-0.051790356003999394,0.19463763541098594
48,MC | F-rel | z | SVR,-0.09450303283657013,-0.1610114958264155
48,MC | F-rel | z | Anchor,-0.025974543668995098,0.3863770413286204
48,MC | F-rel | z | ICP,-0.05063896488370867,-0.3668655368758811
48,MC | F-asym | none | ENR,-0.10862142995324242,-0.04446764074693779
48,MC | F-asym | none | SVR,-0.013623270083257255,0.17682456105679428
48,MC | F-asym | none | Anchor,-0.30673687925503335,0.0003889248480887786
48,MC | F-asym | none | ICP,-0.071027101642829,-0.3912452630363505
48,MC | F-asym | z | ENR,-0.11926842946395544,-0.12417423999135181
48,MC | F-asym | z | SVR,0.05842787694017071,0.29113448003133857
48,MC | F-asym | z | Anchor,-0.4044529754258672,-0.15122694365040934
48,MC | F-asym | z | ICP,-0.0210844628173259,-0.001233163887709554
48,MC | F-riem | none | ENR,-1.4234984787918732,-0.2238261102619271
48,MC | F-riem | none | SVR,-0.5846204836905928,-0.34744014654028155
48,MC | F-riem | none | Anchor,-3.4803226046114597,-0.31878874325863454
48,MC | F-riem | none | ICP,-0.1620157529307482,-0.21590056201986418
48,MC | F-riem | z | ENR,-0.05063896488370867,-0.3668655368758811
48,MC | F-riem | z | SVR,-0.1483544913653967,-0.24811226303070646
48,MC | F-riem | z | Anchor,-2.229393477629394,-0.18383118372288365
48,MC | F-riem | z | ICP,-0.2689946204654976,-0.3732160657119103
48,MC | F-riem | riem | ENR,-0.06340631125467344,-0.34332809099258693
48,MC | F-riem | riem | SVR,-0.08426901575186108,-0.17921368813027516
48,MC | F-riem | riem | Anchor,-0.5129276274107766,-0.11140858184790624
48,MC | F-riem | riem | ICP,-0.11973118891947254,-0.1438417404417349
49,noMC | F-band | none | ENR,-0.16196064754365436,-0.31088218576255466
49,noMC | F-band | none | SVR,-0.2782017516902795,-0.1653487722301473
49,noMC | F-band | none | Anchor,-0.3951186244793701,-0.2971438000693315
49,noMC | F-band | none | ICP,-0.04451433620051892,-0.25914776045751925
49,noMC | F-band | z | ENR,-0.15145789941943222,-0.41422023769621197
49,noMC | F-band | z | SVR,-0.3056443260179189,-0.0901561489309565
49,noMC | F-band | z | Anchor,-2.419064630389409,-0.16280333707811223
49,noMC | F-band | z | ICP,-0.06316134155538933,-0.26264910605196223
49,noMC | F-fooof-per | none | ENR,-0.034778039962374496,0.10884333487565556
49,noMC | F-fooof-per | none | SVR,-0.08766383920663512,0.052312694243916796
49,noMC | F-fooof-per | none | Anchor,-0.111433393572278,0.11075135434626684
49,noMC | F-fooof-per | none | ICP,0.039759042203745154,0.21304340476663292
49,noMC | F-fooof-per | z | ENR,-0.04015380245298461,-0.03491823436234407
49,noMC | F-fooof-per | z | SVR,-0.2929456283975318,0.02355850035738395
49,noMC | F-fooof-per | z | Anchor,-0.18848661313268877,0.19687604471312795
49,noMC | F-fooof-per | z | ICP,-0.021472091681637773,-0.13042551276208764
49,noMC | F-rel | none | ENR,-0.11008838915122099,-0.30684159779246434
49,noMC | F-rel | none | SVR,-0.1574149806113576,-0.07426285271817178
49,noMC | F-rel | none | Anchor,-0.32234171888468266,-0.30022876752596683
49,noMC | F-rel | none | ICP,-0.047568278396039165,-0.26740994904147747
49,noMC | F-rel | z | ENR,-0.038819941378895884,-0.06626899609582099
49,noMC | F-rel | z | SVR,-0.15134942633960424,-0.23241460688413323
49,noMC | F-rel | z | Anchor,-0.39590165294038204,0.015155413554147373
49,noMC | F-rel | z | ICP,-0.11591292896585892,-0.23659163554041646
49,noMC | F-asym | none | ENR,-0.14362770679425374,-0.10474871395937939
49,noMC | F-asym | none | SVR,-0.12398666392190605,-0.08927828709411198
49,noMC | F-asym | none | Anchor,-0.1345330531924398,-0.006811856540769712
49,noMC | F-asym | none | ICP,-0.04540029326674322,-0.3257983699413603
49,noMC | F-asym | z | ENR,-0.09888200891651455,-0.2798902757460599
49,noMC | F-asym | z | SVR,-0.3860663588159392,-0.22020034428873275
49,noMC | F-asym | z | Anchor,-0.24561479523823393,-0.17904643719294228
49,noMC | F-asym | z | ICP,0.0010095850656833827,0.05671371921037463
49,noMC | F-riem | none | ENR,-0.06275974896598857,-0.3065238982301921
49,noMC | F-riem | none | SVR,-0.16294035934336426,-0.1010882289035748
49,noMC | F-riem | none | Anchor,-0.4973413825106341,-0.15223910135301766
49,noMC | F-riem | none | ICP,-0.008403800589587895,0.05768434489303771
49,noMC | F-riem | z | ENR,-0.05957571611326595,-0.32193000826226137
49,noMC | F-riem | z | SVR,-0.3426254831166682,-0.20039980583150663
49,noMC | F-riem | z | Anchor,-0.12439808882616976,0.1444334351769495
49,noMC | F-riem | z | ICP,-0.06314667949550246,-0.31287510871104207
49,noMC | F-riem | riem | ENR,-0.04540029326674322,-0.3257983699413603
49,noMC | F-riem | riem | SVR,-0.2213563747081868,-0.22816769580964438
49,noMC | F-riem | riem | Anchor,-0.27704051975281785,0.08201503254316944
49,noMC | F-riem | riem | ICP,-0.06718570148624492,-0.24484040930727305
49,MC | F-band | none | ENR,-0.21665974185782066,-0.28979201767751356
49,MC | F-band | none | SVR,-0.26168607206266103,-0.02353470108737799
49,MC | F-band | none | Anchor,-0.5268103323290247,-0.21978321443360127
49,MC | F-band | none | ICP,-0.21147764146922876,-0.2379763164195277
49,MC | F-band | z | ENR,-0.07928976234116969,-0.2929127578879628
49,MC | F-band | z | SVR,-0.24844034241842095,-0.20737592321175047
49,MC | F-band | z | Anchor,-0.9929562082568715,0.006179445730777472
49,MC | F-band | z | ICP,-0.12985849930626148,-0.05205798464377712
49,MC | F-fooof-per | none | ENR,-0.014100598443363976,0.103980175009067
49,MC | F-fooof-per | none | SVR,-0.10493281453836922,0.06175433566983554
49,MC | F-fooof-per | none | Anchor,-0.033392385290056614,0.1609433413394156
49,MC | F-fooof-per | none | ICP,-0.023985692133213554,-0.021881352388306057
49,MC | F-fooof-per | z | ENR,-0.05046431640310334,-0.31776327526334713
49,MC | F-fooof-per | z | SVR,-0.1903648710750916,-0.17923583690294825
49,MC | F-fooof-per | z | Anchor,-0.18136647812170548,-0.04480402262986581
49,MC | F-fooof-per | z | ICP,-0.03796117209158645,-0.26089327387272965
49,MC | F-rel | none | ENR,-0.15716671211830624,-0.27443435248955905
49,MC | F-rel | none | SVR,-0.15327060047351804,-0.04530129413274569
49,MC | F-rel | none | Anchor,-0.8012417823030127,-0.2548511478708852
49,MC | F-rel | none | ICP,-0.11260818447807464,-0.1884797149088078
49,MC | F-rel | z | ENR,-0.07784832327856783,-0.2883880617416732
49,MC | F-rel | z | SVR,-0.1286901485046339,-0.08415692789961671
49,MC | F-rel | z | Anchor,-0.3914331838845422,0.08054409584325864
49,MC | F-rel | z | ICP,-0.05377509936925562,-0.30873206750375887
49,MC | F-asym | none | ENR,-0.185946196064537,-0.16724717999365377
49,MC | F-asym | none | SVR,-0.15172926708339696,-0.05542370125448601
49,MC | F-asym | none | Anchor,-0.1309669735661516,0.02477936218644408
49,MC | F-asym | none | ICP,-0.05046431640310334,-0.31776327526334713
49,MC | F-asym | z | ENR,-0.22207573486940557,-0.25486196724980625
49,MC | F-asym | z | SVR,-0.12984080134694653,0.07494020974972268
49,MC | F-asym | z | Anchor,-0.22929137913696707,-0.17074673797622064
49,MC | F-asym | z | ICP,-0.07337958252609456,-0.26549900698992024
49,MC | F-riem | none | ENR,-0.053115130574917346,-0.041997496703390064
49,MC | F-riem | none | SVR,-0.2902270899133439,-0.18953379667897932
49,MC | F-riem | none | Anchor,-0.3024830489104182,-0.021250089014557553
49,MC | F-riem | none | ICP,-0.07579548735370945,-0.22970949313053912
49,MC | F-riem | z | ENR,-0.13256440987304718,-0.14914562526989428
49,MC | F-riem | z | SVR,-0.1897747494804003,0.04485274420779707
49,MC | F-riem | z | Anchor,-0.2758519176202583,-0.034669670459040014
49,MC | F-riem | z | ICP,-0.07458988348932305,-0.11427173702742824
49,MC | F-riem | riem | ENR,-0.1337779040456406,0.14049011637644687
49,MC | F-riem | riem | SVR,-0.17146430590930217,0.053307543378813216
49,MC | F-riem | riem | Anchor,-0.5005540187841999,0.1510535886224771
49,MC | F-riem | riem | ICP,-0.060941395415276656,-0.21223974791181532
50,noMC | F-band | none | ENR,0.07915381545342826,0.3016244880435491
50,noMC | F-band | none | SVR,-0.05873035860199605,0.16712676624888284
50,noMC | F-band | none | Anchor,-0.09278673161533546,0.17789592532603554
50,noMC | F-band | none | ICP,0.04480216587217445,0.21364696302003722
50,noMC | F-band | z | ENR,-0.23363199078444108,-0.12433686085010845
50,noMC | F-band | z | SVR,-0.17437392960770381,0.06438486017987331
50,noMC | F-band | z | Anchor,-1.8666283976656977,-0.05389595991645074
50,noMC | F-band | z | ICP,-0.0265697647790617,0.06320890739822495
50,noMC | F-fooof-per | none | ENR,-0.16290169684173206,-0.11377705475048534
50,noMC | F-fooof-per | none | SVR,-0.05108622885977776,0.09842669843626217
50,noMC | F-fooof-per | none | Anchor,-0.4506351745780177,0.14712326675261955
50,noMC | F-fooof-per | none | ICP,-0.07058937655841557,-0.22180438152609921
50,noMC | F-fooof-per | z | ENR,-0.6520761122931564,-0.34599085881717856
50,noMC | F-fooof-per | z | SVR,-0.20802871063613115,-0.15831302315025433
50,noMC | F-fooof-per | z | Anchor,-3.139756121343808,-0.11230722754671953
50,noMC | F-fooof-per | z | ICP,-0.08545918762823401,-0.13514127377349178
50,noMC | F-rel | none | ENR,0.15270757498803145,0.4102327316989035
50,noMC | F-rel | none | SVR,0.08387210941896439,0.3529399754177143
50,noMC | F-rel | none | Anchor,0.1527585934476855,0.413761234004945
50,noMC | F-rel | none | ICP,-0.07419274248744223,-0.42129720515936747
50,noMC | F-rel | z | ENR,-0.07372823075460766,0.12772431232578654
50,noMC | F-rel | z | SVR,-0.05741723304739765,0.025761850605134445
50,noMC | F-rel | z | Anchor,-0.6966727081723856,0.1621907232748693
50,noMC | F-rel | z | ICP,-0.008308736325421728,0.03765974493817653
50,noMC | F-asym | none | ENR,-0.07542989270683487,-0.3245171082211266
50,noMC | F-asym | none | SVR,-0.041009894757428,0.1480996152616462
50,noMC | F-asym | none | Anchor,-0.3729525966065448,-0.3375841824631362
50,noMC | F-asym | none | ICP,-0.14096540798863222,-0.2756240104665689
50,noMC | F-asym | z | ENR,-1.2620390402096682,-0.11667703038045205
50,noMC | F-asym | z | SVR,-0.2858874858085403,0.028020980808708764
50,noMC | F-asym | z | Anchor,-1.0547791436581582,0.04692439404742924
50,noMC | F-asym | z | ICP,-0.04950218825794872,-0.08448618749429287
50,noMC | F-riem | none | ENR,-0.12005144527509182,-0.33534600559238603
50,noMC | F-riem | none | SVR,-0.33557632457613096,-0.17568405650629726
50,noMC | F-riem | none | Anchor,-0.676740098343265,-0.14245082839948087
50,noMC | F-riem | none | ICP,-0.12124305829633086,-0.17243888754231793
50,noMC | F-riem | z | ENR,-0.1818050799000437,-0.18894447129423847
50,noMC | F-riem | z | SVR,-0.4691588282686543,-0.3691852123998532
50,noMC | F-riem | z | Anchor,-3.540094528018936,-0.2650140750238281
50,noMC | F-riem | z | ICP,-0.3953514862455485,-0.07340363892726373
50,noMC | F-riem | riem | ENR,-0.12834437938233645,-0.18232971458002864
50,noMC | F-riem | riem | SVR,-0.13180074212599657,-0.2786389169256652
50,noMC | F-riem | riem | Anchor,-0.9219771186255732,0.03848364686864452
50,noMC | F-riem | riem | ICP,-0.14140274802731123,-0.035469949275043794
50,MC | F-band | none | ENR,0.12531616001850976,0.3627152367079991
50,MC | F-band | none | SVR,0.01094156046651773,0.2854243830744821
50,MC | F-band | none | Anchor,-0.028238227106044178,0.20038177819979233
50,MC | F-band | none | ICP,-0.07829696738221315,-0.42917567899310627
50,MC | F-band | z | ENR,-0.5236371601138472,-0.17932131534536677
50,MC | F-band | z | SVR,-0.2532797930285673,-0.014272981002969566
50,MC | F-band | z | Anchor,-0.9795509544068788,-0.033188539225793075
50,MC | F-band | z | ICP,-0.0844445107618681,-0.2685433684484432
50,MC | F-fooof-per | none | ENR,-0.1355829089104883,-0.10872206909074349
50,MC | F-fooof-per | none | SVR,-0.04047631668636842,0.16214234784019105
50,MC | F-fooof-per | none | Anchor,-0.3090856038121781,0.16727044422865742
50,MC | F-fooof-per | none | ICP,-0.23807412023963392,-0.2651105786194314
50,MC | F-fooof-per | z | ENR,-0.4305674400270616,-0.3912464813080323
50,MC | F-fooof-per | z | SVR,-0.3701153346248176,-0.17317903384540928
50,MC | F-fooof-per | z | Anchor,-0.7225280961587697,-0.08804681866369087
50,MC | F-fooof-per | z | ICP,-0.2598718221997549,0.12402470127116827
50,MC | F-rel | none | ENR,0.17376000576686024,0.4391727234366988
50,MC | F-rel | none | SVR,0.135475784856131,0.3730700110518659
50,MC | F-rel | none | Anchor,0.06815357206069206,0.32934068162518404
50,MC | F-rel | none | ICP,-0.07829696738221315,-0.42917567899310627
50,MC | F-rel | z | ENR,-0.04639175301692955,0.22147848323923225
50,MC | F-rel | z | SVR,-0.15102773701578354,0.037104812254416794
50,MC | F-rel | z | Anchor,-0.8716406116838493,0.22708960182516055
50,MC | F-rel | z | ICP,-0.069579851397368,-0.06565136742546462
50,MC | F-asym | none | ENR,-0.07827507218976937,-0.4186126667489382
50,MC | F-asym | none | SVR,-0.0843307924179233,0.0344109679470781
50,MC | F-asym | none | Anchor,-0.3659912850652336,-0.34911790564579337
50,MC | F-asym | none | ICP,-0.1417301076278381,-0.30584559840860803
50,MC | F-asym | z | ENR,-0.5722909175451139,-0.15377792954862246
50,MC | F-asym | z | SVR,-0.19894367745338903,0.04933728348854582
50,MC | F-asym | z | Anchor,-0.8415251590562562,-0.25380743186029436
50,MC | F-asym | z | ICP,-0.07829696738221315,-0.42917567899310627
50,MC | F-riem | none | ENR,-0.08973814346807041,-0.3218763326494106
50,MC | F-riem | none | SVR,-0.38620855283333877,-0.2096161717923243
50,MC | F-riem | none | Anchor,-0.47332022694950515,-0.08787754645152684
50,MC | F-riem | none | ICP,-0.15333308665699064,-0.1359081873704665
50,MC | F-riem | z | ENR,-0.11173457321654179,-0.3199575172470929
50,MC | F-riem | z | SVR,-0.4501664053632084,-0.3786019639478616
50,MC | F-riem | z | Anchor,-3.7653065608706022,-0.20268662267487275
50,MC | F-riem | z | ICP,-0.13121753064691277,-0.14446498621827822
50,MC | F-riem | riem | ENR,-0.12340742502727498,-0.2791607215153574
50,MC | F-riem | riem | SVR,-0.2562255618785996,-0.3134112319763857
50,MC | F-riem | riem | Anchor,-0.5448154379305268,-0.16801045449950086
50,MC | F-riem | riem | ICP,-0.10297209958917541,-0.3312236820534701
51,noMC | F-band | none | ENR,-0.06275944049540261,-0.4210236766892452
51,noMC | F-band | none | SVR,0.020295305181389,0.19766456624053894
51,noMC | F-band | none | Anchor,-1.2591271345452402,-0.30716410300539254
51,noMC | F-band | none | ICP,-0.1480240852009571,-0.4700256004675625
51,noMC | F-band | z | ENR,-0.12156220244945848,-0.45555471315069546
51,noMC | F-band | z | SVR,0.03818954497657989,0.20128353593150616
51,noMC | F-band | z | Anchor,-2.0823564776301646,-0.4414120030856185
51,noMC | F-band | z | ICP,-0.04996216004367704,-0.37080912644142033
51,noMC | F-fooof-per | none | ENR,-0.19881806545978908,-0.146055284764606
51,noMC | F-fooof-per | none | SVR,-0.12525866927057616,0.00417713836049817
51,noMC | F-fooof-per | none | Anchor,-0.08686735571409776,0.27845254845802214
51,noMC | F-fooof-per | none | ICP,-0.05125745186572983,-0.3746228188079133
51,noMC | F-fooof-per | z | ENR,-4.774223808955329,-0.30439062614520357
51,noMC | F-fooof-per | z | SVR,-0.040089903454266995,0.11192658098322522
51,noMC | F-fooof-per | z | Anchor,-6.913972955236253,-0.29012174809385566
51,noMC | F-fooof-per | z | ICP,-0.04797768873062358,-0.08458310507150688
51,noMC | F-rel | none | ENR,-0.04996216004367704,-0.37080912644142033
51,noMC | F-rel | none | SVR,-0.06164248202610523,0.14004830052212267
51,noMC | F-rel | none | Anchor,-0.8340098338476511,-0.3265823857767871
51,noMC | F-rel | none | ICP,-0.04996216004367704,-0.37080912644142033
51,noMC | F-rel | z | ENR,-0.2611084071901453,-0.30242668031702125
51,noMC | F-rel | z | SVR,-0.15148968165499666,-0.143322959912129
51,noMC | F-rel | z | Anchor,-0.291853232921806,-0.09815229981916081
51,noMC | F-rel | z | ICP,-0.30792446152221964,-0.38015542278960784
51,noMC | F-asym | none | ENR,-0.05576946799861959,-0.3873114296372257
51,noMC | F-asym | none | SVR,-0.2698061908334941,-0.13117548648336896
51,noMC | F-asym | none | Anchor,-0.8260170391188453,-0.3889479618965581
51,noMC | F-asym | none | ICP,-0.04996216004367704,-0.37080912644142033
51,noMC | F-asym | z | ENR,-0.21913257013006282,-0.30998034488088944
51,noMC | F-asym | z | SVR,-0.6955744244068123,-0.13723433642467547
51,noMC | F-asym | z | Anchor,-0.7661313374253875,-0.33208832379302555
51,noMC | F-asym | z | ICP,-0.11195175754105513,-0.17110785886296892
51,noMC | F-riem | none | ENR,-1.6974142277206261,-0.2062599363270104
51,noMC | F-riem | none | SVR,-0.6495017126787148,-0.2084150234465765
51,noMC | F-riem | none | Anchor,-3.621819741939932,-0.23798841144237493
51,noMC | F-riem | none | ICP,-0.115883846986514,-0.2995614279651612
51,noMC | F-riem | z | ENR,-1.4486294982324317,-0.1886585260835193
51,noMC | F-riem | z | SVR,-0.2407336079090434,-0.202185854019658
51,noMC | F-riem | z | Anchor,-3.132190486997972,-0.20426778300745022
51,noMC | F-riem | z | ICP,-0.06807151186467708,-0.27269145536165756
51,noMC | F-riem | riem | ENR,-1.0065807104522104,-0.20780688103510772
51,noMC | F-riem | riem | SVR,-0.11713629739452136,-0.2713193987528892
51,noMC | F-riem | riem | Anchor,-3.1240633102316355,-0.27702376739644685
51,noMC | F-riem | riem | ICP,-0.07481631049168924,-0.2881810350354568
51,MC | F-band | none | ENR,-0.13964249495678072,-0.23950466770311168
51,MC | F-band | none | SVR,-0.06356806156544215,0.1342593657279335
51,MC | F-band | none | Anchor,-0.6324904498110755,-0.3673050257672178
51,MC | F-band | none | ICP,-0.1597275554022477,-0.4717633895501112
51,MC | F-band | z | ENR,-0.0658378768445822,-0.3542257361827367
51,MC | F-band | z | SVR,-0.02304084184856703,0.10807149655563875
51,MC | F-band | z | Anchor,-3.7074424683979306,-0.36046822212663937
51,MC | F-band | z | ICP,-0.1537388658530503,-0.356710846155857
51,MC | F-fooof-per | none | ENR,-0.15998446783130071,-0.15565425854402415
51,MC | F-fooof-per | none | SVR,-0.21516455074738539,-0.07007025254234175
51,MC | F-fooof-per | none | Anchor,-0.17964712984943776,0.17023022193082432
51,MC | F-fooof-per | none | ICP,-0.07623284434597055,-0.23643694718751165
51,MC | F-fooof-per | z | ENR,-0.3780584201616848,-0.33559863776516674
51,MC | F-fooof-per | z | SVR,-0.27321722771978574,-0.13980348622915373
51,MC | F-fooof-per | z | Anchor,-6.809028319773445,-0.007434866349735905
51,MC | F-fooof-per | z | ICP,-0.052187647680072446,-0.37126298580286776
51,MC | F-rel | none | ENR,-0.052187647680072446,-0.37126298580286776
51,MC | F-rel | none | SVR,-0.10547262154770509,0.07044974861894956
51,MC | F-rel | none | Anchor,-0.6746416246548619,-0.4495509099981227
51,MC | F-rel | none | ICP,-0.052187647680072446,-0.37126298580286776
51,MC | F-rel | z | ENR,-0.4050786713689849,-0.28091008913542403
51,MC | F-rel | z | SVR,-0.2991018305352089,-0.08957514680406983
51,MC | F-rel | z | Anchor,-2.3119903713842893,-0.24241950909067903
51,MC | F-rel | z | ICP,-0.06970528692044575,-0.3300950573459402
51,MC | F-asym | none | ENR,-0.052187647680072446,-0.371262985802868
51,MC | F-asym | none | SVR,-0.20447681290262043,-0.08153337560291385
51,MC | F-asym | none | Anchor,-0.7002472892968268,-0.40851564263942863
51,MC | F-asym | none | ICP,-0.052187647680072446,-0.37126298580286776
51,MC | F-asym | z | ENR,-0.5399426165270407,-0.28660484461875924
51,MC | F-asym | z | SVR,-0.5253467963716549,-0.20053998177927138
51,MC | F-asym | z | Anchor,-0.4664791268446107,-0.4221130193811381
51,MC | F-asym | z | ICP,-0.052187647680072446,-0.37126298580286776
51,MC | F-riem | none | ENR,-0.05497653314657569,-0.3770803522684716
51,MC | F-riem | none | SVR,-0.7542675832117764,-0.1938105373986716
51,MC | F-riem | none | Anchor,-2.4088522204888303,-0.19678132004521762
51,MC | F-riem | none | ICP,-0.10800908180124336,-0.06397012100531999
51,MC | F-riem | z | ENR,-0.0950452263035988,-0.0689654113820531
51,MC | F-riem | z | SVR,-0.20752102363738234,-0.15929378785725623
51,MC | F-riem | z | Anchor,-2.8923201643892216,-0.16892929948551194
51,MC | F-riem | z | ICP,-0.21192201383420084,-0.05038731683857787
51,MC | F-riem | riem | ENR,-0.06493504781324266,-0.3980075843931218
51,MC | F-riem | riem | SVR,-0.06318672020445093,-0.08941315065832718
51,MC | F-riem | riem | Anchor,-1.3053960749731917,-0.185026683610194
51,MC | F-riem | riem | ICP,-0.09414209542860164,-0.37034073565902054
52,noMC | F-band | none | ENR,-0.10913210562709308,-0.21579496892052397
52,noMC | F-band | none | SVR,-0.29087007339316306,-0.16322446620731368
52,noMC | F-band | none | Anchor,-2.0324246602066345,-0.17477848446531763
52,noMC | F-band | none | ICP,-0.055798257418189,0.05963291220799158
52,noMC | F-band | z | ENR,-0.05096211638437875,-0.15084763100256673
52,noMC | F-band | z | SVR,-0.1757281077847317,-0.14625311581258205
52,noMC | F-band | z | Anchor,-8.459470945619316,0.08672732476801537
52,noMC | F-band | z | ICP,-0.13019977805830196,-0.04500723062418818
52,noMC | F-fooof-per | none | ENR,-0.4864790961629679,-0.2148503256025685
52,noMC | F-fooof-per | none | SVR,-0.22345598859569638,-0.21654335902370614
52,noMC | F-fooof-per | none | Anchor,-0.7159918303650654,-0.025668802307925013
52,noMC | F-fooof-per | none | ICP,-0.15144416901378688,-0.18632937640889863
52,noMC | F-fooof-per | z | ENR,-0.0751190873838814,-0.25215135749779105
52,noMC | F-fooof-per | z | SVR,-0.2186075238496561,-0.1489593178464568
52,noMC | F-fooof-per | z | Anchor,-0.9177338806001614,-0.08945002176918393
52,noMC | F-fooof-per | z | ICP,-0.12611033165689323,-0.23411365191950284
52,noMC | F-rel | none | ENR,-0.030011691285985798,-0.2012278011806743
52,noMC | F-rel | none | SVR,-0.08758740162947976,0.04240597911934217
52,noMC | F-rel | none | Anchor,-0.7257995423836143,-0.12942271515919812
52,noMC | F-rel | none | ICP,-0.06036383740140727,-0.2180127354159876
52,noMC | F-rel | z | ENR,-0.034533971095609406,-0.22487822269631583
52,noMC | F-rel | z | SVR,-0.17701666559984575,-0.23501609373167937
52,noMC | F-rel | z | Anchor,-4.207506439438141,-0.19294420691890912
52,noMC | F-rel | z | ICP,-0.05355501506185001,-0.250514602272971
52,noMC | F-asym | none | ENR,-0.6194811109925729,-0.22333762813124336
52,noMC | F-asym | none | SVR,-0.6116839847685376,-0.2638042809544698
52,noMC | F-asym | none | Anchor,-0.7308861700207803,-0.2480292784631228
52,noMC | F-asym | none | ICP,-0.13033498448850755,-0.19384571186837213
52,noMC | F-asym | z | ENR,-0.0654231620502892,-0.3406478517829501
52,noMC | F-asym | z | SVR,-0.2332349466243553,-0.1886087066395178
52,noMC | F-asym | z | Anchor,-0.43363090854836583,0.05113730819193171
52,noMC | F-asym | z | ICP,-0.5776968297853848,0.08014544587288348
52,noMC | F-riem | none | ENR,-0.035865685120404,-0.25624448970403313
52,noMC | F-riem | none | SVR,-0.19840351108266296,-0.31759516964397916
52,noMC | F-riem | none | Anchor,-1.5403690880306922,-0.25220873834652613
52,noMC | F-riem | none | ICP,-0.08245318355807818,-0.1429375821643396
52,noMC | F-riem | z | ENR,-0.035865685120404,-0.25624448970403313
52,noMC | F-riem | z | SVR,-0.08851390615698973,-0.08669174249140105
52,noMC | F-riem | z | Anchor,-0.7338918218153645,-0.09069674249484166
52,noMC | F-riem | z | ICP,-0.4281598507119755,-0.22190521358179602
52,noMC | F-riem | riem | ENR,-0.034798588742523506,-0.2664659073932002
52,noMC | F-riem | riem | SVR,-0.10406732244172878,-0.094328435741065
52,noMC | F-riem | riem | Anchor,-2.299260746730894,-0.21859582073479888
52,noMC | F-riem | riem | ICP,-0.060404481349943806,-0.16309466960609087
52,MC | F-band | none | ENR,-0.2976524593874921,-0.11549942976308572
52,MC | F-band | none | SVR,-0.7695832893061461,-0.21214492892305098
52,MC | F-band | none | Anchor,-1.6258990032705865,-0.11249329440397585
52,MC | F-band | none | ICP,-0.24923909911134245,-0.15711432458818508
52,MC | F-band | z | ENR,-0.04916444782921303,0.0726223987679114
52,MC | F-band | z | SVR,-0.3706371899314247,-0.09588418450108924
52,MC | F-band | z | Anchor,-0.22508745713567846,0.02386993031652472
52,MC | F-band | z | ICP,-0.11988316279403843,-0.23755905804346758
52,MC | F-fooof-per | none | ENR,-0.5705049082140032,-0.19496084028403593
52,MC | F-fooof-per | none | SVR,-0.46040110890485875,-0.16955248422317137
52,MC | F-fooof-per | none | Anchor,-0.45781201624974077,-0.17934788575915256
52,MC | F-fooof-per | none | ICP,-0.04332334422751494,-0.019341777227892612
52,MC | F-fooof-per | z | ENR,-0.19167528494465746,-0.21615871028065003
52,MC | F-fooof-per | z | SVR,-0.46202048502067394,-0.23092982079449134
52,MC | F-fooof-per | z | Anchor,-0.21481465411107714,-0.2632352089817195
52,MC | F-fooof-per | z | ICP,-0.1791056374754576,-0.2240691407603997
52,MC | F-rel | none | ENR,-0.06088973483759896,-0.13739054781725876
52,MC | F-rel | none | SVR,-0.027747859120893503,0.13829151023534647
52,MC | F-rel | none | Anchor,-0.19480926973837498,-0.06688529700966055
52,MC | F-rel | none | ICP,-0.11400272672163525,-0.003494931589027205
52,MC | F-rel | z | ENR,-0.04169620933429208,-0.24195496496668767
52,MC | F-rel | z | SVR,-0.23175812468601098,-0.1982720415723478
52,MC | F-rel | z | Anchor,-1.3740953235903257,0.004250018701357654
52,MC | F-rel | z | ICP,-0.10231476992463806,-0.2251996171223264
52,MC | F-asym | none | ENR,-0.323189212517758,-0.20872593262556838
52,MC | F-asym | none | SVR,-0.3703202798485683,-0.2746592648293622
52,MC | F-asym | none | Anchor,-0.17086056581012743,-0.29236573077421635
52,MC | F-asym | none | ICP,-0.015055180110072897,-0.013554919190300687
52,MC | F-asym | z | ENR,-0.21776777160158,-0.10116826006051646
52,MC | F-asym | z | SVR,-0.2976155569138581,-0.342416812987942
52,MC | F-asym | z | Anchor,-0.46649057412074324,-0.17204541253789213
52,MC | F-asym | z | ICP,-0.03716771073058878,-0.25195049937058234
52,MC | F-riem | none | ENR,-0.04055512185970489,-0.2670385295074872
52,MC | F-riem | none | SVR,-0.23708161970010888,-0.30078402066772036
52,MC | F-riem | none | Anchor,-3.4394682113809507,-0.20825808177487215
52,MC | F-riem | none | ICP,-0.17105808669170575,-0.2575116442316382
52,MC | F-riem | z | ENR,-0.15462668455468442,-0.10621000548475334
52,MC | F-riem | z | SVR,-0.0703383912555402,-0.06469095120476254
52,MC | F-riem | z | Anchor,-0.8717268855336957,0.021747796931511285
52,MC | F-riem | z | ICP,-1.0709945257875697,-0.19865958951213766
52,MC | F-riem | riem | ENR,-0.03540844430732748,-0.2593576232112006
52,MC | F-riem | riem | SVR,-0.09993819037161566,-0.12761717172767836
52,MC | F-riem | riem | Anchor,-3.280203338549538,-0.17958850258939993
52,MC | F-riem | riem | ICP,-1.400034774326501,-0.18498745518379325
53,noMC | F-band | none | ENR,-0.061971463718440756,-0.19648870338930866
53,noMC | F-band | none | SVR,-0.22975820510797984,-0.10636128074945925
53,noMC | F-band | none | Anchor,-0.050179699779296705,0.19960076694028958
53,noMC | F-band | none | ICP,-0.06688678998309072,-0.09573853862316878
53,noMC | F-band | z | ENR,-0.09178358488836214,-0.20744601639544408
53,noMC | F-band | z | SVR,-0.08553175430449977,-0.00949106917269801
53,noMC | F-band | z | Anchor,-0.6900911248965311,0.12555234583052394
53,noMC | F-band | z | ICP,-0.03707523588857198,-0.031462247439120974
53,noMC | F-fooof-per | none | ENR,-0.04719494188998841,-0.33817127533586594
53,noMC | F-fooof-per | none | SVR,-0.20098160916670293,-0.17054207484406964
53,noMC | F-fooof-per | none | Anchor,-0.28848250004385734,-0.1537145103479778
53,noMC | F-fooof-per | none | ICP,-0.12364897814568954,-0.14653416972984756
53,noMC | F-fooof-per | z | ENR,-0.22965327094760712,-0.3026974497746122
53,noMC | F-fooof-per | z | SVR,-0.11134264353072054,-0.17619341158583424
53,noMC | F-fooof-per | z | Anchor,-0.3633542207007754,0.01975993682689946
53,noMC | F-fooof-per | z | ICP,-0.0470094656804565,-0.32940098583216015
53,noMC | F-rel | none | ENR,-0.08365338927087285,-0.26472609674591613
53,noMC | F-rel | none | SVR,-0.08739483621526123,-0.043026064049759706
53,noMC | F-rel | none | Anchor,-0.07250388811142283,0.023139938299626787
53,noMC | F-rel | none | ICP,-0.05825543372337649,-0.07380739276752331
53,noMC | F-rel | z | ENR,-0.0459195588153718,-0.26052731153563535
53,noMC | F-rel | z | SVR,-0.019189767350367815,0.05183681360925566
53,noMC | F-rel | z | Anchor,-0.3099386301581011,0.022422205202124738
53,noMC | F-rel | z | ICP,-0.136429256066805,-0.1786549113350689
53,noMC | F-asym | none | ENR,-0.0576406619154326,-0.3049179698267046
53,noMC | F-asym | none | SVR,-0.03048199022827247,0.07354657690254976
53,noMC | F-asym | none | Anchor,-0.07715097829673279,-0.051678548820741375
53,noMC | F-asym | none | ICP,-0.04719494188998841,-0.33817127533586594
53,noMC | F-asym | z | ENR,-0.2162861427013263,-0.08925430378646286
53,noMC | F-asym | z | SVR,-0.028292434363054175,0.02606420663433931
53,noMC | F-asym | z | Anchor,-0.46833046905777187,0.08727204543060697
53,noMC | F-asym | z | ICP,-0.04478116414383626,-0.12790403076198553
53,noMC | F-riem | none | ENR,-0.04719494188998841,-0.3381712753358659
53,noMC | F-riem | none | SVR,-0.4335685422932931,-0.2190652468511446
53,noMC | F-riem | none | Anchor,-0.25506250490168814,-0.2625855476730014
53,noMC | F-riem | none | ICP,-0.11763112520346297,-0.24736455429977833
53,noMC | F-riem | z | ENR,-0.6392706086459108,-0.22560326380077136
53,noMC | F-riem | z | SVR,-0.30154490316813476,-0.21853324117040923
53,noMC | F-riem | z | Anchor,-1.0159159980264074,-0.004439253653380139
53,noMC | F-riem | z | ICP,-0.14412991245184092,0.009430280357250659
53,noMC | F-riem | riem | ENR,-0.059812345334835815,-0.32533903719569235
53,noMC | F-riem | riem | SVR,-0.1011154716459246,-0.1775831125773163
53,noMC | F-riem | riem | Anchor,-0.2815586927196452,0.20815715402722548
53,noMC | F-riem | riem | ICP,-0.09344409374698515,-0.11917059203873123
53,MC | F-band | none | ENR,-0.06792841301965225,-0.229952756949929
53,MC | F-band | none | SVR,-0.11104911031140663,-0.02813619696026796
53,MC | F-band | none | Anchor,-0.20421624862089582,0.202569926487644
53,MC | F-band | none | ICP,-0.06496281518244196,-0.20172669823128878
53,MC | F-band | z | ENR,-0.051228178885879716,-0.04188696549762621
53,MC | F-band | z | SVR,-0.2893266799693861,-0.07273699577761407
53,MC | F-band | z | Anchor,-0.03344619120964176,0.1688328100978806
53,MC | F-band | z | ICP,0.03935534140343755,0.201891818549431
53,MC | F-fooof-per | none | ENR,-0.0596623499760196,-0.2869051112800811
53,MC | F-fooof-per | none | SVR,-0.24223704743773578,-0.1800668100716008
53,MC | F-fooof-per | none | Anchor,-0.4292922628491096,-0.2121607086022146
53,MC | F-fooof-per | none | ICP,-0.1334312906317061,-0.1810129941658477
53,MC | F-fooof-per | z | ENR,-0.13274492380688496,-0.3397583579098329
53,MC | F-fooof-per | z | SVR,-0.32022721397994824,-0.24510645074566872
53,MC | F-fooof-per | z | Anchor,-0.26409331420407267,-0.20737651103225613
53,MC | F-fooof-per | z | ICP,-0.9746039354355045,-0.0034565455870158163
53,MC | F-rel | none | ENR,-0.05291391149579372,-0.17571811465696008
53,MC | F-rel | none | SVR,-0.0523960389638507,-0.006828470467961582
53,MC | F-rel | none | Anchor,-0.01257305301373668,0.1350211832150134
53,MC | F-rel | none | ICP,-0.026612806916409104,-0.1285616115645803
53,MC | F-rel | z | ENR,0.02673408475941419,0.16757224797596137
53,MC | F-rel | z | SVR,-0.05192067554860991,-0.0418762607473279
53,MC | F-rel | z | Anchor,0.02698925388566531,0.1858783853855902
53,MC | F-rel | z | ICP,-0.14534399025453104,-0.2817694327551458
53,MC | F-asym | none | ENR,-0.050443316347477785,-0.3409083719957223
53,MC | F-asym | none | SVR,-0.011372528618402544,0.11154275269495638
53,MC | F-asym | none | Anchor,-0.097934660916702,-0.08391539881534929
53,MC | F-asym | none | ICP,-0.0827362474357698,-0.24287631841225787
53,MC | F-asym | z | ENR,-0.27394299565388947,-0.09998420274111998
53,MC | F-asym | z | SVR,-0.19562377886052507,-0.07503422042232609
53,MC | F-asym | z | Anchor,-0.26977764326678066,-0.10017990845224042
53,MC | F-asym | z | ICP,-0.06190300336669918,-0.22810093829347913
53,MC | F-riem | none | ENR,-0.13725312829608427,-0.25337899964838206
53,MC | F-riem | none | SVR,-0.23058013193854077,-0.029327201450262
53,MC | F-riem | none | Anchor,-0.1949324272669688,0.007599959549066268
53,MC | F-riem | none | ICP,-0.1216162984036151,-0.14980749655407138
53,MC | F-riem | z | ENR,-1.0411447155509572,-0.20989007775838542
53,MC | F-riem | z | SVR,-0.6484324357315174,-0.22993463270434372
53,MC | F-riem | z | Anchor,-1.0653090615676049,-0.07789483404114769
53,MC | F-riem | z | ICP,-0.039726106496296376,0.09803202980459605
53,MC | F-riem | riem | ENR,-0.1047999254520171,-0.2642368942698079
53,MC | F-riem | riem | SVR,-0.1501480179747472,-0.18189203955328084
53,MC | F-riem | riem | Anchor,-0.26463081734218763,-0.05322426609445353
53,MC | F-riem | riem | ICP,-0.18051483291114434,-0.09386037506279502
54,noMC | F-band | none | ENR,-0.08887623068604089,-0.17356285959904455
54,noMC | F-band | none | SVR,-0.2523291069897444,-0.16482079909280048
54,noMC | F-band | none | Anchor,-0.31989082416903325,-0.027654386234024032
54,noMC | F-band | none | ICP,-0.0534698590506546,-0.16211985497168763
54,noMC | F-band | z | ENR,-0.10883897955081068,-0.13508749962588587
54,noMC | F-band | z | SVR,-0.19824785437968084,-0.12054400695948249
54,noMC | F-band | z | Anchor,-1.0881701909140706,0.11482661395061527
54,noMC | F-band | z | ICP,-0.05134412792706344,-0.26164888480726856
54,noMC | F-fooof-per | none | ENR,-0.04033525729546583,-0.057835426527324846
54,noMC | F-fooof-per | none | SVR,-0.021481061229591702,0.10155126236292772
54,noMC | F-fooof-per | none | Anchor,-0.06339563774173596,0.2082998562329459
54,noMC | F-fooof-per | none | ICP,-0.020729842908152385,0.0076440024315489324
54,noMC | F-fooof-per | z | ENR,-0.06032909214270088,-0.005072575270293894
54,noMC | F-fooof-per | z | SVR,-0.1008972604145959,0.04887711575287823
54,noMC | F-fooof-per | z | Anchor,0.07663059902491642,0.2978957869316161
54,noMC | F-fooof-per | z | ICP,-0.033546455205661685,-0.0054881397220378735
54,noMC | F-rel | none | ENR,-0.052331785955327836,-0.10086018127513077
54,noMC | F-rel | none | SVR,-0.39008469908682053,-0.13517272809107003
54,noMC | F-rel | none | Anchor,-1.503704289452847,-0.1953836819380506
54,noMC | F-rel | none | ICP,-0.13338559205150458,-0.2554991579568577
54,noMC | F-rel | z | ENR,-0.2472648558921957,-0.020001912549744476
54,noMC | F-rel | z | SVR,-0.17066030195656734,-0.01452207543005008
54,noMC | F-rel | z | Anchor,-0.600953955333811,0.11512417600830079
54,noMC | F-rel | z | ICP,-0.18728701483895027,-0.12401486377783971
54,noMC | F-asym | none | ENR,-0.09501440110948622,-0.22295889520414802
54,noMC | F-asym | none | SVR,-0.14710471977942663,-0.17504045859068973
54,noMC | F-asym | none | Anchor,-0.15759297388550197,-0.045939451642966866
54,noMC | F-asym | none | ICP,-0.026715015795473196,-0.048401193463774896
54,noMC | F-asym | z | ENR,-0.08632343777720242,-0.16624251374519233
54,noMC | F-asym | z | SVR,-0.20233461388059681,-0.1881072126634144
54,noMC | F-asym | z | Anchor,-0.20218395803718447,-0.047489296777495194
54,noMC | F-asym | z | ICP,-0.008075105809769001,0.13071986131228003
54,noMC | F-riem | none | ENR,-0.12226063524745245,-0.05152429694083655
54,noMC | F-riem | none | SVR,-0.11026597853017384,0.13840588454476488
54,noMC | F-riem | none | Anchor,-0.37138568477451583,0.29335991160079966
54,noMC | F-riem | none | ICP,-0.0426016925761481,-0.28973946656042265
54,noMC | F-riem | z | ENR,-0.3892307509860955,-0.0035809003190959586
54,noMC | F-riem | z | SVR,-0.014277805253949838,0.10095220852951728
54,noMC | F-riem | z | Anchor,-1.5657959800391903,0.27614388564409087
54,noMC | F-riem | z | ICP,-0.03541299636852524,-0.09945714117726895
54,noMC | F-riem | riem | ENR,-0.21970599298690163,-0.029710159001653674
54,noMC | F-riem | riem | SVR,-0.007262661209858967,0.14128869431468932
54,noMC | F-riem | riem | Anchor,-1.0691859921082054,0.15552935865537038
54,noMC | F-riem | riem | ICP,-0.041344800961749195,-0.06093097813563271
54,MC | F-band | none | ENR,-0.11379968365581061,-0.19030463564882222
54,MC | F-band | none | SVR,-0.2130288756897587,-0.22551671313589883
54,MC | F-band | none | Anchor,-0.09827201897902227,0.09038492528101974
54,MC | F-band | none | ICP,-0.19102379372338874,-0.13495417303313922
54,MC | F-band | z | ENR,-0.009734437809393981,0.055010268967577755
54,MC | F-band | z | SVR,-0.18774703097972312,-0.17234032139577588
54,MC | F-band | z | Anchor,-0.7866779103295256,0.20335085498451722
54,MC | F-band | z | ICP,-0.09265723005734006,-0.1479295544233062
54,MC | F-fooof-per | none | ENR,-0.025254828799881057,-0.009131562071147792
54,MC | F-fooof-per | none | SVR,-0.023521379133464082,0.12456243986348432
54,MC | F-fooof-per | none | Anchor,0.0017939552503086764,0.15979314989326754
54,MC | F-fooof-per | none | ICP,-0.024913952431952158,-0.01953222001982275
54,MC | F-fooof-per | z | ENR,-0.011330809864602998,0.03209505059120129
54,MC | F-fooof-per | z | SVR,-0.15193919412158197,0.05984318715006515
54,MC | F-fooof-per | z | Anchor,-0.3014650856772494,0.18687818363363107
54,MC | F-fooof-per | z | ICP,0.0013105256161283219,0.1425104614265742
54,MC | F-rel | none | ENR,-0.08184145017664002,-0.28102348475961686
54,MC | F-rel | none | SVR,-0.2356688286124502,-0.20704806289039873
54,MC | F-rel | none | Anchor,-0.6999171380676661,-0.11045889728827066
54,MC | F-rel | none | ICP,-0.0970039288119624,-0.143043595255009
54,MC | F-rel | z | ENR,-0.04377600265522141,-0.29036069773096285
54,MC | F-rel | z | SVR,-0.16240725121607635,-0.17957597611440518
54,MC | F-rel | z | Anchor,-0.931304655394666,-0.013785308110752244
54,MC | F-rel | z | ICP,-0.13696474634970235,-0.12898765823269975
54,MC | F-asym | none | ENR,-0.05789835113684516,-0.06842907216020125
54,MC | F-asym | none | SVR,-0.34178441880302346,-0.05326940433945744
54,MC | F-asym | none | Anchor,-0.12976740191029168,-0.005265854006672923
54,MC | F-asym | none | ICP,-0.04377600265522141,-0.29036069773096285
54,MC | F-asym | z | ENR,-0.17873012199035565,-0.1483492368704808
54,MC | F-asym | z | SVR,-0.35816809526591986,-0.21564854596373073
54,MC | F-asym | z | Anchor,-0.2474116879206847,-0.16060921235538794
54,MC | F-asym | z | ICP,-0.061037171327601,-0.3049502788665125
54,MC | F-riem | none | ENR,-0.07347002769277688,-0.05295280423882546
54,MC | F-riem | none | SVR,-0.3583300426888971,0.0702474290704835
54,MC | F-riem | none | Anchor,-0.11700924350314401,0.3312274490337901
54,MC | F-riem | none | ICP,0.01936093938218708,0.1502056106582588
54,MC | F-riem | z | ENR,-0.11357469968186962,-0.21403876205433095
54,MC | F-riem | z | SVR,-0.3573570952036491,0.000803881390260051
54,MC | F-riem | z | Anchor,-1.7888134234036728,0.254436276169178
54,MC | F-riem | z | ICP,-0.004879285405636757,0.2452889226111007
54,MC | F-riem | riem | ENR,-0.08940332755725211,0.02521814722518702
54,MC | F-riem | riem | SVR,-0.1270372666545987,0.023701061831046526
54,MC | F-riem | riem | Anchor,-2.165037150824523,0.2937589695739341
54,MC | F-riem | riem | ICP,-0.06293018928525118,0.0048360777733594505
55,noMC | F-band | none | ENR,-0.19945197738018772,-0.22284257781604527
55,noMC | F-band | none | SVR,-0.16158352014895172,-0.1285796388852473
55,noMC | F-band | none | Anchor,-1.060629957422619,-0.1396799673759694
55,noMC | F-band | none | ICP,-0.04499636717663957,-0.3349613769416019
55,noMC | F-band | z | ENR,0.00754358100675212,0.10604531090036759
55,noMC | F-band | z | SVR,-0.05677383247801027,-0.06671830890395043
55,noMC | F-band | z | Anchor,-0.8776301029421063,0.1404329044712464
55,noMC | F-band | z | ICP,-0.04252378506865262,-0.32522987896229094
55,noMC | F-fooof-per | none | ENR,-0.22746763701249062,-0.11315954378365686
55,noMC | F-fooof-per | none | SVR,-0.19407261415054378,-0.030722703820781357
55,noMC | F-fooof-per | none | Anchor,-1.259308741274661,-0.2002913272168645
55,noMC | F-fooof-per | none | ICP,-0.0962518757349915,-0.22574538643001102
55,noMC | F-fooof-per | z | ENR,-0.04499636717663957,-0.3349613769416019
55,noMC | F-fooof-per | z | SVR,-0.1348303130031705,-0.14788642836705018
55,noMC | F-fooof-per | z | Anchor,-0.3106444130113475,-0.21587540403551686
55,noMC | F-fooof-per | z | ICP,-0.08233274748967156,-0.2832720283699628
55,noMC | F-rel | none | ENR,-0.08983975399945376,-0.029087261997200055
55,noMC | F-rel | none | SVR,-0.21565539994218064,-0.15640311631435921
55,noMC | F-rel | none | Anchor,-0.440164645162723,-0.07933709858190419
55,noMC | F-rel | none | ICP,-0.16470233493310427,-0.2857384066880374
55,noMC | F-rel | z | ENR,-0.04177655824184012,-0.3548313372392484
55,noMC | F-rel | z | SVR,-0.20746772977594952,-0.250367836982184
55,noMC | F-rel | z | Anchor,-3.2443233414102313,-0.26606963643507603
55,noMC | F-rel | z | ICP,-0.07984481084369421,-0.19720865873660576
55,noMC | F-asym | none | ENR,-0.1781288821937681,-0.24594977273261942
55,noMC | F-asym | none | SVR,-0.10687522016288353,0.08765981569810692
55,noMC | F-asym | none | Anchor,-0.9090504731222351,-0.22136553149675559
55,noMC | F-asym | none | ICP,-0.05063302627858057,-0.1357515931486329
55,noMC | F-asym | z | ENR,-0.08474695429978074,-0.27976207462955194
55,noMC | F-asym | z | SVR,-0.1645098577432329,-0.11662500404482384
55,noMC | F-asym | z | Anchor,-0.5153076064115247,0.07207738047673681
55,noMC | F-asym | z | ICP,-0.144985659335225,0.043915568447715346
55,noMC | F-riem | none | ENR,-0.044996367176639795,-0.334961376941602
55,noMC | F-riem | none | SVR,-0.41639295530026144,-0.33641507469106646
55,noMC | F-riem | none | Anchor,-0.8263827151569236,-0.29270226414540945
55,noMC | F-riem | none | ICP,-0.08261329980756327,-0.3085054380192549
55,noMC | F-riem | z | ENR,-0.04792504196078795,-0.26149001599133115
55,noMC | F-riem | z | SVR,-0.03924012408397437,0.05893063325142907
55,noMC | F-riem | z | Anchor,-1.5309420276742722,-0.23422488020184773
55,noMC | F-riem | z | ICP,-0.0482360882973063,-0.1787900733748401
55,noMC | F-riem | riem | ENR,-0.04499636717663957,-0.3349613769416019
55,noMC | F-riem | riem | SVR,-0.02801998129005967,0.0609393934742639
55,noMC | F-riem | riem | Anchor,-0.4253106026166571,-0.2069734387473659
55,noMC | F-riem | riem | ICP,-0.040669617375517664,-0.1812951166116431
55,MC | F-band | none | ENR,-0.26079586551778666,-0.11294108357532923
55,MC | F-band | none | SVR,-0.353367862992624,-0.21792210500706005
55,MC | F-band | none | Anchor,-1.0336356690361703,-0.10557442170335993
55,MC | F-band | none | ICP,-0.05531672811102539,-0.11690146163094821
55,MC | F-band | z | ENR,-0.0721458346434607,-0.0620420016531359
55,MC | F-band | z | SVR,-0.11649317296215744,-0.1572332199942501
55,MC | F-band | z | Anchor,-0.5486458680623842,0.10144761984551157
55,MC | F-band | z | ICP,-0.0794089474810884,-0.23711348703677632
55,MC | F-fooof-per | none | ENR,-0.325807657038125,-0.21621401708405935
55,MC | F-fooof-per | none | SVR,-0.25111764666839176,-0.06350355094664384
55,MC | F-fooof-per | none | Anchor,-0.9095523114559023,-0.2063800921271756
55,MC | F-fooof-per | none | ICP,-0.06132858989121437,-0.27711730799782286
55,MC | F-fooof-per | z | ENR,-0.09720110863886045,-0.22615940455031414
55,MC | F-fooof-per | z | SVR,-0.2070652665693158,-0.2342642812166293
55,MC | F-fooof-per | z | Anchor,-0.1881236125865562,-0.21010621946285613
55,MC | F-fooof-per | z | ICP,-0.07476201458601506,-0.29227130003909385
55,MC | F-rel | none | ENR,-0.10085264665407734,0.006324248648741241
55,MC | F-rel | none | SVR,-0.10402189657491201,-0.06542893517041644
55,MC | F-rel | none | Anchor,-0.4054837246817926,-0.05812969780108103
55,MC | F-rel | none | ICP,-0.11440495057725775,-0.20894142070295474
55,MC | F-rel | z | ENR,-0.04761604322526658,-0.33280269334147206
55,MC | F-rel | z | SVR,-0.29989635725427455,-0.1904053711625746
55,MC | F-rel | z | Anchor,-4.487440492611233,-0.24851617096706707
55,MC | F-rel | z | ICP,-0.07249290391591856,-0.17270616768365366
55,MC | F-asym | none | ENR,-0.13083277761070433,-0.2576846888442759
55,MC | F-asym | none | SVR,-0.17800883585391558,-0.14901489055594247
55,MC | F-asym | none | Anchor,-0.39539921687946644,-0.21358931139272813
55,MC | F-asym | none | ICP,-0.04679198428521958,-0.3353060159577472
55,MC | F-asym | z | ENR,-0.09558709794712716,-0.2457363345414961
55,MC | F-asym | z | SVR,-0.3370988278780045,-0.05395010638482447
55,MC | F-asym | z | Anchor,-0.46819845574719277,-0.12715193190504132
55,MC | F-asym | z | ICP,-0.1394864155524309,-0.09918829480833269
55,MC | F-riem | none | ENR,-0.04679198428521958,-0.3353060159577472
55,MC | F-riem | none | SVR,-0.32614563158423393,-0.2667786001997663
55,MC | F-riem | none | Anchor,-0.7416925622606136,-0.2660195216107056
55,MC | F-riem | none | ICP,-0.06276030256940701,-0.21691049393510514
55,MC | F-riem | z | ENR,-0.047901849973775334,-0.238097481855623
55,MC | F-riem | z | SVR,-0.11393057579616239,-0.03266845824113089
55,MC | F-riem | z | Anchor,-0.6902730966002188,0.06341271816353505
55,MC | F-riem | z | ICP,-0.09619009142223156,-0.042032729369618965
55,MC | F-riem | riem | ENR,-0.06363089773200992,-0.13265184286979592
55,MC | F-riem | riem | SVR,-0.09037993713742298,-0.010791228260965076
55,MC | F-riem | riem | Anchor,-0.5195956630299376,-0.13587658084460014
55,MC | F-riem | riem | ICP,-0.19221622310558284,-0.12160033757327632
56,noMC | F-band | none | ENR,-0.09254403027719982,-0.25410113204417945
56,noMC | F-band | none | SVR,-0.22841998769761007,-0.25038276906706947
56,noMC | F-band | none | Anchor,-1.3643428277489922,-0.17125661829262373
56,noMC | F-band | none | ICP,-0.36737611048492225,-0.181579730081814
56,noMC | F-band | z | ENR,-0.039970814599694204,-0.25046539905421805
56,noMC | F-band | z | SVR,-0.2353302565770925,-0.16407138530586593
56,noMC | F-band | z | Anchor,-0.29173755110034216,-0.140809054423946
56,noMC | F-band | z | ICP,-0.10745009351283419,-0.1373763508971145
56,noMC | F-fooof-per | none | ENR,-0.09937169026811143,-0.11925640441078696
56,noMC | F-fooof-per | none | SVR,-0.22892877416489377,-0.11361324908324069
56,noMC | F-fooof-per | none | Anchor,-0.30770832052209585,-0.051255150561935636
56,noMC | F-fooof-per | none | ICP,-0.1502225777486943,-0.10851940250144196
56,noMC | F-fooof-per | z | ENR,-0.11490872342264025,-0.018207152499298343
56,noMC | F-fooof-per | z | SVR,-0.07322821753704867,0.09465667559963238
56,noMC | F-fooof-per | z | Anchor,-0.770201592231657,-0.01047684868088725
56,noMC | F-fooof-per | z | ICP,-0.08954009252401174,-0.09518496913321167
56,noMC | F-rel | none | ENR,-0.12078854051856425,-0.24408764039363182
56,noMC | F-rel | none | SVR,-0.25240246193994764,-0.22344960474535625
56,noMC | F-rel | none | Anchor,-0.6253143288215952,-0.1104031372964657
56,noMC | F-rel | none | ICP,-0.16805135497704304,-0.19892428470102547
56,noMC | F-rel | z | ENR,-0.07709702120075512,-0.18664005469114842
56,noMC | F-rel | z | SVR,-0.276245654573237,-0.22566345014170686
56,noMC | F-rel | z | Anchor,-1.3356331480022354,-0.2088980528527355
56,noMC | F-rel | z | ICP,-0.259265622297586,-0.22065679141002015
56,noMC | F-asym | none | ENR,-0.0836714324761092,-0.16299576383699982
56,noMC | F-asym | none | SVR,-0.13919153559119657,-0.04356684280081348
56,noMC | F-asym | none | Anchor,-0.20036523051626598,-0.09070852773929403
56,noMC | F-asym | none | ICP,-0.07037711182078943,-0.06400192788035386
56,noMC | F-asym | z | ENR,-0.07991250395175609,-0.23726874416846566
56,noMC | F-asym | z | SVR,-0.08155863653369688,-0.13142913833920938
56,noMC | F-asym | z | Anchor,-0.11432032293555094,-0.0912768660815255
56,noMC | F-asym | z | ICP,-0.07326987883770242,0.017563996591768938
56,noMC | F-riem | none | ENR,-0.04665770365505151,-0.22777424114066927
56,noMC | F-riem | none | SVR,-0.4238959190310656,-0.06470092354134471
56,noMC | F-riem | none | Anchor,-3.757650585218143,-0.17925478205743828
56,noMC | F-riem | none | ICP,-0.2759655392275955,-0.2211127034761737
56,noMC | F-riem | z | ENR,-0.16405612574376893,-0.01288495676260094
56,noMC | F-riem | z | SVR,-0.11855100387741269,0.01896386719283541
56,noMC | F-riem | z | Anchor,-1.6076280080735441,0.02278775746952067
56,noMC | F-riem | z | ICP,-0.05750062073339546,-0.15441426676195485
56,noMC | F-riem | riem | ENR,-0.049850890566320416,-0.08505334945318484
56,noMC | F-riem | riem | SVR,-0.04800141394595925,0.02857878345173987
56,noMC | F-riem | riem | Anchor,-4.135938318620156,-0.14894828393932183
56,noMC | F-riem | riem | ICP,-0.2762274979053694,-0.16863946745993588
56,MC | F-band | none | ENR,-0.06880707508936146,-0.23896742255620196
56,MC | F-band | none | SVR,-0.5045398596489996,-0.20495497267326757
56,MC | F-band | none | Anchor,-0.45465702970541155,-0.20541265164803207
56,MC | F-band | none | ICP,-0.21235931135125008,-0.21645666641190114
56,MC | F-band | z | ENR,-0.05963530665384642,-0.19100081097957072
56,MC | F-band | z | SVR,-0.48087687328021356,-0.19595885144232703
56,MC | F-band | z | Anchor,-1.0181166390887957,-0.14036200725543324
56,MC | F-band | z | ICP,-0.07202937784829144,-0.2411975017240217
56,MC | F-fooof-per | none | ENR,-0.09850028505705222,-0.22100947278969232
56,MC | F-fooof-per | none | SVR,-0.022384304299748026,0.13398624061882677
56,MC | F-fooof-per | none | Anchor,-0.463422499900515,0.07140248147731232
56,MC | F-fooof-per | none | ICP,-0.09669432642961096,-0.13276800738349076
56,MC | F-fooof-per | z | ENR,-0.12156193039999641,-0.16249499095778583
56,MC | F-fooof-per | z | SVR,-0.21276943793773118,-0.15413451293373653
56,MC | F-fooof-per | z | Anchor,-4.832861515676295,0.027880990161984098
56,MC | F-fooof-per | z | ICP,-0.17502757983742767,-0.1301888187857448
56,MC | F-rel | none | ENR,-0.08457459905060571,-0.2282346882195719
56,MC | F-rel | none | SVR,-0.34575584049592956,-0.20390746637850465
56,MC | F-rel | none | Anchor,-0.4207153051934185,-0.21702036016666681
56,MC | F-rel | none | ICP,-0.29073897170835883,-0.22340183832696986
56,MC | F-rel | z | ENR,-0.06695512468827425,-0.20506913276377076
56,MC | F-rel | z | SVR,-0.5102109696631245,-0.1339623540117678
56,MC | F-rel | z | Anchor,-2.3131465881954982,-0.19433854146108015
56,MC | F-rel | z | ICP,-0.04264220508323757,-0.2547453435336732
56,MC | F-asym | none | ENR,-0.07973228684083944,-0.21948773986463177
56,MC | F-asym | none | SVR,-0.11159654811398756,0.0009779957206687076
56,MC | F-asym | none | Anchor,-0.15221406381762015,-0.14217285889065773
56,MC | F-asym | none | ICP,-0.04264220508323757,-0.2547453435336732
56,MC | F-asym | z | ENR,-0.07156843153597481,-0.24143901016898658
56,MC | F-asym | z | SVR,-0.09794600634089656,-0.1505469635767679
56,MC | F-asym | z | Anchor,-0.1614863792135628,-0.06351983784463071
56,MC | F-asym | z | ICP,-0.14088531403594362,-0.15984240609321246
56,MC | F-riem | none | ENR,-0.055604067220451414,-0.17734047551803883
56,MC | F-riem | none | SVR,-0.3561979804429569,-0.03848598483524933
56,MC | F-riem | none | Anchor,-1.722207690307763,-0.1247042729405412
56,MC | F-riem | none | ICP,-0.2901650713089976,-0.19556099110591973
56,MC | F-riem | z | ENR,-0.14322929355800817,0.05431150986066575
56,MC | F-riem | z | SVR,-0.093940453006369,0.08390403965354318
56,MC | F-riem | z | Anchor,-1.9510322336985353,0.07436126259922228
56,MC | F-riem | z | ICP,-0.08672705653478485,0.03577785545854678
56,MC | F-riem | riem | ENR,-0.028483286199578295,0.08795000586399904
56,MC | F-riem | riem | SVR,0.03188954200410998,0.1836770465196143
56,MC | F-riem | riem | Anchor,-1.89817086644419,-0.04525264842651723
56,MC | F-riem | riem | ICP,-0.23787733057840676,0.07099676963338583
57,noMC | F-band | none | ENR,-0.12454441931247695,-0.14444868601780061
57,noMC | F-band | none | SVR,-0.08155019544781306,0.11446184423864578
57,noMC | F-band | none | Anchor,-0.252609368392408,-0.08657485638637309
57,noMC | F-band | none | ICP,0.01358716212628619,0.117062822884011
57,noMC | F-band | z | ENR,0.06483531103202911,0.33972786234129515
57,noMC | F-band | z | SVR,0.13220710599722063,0.3928064211881069
57,noMC | F-band | z | Anchor,0.050333508689819784,0.24588867243885
57,noMC | F-band | z | ICP,-0.05168056354914574,-0.3384532237611363
57,noMC | F-fooof-per | none | ENR,-0.07622496140912216,0.29887655740378816
57,noMC | F-fooof-per | none | SVR,-0.0409224878143879,0.18028625737488227
57,noMC | F-fooof-per | none | Anchor,-0.1545199843281322,0.23144000235322387
57,noMC | F-fooof-per | none | ICP,-0.08313532935782364,-0.234772172570946
57,noMC | F-fooof-per | z | ENR,-0.2084006602382873,-0.1296697799037867
57,noMC | F-fooof-per | z | SVR,-0.08513798662381711,0.09116248091367957
57,noMC | F-fooof-per | z | Anchor,-0.33980795866587443,-0.016266162855420666
57,noMC | F-fooof-per | z | ICP,-0.05127676513758472,0.03109106243977116
57,noMC | F-rel | none | ENR,-0.17950515102493392,-0.02458235666492601
57,noMC | F-rel | none | SVR,-0.2129342887559309,0.008023590820537892
57,noMC | F-rel | none | Anchor,-0.2970437969567752,-0.14368287408198488
57,noMC | F-rel | none | ICP,-0.05168056354914574,-0.3384532237611363
57,noMC | F-rel | z | ENR,-0.21801139635623756,0.16098484133608781
57,noMC | F-rel | z | SVR,-0.037395534787873164,0.24769175078781072
57,noMC | F-rel | z | Anchor,-0.24538343653291794,0.0971943551662927
57,noMC | F-rel | z | ICP,-0.10395711858685153,-0.14277636009328712
57,noMC | F-asym | none | ENR,-0.19449219969496223,-0.3877800951684722
57,noMC | F-asym | none | SVR,-0.517186407878208,-0.14425241301986932
57,noMC | F-asym | none | Anchor,-0.24073108721839076,-0.4098945540059835
57,noMC | F-asym | none | ICP,-0.21049970755949587,-0.3074923390507738
57,noMC | F-asym | z | ENR,-0.12452594654284255,-0.16893289401800793
57,noMC | F-asym | z | SVR,-0.14821067856537917,-0.16400243757994706
57,noMC | F-asym | z | Anchor,-0.2972833038172269,0.03050915765004631
57,noMC | F-asym | z | ICP,0.007082895767126174,0.19262541373444417
57,noMC | F-riem | none | ENR,-0.7127588356666696,-0.014972525958630183
57,noMC | F-riem | none | SVR,-0.085521027459039,0.09496430792228383
57,noMC | F-riem | none | Anchor,-0.22718590605043287,0.14255829653876
57,noMC | F-riem | none | ICP,-0.13399221161024166,-0.08284791478994745
57,noMC | F-riem | z | ENR,-0.06878174350656341,-0.2996728814382704
57,noMC | F-riem | z | SVR,-0.318967311265256,-0.14325708961113792
57,noMC | F-riem | z | Anchor,-1.791461857350988,-0.15871334300304318
57,noMC | F-riem | z | ICP,-0.31286236805856715,-0.05861147012867704
57,noMC | F-riem | riem | ENR,-0.06821942096040945,-0.32275384533239737
57,noMC | F-riem | riem | SVR,-0.2711196038875323,-0.19779437586909576
57,noMC | F-riem | riem | Anchor,-1.973414025323632,-0.011928161508090868
57,noMC | F-riem | riem | ICP,-0.13443478595104574,-0.20720888457365105
57,MC | F-band | none | ENR,-0.0951629373974916,-0.2221936857282733
57,MC | F-band | none | SVR,-0.04945649802926155,0.10669157226867645
57,MC | F-band | none | Anchor,-0.30320494856688485,-0.13183228079288378
57,MC | F-band | none | ICP,-0.11602018947469772,-0.19471363053807844
57,MC | F-band | z | ENR,-0.3209098837442297,-0.3159781916116211
57,MC | F-band | z | SVR,-0.08180653862341547,-0.02064196264299214
57,MC | F-band | z | Anchor,-0.7083685490649567,-0.2727303330789048
57,MC | F-band | z | ICP,-0.1059444310229285,-0.12010931634199998
57,MC | F-fooof-per | none | ENR,-0.057262502320575503,0.0678161890968325
57,MC | F-fooof-per | none | SVR,-0.03174184765231747,0.147831609330441
57,MC | F-fooof-per | none | Anchor,0.04795556418437974,0.27355575259488507
57,MC | F-fooof-per | none | ICP,-0.09013413796040992,-0.1792749029435838
57,MC | F-fooof-per | z | ENR,-0.17087503525514003,-0.18736274567816638
57,MC | F-fooof-per | z | SVR,-0.15819818229833693,0.055373199515732774
57,MC | F-fooof-per | z | Anchor,-0.12572226357066452,-0.12911715003284807
57,MC | F-fooof-per | z | ICP,-0.2508532802603054,0.15462993201341163
57,MC | F-rel | none | ENR,-0.013449163088255167,0.09899236382399892
57,MC | F-rel | none | SVR,-0.09732495648037465,0.006698444525896227
57,MC | F-rel | none | Anchor,-0.25157921817872153,-0.1618036317620257
57,MC | F-rel | none | ICP,-0.05449975058040413,-0.3421340308272591
57,MC | F-rel | z | ENR,-0.08297929736436349,-0.006666413653403251
57,MC | F-rel | z | SVR,-0.11998342669510431,-0.04189445241684866
57,MC | F-rel | z | Anchor,-0.8685644338318226,-0.2339323825606694
57,MC | F-rel | z | ICP,-0.041148803344580154,-0.15308618798613802
57,MC | F-asym | none | ENR,-0.05449975058040413,-0.3421340308272591
57,MC | F-asym | none | SVR,-0.22051292209152384,0.03426666004118589
57,MC | F-asym | none | Anchor,-0.2539690251994111,-0.4267625968373804
57,MC | F-asym | none | ICP,-0.20296323211498724,-0.31555951443765556
57,MC | F-asym | z | ENR,-0.05969292002462301,-0.3696883783464582
57,MC | F-asym | z | SVR,-0.3158196617157931,-0.37557607449321734
57,MC | F-asym | z | Anchor,-0.6311999934199324,-0.38479597002097726
57,MC | F-asym | z | ICP,-0.05449975058040413,-0.3421340308272591
57,MC | F-riem | none | ENR,0.019418790242449968,0.1403450243520183
57,MC | F-riem | none | SVR,-0.08068659602710726,0.0856082569987076
57,MC | F-riem | none | Anchor,-0.1144776082012291,-0.04838395159704794
57,MC | F-riem | none | ICP,-0.08999447334354094,-0.179924769246532
57,MC | F-riem | z | ENR,-0.06645912023625544,-0.26803388577850706
57,MC | F-riem | z | SVR,-0.5438657617099885,-0.19760240243270175
57,MC | F-riem | z | Anchor,-2.366602310131106,-0.10840386006940525
57,MC | F-riem | z | ICP,-0.5670775110175341,-0.01908502887689551
57,MC | F-riem | riem | ENR,-0.06444555352263936,-0.34718873718433174
57,MC | F-riem | riem | SVR,-0.2115786795099741,-0.2676395572693181
57,MC | F-riem | riem | Anchor,-0.1435313785457044,-0.14719146203334524
57,MC | F-riem | riem | ICP,-0.0980274617444179,-0.27988199055310237
58,noMC | F-band | none | ENR,-0.051199001816795375,-0.11215699250735668
58,noMC | F-band | none | SVR,-0.13101917182897949,-0.10239365079675386
58,noMC | F-band | none | Anchor,-0.2986232918060825,-0.06790527653041015
58,noMC | F-band | none | ICP,-0.056047316303617034,-0.25615959702501406
58,noMC | F-band | z | ENR,-0.19109187480739886,-0.32822483130332086
58,noMC | F-band | z | SVR,0.0026658085666210196,0.13504782183678699
58,noMC | F-band | z | Anchor,-2.7447938216371845,-0.3460810858859086
58,noMC | F-band | z | ICP,-0.04115523390549036,-0.30960336092923113
58,noMC | F-fooof-per | none | ENR,-0.16810972462810114,-0.10344320146859186
58,noMC | F-fooof-per | none | SVR,-0.18035546518375667,-0.0022769932329591396
58,noMC | F-fooof-per | none | Anchor,-0.2614032364323049,0.1780712255948576
58,noMC | F-fooof-per | none | ICP,-0.037276329142824194,-0.2468854097101839
58,noMC | F-fooof-per | z | ENR,-0.04889913153965719,-0.27386324910487114
58,noMC | F-fooof-per | z | SVR,-0.053653705513956984,0.00599265240460637
58,noMC | F-fooof-per | z | Anchor,-3.2358511222963715,-0.22560986524315557
58,noMC | F-fooof-per | z | ICP,-0.04115523390549036,-0.30960336092923113
58,noMC | F-rel | none | ENR,-0.09300550097371696,-0.3161832441177085
58,noMC | F-rel | none | SVR,-0.17862317943162753,-0.15661304908046808
58,noMC | F-rel | none | Anchor,-0.22133447468566048,-0.18672520353392252
58,noMC | F-rel | none | ICP,0.011451667461418014,0.11280716726540274
58,noMC | F-rel | z | ENR,-0.052408843059089216,-0.08986431276591811
58,noMC | F-rel | z | SVR,-0.09720381717795146,-0.17608422412353222
58,noMC | F-rel | z | Anchor,-2.7182009783968173,-0.11897131849462775
58,noMC | F-rel | z | ICP,-0.04115523390549036,-0.30960336092923113
58,noMC | F-asym | none | ENR,-0.12047458396989841,-0.18823396863103892
58,noMC | F-asym | none | SVR,0.006957123446326929,0.18352302252342279
58,noMC | F-asym | none | Anchor,-0.5249341097684954,-0.23829405605298226
58,noMC | F-asym | none | ICP,-0.04405246341968372,-0.16117323417252022
58,noMC | F-asym | z | ENR,-0.5624859503713429,-0.2732410625784944
58,noMC | F-asym | z | SVR,-0.05570637411347712,0.007014390555685698
58,noMC | F-asym | z | Anchor,-1.7060153960723583,-0.25757792303458066
58,noMC | F-asym | z | ICP,-0.023296059242710276,-0.10301801257345031
58,noMC | F-riem | none | ENR,-2.9763069819746923,-0.18223476893139148
58,noMC | F-riem | none | SVR,0.15867741053070694,0.430302373927133
58,noMC | F-riem | none | Anchor,-3.656921656913468,-0.23854715910481072
58,noMC | F-riem | none | ICP,-0.1419175233000307,-0.21691851644699683
58,noMC | F-riem | z | ENR,-0.041155233905490585,-0.30960336092923124
58,noMC | F-riem | z | SVR,-0.39429826712439286,-0.14312041079907947
58,noMC | F-riem | z | Anchor,-3.744735964686086,-0.16616252066966286
58,noMC | F-riem | z | ICP,-0.07953619342369134,-0.15398689369730456
58,noMC | F-riem | riem | ENR,-0.048851772258655446,-0.3028677083645575
58,noMC | F-riem | riem | SVR,-0.2293629265197079,-0.17173121340981418
58,noMC | F-riem | riem | Anchor,-1.5947901252128394,-0.09342665251429631
58,noMC | F-riem | riem | ICP,-0.08804946354638177,-0.24200858100350964
58,MC | F-band | none | ENR,-0.07760531708065432,-0.19834521117874682
58,MC | F-band | none | SVR,-0.19010905992518468,-0.21501127707960666
58,MC | F-band | none | Anchor,-0.31930554073026296,-0.03204523033306822
58,MC | F-band | none | ICP,-0.0459404531828187,-0.22613970690830348
58,MC | F-band | z | ENR,-0.04438031814722887,-0.21870982224733349
58,MC | F-band | z | SVR,-0.1749630493816816,-0.1800648518080935
58,MC | F-band | z | Anchor,-1.346829248511725,-0.15676223746937418
58,MC | F-band | z | ICP,0.017334156533965306,0.15260591819600794
58,MC | F-fooof-per | none | ENR,-0.2022153356378129,-0.043881651620761505
58,MC | F-fooof-per | none | SVR,0.01261369083408903,0.19262874899486573
58,MC | F-fooof-per | none | Anchor,-0.136551880279713,0.16601339640732832
58,MC | F-fooof-per | none | ICP,-0.04655837990671463,-0.30213593633954805
58,MC | F-fooof-per | z | ENR,-0.04238758732836412,-0.27539443533956104
58,MC | F-fooof-per | z | SVR,-0.30892005022245117,-0.004919256864915756
58,MC | F-fooof-per | z | Anchor,-3.800277905157918,0.11583585899202352
58,MC | F-fooof-per | z | ICP,-0.10752161024650753,-0.13409159989377187
58,MC | F-rel | none | ENR,-0.10349741383019495,-0.2559781041133659
58,MC | F-rel | none | SVR,-0.1373137439683867,-0.04875326150362272
58,MC | F-rel | none | Anchor,-0.27067060409682586,0.12550471061966736
58,MC | F-rel | none | ICP,-0.04338899530829998,-0.31234985730512266
58,MC | F-rel | z | ENR,-0.030977930092019657,-0.18093684309002217
58,MC | F-rel | z | SVR,-0.027475253019223267,0.017548703140273438
58,MC | F-rel | z | Anchor,-1.7977404680536648,0.012495948763670349
58,MC | F-rel | z | ICP,-0.09407589542480133,-0.23386360678092366
58,MC | F-asym | none | ENR,-0.14214160929198894,-0.21704135393505808
58,MC | F-asym | none | SVR,-0.023677531666677076,0.12647812491867427
58,MC | F-asym | none | Anchor,-0.5523132150572843,-0.2577659698728264
58,MC | F-asym | none | ICP,-0.05269810144971809,-0.19322634755817128
58,MC | F-asym | z | ENR,-0.12603505611955423,-0.3163963910310075
58,MC | F-asym | z | SVR,0.08469025545170406,0.3132839995940228
58,MC | F-asym | z | Anchor,-0.5925011662710027,-0.23788396424737795
58,MC | F-asym | z | ICP,-0.0517729419332531,0.05328339640138223
58,MC | F-riem | none | ENR,-3.0449998189001546,-0.18110500886565342
58,MC | F-riem | none | SVR,-0.8250173627453044,-0.19400339909983877
58,MC | F-riem | none | Anchor,-5.185218081113568,-0.27510948485968917
58,MC | F-riem | none | ICP,-0.0663577487781637,-0.1582325705597833
58,MC | F-riem | z | ENR,-0.043388995308300204,-0.31234985730512244
58,MC | F-riem | z | SVR,-0.44302817315872933,-0.195837471126659
58,MC | F-riem | z | Anchor,-4.050613184415419,-0.16059837662734355
58,MC | F-riem | z | ICP,-0.2378686939987802,-0.3212359092080032
58,MC | F-riem | riem | ENR,-0.04819486424137698,-0.3199641139363854
58,MC | F-riem | riem | SVR,-0.2885148447396755,-0.21604687210119888
58,MC | F-riem | riem | Anchor,-2.5093362321585175,-0.2075683341961021
58,MC | F-riem | riem | ICP,-0.2118933907908409,-0.18823918984104698
59,noMC | F-band | none | ENR,-0.009261408150905925,0.06567723428292065
59,noMC | F-band | none | SVR,-0.2106327218243753,-0.16815162673468065
59,noMC | F-band | none | Anchor,-0.1911802239178697,0.1823936338668356
59,noMC | F-band | none | ICP,-0.04491969312337907,-0.03450697966323194
59,noMC | F-band | z | ENR,-0.05291654712861593,-0.19985755082183096
59,noMC | F-band | z | SVR,-0.22316187979662327,-0.02620871726791872
59,noMC | F-band | z | Anchor,-0.1296158428457317,0.0578809797804457
59,noMC | F-band | z | ICP,-0.07201909304100385,-0.18821100713586641
59,noMC | F-fooof-per | none | ENR,-0.023062811070118094,-0.01996564166744146
59,noMC | F-fooof-per | none | SVR,-0.11221501946132206,-0.06679898997961842
59,noMC | F-fooof-per | none | Anchor,-0.03751352332620228,0.1286844177498439
59,noMC | F-fooof-per | none | ICP,-0.02376722649729368,0.018876643205855543
59,noMC | F-fooof-per | z | ENR,-0.050425127987064444,-0.04784636250508224
59,noMC | F-fooof-per | z | SVR,-0.1378194892087763,-0.11242939307109577
59,noMC | F-fooof-per | z | Anchor,-0.8484877475608696,0.11882560813268661
59,noMC | F-fooof-per | z | ICP,-0.06290670282924737,-0.25373462822918114
59,noMC | F-rel | none | ENR,-0.020888654345948554,-0.0010113894647109916
59,noMC | F-rel | none | SVR,-0.17947446112659815,-0.14445483829311467
59,noMC | F-rel | none | Anchor,-0.14939067635974235,0.1317827692524281
59,noMC | F-rel | none | ICP,-0.01435212149413112,0.056171947724034096
59,noMC | F-rel | z | ENR,-0.07288384825817595,-0.20763054479717358
59,noMC | F-rel | z | SVR,-0.18491206184647146,-0.2112942971947696
59,noMC | F-rel | z | Anchor,-0.48640337961260127,0.17239961233532894
59,noMC | F-rel | z | ICP,-0.6338075803070204,-0.21213824574786727
59,noMC | F-asym | none | ENR,-0.040518216635026194,-0.009029881713059726
59,noMC | F-asym | none | SVR,0.009906508140404613,0.17831083577475768
59,noMC | F-asym | none | Anchor,-0.07371007223530968,0.17320623313041467
59,noMC | F-asym | none | ICP,0.023863403952946727,0.1577999596409277
59,noMC | F-asym | z | ENR,-0.04970781853841011,-0.07725741380260427
59,noMC | F-asym | z | SVR,0.07453904161224367,0.3006301566204594
59,noMC | F-asym | z | Anchor,-0.13582834979583946,-0.03420040709828465
59,noMC | F-asym | z | ICP,0.019922249951023097,0.14622173425781188
59,noMC | F-riem | none | ENR,-0.6730948423092273,-0.073208284793335
59,noMC | F-riem | none | SVR,-0.3831609871056254,-0.10011394144740592
59,noMC | F-riem | none | Anchor,-0.3575737817773148,0.1034327045648588
59,noMC | F-riem | none | ICP,-0.09328057025698233,0.027437346636567786
59,noMC | F-riem | z | ENR,-0.820023235566405,-0.015933225747891706
59,noMC | F-riem | z | SVR,-0.2702526436144803,-0.15027008547115547
59,noMC | F-riem | z | Anchor,-0.6921318737024649,0.11970360821987797
59,noMC | F-riem | z | ICP,-1.6744582719142933,-0.07446341902286953
59,noMC | F-riem | riem | ENR,-0.17696265804901157,0.02113035896971827
59,noMC | F-riem | riem | SVR,-0.049878293350835934,0.1352746495962513
59,noMC | F-riem | riem | Anchor,-0.5049294540448532,0.20438753899458453
59,noMC | F-riem | riem | ICP,-0.5496813639727698,0.08164179212427466
59,MC | F-band | none | ENR,-0.12900769584869676,-0.20721385288653194
59,MC | F-band | none | SVR,-0.23503368712252604,-0.17528901389824908
59,MC | F-band | none | Anchor,-0.39114273389524223,0.17270889863644473
59,MC | F-band | none | ICP,-0.1473273704420115,-0.11739276588301392
59,MC | F-band | z | ENR,-0.06187206532487677,-0.08645016887765263
59,MC | F-band | z | SVR,-0.10942392627471231,0.049594716948967055
59,MC | F-band | z | Anchor,-0.7991947819828629,0.059126258759873124
59,MC | F-band | z | ICP,-0.2902818492366801,0.11148126193211966
59,MC | F-fooof-per | none | ENR,-0.04292745650099383,-0.11987798777380289
59,MC | F-fooof-per | none | SVR,-0.10948214650023624,0.010903171130319116
59,MC | F-fooof-per | none | Anchor,-0.41890192725162567,0.13017529372304604
59,MC | F-fooof-per | none | ICP,-0.07655106380295496,-0.2145907650259392
59,MC | F-fooof-per | z | ENR,-0.08320980607122452,-0.08148822359033314
59,MC | F-fooof-per | z | SVR,-0.22307930774193419,-0.10790688319862372
59,MC | F-fooof-per | z | Anchor,-0.38217593099448477,0.06949761380925074
59,MC | F-fooof-per | z | ICP,-0.09645538568130241,-0.1258010636892288
59,MC | F-rel | none | ENR,-0.04237093348422216,-0.185795801283408
59,MC | F-rel | none | SVR,-0.2302895144287056,-0.17294008058514604
59,MC | F-rel | none | Anchor,-0.23051085004296845,0.12807053619470143
59,MC | F-rel | none | ICP,-0.021935831842518683,0.051570543893389185
59,MC | F-rel | z | ENR,-0.09123531088494041,-0.21528702176388292
59,MC | F-rel | z | SVR,-0.17720879750381124,-0.15116630623083432
59,MC | F-rel | z | Anchor,-0.9943879151997876,0.05008811247162018
59,MC | F-rel | z | ICP,-0.04500943577768157,-0.24643719777459422
59,MC | F-asym | none | ENR,-0.06158119824740593,-0.08761211404244046
59,MC | F-asym | none | SVR,-0.0021291008420876167,0.19299311367182911
59,MC | F-asym | none | Anchor,-0.129243873239272,0.17807151406360028
59,MC | F-asym | none | ICP,0.02243376088001081,0.1631900043847675
59,MC | F-asym | z | ENR,0.00957602510271427,0.12494043692008142
59,MC | F-asym | z | SVR,-0.537015820128198,-0.05245016141423008
59,MC | F-asym | z | Anchor,-0.3829391753292557,0.1400212839210585
59,MC | F-asym | z | ICP,-0.10944545214770107,-0.1663092319828452
59,MC | F-riem | none | ENR,-0.3073864114221203,-0.11684494326193176
59,MC | F-riem | none | SVR,-0.5234341383982799,-0.1287572500923321
59,MC | F-riem | none | Anchor,-0.9876164671915393,-0.022706370380812697
59,MC | F-riem | none | ICP,-0.050055361230603834,-0.09956785093630165
59,MC | F-riem | z | ENR,-0.1778943047205339,0.07905053144496202
59,MC | F-riem | z | SVR,-0.4983491396417412,-0.0361554210488046
59,MC | F-riem | z | Anchor,-0.132614149674819,0.2030202738247806
59,MC | F-riem | z | ICP,-0.005493576710226877,0.27219027803928364
59,MC | F-riem | riem | ENR,-0.18983234809322758,-0.052032854758394066
59,MC | F-riem | riem | SVR,-0.06941028505704949,-0.0034197668348432235
59,MC | F-riem | riem | Anchor,-0.30952234270432255,0.15344656153381578
59,MC | F-riem | riem | ICP,-0.3539932516352631,-0.01857188575420532
60,noMC | F-band | none | ENR,-0.1366029625814693,-0.3461830963873866
60,noMC | F-band | none | SVR,-0.15854232450477346,-0.11535473175401031
60,noMC | F-band | none | Anchor,-0.5718919580823858,-0.29249963520438604
60,noMC | F-band | none | ICP,-0.11581505251695723,-0.15312805934401233
60,noMC | F-band | z | ENR,-0.1098443619449454,-0.31747121223984587
60,noMC | F-band | z | SVR,-0.1738824766450251,-0.2805500144592078
60,noMC | F-band | z | Anchor,-0.11918456340180161,-0.09771660153318895
60,noMC | F-band | z | ICP,-0.05654460542409323,-0.16100025420891811
60,noMC | F-fooof-per | none | ENR,-0.08605196148838945,-0.17415705655214558
60,noMC | F-fooof-per | none | SVR,-0.04590209200498574,0.20465127720858797
60,noMC | F-fooof-per | none | Anchor,-0.27922251795114206,0.01699014494626907
60,noMC | F-fooof-per | none | ICP,-0.08264189457651816,-0.1851337875020535
60,noMC | F-fooof-per | z | ENR,-0.06288537462749888,-0.20901098334191875
60,noMC | F-fooof-per | z | SVR,-0.17284356546352697,-0.017906008789892968
60,noMC | F-fooof-per | z | Anchor,-0.34852893816303454,-0.0253620605134045
60,noMC | F-fooof-per | z | ICP,-0.2814561014349728,-0.17032138676474784
60,noMC | F-rel | none | ENR,-0.1090338938433284,-0.40854587787002905
60,noMC | F-rel | none | SVR,-0.1647243074905178,-0.11815605825169163
60,noMC | F-rel | none | Anchor,-0.3977839240094818,-0.21223785868718456
60,noMC | F-rel | none | ICP,-0.09692467406266592,-0.20291018639564684
60,noMC | F-rel | z | ENR,-0.07502865372789147,-0.23584400090108376
60,noMC | F-rel | z | SVR,-0.7049777350391015,-0.18380807852829956
60,noMC | F-rel | z | Anchor,-0.8416524013828066,-0.22115304277949857
60,noMC | F-rel | z | ICP,-0.06376607590818373,-0.2575861380066411
60,noMC | F-asym | none | ENR,-0.05617987955095449,-0.24137811017939537
60,noMC | F-asym | none | SVR,-0.2398042920319925,-0.2286930434102959
60,noMC | F-asym | none | Anchor,-0.3422537463888553,-0.18805926225464953
60,noMC | F-asym | none | ICP,-0.08873792323892271,-0.19096233155672468
60,noMC | F-asym | z | ENR,-0.06368018728314406,-0.30717279988145285
60,noMC | F-asym | z | SVR,-0.2789058402448541,-0.16675828431158612
60,noMC | F-asym | z | Anchor,-0.3268408956176587,0.06963736200816495
60,noMC | F-asym | z | ICP,-0.12353229092956086,-0.07208891856714453
60,noMC | F-riem | none | ENR,-0.04823231845345921,-0.2737146596032533
60,noMC | F-riem | none | SVR,-0.2861907881378414,-0.2536801735975161
60,noMC | F-riem | none | Anchor,-0.5211749570090287,-0.15031352364226122
60,noMC | F-riem | none | ICP,-0.06940236956485157,-0.23450592847971582
60,noMC | F-riem | z | ENR,-0.03760930643398597,-0.2700966336827677
60,noMC | F-riem | z | SVR,-0.1531532361766803,-0.19636217275853654
60,noMC | F-riem | z | Anchor,-0.21857562118233753,-0.1008411587698205
60,noMC | F-riem | z | ICP,-0.054146675193097904,-0.17348948578456552
60,noMC | F-riem | riem | ENR,-0.07499788479049707,-0.22093192691488062
60,noMC | F-riem | riem | SVR,-0.1312086231850691,-0.18950191852958242
60,noMC | F-riem | riem | Anchor,-0.6060123730671378,-0.03698763925690515
60,noMC | F-riem | riem | ICP,-0.07313306159152733,-0.26625532053798634
60,MC | F-band | none | ENR,-0.15466182129235784,-0.2997377427991737
60,MC | F-band | none | SVR,-0.21135624999227431,-0.09621279064640648
60,MC | F-band | none | Anchor,-0.6206601711298663,-0.2670895288007646
60,MC | F-band | none | ICP,-0.16931557339634384,-0.21340442179189467
60,MC | F-band | z | ENR,-0.04188923024529401,-0.26275243384273383
60,MC | F-band | z | SVR,-0.24425547593972308,-0.21851170713935436
60,MC | F-band | z | Anchor,-0.6408815696396728,-0.1639069721196588
60,MC | F-band | z | ICP,-0.04396274731807703,-0.1525192536539901
60,MC | F-fooof-per | none | ENR,-0.06872429780117018,-0.13471452061199557
60,MC | F-fooof-per | none | SVR,-0.19424570735964042,-0.034642414770854224
60,MC | F-fooof-per | none | Anchor,-0.4576404288818434,0.08607638663336784
60,MC | F-fooof-per | none | ICP,-0.04060016773236508,-0.08951342585195712
60,MC | F-fooof-per | z | ENR,-0.11603664594566077,-0.060114301967814386
60,MC | F-fooof-per | z | SVR,-0.3536271776584621,-0.12046205557560483
60,MC | F-fooof-per | z | Anchor,-0.193569466837475,-0.06855016504152087
60,MC | F-fooof-per | z | ICP,-0.08910282765437394,0.004872163783681861
60,MC | F-rel | none | ENR,-0.16528830071267886,-0.33631115676653756
60,MC | F-rel | none | SVR,-0.1323965460387786,0.0015561607151289014
60,MC | F-rel | none | Anchor,-0.612522891355358,-0.2778919139838591
60,MC | F-rel | none | ICP,-0.12418308804597555,-0.21020382754029412
60,MC | F-rel | z | ENR,-0.06604696710018532,-0.2509732196995953
60,MC | F-rel | z | SVR,-0.26769728801497417,-0.19437782493154465
60,MC | F-rel | z | Anchor,-0.4086948467985718,-0.1174970671097778
60,MC | F-rel | z | ICP,-0.035434463303690045,-0.010170516847915125
60,MC | F-asym | none | ENR,-0.04188923024529401,-0.26275243384273383
60,MC | F-asym | none | SVR,-0.2330395011360642,-0.23608305798732898
60,MC | F-asym | none | Anchor,-0.27946174542767555,-0.173159636203376
60,MC | F-asym | none | ICP,-0.0825680630245329,-0.18884116701697984
60,MC | F-asym | z | ENR,-0.07696979149861294,-0.23720480595248505
60,MC | F-asym | z | SVR,-0.22177019008681853,-0.1414427891545189
60,MC | F-asym | z | Anchor,-0.26688627461270986,-0.17904400008216953
60,MC | F-asym | z | ICP,-0.08059396847071376,-0.15950939128620875
60,MC | F-riem | none | ENR,-0.0483602160299752,-0.23103614446672588
60,MC | F-riem | none | SVR,-0.349576692076508,-0.20154116809547706
60,MC | F-riem | none | Anchor,-0.1642302677741876,0.10137200254405565
60,MC | F-riem | none | ICP,-0.059895247183447076,-0.13738067029202217
60,MC | F-riem | z | ENR,-0.49057753032989115,0.024066619208443725
60,MC | F-riem | z | SVR,-0.15030719766071066,-0.02979777785040215
60,MC | F-riem | z | Anchor,-0.31709846160209687,0.052342636114530265
60,MC | F-riem | z | ICP,-0.09092706713145504,-0.211574166509242
60,MC | F-riem | riem | ENR,-0.6591641177504874,0.025255422817854797
60,MC | F-riem | riem | SVR,-0.09575440956785264,-0.08056910051813887
60,MC | F-riem | riem | Anchor,-0.951903416524555,0.028366702738419833
60,MC | F-riem | riem | ICP,-0.31787141688211995,-0.09393941354487796
61,noMC | F-band | none | ENR,-0.1251179196548775,-0.2033330830026296
61,noMC | F-band | none | SVR,-0.28222385518980264,-0.18612300658432476
61,noMC | F-band | none | Anchor,-1.2870900515260724,-0.23943224351586365
61,noMC | F-band | none | ICP,-0.1640884932721347,-0.1375736343633078
61,noMC | F-band | z | ENR,-0.06886888446506023,-0.0816659431881942
61,noMC | F-band | z | SVR,-0.13367901256511439,-0.06722973198763332
61,noMC | F-band | z | Anchor,-1.2260249783020458,-0.06716173583661399
61,noMC | F-band | z | ICP,-0.04341606443636059,-0.12446679428544064
61,noMC | F-fooof-per | none | ENR,-0.10957529004310418,-0.3744221982937102
61,noMC | F-fooof-per | none | SVR,-0.2517938260644761,-0.22780681813117526
61,noMC | F-fooof-per | none | Anchor,-0.44949052154359515,-0.042524672139005286
61,noMC | F-fooof-per | none | ICP,-0.13313980056431984,-0.20350907282967862
61,noMC | F-fooof-per | z | ENR,-0.07524863564029105,-0.2428430169508941
61,noMC | F-fooof-per | z | SVR,-0.23034163991296874,-0.11749405003882739
61,noMC | F-fooof-per | z | Anchor,-1.0734805684963553,-0.2306203036446933
61,noMC | F-fooof-per | z | ICP,-0.040946687557624095,-0.21193665650032129
61,noMC | F-rel | none | ENR,-0.039373910816389524,-0.3133804470450329
61,noMC | F-rel | none | SVR,-0.375655294435687,-0.07767962166338183
61,noMC | F-rel | none | Anchor,-0.7568987449415345,-0.18310081411305112
61,noMC | F-rel | none | ICP,-0.1345373065819644,-0.3249045417580807
61,noMC | F-rel | z | ENR,-0.12409415270172808,-0.1471735684298634
61,noMC | F-rel | z | SVR,-0.23399212030768046,-0.21080384992934953
61,noMC | F-rel | z | Anchor,-1.7217554496587772,-0.0806614152118653
61,noMC | F-rel | z | ICP,-0.08790345001279931,-0.22093987220293
61,noMC | F-asym | none | ENR,-0.038092274828524175,-0.2888485375165062
61,noMC | F-asym | none | SVR,-0.33257478672315033,-0.21922845737532198
61,noMC | F-asym | none | Anchor,-0.8635629431130116,-0.2688355351069576
61,noMC | F-asym | none | ICP,-0.038092274828524175,-0.2888485375165062
61,noMC | F-asym | z | ENR,-0.0640810075720748,-0.11457190538764246
61,noMC | F-asym | z | SVR,-0.18782161025962263,-0.18012154529411784
61,noMC | F-asym | z | Anchor,0.04625539331338968,0.2816218259417757
61,noMC | F-asym | z | ICP,-0.07133339656314175,0.012348750463718534
61,noMC | F-riem | none | ENR,-0.1144437651350172,-0.29208520178990777
61,noMC | F-riem | none | SVR,-0.18697052855351526,-0.13561237163140596
61,noMC | F-riem | none | Anchor,-0.21404022985040672,-0.126217182816766
61,noMC | F-riem | none | ICP,-0.33353392672098736,-0.19000764156772265
61,noMC | F-riem | z | ENR,-0.038092274828524175,-0.2888485375165062
61,noMC | F-riem | z | SVR,-0.2282202123609116,-0.23011414960269022
61,noMC | F-riem | z | Anchor,-0.871724488147908,-0.15877771480476677
61,noMC | F-riem | z | ICP,-0.04557190239114717,-0.2810593045899907
61,noMC | F-riem | riem | ENR,-0.04127181426195903,-0.29312240039456816
61,noMC | F-riem | riem | SVR,-0.22432480439696612,-0.10923241668910572
61,noMC | F-riem | riem | Anchor,-0.6366844894261801,-0.14227090228861283
61,noMC | F-riem | riem | ICP,-0.050741956137121624,-0.20973467226916576
61,MC | F-band | none | ENR,-0.08205589928243762,-0.023069199164329916
61,MC | F-band | none | SVR,-0.38541281911619296,-0.15374625975178607
61,MC | F-band | none | Anchor,-1.0090214513805766,-0.10560424801772067
61,MC | F-band | none | ICP,-0.060842908019663744,-0.09297536042471777
61,MC | F-band | z | ENR,-0.023556517635487717,-0.010519661454883075
61,MC | F-band | z | SVR,-0.24203668811044277,-0.15876577109126938
61,MC | F-band | z | Anchor,-0.37945761125351085,-0.18585889439383935
61,MC | F-band | z | ICP,-0.09804784818224066,-0.16532228913877123
61,MC | F-fooof-per | none | ENR,-0.09300880782980459,-0.3433107690169479
61,MC | F-fooof-per | none | SVR,-0.23708781694462355,-0.09821771722226143
61,MC | F-fooof-per | none | Anchor,-0.7735585920703376,-0.14150107541194318
61,MC | F-fooof-per | none | ICP,-0.15915378238937627,-0.09741246911970544
61,MC | F-fooof-per | z | ENR,-0.2561060393736221,-0.28554355904296413
61,MC | F-fooof-per | z | SVR,-0.362786635628499,-0.26917288287449403
61,MC | F-fooof-per | z | Anchor,-0.5430442071089776,-0.2585897196495997
61,MC | F-fooof-per | z | ICP,-0.04098051633284383,-0.29164347441020094
61,MC | F-rel | none | ENR,-0.07801583738115503,-0.24211655263246276
61,MC | F-rel | none | SVR,-0.25797068282577196,0.0003614467326354745
61,MC | F-rel | none | Anchor,-0.3568371131301087,-0.08483467077114967
61,MC | F-rel | none | ICP,-0.06853908364882755,-0.014135762662984004
61,MC | F-rel | z | ENR,-0.11563806685008715,-0.26746579703214823
61,MC | F-rel | z | SVR,-0.21723437584936867,-0.22582920552577604
61,MC | F-rel | z | Anchor,-3.70702077617665,-0.16894997669382678
61,MC | F-rel | z | ICP,-0.11249782416216991,-0.2647100968888061
61,MC | F-asym | none | ENR,-0.04098051633284383,-0.2916434744102011
61,MC | F-asym | none | SVR,-0.34535469691802434,-0.26835339189607604
61,MC | F-asym | none | Anchor,-0.20356592006060104,-0.33315739627978797
61,MC | F-asym | none | ICP,-0.04098051633284383,-0.29164347441020094
61,MC | F-asym | z | ENR,-0.06338704399176587,0.0007190227700954958
61,MC | F-asym | z | SVR,-0.4696812020547201,-0.21785106713627927
61,MC | F-asym | z | Anchor,-0.6017819991155269,0.055692223933603846
61,MC | F-asym | z | ICP,-0.04098051633284383,-0.29164347441020094
61,MC | F-riem | none | ENR,-0.08231277456887498,-0.2919642936578023
61,MC | F-riem | none | SVR,-0.2558075624955223,-0.25001529124843813
61,MC | F-riem | none | Anchor,-0.8575063063384991,-0.30899976991151634
61,MC | F-riem | none | ICP,-0.06190331713505959,-0.2583960588948677
61,MC | F-riem | z | ENR,-0.07946334741653915,-0.24099078463638474
61,MC | F-riem | z | SVR,-0.13747158064485587,-0.15708255976648222
61,MC | F-riem | z | Anchor,-2.051860580719852,-0.14406707169563993
61,MC | F-riem | z | ICP,-0.7007768252784439,-0.3333759826940914
61,MC | F-riem | riem | ENR,-0.1501911168592711,-0.3028276360022705
61,MC | F-riem | riem | SVR,-0.1878347719417952,-0.23810039922486598
61,MC | F-riem | riem | Anchor,-1.1714883189004133,-0.28129275151824007
61,MC | F-riem | riem | ICP,-0.04245550059847836,-0.2192277931597748
62,noMC | F-band | none | ENR,-0.04386878181570775,-0.3227279238135196
62,noMC | F-band | none | SVR,-0.178489591810989,-0.23087541200442538
62,noMC | F-band | none | Anchor,-0.8072336948923564,-0.40062455461296814
62,noMC | F-band | none | ICP,-0.0024670399745208016,0.049405609076648
62,noMC | F-band | z | ENR,-0.23180309078795336,-0.3329792302192205
62,noMC | F-band | z | SVR,-0.040405531634530645,0.15104598116863066
62,noMC | F-band | z | Anchor,-0.5203553528991116,-0.317893549947153
62,noMC | F-band | z | ICP,-0.04386878181570775,-0.3227279238135198
62,noMC | F-fooof-per | none | ENR,-0.12069730700411041,-0.14985767125290606
62,noMC | F-fooof-per | none | SVR,-0.14302054165384237,-0.07266470414387147
62,noMC | F-fooof-per | none | Anchor,-0.07128745270040615,0.14825474009966857
62,noMC | F-fooof-per | none | ICP,-0.04072879894247161,-0.237104939498483
62,noMC | F-fooof-per | z | ENR,-0.22206954359143416,-0.3077650781309587
62,noMC | F-fooof-per | z | SVR,-0.20618203480508424,-0.21160246131562596
62,noMC | F-fooof-per | z | Anchor,-8.053896949100784,-0.28210441205422504
62,noMC | F-fooof-per | z | ICP,-0.02989223258862994,-0.027282251381016392
62,noMC | F-rel | none | ENR,-0.04719868025767182,-0.3050076712768315
62,noMC | F-rel | none | SVR,-0.18598339463035107,0.09959276664311613
62,noMC | F-rel | none | Anchor,-0.7572570049362515,-0.39202969687535616
62,noMC | F-rel | none | ICP,-0.04386878181570775,-0.3227279238135198
62,noMC | F-rel | z | ENR,-0.048741529221566715,-0.3234521764281052
62,noMC | F-rel | z | SVR,0.08887333309270096,0.299936529378204
62,noMC | F-rel | z | Anchor,-0.6985181733959076,-0.11125446671734854
62,noMC | F-rel | z | ICP,-0.04641962641280073,-0.07732607169284866
62,noMC | F-asym | none | ENR,-0.20899552208220484,-0.48130565136820397
62,noMC | F-asym | none | SVR,-0.3806391760858643,-0.44537266090267924
62,noMC | F-asym | none | Anchor,-0.2746637247533672,-0.46660299959484774
62,noMC | F-asym | none | ICP,-0.14898858005568183,-0.29031101535410375
62,noMC | F-asym | z | ENR,-0.1029778144431499,-0.39453068008369135
62,noMC | F-asym | z | SVR,-0.2630602888164115,-0.33515990314111294
62,noMC | F-asym | z | Anchor,-0.25936282444987,-0.03841959945043155
62,noMC | F-asym | z | ICP,-0.11582893681771522,-0.09488006126106778
62,noMC | F-riem | none | ENR,-0.05975947726592379,-0.15958485069696737
62,noMC | F-riem | none | SVR,-0.4266601673999393,-0.18653868269829058
62,noMC | F-riem | none | Anchor,-0.09089357103790396,-0.022114100537593356
62,noMC | F-riem | none | ICP,-0.07113622249560114,-0.1739557394847333
62,noMC | F-riem | z | ENR,-0.10054691441152741,0.0496694488968222
62,noMC | F-riem | z | SVR,-0.4168739613280539,-0.20499466393104399
62,noMC | F-riem | z | Anchor,-0.247064182420762,-0.04878664707477538
62,noMC | F-riem | z | ICP,-0.13763725833964613,-0.005698431019514477
62,noMC | F-riem | riem | ENR,-0.05101206341987763,-0.3412551485382164
62,noMC | F-riem | riem | SVR,-0.19542686231094653,-0.07866307775156171
62,noMC | F-riem | riem | Anchor,-0.4936997855403997,0.03797730344012532
62,noMC | F-riem | riem | ICP,-0.06621882060489681,-0.28744694246528457
62,MC | F-band | none | ENR,-0.05252559249112565,-0.33535926212276984
62,MC | F-band | none | SVR,-0.396202966522442,-0.3568958332891397
62,MC | F-band | none | Anchor,-0.7221916808582189,-0.3828832261493148
62,MC | F-band | none | ICP,-0.10221529177252875,-0.44359201807677917
62,MC | F-band | z | ENR,-0.07929557341840776,-0.14917747482553365
62,MC | F-band | z | SVR,-0.8601270644935837,-0.30508400529522817
62,MC | F-band | z | Anchor,-0.3642672241632825,-0.2750373660300699
62,MC | F-band | z | ICP,-0.10284592229538703,-0.13737798383698926
62,MC | F-fooof-per | none | ENR,-0.12189662588684458,-0.23114329806976508
62,MC | F-fooof-per | none | SVR,-0.2058892925706306,-0.3032787457824816
62,MC | F-fooof-per | none | Anchor,-0.1484974721273833,-0.018112520695488382
62,MC | F-fooof-per | none | ICP,-0.06746294964900912,-0.17263526831811205
62,MC | F-fooof-per | z | ENR,-0.2994181068884574,-0.30873144183176837
62,MC | F-fooof-per | z | SVR,-0.3533282168318459,-0.34145452783988584
62,MC | F-fooof-per | z | Anchor,-0.2769230600360695,-0.37614020336903364
62,MC | F-fooof-per | z | ICP,-0.04740397896546367,-0.3251606401068998
62,MC | F-rel | none | ENR,-0.08011616413223921,-0.2155810455503379
62,MC | F-rel | none | SVR,-0.20709759186030485,-0.2643320255027991
62,MC | F-rel | none | Anchor,-0.4854826258288556,-0.3824659628440481
62,MC | F-rel | none | ICP,-0.04740397896546367,-0.3251606401068998
62,MC | F-rel | z | ENR,-0.7152556721103207,-0.24622099239632844
62,MC | F-rel | z | SVR,-0.15954648752180356,-0.22672056430108117
62,MC | F-rel | z | Anchor,-0.47664311761253275,-0.380314855341646
62,MC | F-rel | z | ICP,-0.007154678096542799,0.048968780199310294
62,MC | F-asym | none | ENR,-0.18681706328565828,-0.4411052846742302
62,MC | F-asym | none | SVR,-0.33123638716040604,-0.28208340636020457
62,MC | F-asym | none | Anchor,-0.2680846641825416,-0.4193502362053687
62,MC | F-asym | none | ICP,-0.13578544748520494,-0.28514588666901763
62,MC | F-asym | z | ENR,-0.14281275495445445,-0.36734178655914257
62,MC | F-asym | z | SVR,-0.2933577461732846,-0.3012027365539903
62,MC | F-asym | z | Anchor,-0.4716240005750536,-0.3328078138657351
62,MC | F-asym | z | ICP,-0.04740397896546367,-0.3251606401068998
62,MC | F-riem | none | ENR,-0.06099006526243067,-0.3656033025489784
62,MC | F-riem | none | SVR,-0.2700453143496495,-0.3639544354010696
62,MC | F-riem | none | Anchor,-0.26923395885555346,-0.26918470101435243
62,MC | F-riem | none | ICP,-0.055141281115100416,-0.27386503273903
62,MC | F-riem | z | ENR,-0.16734044565279205,-0.02323930919769014
62,MC | F-riem | z | SVR,-0.28696212218148176,-0.2835854044311744
62,MC | F-riem | z | Anchor,-1.31774532177631,-0.011502157519311287
62,MC | F-riem | z | ICP,-0.37884709671226235,-0.06252664984887349
62,MC | F-riem | riem | ENR,-0.057290062110272544,-0.28095324031892266
62,MC | F-riem | riem | SVR,0.01076621396156685,0.12184898894418447
62,MC | F-riem | riem | Anchor,-0.1114588366594127,-0.06268952246442236
62,MC | F-riem | riem | ICP,-0.06840167284786758,-0.21283491492113538
63,noMC | F-band | none | ENR,-0.04935629793831331,-0.12601020330158197
63,noMC | F-band | none | SVR,-0.09097070293946019,0.004454396262850737
63,noMC | F-band | none | Anchor,-0.3760895726644875,-0.11970427828358887
63,noMC | F-band | none | ICP,-0.11881268759455699,-0.17137319715821023
63,noMC | F-band | z | ENR,-0.0948052000096744,-0.25780062964071726
63,noMC | F-band | z | SVR,-0.14472868211984768,-0.20235768893631587
63,noMC | F-band | z | Anchor,-1.7792765365663108,-0.21437330256743736
63,noMC | F-band | z | ICP,-0.06578656513659165,-0.18080655684910615
63,noMC | F-fooof-per | none | ENR,-0.014200558722510692,-0.026071393430389
63,noMC | F-fooof-per | none | SVR,-0.01578836738821887,0.1236807139903415
63,noMC | F-fooof-per | none | Anchor,-0.32804433075952444,0.14536656319145602
63,noMC | F-fooof-per | none | ICP,0.024948613167127265,0.16479528883065045
63,noMC | F-fooof-per | z | ENR,-0.21536551693692219,-0.13305013010102415
63,noMC | F-fooof-per | z | SVR,-0.04652604891472101,0.014022857445253199
63,noMC | F-fooof-per | z | Anchor,-4.1282588891213905,-0.07550022194564097
63,noMC | F-fooof-per | z | ICP,-0.019855517480756202,-0.16588113998367823
63,noMC | F-rel | none | ENR,-0.07282993516422298,-0.07953161864889424
63,noMC | F-rel | none | SVR,-0.2171330106170164,-0.14589435160379294
63,noMC | F-rel | none | Anchor,-0.48819964033505214,-0.1836220633275294
63,noMC | F-rel | none | ICP,-0.03587285099823845,0.08449292410913156
63,noMC | F-rel | z | ENR,-0.07362637443458087,-0.12238948189577717
63,noMC | F-rel | z | SVR,-0.12444153261660285,-0.10075562476779407
63,noMC | F-rel | z | Anchor,-0.4317454753645149,0.15639616729409758
63,noMC | F-rel | z | ICP,-0.03421666764927345,-0.19326407487808273
63,noMC | F-asym | none | ENR,-0.02426921727278053,0.0665830990532702
63,noMC | F-asym | none | SVR,-0.0981002824570707,-0.019519660187787884
63,noMC | F-asym | none | Anchor,-0.18561634663083026,0.05928986047277934
63,noMC | F-asym | none | ICP,-0.03669192787942177,-0.23014352859833292
63,noMC | F-asym | z | ENR,-0.07024489460218497,-0.1490211795228462
63,noMC | F-asym | z | SVR,-0.09752815690043026,-0.09507904235464082
63,noMC | F-asym | z | Anchor,-0.2372907104976265,-0.15876925188174973
63,noMC | F-asym | z | ICP,-0.01139522469101717,0.01209329611117008
63,noMC | F-riem | none | ENR,-0.053517824359695876,-0.20432210288522956
63,noMC | F-riem | none | SVR,-0.280242936391192,-0.12336758173546196
63,noMC | F-riem | none | Anchor,-0.5410661566637389,-0.12945512287451644
63,noMC | F-riem | none | ICP,-0.0744715036143655,-0.12591749475941552
63,noMC | F-riem | z | ENR,-0.038847227214117375,-0.23620377800295972
63,noMC | F-riem | z | SVR,-0.2370383801634619,-0.11276469201801376
63,noMC | F-riem | z | Anchor,-0.8491664024695726,0.109269927344099
63,noMC | F-riem | z | ICP,-0.03900740830181482,-0.2385145747143529
63,noMC | F-riem | riem | ENR,-0.063127788775734,-0.16885363733685216
63,noMC | F-riem | riem | SVR,-0.18996470926719522,-0.05325357793039371
63,noMC | F-riem | riem | Anchor,-0.31100295845569237,0.05039179730086693
63,noMC | F-riem | riem | ICP,-0.05693882705979014,-0.24170261799688195
63,MC | F-band | none | ENR,-0.14455372661366006,-0.07817286974191415
63,MC | F-band | none | SVR,-0.11889405715427626,0.009161181864091338
63,MC | F-band | none | Anchor,-0.19882266145036942,-0.012948576039300684
63,MC | F-band | none | ICP,-0.03459371189491156,0.00903935329773748
63,MC | F-band | z | ENR,-0.08524263973114787,-0.2626696178819098
63,MC | F-band | z | SVR,-0.22976173388658516,-0.15924655834951548
63,MC | F-band | z | Anchor,-1.5133249920599803,-0.01893671013420893
63,MC | F-band | z | ICP,-0.04525929070017787,-0.018006935536201307
63,MC | F-fooof-per | none | ENR,0.006748768895038171,0.10411874261542431
63,MC | F-fooof-per | none | SVR,-0.02676035707309632,0.10539574892959452
63,MC | F-fooof-per | none | Anchor,-0.34264907677927736,0.19343697221389333
63,MC | F-fooof-per | none | ICP,0.035695281233603104,0.19266661340460878
63,MC | F-fooof-per | z | ENR,-0.20908131439010758,-0.004451334384625812
63,MC | F-fooof-per | z | SVR,-0.09714779113286887,0.07060988028031634
63,MC | F-fooof-per | z | Anchor,-0.26559866465599846,0.16336809780665787
63,MC | F-fooof-per | z | ICP,-0.06266071796929262,-0.18614861135865068
63,MC | F-rel | none | ENR,-0.119487462567615,-0.11208215982951056
63,MC | F-rel | none | SVR,-0.14632472751811232,-0.0846319200218408
63,MC | F-rel | none | Anchor,-0.5065392575858669,-0.16748361024655978
63,MC | F-rel | none | ICP,-0.07166441677473467,0.0028866172516381176
63,MC | F-rel | z | ENR,-0.1259307064555899,-0.16297344511731066
63,MC | F-rel | z | SVR,-0.18312126941664086,-0.08412384423325585
63,MC | F-rel | z | Anchor,-0.6465307164828757,0.08643954716615967
63,MC | F-rel | z | ICP,-0.0866670498130735,-0.20896939417759794
63,MC | F-asym | none | ENR,-0.009715788421902793,0.09962922124523624
63,MC | F-asym | none | SVR,-0.18802129697110037,-0.01869440544978761
63,MC | F-asym | none | Anchor,-0.1286024759487765,0.1161175295127135
63,MC | F-asym | none | ICP,-0.03922697453310686,-0.23445901687042484
63,MC | F-asym | z | ENR,-0.02132598705595412,0.0367932220488121
63,MC | F-asym | z | SVR,-0.15691780604615757,0.08004107565393404
63,MC | F-asym | z | Anchor,-0.1133491925834007,-0.00956624317015934
63,MC | F-asym | z | ICP,-0.1263778403052902,0.14115762611825633
63,MC | F-riem | none | ENR,-0.03922697453310686,-0.23445901687042484
63,MC | F-riem | none | SVR,-0.23026890682443635,-0.16594283956635433
63,MC | F-riem | none | Anchor,-0.28694509198063267,0.01581592515173092
63,MC | F-riem | none | ICP,-0.059369556638184884,-0.16434041367669922
63,MC | F-riem | z | ENR,-0.0650453647053506,0.020044403622468624
63,MC | F-riem | z | SVR,-0.17710195100014237,-0.0755533377058671
63,MC | F-riem | z | Anchor,0.020476176717616257,0.2544227726855678
63,MC | F-riem | z | ICP,-0.0494429626699775,-0.18196604407255082
63,MC | F-riem | riem | ENR,-0.04207104504151382,-0.10299333042610072
63,MC | F-riem | riem | SVR,-0.08643468854569591,-0.10813731740851944
63,MC | F-riem | riem | Anchor,-0.13424466620781095,0.09734813187219367
63,MC | F-riem | riem | ICP,-0.05320220425609201,-0.23358734286096225
64,noMC | F-band | none | ENR,-0.09469858567642131,-0.09896393511836982
64,noMC | F-band | none | SVR,-0.13476894370602,0.0012380432513396551
64,noMC | F-band | none | Anchor,-0.467476137707836,-0.11638791203565287
64,noMC | F-band | none | ICP,-0.09732296151207165,-0.101845847243321
64,noMC | F-band | z | ENR,-0.10440655019552225,-0.029153391682587924
64,noMC | F-band | z | SVR,-0.13651748144261577,-0.016309602695773757
64,noMC | F-band | z | Anchor,-1.658035436839897,-0.058533831629210165
64,noMC | F-band | z | ICP,-0.027271176351004733,-0.0023611619943416755
64,noMC | F-fooof-per | none | ENR,-0.15368896686631817,-0.22696481313356917
64,noMC | F-fooof-per | none | SVR,-0.10102551746023836,-0.027471969825859782
64,noMC | F-fooof-per | none | Anchor,-0.10409465073619395,0.12338395713719
64,noMC | F-fooof-per | none | ICP,-0.14115533741708708,-0.03651340815984107
64,noMC | F-fooof-per | z | ENR,-0.011174834101938425,0.1632667769438853
64,noMC | F-fooof-per | z | SVR,-0.18691567211695115,0.04507987240443098
64,noMC | F-fooof-per | z | Anchor,-1.003304328372086,0.033352988254795504
64,noMC | F-fooof-per | z | ICP,-0.04716243794469932,-0.0833919244566188
64,noMC | F-rel | none | ENR,-0.1204028315109551,-0.22842646464392996
64,noMC | F-rel | none | SVR,-0.07854172194763609,0.10655102536938135
64,noMC | F-rel | none | Anchor,-1.0666066755698331,-0.16709079926421394
64,noMC | F-rel | none | ICP,-0.14902555838008502,-0.1682703815947064
64,noMC | F-rel | z | ENR,-0.30384878583262664,-0.0398892361870635
64,noMC | F-rel | z | SVR,-0.22534864305717628,-0.005349406924840424
64,noMC | F-rel | z | Anchor,-0.9389697692503953,-0.021860637172558366
64,noMC | F-rel | z | ICP,-0.2360626333332827,-0.1356472135596905
64,noMC | F-asym | none | ENR,0.025260217586747125,0.18490871152729313
64,noMC | F-asym | none | SVR,-0.09261327216057014,0.09021522288126894
64,noMC | F-asym | none | Anchor,-0.062020261016624945,0.11226243484285724
64,noMC | F-asym | none | ICP,-0.05175410942337644,-0.0330940020242895
64,noMC | F-asym | z | ENR,-0.07606998850541369,0.046315447413911026
64,noMC | F-asym | z | SVR,-0.05393961084442078,0.07364429734076747
64,noMC | F-asym | z | Anchor,-0.2446547850927876,-0.04214713074444628
64,noMC | F-asym | z | ICP,-0.07100252786034145,-0.07563290618629596
64,noMC | F-riem | none | ENR,-0.08999468974826863,-0.08367113327021469
64,noMC | F-riem | none | SVR,-0.3179941622783826,-0.03786238623677203
64,noMC | F-riem | none | Anchor,-0.452823278144999,0.05819683356119001
64,noMC | F-riem | none | ICP,-0.048516823409701315,0.160865678108793
64,noMC | F-riem | z | ENR,-0.06007837547777628,-0.17395014658182356
64,noMC | F-riem | z | SVR,-0.2187841590136439,-0.116260741175922
64,noMC | F-riem | z | Anchor,-0.06375521372430648,0.2117711850642377
64,noMC | F-riem | z | ICP,-0.05261942974161182,-0.22918715943615456
64,noMC | F-riem | riem | ENR,-0.05836399920623525,-0.18452063984277683
64,noMC | F-riem | riem | SVR,-0.09629345140248913,0.02692995137183526
64,noMC | F-riem | riem | Anchor,-0.41522492610788664,0.2244381668997283
64,noMC | F-riem | riem | ICP,-0.04211333502269898,-0.18450340364622417
64,MC | F-band | none | ENR,-0.20676716496266523,-0.09997653930121686
64,MC | F-band | none | SVR,-0.23257742227020572,-0.21873157111754285
64,MC | F-band | none | Anchor,-0.2368060815064712,-0.018514258818783755
64,MC | F-band | none | ICP,-0.0647848265448665,-0.052849910929862534
64,MC | F-band | z | ENR,-0.3464779887076024,-0.11591813682022631
64,MC | F-band | z | SVR,-0.22398639806649734,-0.15960079022607435
64,MC | F-band | z | Anchor,-1.581379712540571,0.02079758703632889
64,MC | F-band | z | ICP,-0.07959552819123683,-0.06572420946503679
64,MC | F-fooof-per | none | ENR,-0.038989429241460316,-0.052063058200081544
64,MC | F-fooof-per | none | SVR,-0.05780146081596116,0.05560423776714141
64,MC | F-fooof-per | none | Anchor,-0.03271482893881039,0.2253650764797675
64,MC | F-fooof-per | none | ICP,-0.06010385322818901,-0.14304156525092743
64,MC | F-fooof-per | z | ENR,0.006884617897862766,0.11221253966753147
64,MC | F-fooof-per | z | SVR,-0.27186501919146067,0.0022288786678743636
64,MC | F-fooof-per | z | Anchor,-0.5122339703590217,0.10693762846269106
64,MC | F-fooof-per | z | ICP,-0.2871459410744377,0.007174498552209505
64,MC | F-rel | none | ENR,-0.14994754080321138,-0.22768575660004603
64,MC | F-rel | none | SVR,-0.09021503489672744,0.06428772418192136
64,MC | F-rel | none | Anchor,-0.7884093538517254,-0.1250933154298461
64,MC | F-rel | none | ICP,-0.18187248843685788,-0.12020825510664006
64,MC | F-rel | z | ENR,-0.13907596757022267,-0.22032013823191143
64,MC | F-rel | z | SVR,-0.5503698570500699,-0.1682308958825433
64,MC | F-rel | z | Anchor,-0.8508738922668007,-0.026678403370640848
64,MC | F-rel | z | ICP,-0.30319616213266776,-0.1263580479709698
64,MC | F-asym | none | ENR,0.03303264980294396,0.2054037749707307
64,MC | F-asym | none | SVR,-0.06274132074443495,0.1254580257753407
64,MC | F-asym | none | Anchor,-0.012869753392126482,0.18997344181835815
64,MC | F-asym | none | ICP,-0.03351149442245771,0.014514699908196906
64,MC | F-asym | z | ENR,-0.03181295960124886,0.17213436171309388
64,MC | F-asym | z | SVR,0.004210608613593458,0.20085560295642985
64,MC | F-asym | z | Anchor,-0.16568481413304847,0.06687427839584814
64,MC | F-asym | z | ICP,-0.062247278926977456,-0.21586469845183054
64,MC | F-riem | none | ENR,-0.07153440337517836,-0.11974031061358349
64,MC | F-riem | none | SVR,-0.38604611401268163,-0.10839419592185415
64,MC | F-riem | none | Anchor,-0.4757535914253104,0.2015076814050369
64,MC | F-riem | none | ICP,-0.09022778244125651,-0.1268282786002542
64,MC | F-riem | z | ENR,-0.0915658713483889,-0.051577149419574926
64,MC | F-riem | z | SVR,-0.1373917682125798,-0.05786249624730114
64,MC | F-riem | z | Anchor,-0.1808431182900574,0.2583570813995011
64,MC | F-riem | z | ICP,-0.043920432018274,-0.039341818494438505
64,MC | F-riem | riem | ENR,-0.24656435942578692,-0.028731643220054157
64,MC | F-riem | riem | SVR,-0.0387331967692206,0.05028373812565712
64,MC | F-riem | riem | Anchor,-0.3633286253018011,0.2752032580698297
64,MC | F-riem | riem | ICP,-0.35741848675535515,-0.02539701562709215
65,noMC | F-band | none | ENR,-0.05364509060061984,-0.2576889144163018
65,noMC | F-band | none | SVR,-0.30233564531661505,-0.15816262963424477
65,noMC | F-band | none | Anchor,-2.570995918414738,-0.2237406546041691
65,noMC | F-band | none | ICP,-0.42809046563781994,-0.17853620500648848
65,noMC | F-band | z | ENR,-0.038161955776578216,-0.17298787758638728
65,noMC | F-band | z | SVR,-0.14243553165650846,-0.17298582859395017
65,noMC | F-band | z | Anchor,-1.0025646513340054,0.09840178407000044
65,noMC | F-band | z | ICP,-0.2509451827232745,0.07184265006457834
65,noMC | F-fooof-per | none | ENR,-0.08957865209704718,0.0006915294840738884
65,noMC | F-fooof-per | none | SVR,-0.020309763545336867,0.16132250530080774
65,noMC | F-fooof-per | none | Anchor,-0.09234423460370667,0.21192919194070864
65,noMC | F-fooof-per | none | ICP,-0.058369096385207264,-0.1477494483939769
65,noMC | F-fooof-per | z | ENR,-0.11630272768876138,-0.11295953552176655
65,noMC | F-fooof-per | z | SVR,-0.303408593295877,-0.13136102405595804
65,noMC | F-fooof-per | z | Anchor,-0.6084025230665673,-0.06920965942960239
65,noMC | F-fooof-per | z | ICP,-0.04315630228864431,-0.128650709259196
65,noMC | F-rel | none | ENR,-0.060823906468081335,-0.27487856277610323
65,noMC | F-rel | none | SVR,-0.544681198131798,-0.23279185768979677
65,noMC | F-rel | none | Anchor,-2.9289099051620613,-0.23061070043612567
65,noMC | F-rel | none | ICP,-0.17724275319365268,-0.21633064139392508
65,noMC | F-rel | z | ENR,-0.15003913979184325,-0.1753112709779147
65,noMC | F-rel | z | SVR,-0.193073214130405,-0.17685516255910008
65,noMC | F-rel | z | Anchor,-1.4926109662824416,-0.11091018234673992
65,noMC | F-rel | z | ICP,-0.1490943622668428,-0.17162234603989343
65,noMC | F-asym | none | ENR,-0.2607787209965351,-0.1563875600360966
65,noMC | F-asym | none | SVR,-0.2086143101236433,-0.07652662870962747
65,noMC | F-asym | none | Anchor,-0.2834550260780724,-0.1597945313232621
65,noMC | F-asym | none | ICP,-0.05921733409275953,-0.2554183230225983
65,noMC | F-asym | z | ENR,-0.08649135786653628,-0.03760660229159773
65,noMC | F-asym | z | SVR,-0.1754386242540369,-0.07524199986833657
65,noMC | F-asym | z | Anchor,-0.2775494093693003,0.19650115111252986
65,noMC | F-asym | z | ICP,-0.3023613975522812,-0.1607351659170263
65,noMC | F-riem | none | ENR,-0.04455846126493834,-0.2478162985875411
65,noMC | F-riem | none | SVR,-0.4114723130949154,-0.20021436665494846
65,noMC | F-riem | none | Anchor,-0.7435302831680155,-0.2293895097604753
65,noMC | F-riem | none | ICP,-0.11800514034004106,0.026443648140466455
65,noMC | F-riem | z | ENR,-0.08236939443203717,-0.22809076857932448
65,noMC | F-riem | z | SVR,-0.11509252397059999,-0.11564083094595323
65,noMC | F-riem | z | Anchor,-0.6173411548687056,-0.06128447738347324
65,noMC | F-riem | z | ICP,-0.07227680078955756,0.09974096929775657
65,noMC | F-riem | riem | ENR,-0.044220110205106744,-0.2587117210458167
65,noMC | F-riem | riem | SVR,-0.17104388601755938,-0.2393223221298285
65,noMC | F-riem | riem | Anchor,-0.29161597540065287,-0.07767636607334735
65,noMC | F-riem | riem | ICP,-0.049072637835109845,-0.24266243234496881
65,MC | F-band | none | ENR,-0.039376984560725026,-0.25267055349541007
65,MC | F-band | none | SVR,-0.2859254915026812,-0.16722273172938956
65,MC | F-band | none | Anchor,-0.2942408323642798,-0.3710956348602972
65,MC | F-band | none | ICP,-0.13520608287727143,-0.21343245868038246
65,MC | F-band | z | ENR,-0.041893598051191194,-0.24767342319333494
65,MC | F-band | z | SVR,-0.1903628114113065,-0.14848274487142726
65,MC | F-band | z | Anchor,-1.6462511261665083,-0.018997824877537758
65,MC | F-band | z | ICP,-0.04143020337038794,-0.14356139570901788
65,MC | F-fooof-per | none | ENR,-0.04389112813531382,-0.004240316020696085
65,MC | F-fooof-per | none | SVR,0.016883008342480355,0.20405519844949802
65,MC | F-fooof-per | none | Anchor,-0.34019371367142726,0.19762983474771326
65,MC | F-fooof-per | none | ICP,-0.06862052828347975,-0.1335708954140726
65,MC | F-fooof-per | z | ENR,-0.04980930177691345,-0.21175631485199248
65,MC | F-fooof-per | z | SVR,-1.021668977866283,-0.0910532939540924
65,MC | F-fooof-per | z | Anchor,-0.2623314737354605,0.14836519390505454
65,MC | F-fooof-per | z | ICP,-0.039376984560725026,-0.25267055349541007
65,MC | F-rel | none | ENR,-0.039376984560725026,-0.25267055349541007
65,MC | F-rel | none | SVR,-0.13547490909234838,-0.14674552350646097
65,MC | F-rel | none | Anchor,-2.013354118394641,-0.24594874252561133
65,MC | F-rel | none | ICP,-0.10076435605984968,-0.2365549297509299
65,MC | F-rel | z | ENR,-0.0565695784019975,-0.2186065449279016
65,MC | F-rel | z | SVR,-0.15794147805179137,-0.14096342148295993
65,MC | F-rel | z | Anchor,-1.2567992707481022,-0.1389672917882926
65,MC | F-rel | z | ICP,-0.11217329074561855,-0.175770421142165
65,MC | F-asym | none | ENR,-0.09383915719264957,-0.25382302950564256
65,MC | F-asym | none | SVR,-0.150707330284934,0.03269585921164835
65,MC | F-asym | none | Anchor,-0.20468138157658022,-0.21106102864616527
65,MC | F-asym | none | ICP,-0.19235894580764157,-0.2556197934088749
65,MC | F-asym | z | ENR,-0.061223886420401996,-0.20189525147087878
65,MC | F-asym | z | SVR,-0.17490203359471135,-0.23094256606642527
65,MC | F-asym | z | Anchor,-0.31914555660367183,-0.09288268026154559
65,MC | F-asym | z | ICP,-0.11974962267108857,-0.2269788760121842
65,MC | F-riem | none | ENR,-0.039376984560725026,-0.25267055349541007
65,MC | F-riem | none | SVR,-0.25689391570476205,-0.2255084168948776
65,MC | F-riem | none | Anchor,-0.8918064048846106,0.15143672046220094
65,MC | F-riem | none | ICP,-0.07720368949143697,-0.24291376713306922
65,MC | F-riem | z | ENR,-0.09727162397709432,-0.1570922582785793
65,MC | F-riem | z | SVR,-0.08791382179137264,-0.08561795288121136
65,MC | F-riem | z | Anchor,-0.44441957069136406,0.09673877666041136
65,MC | F-riem | z | ICP,-0.03882063449440909,-0.2523829312220486
65,MC | F-riem | riem | ENR,-0.018580722951831996,-0.06384931049645373
65,MC | F-riem | riem | SVR,-0.12690141992665738,-0.12015808229661616
65,MC | F-riem | riem | Anchor,-0.24717938070868217,0.20586134183136937
65,MC | F-riem | riem | ICP,-0.049364396717461956,-0.21930927668179595
66,noMC | F-band | none | ENR,-0.03837265980327986,0.11375313690868638
66,noMC | F-band | none | SVR,-0.08456075934526752,0.028166430318246748
66,noMC | F-band | none | Anchor,-0.08356501285802342,0.237761051546014
66,noMC | F-band | none | ICP,-0.04185883145758584,-0.03096135347131164
66,noMC | F-band | z | ENR,-0.02643359662187672,0.0750898216408241
66,noMC | F-band | z | SVR,-0.21273900254658074,-0.058511664123524015
66,noMC | F-band | z | Anchor,-1.7019777540630607,-0.02164393103020184
66,noMC | F-band | z | ICP,-0.002269544750769237,0.015100737389024076
66,noMC | F-fooof-per | none | ENR,-0.27072477213417034,-0.06642981140713783
66,noMC | F-fooof-per | none | SVR,0.0027651569375181095,0.2064519653542437
66,noMC | F-fooof-per | none | Anchor,-0.2588348353340695,0.0016873516151244636
66,noMC | F-fooof-per | none | ICP,-0.04829541317555974,-0.038811500951894416
66,noMC | F-fooof-per | z | ENR,-0.08677836193309219,-0.1729510790148559
66,noMC | F-fooof-per | z | SVR,-0.12768057957266676,-0.003802013821952133
66,noMC | F-fooof-per | z | Anchor,-0.5322430228934998,0.11379232247298882
66,noMC | F-fooof-per | z | ICP,-0.10180692711344319,-0.1614402002557902
66,noMC | F-rel | none | ENR,0.0075342056844612815,0.2874081025971611
66,noMC | F-rel | none | SVR,-0.01927705184991435,0.16231724847507978
66,noMC | F-rel | none | Anchor,-0.31896193367177905,0.22614095054926275
66,noMC | F-rel | none | ICP,-0.042826377308518015,-0.3115144528088889
66,noMC | F-rel | z | ENR,-0.005239112724636508,0.04335602732747308
66,noMC | F-rel | z | SVR,-0.0760424229058907,-0.04605481153883496
66,noMC | F-rel | z | Anchor,0.16554329352886854,0.41688378255007424
66,noMC | F-rel | z | ICP,-0.40599484072280245,-0.1702640685775314
66,noMC | F-asym | none | ENR,0.08588805376184505,0.2973424748424172
66,noMC | F-asym | none | SVR,0.09285523769914272,0.3088386889666357
66,noMC | F-asym | none | Anchor,-0.11080722629160933,0.17107929543725697
66,noMC | F-asym | none | ICP,-0.020106708449881605,0.01724730161493277
66,noMC | F-asym | z | ENR,-0.5037325089995248,0.005060369255755759
66,noMC | F-asym | z | SVR,0.049828307879691836,0.2522438793267544
66,noMC | F-asym | z | Anchor,-0.6820332971880663,0.10310854017522159
66,noMC | F-asym | z | ICP,-0.0010288137558054355,0.0859007070508033
66,noMC | F-riem | none | ENR,-0.04698596533730015,-0.3349506436340542
66,noMC | F-riem | none | SVR,-0.34582905286940036,-0.2513559650931054
66,noMC | F-riem | none | Anchor,-1.2116348259379137,-0.2101819587016196
66,noMC | F-riem | none | ICP,-0.593633063669718,-0.22922070024123176
66,noMC | F-riem | z | ENR,-0.21925473839929221,-0.060435873844281056
66,noMC | F-riem | z | SVR,-0.03893271262516307,-0.0163131652060913
66,noMC | F-riem | z | Anchor,-1.7377777961147483,-0.2432979135037765
66,noMC | F-riem | z | ICP,-0.058442036010896814,-0.11572667976640882
66,noMC | F-riem | riem | ENR,-0.042826377308518015,-0.3115144528088889
66,noMC | F-riem | riem | SVR,-0.16552923406147668,-0.0818453018036028
66,noMC | F-riem | riem | Anchor,-0.6280870872095432,-0.22902145484701047
66,noMC | F-riem | riem | ICP,-0.11610912791708916,-0.2985946648786958
66,MC | F-band | none | ENR,-0.33094418316376606,0.1796361456553314
66,MC | F-band | none | SVR,-0.054203277359705204,0.06030561340092567
66,MC | F-band | none | Anchor,-0.3428857215912695,0.16891037668360645
66,MC | F-band | none | ICP,-0.04330915359248455,-0.03172624940988655
66,MC | F-band | z | ENR,-0.016840112652029227,0.07785155812308917
66,MC | F-band | z | SVR,-0.2640958736174448,-0.08204649877412332
66,MC | F-band | z | Anchor,-0.42130825310888165,-0.045359567696211724
66,MC | F-band | z | ICP,-0.07124352248658883,-0.07778459041234224
66,MC | F-fooof-per | none | ENR,-0.17729177907353755,0.0206146302245213
66,MC | F-fooof-per | none | SVR,-0.02514320027572814,0.24814137135748843
66,MC | F-fooof-per | none | Anchor,-0.10513460070985681,0.16924573951674104
66,MC | F-fooof-per | none | ICP,-0.08082947464056423,-0.17995406284821355
66,MC | F-fooof-per | z | ENR,-0.14317235151179708,-0.15733018965785714
66,MC | F-fooof-per | z | SVR,-0.2838596214904756,-0.14149430705151186
66,MC | F-fooof-per | z | Anchor,-1.747683650334432,-0.0744878081871438
66,MC | F-fooof-per | z | ICP,-0.055544543422509696,-0.2035831971373161
66,MC | F-rel | none | ENR,-0.040760123632491485,0.2776812435952283
66,MC | F-rel | none | SVR,-0.026420179151864343,0.2067456848816497
66,MC | F-rel | none | Anchor,-0.20761387414407007,0.27848308431811236
66,MC | F-rel | none | ICP,-0.08058767529934885,-0.051456854394682436
66,MC | F-rel | z | ENR,0.12207093982656692,0.39053309116605645
66,MC | F-rel | z | SVR,-0.05480725164729838,0.1326534799626947
66,MC | F-rel | z | Anchor,0.15157805339414854,0.3912952461354195
66,MC | F-rel | z | ICP,0.023377787494519686,0.16116634354540071
66,MC | F-asym | none | ENR,0.05517073803605099,0.2608928106292874
66,MC | F-asym | none | SVR,0.003396875100164065,0.2910014876654221
66,MC | F-asym | none | Anchor,-0.16988076904247928,0.10791610027580299
66,MC | F-asym | none | ICP,-0.009084052242682272,0.16406182623943466
66,MC | F-asym | z | ENR,-0.07756055178370236,0.0150642412098599
66,MC | F-asym | z | SVR,0.11176386349418188,0.3346816274655256
66,MC | F-asym | z | Anchor,-0.2575387141480847,-0.018192137996636677
66,MC | F-asym | z | ICP,-0.07313837790563626,-0.2145158560504362
66,MC | F-riem | none | ENR,-0.42644837006573244,-0.22360220120261837
66,MC | F-riem | none | SVR,-0.47735706651801935,-0.2216578446684327
66,MC | F-riem | none | Anchor,-1.5809867015016965,-0.22931942874645034
66,MC | F-riem | none | ICP,-0.15555169944346137,-0.22354552734200572
66,MC | F-riem | z | ENR,-0.044468798033961754,-0.31182105819180345
66,MC | F-riem | z | SVR,-0.4565887775033415,-0.20437537253495658
66,MC | F-riem | z | Anchor,-1.4287013771391286,-0.2702275242052027
66,MC | F-riem | z | ICP,-0.09354787188179703,-0.16351418023537723
66,MC | F-riem | riem | ENR,-0.044468798033961754,-0.3118210581918034
66,MC | F-riem | riem | SVR,-0.00399176901284326,0.1179457714813914
66,MC | F-riem | riem | Anchor,-0.8611536076519013,-0.22532554916579559
66,MC | F-riem | riem | ICP,-0.09978581275563836,-0.29875297835856796
67,noMC | F-band | none | ENR,-0.07135766787548303,-0.31474340266914014
67,noMC | F-band | none | SVR,-0.1633214903462039,-0.14371040285002845
67,noMC | F-band | none | Anchor,-1.0845444380505596,-0.16312138814815522
67,noMC | F-band | none | ICP,-0.23306381937108545,-0.2637639861905151
67,noMC | F-band | z | ENR,-0.03711478321506223,-0.25314014144459684
67,noMC | F-band | z | SVR,-0.08035845565248945,-0.16504167857523783
67,noMC | F-band | z | Anchor,-0.2535938135127316,-0.22230797037183364
67,noMC | F-band | z | ICP,-0.2036970564360816,0.037729824890385885
67,noMC | F-fooof-per | none | ENR,-0.07586511498893644,-0.2848373703546754
67,noMC | F-fooof-per | none | SVR,-0.1861986679082277,-0.20820466707744767
67,noMC | F-fooof-per | none | Anchor,-0.21423269585001337,-0.15403722975254328
67,noMC | F-fooof-per | none | ICP,-0.10330527834207404,-0.27973379609964544
67,noMC | F-fooof-per | z | ENR,-0.07467752100774572,-0.2697171568216157
67,noMC | F-fooof-per | z | SVR,-0.15634321667214723,-0.1713262022628806
67,noMC | F-fooof-per | z | Anchor,-0.330467118476669,-0.08531610558540094
67,noMC | F-fooof-per | z | ICP,-0.22243559830144588,-0.1533552677598891
67,noMC | F-rel | none | ENR,-0.09240584817636144,-0.2770045225530005
67,noMC | F-rel | none | SVR,-0.15648776054445457,-0.12054466725294666
67,noMC | F-rel | none | Anchor,-0.5877261865143861,-0.11278749934384454
67,noMC | F-rel | none | ICP,-0.17185473273869967,-0.2632019920624964
67,noMC | F-rel | z | ENR,-0.03497101847715944,-0.23646200576629373
67,noMC | F-rel | z | SVR,-0.1356095452370547,-0.18826429213605372
67,noMC | F-rel | z | Anchor,-3.066096859261126,-0.13698839319183298
67,noMC | F-rel | z | ICP,-0.1743031192435236,-0.25195774074154725
67,noMC | F-asym | none | ENR,-0.11542170492394987,-0.3545900503641254
67,noMC | F-asym | none | SVR,-0.09819097744999739,0.043465410423968676
67,noMC | F-asym | none | Anchor,-0.16952305306647997,-0.3480272296919851
67,noMC | F-asym | none | ICP,-0.03497101847715944,-0.23646200576629373
67,noMC | F-asym | z | ENR,-0.06274082730805386,-0.2872298721378086
67,noMC | F-asym | z | SVR,-0.15440721548740477,-0.0924779790178587
67,noMC | F-asym | z | Anchor,-0.276420047937191,-0.10598936087393707
67,noMC | F-asym | z | ICP,-0.09967739139980991,-0.12569566034291652
67,noMC | F-riem | none | ENR,-0.038045323419606314,-0.24712271626186066
67,noMC | F-riem | none | SVR,-0.24887192962112992,-0.17646960006277834
67,noMC | F-riem | none | Anchor,-1.2576707569128267,-0.2177247759093732
67,noMC | F-riem | none | ICP,-0.4991288536219711,-0.16784643945925756
67,noMC | F-riem | z | ENR,-0.06339556515258571,-0.1903992203604948
67,noMC | F-riem | z | SVR,-0.2593719503750769,-0.20883312899823037
67,noMC | F-riem | z | Anchor,-0.6960870390197427,-0.23058120612915517
67,noMC | F-riem | z | ICP,-0.17408420357775234,-0.16845420466320898
67,noMC | F-riem | riem | ENR,-0.03497101847715944,-0.23646200576629367
67,noMC | F-riem | riem | SVR,-0.02314270287859066,0.03664180101966517
67,noMC | F-riem | riem | Anchor,-0.43423316480115126,-0.12163694375106002
67,noMC | F-riem | riem | ICP,-0.04950246343497011,-0.19502643024336297
67,MC | F-band | none | ENR,-0.06614151668299795,-0.31134132461425396
67,MC | F-band | none | SVR,-0.2536713251055376,-0.19062225269853436
67,MC | F-band | none | Anchor,-0.826851300183566,-0.194748658922061
67,MC | F-band | none | ICP,-0.22078523057351074,-0.2686331281895144
67,MC | F-band | z | ENR,-0.03863669329828556,-0.24050923826369464
67,MC | F-band | z | SVR,-0.10480236626891348,-0.1601399426641959
67,MC | F-band | z | Anchor,-0.8309518551805009,-0.2387378604007226
67,MC | F-band | z | ICP,-0.0848998034520585,-0.3765531927318665
67,MC | F-fooof-per | none | ENR,-0.08335586266918904,-0.3126536305241442
67,MC | F-fooof-per | none | SVR,-0.44244921392835646,-0.13872163358819845
67,MC | F-fooof-per | none | Anchor,-0.24090386193307056,-0.10113927332105482
67,MC | F-fooof-per | none | ICP,-0.15570356617874848,-0.09839259477768389
67,MC | F-fooof-per | z | ENR,-0.10014835038590175,-0.2787698277710138
67,MC | F-fooof-per | z | SVR,-0.3064653307413221,-0.2296302658629983
67,MC | F-fooof-per | z | Anchor,-0.16736725816949893,-0.30928634155050305
67,MC | F-fooof-per | z | ICP,-0.037724611178207246,-0.237600611333561
67,MC | F-rel | none | ENR,-0.12672643102131143,-0.27136699842019935
67,MC | F-rel | none | SVR,-0.22736517763572883,-0.18188046110444625
67,MC | F-rel | none | Anchor,-0.37617378183725236,-0.26435333786891807
67,MC | F-rel | none | ICP,-0.22568446708865642,-0.2576251285865924
67,MC | F-rel | z | ENR,-0.037724611178207246,-0.23760061133356114
67,MC | F-rel | z | SVR,-0.14612744310330927,-0.06978763181071213
67,MC | F-rel | z | Anchor,-0.40159924089632293,-0.32742148568190177
67,MC | F-rel | z | ICP,-0.23618320709052898,-0.2836332800588696
67,MC | F-asym | none | ENR,-0.10965886077881737,-0.35984466465088005
67,MC | F-asym | none | SVR,-0.17705030779716702,0.07578497806340842
67,MC | F-asym | none | Anchor,-0.17785795414184724,-0.35153859931141146
67,MC | F-asym | none | ICP,-0.037724611178207246,-0.237600611333561
67,MC | F-asym | z | ENR,-0.0833912530565899,-0.344715333082946
67,MC | F-asym | z | SVR,-0.4351185278198897,-0.09343568150326942
67,MC | F-asym | z | Anchor,-0.2924233535668441,-0.14534914131041166
67,MC | F-asym | z | ICP,-0.037724611178207246,-0.237600611333561
67,MC | F-riem | none | ENR,-0.0503664030805846,-0.26385882448605785
67,MC | F-riem | none | SVR,-0.24895378527886725,-0.18639037187852164
67,MC | F-riem | none | Anchor,-0.774733797952982,-0.18277678849448514
67,MC | F-riem | none | ICP,-0.21963050958429808,-0.16912558481658357
67,MC | F-riem | z | ENR,-0.13448867781129348,-0.029105495204083502
67,MC | F-riem | z | SVR,-0.22362262899632634,-0.1478028737459027
67,MC | F-riem | z | Anchor,-1.0505519694006797,-0.14575703076023783
67,MC | F-riem | z | ICP,-0.10230937260716622,-0.29389965130501394
67,MC | F-riem | riem | ENR,-0.08362819232680718,-0.08867181021234177
67,MC | F-riem | riem | SVR,-0.0099276763501015,0.08954452049301843
67,MC | F-riem | riem | Anchor,-1.9083890793473355,-0.1447990446298194
67,MC | F-riem | riem | ICP,-0.08074365726961052,-0.012249888088997421
68,noMC | F-band | none | ENR,-0.15296849107330646,0.12770445268100256
68,noMC | F-band | none | SVR,-0.11794387415339824,-0.007779030672493085
68,noMC | F-band | none | Anchor,-0.14441963522239387,0.2632410942847813
68,noMC | F-band | none | ICP,-0.06598576555447866,-0.2323379949701401
68,noMC | F-band | z | ENR,-0.04098973628456548,-0.2100976199310822
68,noMC | F-band | z | SVR,-0.1584194078560841,-0.030861400481659466
68,noMC | F-band | z | Anchor,-0.04476902924500137,-0.01462245805715474
68,noMC | F-band | z | ICP,-0.06710663174481946,-0.22100969375028057
68,noMC | F-fooof-per | none | ENR,-0.033816734365831325,-0.2389068763616701
68,noMC | F-fooof-per | none | SVR,-0.11737299719968619,-0.04145536720739732
68,noMC | F-fooof-per | none | Anchor,-0.39381632730434757,0.1291152968234965
68,noMC | F-fooof-per | none | ICP,-0.007135575241724146,0.09769059121245662
68,noMC | F-fooof-per | z | ENR,-0.04983816228464244,-0.2259933255729989
68,noMC | F-fooof-per | z | SVR,-0.06178772062821292,-0.08430199998559593
68,noMC | F-fooof-per | z | Anchor,-1.5284515977867517,0.10903178907245192
68,noMC | F-fooof-per | z | ICP,-0.053236573968913126,-0.2508988205224807
68,noMC | F-rel | none | ENR,-0.26970190575558006,0.1259393489425461
68,noMC | F-rel | none | SVR,-0.05710630388001059,0.2326492941386844
68,noMC | F-rel | none | Anchor,-0.5770155197995506,0.19504130008814538
68,noMC | F-rel | none | ICP,-0.17964587048923253,0.13011851246634715
68,noMC | F-rel | z | ENR,-0.05385607703223205,-0.2093740213573027
68,noMC | F-rel | z | SVR,-0.07861962654983978,0.04029287721801578
68,noMC | F-rel | z | Anchor,-1.326201921083968,0.13828076347509627
68,noMC | F-rel | z | ICP,-5.245039527659825,-0.13559340824372798
68,noMC | F-asym | none | ENR,-0.10027750360468812,0.17965429770926888
68,noMC | F-asym | none | SVR,-0.08779334829780638,0.14315652374728027
68,noMC | F-asym | none | Anchor,-0.0042004250539140475,0.25149945878893754
68,noMC | F-asym | none | ICP,0.03797510673549165,0.21135642491494372
68,noMC | F-asym | z | ENR,-0.1185371581967023,0.16812459286908255
68,noMC | F-asym | z | SVR,-0.10227949432516104,0.21948163167284712
68,noMC | F-asym | z | Anchor,-0.342596159815328,0.1661737498552442
68,noMC | F-asym | z | ICP,-0.008398730314341352,0.014368124851143327
68,noMC | F-riem | none | ENR,-0.38648552153518057,-0.17157628965108193
68,noMC | F-riem | none | SVR,-0.5722998204275351,-0.1873053871762118
68,noMC | F-riem | none | Anchor,-1.2021437881902757,-0.10022036813289703
68,noMC | F-riem | none | ICP,0.030801201607742357,0.1775337329231308
68,noMC | F-riem | z | ENR,-0.04160666126668744,-0.24852440741328588
68,noMC | F-riem | z | SVR,-0.04708498031842301,0.07594187316201943
68,noMC | F-riem | z | Anchor,-0.4077875195820062,-0.18746927990083595
68,noMC | F-riem | z | ICP,-0.08526852997381451,-0.124196097990614
68,noMC | F-riem | riem | ENR,-0.07024242713601425,-0.18859717484148925
68,noMC | F-riem | riem | SVR,-0.09045550179464468,-0.17399294498265652
68,noMC | F-riem | riem | Anchor,-0.17296226602446185,-0.05540201519122151
68,noMC | F-riem | riem | ICP,-0.033816734365831325,-0.23890687636167002
68,MC | F-band | none | ENR,-0.07317015230703627,0.09156538650844451
68,MC | F-band | none | SVR,-0.19506238702013623,0.07626090414028466
68,MC | F-band | none | Anchor,-0.1915857984842415,0.1337836221004278
68,MC | F-band | none | ICP,-0.06797021150051141,-0.23636403384687882
68,MC | F-band | z | ENR,-0.07178594862744347,0.014548962989706794
68,MC | F-band | z | SVR,-0.15699988841598156,0.007857470736092886
68,MC | F-band | z | Anchor,-0.308671363476811,0.07421151604495098
68,MC | F-band | z | ICP,-0.14569000739142846,-0.14441573621862347
68,MC | F-fooof-per | none | ENR,-0.029979770992976107,-0.15440510380324185
68,MC | F-fooof-per | none | SVR,-0.29975936746010756,-0.10643946942370326
68,MC | F-fooof-per | none | Anchor,-0.21597985639102513,-0.03182415838083715
68,MC | F-fooof-per | none | ICP,-0.035609222984829714,-0.026535571674447606
68,MC | F-fooof-per | z | ENR,-0.0862042053249743,-0.23625856700225878
68,MC | F-fooof-per | z | SVR,-0.3228897135183777,-0.19167454719991295
68,MC | F-fooof-per | z | Anchor,-0.20374981194420472,-0.13260045703293652
68,MC | F-fooof-per | z | ICP,-0.08042540208718463,0.03034183258280277
68,MC | F-rel | none | ENR,-0.10649664319472785,0.14222489737334382
68,MC | F-rel | none | SVR,0.004169073620507446,0.24229202799932414
68,MC | F-rel | none | Anchor,-0.34882279421587103,0.16246775962459098
68,MC | F-rel | none | ICP,-0.039361929892848035,-0.17453065500327303
68,MC | F-rel | z | ENR,-0.5186946186480301,0.04084797678333847
68,MC | F-rel | z | SVR,-0.0993288444317364,0.2538823997631871
68,MC | F-rel | z | Anchor,-1.4281250832040193,0.22633280106804954
68,MC | F-rel | z | ICP,-0.020479408275697164,-0.17766760353191177
68,MC | F-asym | none | ENR,-0.0568390979318909,0.2012255859975262
68,MC | F-asym | none | SVR,0.13438787172751887,0.37267845352803597
68,MC | F-asym | none | Anchor,-0.04953418977501389,0.23759285379389466
68,MC | F-asym | none | ICP,0.029514980082637865,0.2009865883119349
68,MC | F-asym | z | ENR,-0.15977223873175173,0.15799212096471388
68,MC | F-asym | z | SVR,-0.080800525041818,0.23799161266179197
68,MC | F-asym | z | Anchor,-0.517784744074522,0.14798665738659145
68,MC | F-asym | z | ICP,-0.035753586889875955,-0.24033307227942155
68,MC | F-riem | none | ENR,-0.3997664864979684,-0.17548260866365917
68,MC | F-riem | none | SVR,-0.3266993208671125,-0.021288912431660242
68,MC | F-riem | none | Anchor,-0.7891460790304348,-0.040711341315905564
68,MC | F-riem | none | ICP,0.01981832662025096,0.16805310067398066
68,MC | F-riem | z | ENR,-0.04080804037038721,-0.2462474555898665
68,MC | F-riem | z | SVR,-0.14011186807238118,-0.1129940651546929
68,MC | F-riem | z | Anchor,-0.33235910791371714,-0.19832326743369094
68,MC | F-riem | z | ICP,-0.11081157107794093,-0.08563563592819784
68,MC | F-riem | riem | ENR,-0.08266325736021973,-0.17408286767410153
68,MC | F-riem | riem | SVR,-0.16052481526576545,-0.03349165471708591
68,MC | F-riem | riem | Anchor,-0.23941294106833788,-0.09693803628260582
68,MC | F-riem | riem | ICP,-0.14760068623515243,-0.1875033297022642
69,noMC | F-band | none | ENR,0.007105078651346353,0.10773952210907384
69,noMC | F-band | none | SVR,-0.1545684261442406,-0.09762146936261298
69,noMC | F-band | none | Anchor,-0.30578426617180643,-0.11840824409567213
69,noMC | F-band | none | ICP,-0.03678843071637594,-0.1109557861177753
69,noMC | F-band | z | ENR,-0.04709237774260533,-0.11974578483756099
69,noMC | F-band | z | SVR,-0.21272484951617376,-0.10065073169444995
69,noMC | F-band | z | Anchor,-0.7635463719281563,0.15933784463579648
69,noMC | F-band | z | ICP,-0.06445021653233307,-0.13226633855383937
69,noMC | F-fooof-per | none | ENR,-0.01035626518685473,0.029506498299803993
69,noMC | F-fooof-per | none | SVR,0.10840693321392891,0.3692512242969995
69,noMC | F-fooof-per | none | Anchor,0.06706308592776888,0.2674417289631402
69,noMC | F-fooof-per | none | ICP,-0.018447893815183303,-0.08168554353328888
69,noMC | F-fooof-per | z | ENR,-0.030597278297783026,0.009708826266912409
69,noMC | F-fooof-per | z | SVR,0.04292935164054956,0.24643326389115877
69,noMC | F-fooof-per | z | Anchor,-2.27755074330494,0.16403101075715903
69,noMC | F-fooof-per | z | ICP,-0.0347946085701738,-0.2555585647328158
69,noMC | F-rel | none | ENR,-0.025936105972586887,0.054784460418174044
69,noMC | F-rel | none | SVR,-0.16373496925262354,-0.15108504865822406
69,noMC | F-rel | none | Anchor,-0.47701373596936647,-0.08872330908595476
69,noMC | F-rel | none | ICP,-0.04726381756310838,-0.17222247846040162
69,noMC | F-rel | z | ENR,0.003409962957619306,0.22358962944924007
69,noMC | F-rel | z | SVR,-0.05059437423434199,0.006279270387149979
69,noMC | F-rel | z | Anchor,-0.1123512550423269,0.32407299125374667
69,noMC | F-rel | z | ICP,-0.0347946085701738,-0.2555585647328158
69,noMC | F-asym | none | ENR,0.02706867463980811,0.17903012761050707
69,noMC | F-asym | none | SVR,-0.054500588985263665,0.09570640474023592
69,noMC | F-asym | none | Anchor,-0.009744153595402816,0.19283391640776193
69,noMC | F-asym | none | ICP,-0.0347946085701738,-0.2555585647328158
69,noMC | F-asym | z | ENR,-0.05764554056374904,0.06089569541588389
69,noMC | F-asym | z | SVR,-0.008154098120475073,0.11295434578692767
69,noMC | F-asym | z | Anchor,-0.2009150814069942,-0.1495455927582379
69,noMC | F-asym | z | ICP,0.01247654015354105,0.12338726802404609
69,noMC | F-riem | none | ENR,-0.0347946085701738,-0.2555585647328158
69,noMC | F-riem | none | SVR,-0.08093420997102041,-0.14532913478167736
69,noMC | F-riem | none | Anchor,-0.40731263914907645,-0.1366814483098442
69,noMC | F-riem | none | ICP,-0.07999058758626454,-0.23077168175553842
69,noMC | F-riem | z | ENR,-0.03506810468627353,-0.25306040148302833
69,noMC | F-riem | z | SVR,-0.11728373726751062,-0.31522017928521284
69,noMC | F-riem | z | Anchor,-0.9422740040078217,0.01332126318642159
69,noMC | F-riem | z | ICP,-0.036431763535344164,-0.2533164696014639
69,noMC | F-riem | riem | ENR,-0.0717154702062095,-0.07512928316862154
69,noMC | F-riem | riem | SVR,-0.18776043720162816,-0.1522061283296639
69,noMC | F-riem | riem | Anchor,-0.2974136546083621,0.04217369225373762
69,noMC | F-riem | riem | ICP,-0.024763358134240354,-0.06801500936959186
69,MC | F-band | none | ENR,-0.05352920329465238,-0.171348934121181
69,MC | F-band | none | SVR,-0.29504893689074607,-0.15842144224550145
69,MC | F-band | none | Anchor,-0.2476265138730922,-0.2571903213437703
69,MC | F-band | none | ICP,-0.06778047157850908,-0.20295909857349925
69,MC | F-band | z | ENR,0.03759132194565662,0.1969363309205152
69,MC | F-band | z | SVR,-0.1912324690091134,-0.2924676168334837
69,MC | F-band | z | Anchor,-0.052627065709099696,0.1659343144417623
69,MC | F-band | z | ICP,-0.020438445664730853,0.0805845008444773
69,MC | F-fooof-per | none | ENR,-0.0428608106861077,-0.21936602231851204
69,MC | F-fooof-per | none | SVR,0.007419699938595592,0.20562228825787288
69,MC | F-fooof-per | none | Anchor,0.059614138595612376,0.2706063437697519
69,MC | F-fooof-per | none | ICP,0.004454046140990653,0.09962502541453674
69,MC | F-fooof-per | z | ENR,0.11250549062589266,0.3477948004493533
69,MC | F-fooof-per | z | SVR,-0.1395124825850258,0.15010740236240677
69,MC | F-fooof-per | z | Anchor,-0.1378245616715721,0.22841752169251744
69,MC | F-fooof-per | z | ICP,-0.05241285003737417,-0.12789509638597704
69,MC | F-rel | none | ENR,-0.0426106502568504,-0.08999182582934911
69,MC | F-rel | none | SVR,-0.1086717829095043,-0.09060750609460606
69,MC | F-rel | none | Anchor,-0.15061600490022808,-0.050122587395941304
69,MC | F-rel | none | ICP,-0.03402274136488037,-0.19682048924321105
69,MC | F-rel | z | ENR,0.038572516755819075,0.22756840891369265
69,MC | F-rel | z | SVR,-0.0007836286834324024,0.1085228714694905
69,MC | F-rel | z | Anchor,-0.22962524579715127,0.252828021106403
69,MC | F-rel | z | ICP,-0.0371861753511642,-0.25807641865088804
69,MC | F-asym | none | ENR,0.0030743001514839108,0.14741970664135115
69,MC | F-asym | none | SVR,-0.06426343768788945,0.05605602450912289
69,MC | F-asym | none | Anchor,-0.14991185397321494,-0.006970201260549841
69,MC | F-asym | none | ICP,0.01948099963787142,0.15985545588088884
69,MC | F-asym | z | ENR,-0.07616843017202712,-0.09102398658118915
69,MC | F-asym | z | SVR,-0.06692867185914264,-0.027404556048798438
69,MC | F-asym | z | Anchor,-0.29381912672418475,-0.1737618411430103
69,MC | F-asym | z | ICP,-0.06652764659294941,0.08260664562690324
69,MC | F-riem | none | ENR,-0.07027732633258021,-0.269160041995377
69,MC | F-riem | none | SVR,-0.08563887122855496,-0.08135066009510081
69,MC | F-riem | none | Anchor,-0.2968040440250812,-0.044851140584951425
69,MC | F-riem | none | ICP,-0.11416992132037396,-0.38799910468713006
69,MC | F-riem | z | ENR,-0.05317801177246473,-0.2770538856976358
69,MC | F-riem | z | SVR,-0.11975156876024684,-0.09449242086593922
69,MC | F-riem | z | Anchor,-0.5966424701307738,-0.2782695616230506
69,MC | F-riem | z | ICP,0.042016770100194,0.2660187172665585
69,MC | F-riem | riem | ENR,-0.04293113331099341,-0.2582065901881824
69,MC | F-riem | riem | SVR,-0.19637826478764486,-0.1329129576201245
69,MC | F-riem | riem | Anchor,-0.31262953166088914,-0.07029456546102114
69,MC | F-riem | riem | ICP,-0.03626439584420105,-0.1334996005261228
70,noMC | F-band | none | ENR,-0.2144400437042182,-0.23691194060912185
70,noMC | F-band | none | SVR,-0.18226114229895818,-0.11954449255288556
70,noMC | F-band | none | Anchor,-2.5154013087162537,-0.34216478403716694
70,noMC | F-band | none | ICP,-0.2595416103132553,-0.17723788254902673
70,noMC | F-band | z | ENR,-0.24535010913134792,-0.18958434183825779
70,noMC | F-band | z | SVR,-0.3535246573419968,-0.16370323762795386
70,noMC | F-band | z | Anchor,-1.8200715772742062,-0.10076569144402843
70,noMC | F-band | z | ICP,-0.08725084390137194,-0.2007200291974742
70,noMC | F-fooof-per | none | ENR,-0.1748037761018566,-0.2449491807706361
70,noMC | F-fooof-per | none | SVR,-0.20413503089578278,-0.22218464239440033
70,noMC | F-fooof-per | none | Anchor,-0.07903281493344116,0.067712459462702
70,noMC | F-fooof-per | none | ICP,-0.24700694196339446,-0.21994349913356473
70,noMC | F-fooof-per | z | ENR,-0.11514553328892863,-0.1996908072335707
70,noMC | F-fooof-per | z | SVR,-0.19613324364156748,-0.14164983467617445
70,noMC | F-fooof-per | z | Anchor,-0.7171448444275748,-0.07995249125388054
70,noMC | F-fooof-per | z | ICP,-0.04894596194395828,-0.16083679213473895
70,noMC | F-rel | none | ENR,-0.046883510477940815,-0.2950998557094374
70,noMC | F-rel | none | SVR,-0.11255625929810753,-0.03787533465383419
70,noMC | F-rel | none | Anchor,-1.3901855569835342,-0.3451822328216517
70,noMC | F-rel | none | ICP,-0.1818206213131952,-0.25402749717058565
70,noMC | F-rel | z | ENR,-0.13033362189070963,-0.26830327297061407
70,noMC | F-rel | z | SVR,-0.1632209087998886,-0.14000701291314524
70,noMC | F-rel | z | Anchor,-0.9690847127806126,-0.18421091185140503
70,noMC | F-rel | z | ICP,-0.281669701544746,-0.09967178201952392
70,noMC | F-asym | none | ENR,-0.11166958395772797,-0.23780584177951677
70,noMC | F-asym | none | SVR,-0.33796893576387665,-0.27041933843930366
70,noMC | F-asym | none | Anchor,-0.531211235554278,-0.3084397785539012
70,noMC | F-asym | none | ICP,-0.10459365453654978,-0.3092764277025775
70,noMC | F-asym | z | ENR,-0.10252100771347994,-0.33723638057508376
70,noMC | F-asym | z | SVR,-0.363707118505491,-0.2937596245140985
70,noMC | F-asym | z | Anchor,-0.4790110955440481,0.07789327929362509
70,noMC | F-asym | z | ICP,-0.440117266165273,-0.27731637805666254
70,noMC | F-riem | none | ENR,-0.046883510477940815,-0.2950998557094374
70,noMC | F-riem | none | SVR,-0.2098665515853131,-0.1306039417044516
70,noMC | F-riem | none | Anchor,-1.2361893822674324,-0.28798136788523265
70,noMC | F-riem | none | ICP,-0.08937475131035155,-0.2897928519182903
70,noMC | F-riem | z | ENR,-0.050983962028104735,-0.3123823851024996
70,noMC | F-riem | z | SVR,-0.24268666366627922,-0.17971430092702523
70,noMC | F-riem | z | Anchor,-0.8152742967980207,-0.09816823447163159
70,noMC | F-riem | z | ICP,-0.08479937617531719,-0.2057139743544832
70,noMC | F-riem | riem | ENR,-0.06039085805839317,-0.32249885793416516
70,noMC | F-riem | riem | SVR,-0.13566912356324035,-0.18440442540243684
70,noMC | F-riem | riem | Anchor,-2.9628297578580143,-0.19482260018241143
70,noMC | F-riem | riem | ICP,-0.09040483613535177,-0.1694604103653834
70,MC | F-band | none | ENR,-0.21936398341911545,-0.22863528622389762
70,MC | F-band | none | SVR,-0.5361539522680725,-0.18131069508265965
70,MC | F-band | none | Anchor,-0.9643576627452319,-0.32608463413712424
70,MC | F-band | none | ICP,-0.12105436988608909,-0.2325767351821613
70,MC | F-band | z | ENR,-0.08376396990199364,-0.27604859766963963
70,MC | F-band | z | SVR,-0.27006885248773216,-0.018631358825990582
70,MC | F-band | z | Anchor,-2.0644364742529357,-0.037222314601962805
70,MC | F-band | z | ICP,-0.14025267630106608,-0.2365421223657999
70,MC | F-fooof-per | none | ENR,-0.1368287568791089,-0.18859184280641472
70,MC | F-fooof-per | none | SVR,-0.15793422041312022,-0.10673401401282237
70,MC | F-fooof-per | none | Anchor,-0.16577246105199284,0.14168331690717598
70,MC | F-fooof-per | none | ICP,-0.047620153098276274,-0.1321291090662647
70,MC | F-fooof-per | z | ENR,-0.12493506643284591,-0.21138589615654457
70,MC | F-fooof-per | z | SVR,-0.23162381821132616,-0.1293462049462684
70,MC | F-fooof-per | z | Anchor,-12.169733138165194,0.008909937976896959
70,MC | F-fooof-per | z | ICP,-0.049815853592950265,-0.2938360829638963
70,MC | F-rel | none | ENR,-0.0545381945620218,-0.29747459023786305
70,MC | F-rel | none | SVR,-0.10721520346565305,-0.005645784100204987
70,MC | F-rel | none | Anchor,-0.8807723996540671,-0.3698187251956746
70,MC | F-rel | none | ICP,-0.230324066865208,-0.24661751363196316
70,MC | F-rel | z | ENR,-0.23733411478450206,-0.24010118806026912
70,MC | F-rel | z | SVR,-0.2181780279278167,-0.19615429239224547
70,MC | F-rel | z | Anchor,-3.6755071207079766,-0.2231664304354692
70,MC | F-rel | z | ICP,-0.0654421444382387,-0.30064826823846014
70,MC | F-asym | none | ENR,-0.049815853592950265,-0.2938360829638963
70,MC | F-asym | none | SVR,-0.3059663666303123,-0.2795603947878379
70,MC | F-asym | none | Anchor,-0.2716174549027359,-0.31832429938248474
70,MC | F-asym | none | ICP,-0.049815853592950265,-0.2938360829638963
70,MC | F-asym | z | ENR,-0.09523058705103082,-0.25025967814893535
70,MC | F-asym | z | SVR,-0.25760207877919417,-0.2723958974587578
70,MC | F-asym | z | Anchor,-0.3391659864764278,-0.129892450173457
70,MC | F-asym | z | ICP,-0.13200255946338424,-0.12472754415816936
70,MC | F-riem | none | ENR,-0.049815853592950265,-0.2938360829638963
70,MC | F-riem | none | SVR,-0.17196880769754097,-0.1680052795893525
70,MC | F-riem | none | Anchor,-1.2831748960736955,-0.3084507519404248
70,MC | F-riem | none | ICP,-0.04836998498613876,-0.23399167436809468
70,MC | F-riem | z | ENR,-0.7786224243402311,-0.23432906256817182
70,MC | F-riem | z | SVR,-0.033316849298415274,0.08253069257444316
70,MC | F-riem | z | Anchor,-1.2114094666712467,0.036983639140416115
70,MC | F-riem | z | ICP,-0.14626663230132642,-0.1481322657400072
70,MC | F-riem | riem | ENR,-0.056225075803916,-0.31507886077487474
70,MC | F-riem | riem | SVR,0.006699026922889928,0.1370036913851279
70,MC | F-riem | riem | Anchor,-2.179552007560063,-0.09833006484781287
70,MC | F-riem | riem | ICP,-0.20115904988063127,-0.18807416939775273
71,noMC | F-band | none | ENR,-0.4714126729677184,-0.3298024194959518
71,noMC | F-band | none | SVR,-0.1279347204671777,-0.024058297027454087
71,noMC | F-band | none | Anchor,-0.5750743384249393,-0.28947784842660407
71,noMC | F-band | none | ICP,-0.049125677476334006,-0.3535982938982373
71,noMC | F-band | z | ENR,-0.28243093310500256,-0.26011284750110675
71,noMC | F-band | z | SVR,-0.11975443954172804,-0.060267798009256676
71,noMC | F-band | z | Anchor,-1.5607630849206937,-0.3715548657507098
71,noMC | F-band | z | ICP,-0.049125677476334006,-0.3535982938982373
71,noMC | F-fooof-per | none | ENR,-0.12200593501050605,-0.40791957728944617
71,noMC | F-fooof-per | none | SVR,-0.21795584729825235,-0.1543678550882451
71,noMC | F-fooof-per | none | Anchor,-0.5772241042775408,0.0879153260765353
71,noMC | F-fooof-per | none | ICP,-0.049125677476334006,-0.3535982938982373
71,noMC | F-fooof-per | z | ENR,-0.11513918466540707,-0.15145409965184276
71,noMC | F-fooof-per | z | SVR,-0.1507999197709562,-0.22030205304410777
71,noMC | F-fooof-per | z | Anchor,-0.1645298036748437,0.021984745540684882
71,noMC | F-fooof-per | z | ICP,-0.051765275757461815,-0.35934509115244617
71,noMC | F-rel | none | ENR,-0.14080724763148322,-0.1710889738153304
71,noMC | F-rel | none | SVR,-0.056950308649809545,0.10555964874053969
71,noMC | F-rel | none | Anchor,-0.3381701024914976,-0.17264832440737787
71,noMC | F-rel | none | ICP,-0.049125677476334006,-0.3535982938982373
71,noMC | F-rel | z | ENR,-0.08759872542561187,-0.2699359843067618
71,noMC | F-rel | z | SVR,-0.1553962268008473,-0.09315721881734942
71,noMC | F-rel | z | Anchor,-0.6048501962045276,-0.12301712244360187
71,noMC | F-rel | z | ICP,-0.07251489144087553,-0.1477111382419162
71,noMC | F-asym | none | ENR,-0.19464919033231176,-0.3665064883578041
71,noMC | F-asym | none | SVR,-0.1763549430878788,-0.028736820126965865
71,noMC | F-asym | none | Anchor,-0.14049409368910903,-0.2282127086409278
71,noMC | F-asym | none | ICP,-0.049125677476334006,-0.3535982938982373
71,noMC | F-asym | z | ENR,-0.30074764774515717,-0.3782012086628621
71,noMC | F-asym | z | SVR,-0.2775831245163607,0.010675695645330677
71,noMC | F-asym | z | Anchor,-0.6669044202982839,-0.2522448987412517
71,noMC | F-asym | z | ICP,-0.07116678123057119,0.006012790153317835
71,noMC | F-riem | none | ENR,-0.05451122702590938,-0.3803563319702899
71,noMC | F-riem | none | SVR,-0.3356090180827469,-0.1983926615875953
71,noMC | F-riem | none | Anchor,-1.0735163689491936,-0.31728424204470623
71,noMC | F-riem | none | ICP,-0.07947678619715104,-0.34451159863738057
71,noMC | F-riem | z | ENR,-0.12987033236098555,-0.29661219204580613
71,noMC | F-riem | z | SVR,-0.3740384062053792,-0.10199469661523868
71,noMC | F-riem | z | Anchor,-1.7976142356875155,-0.22897164296881078
71,noMC | F-riem | z | ICP,-0.04166796944162887,-0.08830337237638909
71,noMC | F-riem | riem | ENR,-0.05226000442215817,-0.3609830059563049
71,noMC | F-riem | riem | SVR,-0.5935042953450786,-0.2933447499880977
71,noMC | F-riem | riem | Anchor,-1.6034456516612559,-0.0159353493435187
71,noMC | F-riem | riem | ICP,-0.07193132452326045,-0.33992034194113785
71,MC | F-band | none | ENR,-0.5735548518851352,-0.34302479623971394
71,MC | F-band | none | SVR,-0.19485012578990402,-0.07469969563319115
71,MC | F-band | none | Anchor,-0.6103751791594836,-0.2922701528435329
71,MC | F-band | none | ICP,-0.07832699311978675,-0.37496590960028003
71,MC | F-band | z | ENR,-0.3442058699860575,-0.2394635735410523
71,MC | F-band | z | SVR,-0.10316300011149737,0.07495368731161199
71,MC | F-band | z | Anchor,-0.7473981836305654,-0.319476543657054
71,MC | F-band | z | ICP,0.04754448651020071,0.22415045536862427
71,MC | F-fooof-per | none | ENR,-0.12226299854187905,-0.40580470111161165
71,MC | F-fooof-per | none | SVR,-0.1536326276517661,-0.04218841635521578
71,MC | F-fooof-per | none | Anchor,-0.22202413647984365,0.024337064339118024
71,MC | F-fooof-per | none | ICP,-0.0327390746555809,-0.09477996309215624
71,MC | F-fooof-per | z | ENR,-0.09264109935597498,-0.2796006511537824
71,MC | F-fooof-per | z | SVR,-0.3219420609616084,-0.15539401653053903
71,MC | F-fooof-per | z | Anchor,-0.295053509426364,-0.37382501642367716
71,MC | F-fooof-per | z | ICP,-0.06387167074746003,0.13618871334084803
71,MC | F-rel | none | ENR,-0.1396140924338194,-0.07822577849258286
71,MC | F-rel | none | SVR,-0.05039844229455204,0.15032645976530812
71,MC | F-rel | none | Anchor,-0.38104112186547545,-0.2740054588574405
71,MC | F-rel | none | ICP,-0.051855920093387464,-0.3581370134801749
71,MC | F-rel | z | ENR,-0.01941917263467463,0.029788090940370847
71,MC | F-rel | z | SVR,-0.18420103436963564,0.12185150448104813
71,MC | F-rel | z | Anchor,-0.5801683929309847,-0.20252208582312223
71,MC | F-rel | z | ICP,-0.05362285130607036,-0.26419254498970923
71,MC | F-asym | none | ENR,-0.21130477945199444,-0.3788225223873574
71,MC | F-asym | none | SVR,-0.24434364449095902,-0.15960049850097702
71,MC | F-asym | none | Anchor,-0.15494742958591634,-0.24951087902645736
71,MC | F-asym | none | ICP,-0.051855920093387464,-0.3581370134801749
71,MC | F-asym | z | ENR,-0.051855920093387464,-0.3581370134801749
71,MC | F-asym | z | SVR,-0.04040105243686942,0.1458600402438085
71,MC | F-asym | z | Anchor,-0.7215173756302617,-0.2364548624824052
71,MC | F-asym | z | ICP,-0.24669641393394293,-0.12331742021387865
71,MC | F-riem | none | ENR,-0.051855920093387464,-0.3581370134801749
71,MC | F-riem | none | SVR,-0.15808585527343078,-0.08470326257320979
71,MC | F-riem | none | Anchor,-0.29991888738819794,-0.11874842940916222
71,MC | F-riem | none | ICP,-0.04878183354033161,-0.2996576247781002
71,MC | F-riem | z | ENR,-0.07337542805869002,-0.039963116964320027
71,MC | F-riem | z | SVR,-0.17981782315928907,-0.10793287371489589
71,MC | F-riem | z | Anchor,-1.7140859178236285,-0.056028524217395764
71,MC | F-riem | z | ICP,-0.09159971494250008,-0.240611366509359
71,MC | F-riem | riem | ENR,-0.08975360705793811,-0.33282645656816456
71,MC | F-riem | riem | SVR,-0.18840084059748352,-0.16354904658030467
71,MC | F-riem | riem | Anchor,-0.49463264132768203,0.051269562885871964
71,MC | F-riem | riem | ICP,-0.04765099983253962,-0.17347994405306516
72,noMC | F-band | none | ENR,-0.16543417019129536,-0.040330446711362225
72,noMC | F-band | none | SVR,-0.357477484743991,-0.23924404320574186
72,noMC | F-band | none | Anchor,-0.36460544278650375,-0.15150384584596627
72,noMC | F-band | none | ICP,-0.16748464939273355,-0.4824453148577329
72,noMC | F-band | z | ENR,-0.07646951096186316,-0.12774515323904015
72,noMC | F-band | z | SVR,-0.19211929105562553,-0.12042259964174867
72,noMC | F-band | z | Anchor,-0.8081246483222533,-0.28127562468171124
72,noMC | F-band | z | ICP,-0.06161569204513562,-0.44916857910526986
72,noMC | F-fooof-per | none | ENR,-0.06161569204513562,-0.44916857910527014
72,noMC | F-fooof-per | none | SVR,-0.5479597520692188,-0.4171119476409293
72,noMC | F-fooof-per | none | Anchor,-1.053995757213765,-0.2811630265733822
72,noMC | F-fooof-per | none | ICP,-0.18707931466005334,-0.45007453195634894
72,noMC | F-fooof-per | z | ENR,-0.06161569204513562,-0.44916857910526986
72,noMC | F-fooof-per | z | SVR,-0.21324502333602435,-0.28958190561997915
72,noMC | F-fooof-per | z | Anchor,-0.5198827224288687,-0.31826181912521073
72,noMC | F-fooof-per | z | ICP,-0.06369452920964158,-0.2912565467781385
72,noMC | F-rel | none | ENR,-0.06272162318130525,-0.31805868710831786
72,noMC | F-rel | none | SVR,-0.22737804369527903,-0.13748943333494493
72,noMC | F-rel | none | Anchor,-0.23734617220111742,-0.05515642378814798
72,noMC | F-rel | none | ICP,-0.20592522951547543,-0.448028742256717
72,noMC | F-rel | z | ENR,-0.08662451578457842,-0.4127494699498643
72,noMC | F-rel | z | SVR,-0.3481796558018575,-0.2614152506079047
72,noMC | F-rel | z | Anchor,-1.681713884627245,-0.3305040999021993
72,noMC | F-rel | z | ICP,-0.11650620465638162,-0.26969805248081724
72,noMC | F-asym | none | ENR,-0.1985794136574237,-0.37548803264352615
72,noMC | F-asym | none | SVR,-0.1374268647265724,0.07515898230089943
72,noMC | F-asym | none | Anchor,-0.8311061091753891,-0.19230177451174427
72,noMC | F-asym | none | ICP,-0.06161569204513562,-0.44916857910526986
72,noMC | F-asym | z | ENR,-0.2916524888408394,-0.2583190026965534
72,noMC | F-asym | z | SVR,-0.1222242134539473,-0.04539352925746833
72,noMC | F-asym | z | Anchor,-0.6353612336981032,-0.06242457825275126
72,noMC | F-asym | z | ICP,-0.018818157913529587,0.12431149119302491
72,noMC | F-riem | none | ENR,-0.06333489601277908,-0.4517949709323923
72,noMC | F-riem | none | SVR,-0.4031171077293123,-0.32339902836108303
72,noMC | F-riem | none | Anchor,-1.4335731399309761,-0.2567267917733952
72,noMC | F-riem | none | ICP,-0.09642917063342171,-0.42731760999412827
72,noMC | F-riem | z | ENR,-0.06161569204513562,-0.4491685791052698
72,noMC | F-riem | z | SVR,-0.396678380729234,-0.3522216027394789
72,noMC | F-riem | z | Anchor,-3.3018195303728275,-0.3869421280654069
72,noMC | F-riem | z | ICP,-0.07054084689815432,-0.2704715956410409
72,noMC | F-riem | riem | ENR,-0.06161569204513562,-0.44916857910526986
72,noMC | F-riem | riem | SVR,-0.04881636295860714,-0.02888500049390788
72,noMC | F-riem | riem | Anchor,-1.712862350254102,-0.3310574904263911
72,noMC | F-riem | riem | ICP,-0.08304061625085923,-0.45037456659326275
72,MC | F-band | none | ENR,-0.09191522850973022,-0.19796595957384944
72,MC | F-band | none | SVR,-0.2506212354913271,-0.19954015817966791
72,MC | F-band | none | Anchor,-0.2954665024849441,-0.11819052538511315
72,MC | F-band | none | ICP,-0.1742579184319497,-0.4907525641405254
72,MC | F-band | z | ENR,-0.10310891867997718,-0.24576136972016233
72,MC | F-band | z | SVR,-0.07040707641061728,0.01004641048569636
72,MC | F-band | z | Anchor,-0.6931912756251315,-0.2862218925381882
72,MC | F-band | z | ICP,-0.08819278611645798,-0.10911250338005624
72,MC | F-fooof-per | none | ENR,-0.07348949218075607,-0.47948203443774984
72,MC | F-fooof-per | none | SVR,-0.38712897564443427,-0.2233993359676948
72,MC | F-fooof-per | none | Anchor,-0.6002996736238566,-0.35610441575926327
72,MC | F-fooof-per | none | ICP,-0.0796995767947064,-0.34556060165106267
72,MC | F-fooof-per | z | ENR,-0.2264628422910666,-0.46699582088309444
72,MC | F-fooof-per | z | SVR,-0.40738009722375934,-0.457039513038646
72,MC | F-fooof-per | z | Anchor,-0.800331260128047,-0.40031117030663455
72,MC | F-fooof-per | z | ICP,-0.06659261504759462,-0.455449014888838
72,MC | F-rel | none | ENR,-0.08573825226857457,-0.29388138386248097
72,MC | F-rel | none | SVR,-0.2131749632085087,-0.2672153851821602
72,MC | F-rel | none | Anchor,-0.5563143091078604,-0.20723985274248316
72,MC | F-rel | none | ICP,-0.06659261504759462,-0.455449014888838
72,MC | F-rel | z | ENR,-0.08891923796569734,-0.4269260916613695
72,MC | F-rel | z | SVR,-0.34225371035024077,-0.36775912496214497
72,MC | F-rel | z | Anchor,-1.0893009851766426,-0.401496598087965
72,MC | F-rel | z | ICP,-0.33227367065562796,-0.4571288011282936
72,MC | F-asym | none | ENR,-0.18679310666398896,-0.4562928084328296
72,MC | F-asym | none | SVR,-0.07433487497464775,0.02626597241657365
72,MC | F-asym | none | Anchor,-0.27846530130920577,-0.4418260700595613
72,MC | F-asym | none | ICP,-0.06659261504759462,-0.455449014888838
72,MC | F-asym | z | ENR,-0.1952319626315242,-0.47114239917680306
72,MC | F-asym | z | SVR,-0.19626759991119513,-0.18265403489499332
72,MC | F-asym | z | Anchor,-0.9220024239835294,-0.25539991100113324
72,MC | F-asym | z | ICP,-0.06659261504759462,-0.455449014888838
72,MC | F-riem | none | ENR,-0.06659261504759462,-0.455449014888838
72,MC | F-riem | none | SVR,-0.4639693137349741,-0.32642925947289997
72,MC | F-riem | none | Anchor,-2.2927757793937356,-0.2391730085329684
72,MC | F-riem | none | ICP,-0.0730253890733561,-0.4090160112315976
72,MC | F-riem | z | ENR,-0.06659261504759462,-0.455449014888838
72,MC | F-riem | z | SVR,-0.39121636911808966,-0.34021379845435373
72,MC | F-riem | z | Anchor,-1.4188831204262162,-0.3608876393726256
72,MC | F-riem | z | ICP,-0.08077144060083952,-0.2596996722759392
72,MC | F-riem | riem | ENR,-0.10266974847696497,-0.46286354809609365
72,MC | F-riem | riem | SVR,-0.1577046525066843,-0.2732540992993305
72,MC | F-riem | riem | Anchor,-1.8252960352904766,-0.33015336019275315
72,MC | F-riem | riem | ICP,-0.06659261504759462,-0.455449014888838
73,noMC | F-band | none | ENR,-0.1739444948799549,-0.28052893754741814
73,noMC | F-band | none | SVR,-0.2626213834957145,-0.2934615233256527
73,noMC | F-band | none | Anchor,-0.5810383787175046,-0.2685624369115904
73,noMC | F-band | none | ICP,-0.3049208925259064,-0.2889714140496882
73,noMC | F-band | z | ENR,-0.09067072337988624,-0.25421698328814296
73,noMC | F-band | z | SVR,-0.3640169658766237,-0.13591099456754285
73,noMC | F-band | z | Anchor,-0.38877245724849985,-0.21534416566097692
73,noMC | F-band | z | ICP,-0.13933819296456207,-0.13197317584234472
73,noMC | F-fooof-per | none | ENR,-0.38337797378353766,-0.2716688693328876
73,noMC | F-fooof-per | none | SVR,-0.34857193135539477,-0.14508628646814226
73,noMC | F-fooof-per | none | Anchor,-0.4355328113602719,0.017921998357160376
73,noMC | F-fooof-per | none | ICP,-0.2782397432047612,-0.15925486455830648
73,noMC | F-fooof-per | z | ENR,-0.06381883654764597,-0.3369988611092406
73,noMC | F-fooof-per | z | SVR,-0.2360774627167619,-0.19180421464061934
73,noMC | F-fooof-per | z | Anchor,-0.8760385940347026,-0.13319284839795772
73,noMC | F-fooof-per | z | ICP,-0.047124935908078314,-0.35182156358574235
73,noMC | F-rel | none | ENR,-0.14666060710265327,-0.27735099958901877
73,noMC | F-rel | none | SVR,-0.23261277739903696,-0.18574146490278506
73,noMC | F-rel | none | Anchor,-1.781197537066443,-0.19322303006710573
73,noMC | F-rel | none | ICP,-0.14455818066455595,-0.24040012386998794
73,noMC | F-rel | z | ENR,-0.15251658359553333,-0.2360083352003226
73,noMC | F-rel | z | SVR,-0.2746499397094322,-0.28486370157749963
73,noMC | F-rel | z | Anchor,-0.7909200150543427,-0.15230456332237613
73,noMC | F-rel | z | ICP,-0.0759829574751576,-0.2897536807211831
73,noMC | F-asym | none | ENR,-0.15288070736708925,-0.273588349604109
73,noMC | F-asym | none | SVR,-0.19280663691079636,-0.1638927677669436
73,noMC | F-asym | none | Anchor,-0.3183759881834298,-0.2000624120119076
73,noMC | F-asym | none | ICP,-0.03990663300297137,-0.19584144793758335
73,noMC | F-asym | z | ENR,-0.11217152520765072,-0.2992923510608063
73,noMC | F-asym | z | SVR,-0.177663051020581,-0.2762770035227808
73,noMC | F-asym | z | Anchor,-0.29337665139967806,0.2663800023491157
73,noMC | F-asym | z | ICP,0.08588629225343192,0.32737961393884396
73,noMC | F-riem | none | ENR,-0.17143963636497261,-0.23161544159780575
73,noMC | F-riem | none | SVR,-0.27329585252484123,-0.25225928282784027
73,noMC | F-riem | none | Anchor,-2.401402223607564,-0.1564938422925085
73,noMC | F-riem | none | ICP,-0.06933406743660742,-0.2688449151370831
73,noMC | F-riem | z | ENR,-0.09594686055803758,-0.12948253868210197
73,noMC | F-riem | z | SVR,-0.04703055797923916,0.05316379815646351
73,noMC | F-riem | z | Anchor,-0.5475678311883958,-0.13217407914143184
73,noMC | F-riem | z | ICP,-0.05958921480026924,-0.2393798920488048
73,noMC | F-riem | riem | ENR,-0.08021281133984126,-0.14981566721475137
73,noMC | F-riem | riem | SVR,-0.06489006847682277,0.009309612300850506
73,noMC | F-riem | riem | Anchor,-0.8136025253066841,-0.1493315297547223
73,noMC | F-riem | riem | ICP,-0.06711401066719902,-0.22285201472531505
73,MC | F-band | none | ENR,-0.47583141734592194,-0.220168744856611
73,MC | F-band | none | SVR,-0.279221499685542,-0.1743959681244673
73,MC | F-band | none | Anchor,-0.8267409071719232,-0.26371432565814606
73,MC | F-band | none | ICP,-0.31345000131016376,-0.2683220925663167
73,MC | F-band | z | ENR,-0.11590213461379517,-0.13772621944376157
73,MC | F-band | z | SVR,-0.39821255236089237,-0.14217542780535697
73,MC | F-band | z | Anchor,-0.17269019880144088,-0.1365537935669463
73,MC | F-band | z | ICP,-0.10110261218872374,0.18996278563164354
73,MC | F-fooof-per | none | ENR,-0.4444726130635055,-0.26711728864039896
73,MC | F-fooof-per | none | SVR,-0.48903295887602494,-0.20518027467678554
73,MC | F-fooof-per | none | Anchor,-0.4298226972126078,-0.12410859171058299
73,MC | F-fooof-per | none | ICP,-0.040444263924310775,0.012907527475526455
73,MC | F-fooof-per | z | ENR,-0.15130405874170494,-0.238128710621893
73,MC | F-fooof-per | z | SVR,-0.3688345229031518,-0.2946122516464345
73,MC | F-fooof-per | z | Anchor,-0.1773620609903377,-0.2812627628754528
73,MC | F-fooof-per | z | ICP,-0.04889934923810868,-0.35258719257918913
73,MC | F-rel | none | ENR,-0.13594175965913635,-0.2391694264623797
73,MC | F-rel | none | SVR,-0.1917458579285809,-0.1455654285010526
73,MC | F-rel | none | Anchor,-0.9966311799769616,-0.2080327478662808
73,MC | F-rel | none | ICP,-0.32209850536307694,-0.19721060687492717
73,MC | F-rel | z | ENR,-0.16394938468768605,-0.16542640579691364
73,MC | F-rel | z | SVR,-0.5072241892878742,-0.19622413102309716
73,MC | F-rel | z | Anchor,-1.5886511091506597,-0.1212017208702033
73,MC | F-rel | z | ICP,-0.137898982891417,-0.25776463838693187
73,MC | F-asym | none | ENR,-0.1444905896071471,-0.24094768649721404
73,MC | F-asym | none | SVR,-0.13787534467231066,-0.1822928218646659
73,MC | F-asym | none | Anchor,-0.21274384624490517,-0.27445961227600824
73,MC | F-asym | none | ICP,-0.04889934923810868,-0.35258719257918913
73,MC | F-asym | z | ENR,-0.11873902963131022,-0.26300645679484275
73,MC | F-asym | z | SVR,-0.20753103942900242,-0.31862023677112
73,MC | F-asym | z | Anchor,-0.3241030951927113,-0.27033111564661216
73,MC | F-asym | z | ICP,-0.1284686086632303,-0.2728079962788756
73,MC | F-riem | none | ENR,-0.09999001201763735,-0.2733490246434637
73,MC | F-riem | none | SVR,-0.251178069624036,-0.2623880575823182
73,MC | F-riem | none | Anchor,-0.9860180430473733,-0.055446944188294635
73,MC | F-riem | none | ICP,0.0012324859324538417,0.08875501139947764
73,MC | F-riem | z | ENR,-0.04889934923810868,-0.35258719257918925
73,MC | F-riem | z | SVR,-0.1408712102101557,-0.08935030956697315
73,MC | F-riem | z | Anchor,-0.7516553099903727,-0.008980380755161867
73,MC | F-riem | z | ICP,-0.060738246899655124,-0.2565761702703512
73,MC | F-riem | riem | ENR,-0.06963866511398997,-0.21110089476417374
73,MC | F-riem | riem | SVR,-0.08394318199344664,-0.01896819858294886
73,MC | F-riem | riem | Anchor,-1.0300539518378873,-0.17740899244966216
73,MC | F-riem | riem | ICP,-0.27642124300984405,-0.03752989241180929
74,noMC | F-band | none | ENR,-0.05383718594742537,-0.17281425033925768
74,noMC | F-band | none | SVR,-0.1642773659631025,-0.2241831734998469
74,noMC | F-band | none | Anchor,-0.0437427667432575,0.05751101463844064
74,noMC | F-band | none | ICP,-0.01596565330882216,0.18218402081973897
74,noMC | F-band | z | ENR,-0.6034959010886256,-0.14377939206488108
74,noMC | F-band | z | SVR,-0.14246716580611207,-0.14930375866719525
74,noMC | F-band | z | Anchor,-1.0963819941162711,-0.14055881884378885
74,noMC | F-band | z | ICP,-0.032711731056952686,-0.05832294444215233
74,noMC | F-fooof-per | none | ENR,-0.00714388219777784,0.09077609333505983
74,noMC | F-fooof-per | none | SVR,-0.0891533379252194,0.040503365395743895
74,noMC | F-fooof-per | none | Anchor,-0.026246124643430013,0.12691825348042673
74,noMC | F-fooof-per | none | ICP,0.01283947150684761,0.14415248396367697
74,noMC | F-fooof-per | z | ENR,-0.11538899889158127,-0.1493839807317364
74,noMC | F-fooof-per | z | SVR,-0.141564347762009,-0.18248995463091028
74,noMC | F-fooof-per | z | Anchor,-1.7605396861021996,-0.017131372875884586
74,noMC | F-fooof-per | z | ICP,-0.11305334915607945,0.04780568243133805
74,noMC | F-rel | none | ENR,-0.120195390042795,-0.11784760490805968
74,noMC | F-rel | none | SVR,-0.1653170702163227,-0.14360442834828138
74,noMC | F-rel | none | Anchor,-0.14027591930122107,0.01042786500194669
74,noMC | F-rel | none | ICP,-0.0424266268672715,0.015481610832352125
74,noMC | F-rel | z | ENR,-0.036163328840428166,-0.2512271244797154
74,noMC | F-rel | z | SVR,-0.1920895116929282,-0.22035208908039516
74,noMC | F-rel | z | Anchor,-17.715600240836373,-0.12263410046350262
74,noMC | F-rel | z | ICP,-0.13347122498019548,-0.08942632616140014
74,noMC | F-asym | none | ENR,0.042435489677934535,0.21320028113188522
74,noMC | F-asym | none | SVR,-0.03984421957852424,0.08818950760462087
74,noMC | F-asym | none | Anchor,-0.056669848172097526,0.17517588930031402
74,noMC | F-asym | none | ICP,-0.006386254188723184,0.021398708800965945
74,noMC | F-asym | z | ENR,-0.07359547621741713,-0.07888424207090017
74,noMC | F-asym | z | SVR,0.01161108307748715,0.17484802152931359
74,noMC | F-asym | z | Anchor,-0.15328127433670558,-0.04680320095517827
74,noMC | F-asym | z | ICP,0.01835959545533916,0.19217707782449123
74,noMC | F-riem | none | ENR,-0.04894769618043848,-0.12659140729248505
74,noMC | F-riem | none | SVR,-0.3122763855078903,-0.15896102650134908
74,noMC | F-riem | none | Anchor,-0.2443121549545535,-0.020685623773666697
74,noMC | F-riem | none | ICP,-0.13373765526722847,0.139782696229232
74,noMC | F-riem | z | ENR,-0.10777752029750465,0.03454128948402042
74,noMC | F-riem | z | SVR,-0.0982205245323664,0.02230725793359647
74,noMC | F-riem | z | Anchor,-0.0585149449836837,0.12237537604073302
74,noMC | F-riem | z | ICP,-0.04196822805809575,-0.22341837395619313
74,noMC | F-riem | riem | ENR,-0.04341399630427789,-0.21119406074099845
74,noMC | F-riem | riem | SVR,-0.050244980077934764,0.08104980727578473
74,noMC | F-riem | riem | Anchor,-0.2932166624877113,0.036500377239594234
74,noMC | F-riem | riem | ICP,-0.10108423579457337,-0.13803115245547526
74,MC | F-band | none | ENR,-0.11168720050537662,-0.1967515327194679
74,MC | F-band | none | SVR,-0.2150895307629519,-0.14701012815663678
74,MC | F-band | none | Anchor,-0.1336300850581129,-0.005792374307794787
74,MC | F-band | none | ICP,-0.05117867461914005,-0.01536995952990966
74,MC | F-band | z | ENR,-0.05854595907378446,-0.16369275179889922
74,MC | F-band | z | SVR,-0.2619460982422097,-0.12607284212201134
74,MC | F-band | z | Anchor,-0.49565269535023515,-0.1044547682848718
74,MC | F-band | z | ICP,-0.07719017134611605,-0.21176021073259643
74,MC | F-fooof-per | none | ENR,-0.07727912659956915,0.05703131103748821
74,MC | F-fooof-per | none | SVR,-0.07342890395590995,0.03991517783612038
74,MC | F-fooof-per | none | Anchor,-0.10386637818848943,0.09539427796245047
74,MC | F-fooof-per | none | ICP,-0.03748890587357501,0.06909132764420053
74,MC | F-fooof-per | z | ENR,-0.09872529916812378,-0.06905559823358551
74,MC | F-fooof-per | z | SVR,-0.006095114432741022,0.1593910907632144
74,MC | F-fooof-per | z | Anchor,-0.3190722341716439,0.18062545445216377
74,MC | F-fooof-per | z | ICP,-0.09036005558044113,-0.1696495760894754
74,MC | F-rel | none | ENR,-0.048963150781598186,-0.13274648450901558
74,MC | F-rel | none | SVR,-0.10982321406768958,-0.0943178741245895
74,MC | F-rel | none | Anchor,-0.2636548086904267,-0.2932716938303923
74,MC | F-rel | none | ICP,-0.010779843688310864,0.15768990951952722
74,MC | F-rel | z | ENR,-0.02615668465480203,-0.1973011039760796
74,MC | F-rel | z | SVR,-0.11390730226797707,-0.13214692047051552
74,MC | F-rel | z | Anchor,-0.6302990416431289,-0.04225832909932507
74,MC | F-rel | z | ICP,-0.08203966689577924,-0.04919068534976763
74,MC | F-asym | none | ENR,-0.023266599818421163,0.05566249050894599
74,MC | F-asym | none | SVR,0.027796159320024993,0.2159328213535301
74,MC | F-asym | none | Anchor,-0.0379257079849995,0.1687033917172132
74,MC | F-asym | none | ICP,0.0033318764646125265,0.0627080982385402
74,MC | F-asym | z | ENR,-0.05779649323483027,-0.027967362294695507
74,MC | F-asym | z | SVR,0.026667130591677468,0.21144365806118115
74,MC | F-asym | z | Anchor,-0.16268083840657677,-0.03442349905129292
74,MC | F-asym | z | ICP,-0.06817953342364569,-0.11468766800193468
74,MC | F-riem | none | ENR,-0.0528852429464266,-0.13691698321464457
74,MC | F-riem | none | SVR,-0.3305962285838513,-0.12247787409117823
74,MC | F-riem | none | Anchor,-0.2511961905332072,0.020846426546549765
74,MC | F-riem | none | ICP,-0.07390797228893442,0.188878516290918
74,MC | F-riem | z | ENR,-0.1198372688488405,-0.009315715736885905
74,MC | F-riem | z | SVR,-0.055866409712918674,0.05682450275855447
74,MC | F-riem | z | Anchor,-0.21642448085001775,-0.03352932189398269
74,MC | F-riem | z | ICP,-0.023751588013185332,0.14090128138487745
74,MC | F-riem | riem | ENR,-0.22211593250230544,-0.09040583778045069
74,MC | F-riem | riem | SVR,-0.04944361950768328,0.0658327407408821
74,MC | F-riem | riem | Anchor,-0.34189565598683247,-0.022203295255620543
74,MC | F-riem | riem | ICP,-0.28192312845392253,-0.025768659559396244
75,noMC | F-band | none | ENR,-0.03598865404260154,-0.25261172227982415
75,noMC | F-band | none | SVR,-0.9857036142961635,-0.22915553220733906
75,noMC | F-band | none | Anchor,-0.6310181520708242,-0.21752273931956184
75,noMC | F-band | none | ICP,-0.3352037502069043,-0.2774667955237357
75,noMC | F-band | z | ENR,-0.06887379345202893,-0.14918182182460826
75,noMC | F-band | z | SVR,-0.33225511813191044,-0.12160250745025147
75,noMC | F-band | z | Anchor,-0.2870476232858241,-0.030538252281968478
75,noMC | F-band | z | ICP,-0.04173951970879797,-0.09712096574343496
75,noMC | F-fooof-per | none | ENR,-0.20588380110553284,-0.29769208188842927
75,noMC | F-fooof-per | none | SVR,-0.1809934987733024,-0.16061566388276785
75,noMC | F-fooof-per | none | Anchor,-0.5840541115446161,-0.3044676736727673
75,noMC | F-fooof-per | none | ICP,-0.16822322862736927,-0.1664377010824276
75,noMC | F-fooof-per | z | ENR,-0.04459307548863767,-0.25181416932669254
75,noMC | F-fooof-per | z | SVR,-0.3382113493476253,-0.19099506265973043
75,noMC | F-fooof-per | z | Anchor,-0.22038712065633814,-0.1908615746475439
75,noMC | F-fooof-per | z | ICP,-0.03598865404260154,-0.25261172227982415
75,noMC | F-rel | none | ENR,-0.07977068506179474,-0.24098991254105945
75,noMC | F-rel | none | SVR,-0.16238695145256843,-0.08562228310952037
75,noMC | F-rel | none | Anchor,-0.509800396435921,-0.15246875991693515
75,noMC | F-rel | none | ICP,-0.17122719853154234,-0.2101946461788878
75,noMC | F-rel | z | ENR,-0.09805832319888452,-0.2343968319601836
75,noMC | F-rel | z | SVR,-0.4259325211548919,-0.08911832329088662
75,noMC | F-rel | z | Anchor,-11.852900073581823,-0.20107707561062516
75,noMC | F-rel | z | ICP,-2.6709088983078133,-0.1366587579756293
75,noMC | F-asym | none | ENR,-0.18554681083854052,-0.22249665419133835
75,noMC | F-asym | none | SVR,-0.6257183677821392,-0.12405489724531872
75,noMC | F-asym | none | Anchor,-0.598961941608245,-0.24705069149560158
75,noMC | F-asym | none | ICP,-0.03598865404260154,-0.25261172227982415
75,noMC | F-asym | z | ENR,-0.7419578343246229,0.10826943618336198
75,noMC | F-asym | z | SVR,-0.1529220957659645,-0.06848100717666569
75,noMC | F-asym | z | Anchor,-0.49120920694172177,0.08779956420817994
75,noMC | F-asym | z | ICP,-0.20600150557929453,-0.10754710185923856
75,noMC | F-riem | none | ENR,-0.038731844182955166,-0.25609960306578544
75,noMC | F-riem | none | SVR,-0.2627546817595299,-0.133338929485622
75,noMC | F-riem | none | Anchor,-0.9636723413036707,-0.21229711817146618
75,noMC | F-riem | none | ICP,-0.3262527865810301,-0.23819506220838707
75,noMC | F-riem | z | ENR,-0.03598865404260154,-0.25261172227982415
75,noMC | F-riem | z | SVR,-0.1161055607308994,-0.25035216719630937
75,noMC | F-riem | z | Anchor,-0.35604667041493654,-0.13198730490738783
75,noMC | F-riem | z | ICP,-0.23982813952831394,-0.23016208904137694
75,noMC | F-riem | riem | ENR,-0.03539523093234509,-0.2476561499752226
75,noMC | F-riem | riem | SVR,-0.14731804965790474,-0.07332037943500677
75,noMC | F-riem | riem | Anchor,-0.18318492027099476,-0.11268268243720858
75,noMC | F-riem | riem | ICP,-0.061093701930915456,-0.21569616997122676
75,MC | F-band | none | ENR,-0.12304022134934489,-0.22369489330128184
75,MC | F-band | none | SVR,-0.8134267200199841,-0.21778317236805247
75,MC | F-band | none | Anchor,-0.38295467010890283,-0.1871002519115031
75,MC | F-band | none | ICP,-0.2249986212422148,-0.20965517496978378
75,MC | F-band | z | ENR,-0.06021674900776475,-0.12696548953853998
75,MC | F-band | z | SVR,-0.3887254455439815,-0.08097930441709786
75,MC | F-band | z | Anchor,-0.8052711759760305,-0.09159457518901265
75,MC | F-band | z | ICP,-0.0872192715247524,-0.22222820340109373
75,MC | F-fooof-per | none | ENR,-0.2941938987000219,-0.2995457768540946
75,MC | F-fooof-per | none | SVR,-0.10754434891734999,0.07295475684911268
75,MC | F-fooof-per | none | Anchor,-0.2916586924069937,-0.2662836887284318
75,MC | F-fooof-per | none | ICP,-0.1742233421700603,-0.19933370991696975
75,MC | F-fooof-per | z | ENR,-0.12558238565720803,-0.12671223184976485
75,MC | F-fooof-per | z | SVR,-0.2713723748349002,-0.0370272831987447
75,MC | F-fooof-per | z | Anchor,-0.17480016277066812,-0.16035169720821935
75,MC | F-fooof-per | z | ICP,-0.037870247011917435,-0.25283685543422696
75,MC | F-rel | none | ENR,-0.10729503077041636,-0.26029009506761513
75,MC | F-rel | none | SVR,-0.26953188146843154,-0.02856917747855936
75,MC | F-rel | none | Anchor,-0.2566594231341661,-0.2211330627434725
75,MC | F-rel | none | ICP,-0.11385919315895987,-0.22464661101464606
75,MC | F-rel | z | ENR,-0.19233070973851807,-0.17985414909807926
75,MC | F-rel | z | SVR,-0.17198633560013565,-0.09650158249691702
75,MC | F-rel | z | Anchor,-2.0938929074581516,-0.21626625598964644
75,MC | F-rel | z | ICP,-0.2462585732764877,-0.1886407468977958
75,MC | F-asym | none | ENR,-0.12632348295231743,-0.2660162498391691
75,MC | F-asym | none | SVR,-0.44017093422006437,-0.2053006682833268
75,MC | F-asym | none | Anchor,-0.1223143637715347,-0.18650447402564202
75,MC | F-asym | none | ICP,-0.037870247011917435,-0.25283685543422696
75,MC | F-asym | z | ENR,-0.16561429009587325,-0.1435927651021991
75,MC | F-asym | z | SVR,-0.18468318404912276,-0.036747196631842935
75,MC | F-asym | z | Anchor,-0.284443159527183,-0.13079241114236492
75,MC | F-asym | z | ICP,-0.14141082676191297,-0.08044522931990516
75,MC | F-riem | none | ENR,-0.10622205878236324,-0.03901348888451681
75,MC | F-riem | none | SVR,-0.23752526669404772,-0.15330904907856596
75,MC | F-riem | none | Anchor,-0.2910759537986518,-0.061051162601593725
75,MC | F-riem | none | ICP,-0.05663487043454274,-0.2535782614202916
75,MC | F-riem | z | ENR,-0.03919164755905591,-0.25765951196924397
75,MC | F-riem | z | SVR,-0.2735959166676807,-0.04520922787788402
75,MC | F-riem | z | Anchor,-0.25280495429871697,-0.06955208776401928
75,MC | F-riem | z | ICP,-0.3132182422892753,-0.23106986581180242
75,MC | F-riem | riem | ENR,-0.0477847154850628,-0.2612739443441303
75,MC | F-riem | riem | SVR,-0.048964361909463294,-0.002399534326685715
75,MC | F-riem | riem | Anchor,-0.20934448718869159,-0.05000823780287092
75,MC | F-riem | riem | ICP,-0.03346508270746518,-0.1823492933802714
76,noMC | F-band | none | ENR,-0.08554921842130225,-0.16218500475793737
76,noMC | F-band | none | SVR,-0.28342390190914446,-0.2891852411858835
76,noMC | F-band | none | Anchor,-0.08957742937855273,-0.06695882140479958
76,noMC | F-band | none | ICP,-0.14132342916315954,-0.4180221209546695
76,noMC | F-band | z | ENR,-0.06423517118075384,-0.19927319789585318
76,noMC | F-band | z | SVR,-0.29093983382805844,0.018979946387595398
76,noMC | F-band | z | Anchor,-0.31508913096528346,0.12161855734381367
76,noMC | F-band | z | ICP,-0.054393622716493395,-0.37082405213630465
76,noMC | F-fooof-per | none | ENR,-0.2806230758149224,-0.38048852350210627
76,noMC | F-fooof-per | none | SVR,-0.29810604600724533,-0.25351460901550893
76,noMC | F-fooof-per | none | Anchor,-0.3168057760794478,-0.12801530411078377
76,noMC | F-fooof-per | none | ICP,-0.054393622716493395,-0.37082405213630465
76,noMC | F-fooof-per | z | ENR,-0.26428708496279496,-0.3687779542858256
76,noMC | F-fooof-per | z | SVR,-0.16119341497657036,-0.09885190461199622
76,noMC | F-fooof-per | z | Anchor,-0.5541212577752659,-0.18238805777464628
76,noMC | F-fooof-per | z | ICP,-0.04428267884691617,-0.24958257662411343
76,noMC | F-rel | none | ENR,-0.014649497759405605,0.023087723396685775
76,noMC | F-rel | none | SVR,-0.13902984868535362,-0.12398602159006712
76,noMC | F-rel | none | Anchor,-0.17754431703454832,-0.2270367592671087
76,noMC | F-rel | none | ICP,-0.04728769838920743,-0.33929373142612657
76,noMC | F-rel | z | ENR,-0.06524664618297349,-0.1270467326959689
76,noMC | F-rel | z | SVR,-0.08145014757418179,-0.05009075494963956
76,noMC | F-rel | z | Anchor,-0.8084583686463727,-0.21078955340098834
76,noMC | F-rel | z | ICP,-0.08065262332084422,-0.15905105144678075
76,noMC | F-asym | none | ENR,-0.12839853116954214,-0.34593896336872065
76,noMC | F-asym | none | SVR,-0.22401017081548136,-0.20634548669266461
76,noMC | F-asym | none | Anchor,-0.1899056104554253,-0.2632197428505108
76,noMC | F-asym | none | ICP,-0.054393622716493395,-0.37082405213630465
76,noMC | F-asym | z | ENR,-0.309491175851343,-0.33948596479020066
76,noMC | F-asym | z | SVR,-0.15853176769612154,-0.04936839087031807
76,noMC | F-asym | z | Anchor,-0.38415075629377027,-0.08681910897384439
76,noMC | F-asym | z | ICP,-0.06798829817927143,0.05479864202811252
76,noMC | F-riem | none | ENR,-0.054393622716493395,-0.37082405213630465
76,noMC | F-riem | none | SVR,-0.3360945480143427,-0.35070604418932205
76,noMC | F-riem | none | Anchor,-0.24427678011463683,-0.1921408856074931
76,noMC | F-riem | none | ICP,-0.08671435783991965,-0.3423918715735728
76,noMC | F-riem | z | ENR,-0.07596292729234722,-0.34623116841588286
76,noMC | F-riem | z | SVR,-0.5041333695744623,-0.4217975933633365
76,noMC | F-riem | z | Anchor,-0.9880447837421411,-0.16498031732275997
76,noMC | F-riem | z | ICP,-0.04623551149437999,-0.12121383222792134
76,noMC | F-riem | riem | ENR,-0.36725834605925844,-0.3703456788824129
76,noMC | F-riem | riem | SVR,-0.1399384354606623,-0.37084256129922916
76,noMC | F-riem | riem | Anchor,-1.2380195422831082,0.02480124320353097
76,noMC | F-riem | riem | ICP,-0.07887246144662075,-0.2117169793156058
76,MC | F-band | none | ENR,-0.008961533325554383,0.07011062884257757
76,MC | F-band | none | SVR,-0.24235327609956503,-0.23770814638249677
76,MC | F-band | none | Anchor,-0.0876187119272489,-0.01176372238234806
76,MC | F-band | none | ICP,-0.08023050500644269,-0.36585623194680994
76,MC | F-band | z | ENR,0.016155999222659867,0.14034521261440758
76,MC | F-band | z | SVR,-0.11291807501968032,0.10754459882307298
76,MC | F-band | z | Anchor,-0.23760470072668616,0.04244280223168869
76,MC | F-band | z | ICP,-0.13378002994731597,-0.27181005985955425
76,MC | F-fooof-per | none | ENR,-0.12804669523431866,-0.35647897724443545
76,MC | F-fooof-per | none | SVR,-0.18492589284299554,-0.1212735049242686
76,MC | F-fooof-per | none | Anchor,-0.3110079436776154,0.0002332460167573172
76,MC | F-fooof-per | none | ICP,-0.07946714665009202,-0.13006756990986731
76,MC | F-fooof-per | z | ENR,-0.21837920846583603,-0.37192323177628916
76,MC | F-fooof-per | z | SVR,-0.3810254603084018,-0.19719765504472
76,MC | F-fooof-per | z | Anchor,-0.20928611775192962,-0.3114133963330946
76,MC | F-fooof-per | z | ICP,-0.10236261252252743,0.08988202112071828
76,MC | F-rel | none | ENR,0.010256527461208531,0.13422962114528036
76,MC | F-rel | none | SVR,-0.10345284357576068,0.040106292127004166
76,MC | F-rel | none | Anchor,-0.038162645634654435,0.04312194780148737
76,MC | F-rel | none | ICP,0.027314387430606102,0.166877524023379
76,MC | F-rel | z | ENR,0.03725267970952251,0.2136916950172217
76,MC | F-rel | z | SVR,-0.09882313849957991,0.11514690204427812
76,MC | F-rel | z | Anchor,-0.5316077229170586,-0.24561613524635145
76,MC | F-rel | z | ICP,-0.04484258941621144,0.05833971430385512
76,MC | F-asym | none | ENR,-0.1737768443644636,-0.38437941087694494
76,MC | F-asym | none | SVR,-0.3226718607721186,-0.2548499220798013
76,MC | F-asym | none | Anchor,-0.1928164658200784,-0.30116832610312805
76,MC | F-asym | none | ICP,-0.060714057725300696,-0.3775864805078698
76,MC | F-asym | z | ENR,-0.3032200239222844,-0.4125375336671028
76,MC | F-asym | z | SVR,-0.34270774631293377,-0.3276397528622374
76,MC | F-asym | z | Anchor,-0.5658869050918041,-0.322648389480442
76,MC | F-asym | z | ICP,-0.060714057725300696,-0.3775864805078698
76,MC | F-riem | none | ENR,-0.0713533654776648,-0.37856767334565916
76,MC | F-riem | none | SVR,-0.508132953610589,-0.13725290039364318
76,MC | F-riem | none | Anchor,-0.3195116458221161,-0.21846160830475395
76,MC | F-riem | none | ICP,-0.12695812828819641,-0.29486849309930996
76,MC | F-riem | z | ENR,-0.8290184997111096,-0.30505198248643206
76,MC | F-riem | z | SVR,-0.3249037382268267,-0.2516424466915177
76,MC | F-riem | z | Anchor,-1.562641857290374,-0.09881110110472191
76,MC | F-riem | z | ICP,-0.2080650524789429,-0.21413324447740212
76,MC | F-riem | riem | ENR,-0.17733158684651973,-0.42258274903036264
76,MC | F-riem | riem | SVR,-0.22843447917396187,-0.27624995723206547
76,MC | F-riem | riem | Anchor,-0.3304886230013391,0.010419902799928056
76,MC | F-riem | riem | ICP,-0.049303944681686085,-0.12876686751770097
77,noMC | F-band | none | ENR,0.03507819795206735,0.20304328480044764
77,noMC | F-band | none | SVR,-0.2712135653756669,-0.14148939844108005
77,noMC | F-band | none | Anchor,-0.07204511796654,-0.009750322530172599
77,noMC | F-band | none | ICP,-0.05822729196743115,-0.40817669239213494
77,noMC | F-band | z | ENR,-0.017218489215217625,0.1018358062648871
77,noMC | F-band | z | SVR,-0.31943268287136184,-0.052751927231828644
77,noMC | F-band | z | Anchor,-1.68747774529233,-0.16112286665040726
77,noMC | F-band | z | ICP,-0.05822729196743115,-0.40817669239213494
77,noMC | F-fooof-per | none | ENR,-0.05890160189278326,-0.40937245630923313
77,noMC | F-fooof-per | none | SVR,-0.1528269167327958,-0.13150301785869473
77,noMC | F-fooof-per | none | Anchor,-0.3631582026196807,-0.16027943100762831
77,noMC | F-fooof-per | none | ICP,-0.1562343291531103,-0.30651732736604576
77,noMC | F-fooof-per | z | ENR,-0.10102461060752166,-0.4043957753012134
77,noMC | F-fooof-per | z | SVR,-0.1436827080809291,-0.04732217094538271
77,noMC | F-fooof-per | z | Anchor,-0.34618950620384203,-0.24873420821412795
77,noMC | F-fooof-per | z | ICP,-0.05683629596820028,-0.15484523629637875
77,noMC | F-rel | none | ENR,-0.14686921781797802,-0.13904027412085218
77,noMC | F-rel | none | SVR,-0.19174691846028535,-0.09584056357770268
77,noMC | F-rel | none | Anchor,-0.41584794169223027,-0.2017925489954979
77,noMC | F-rel | none | ICP,-0.05822729196743115,-0.40817669239213494
77,noMC | F-rel | z | ENR,-0.22890511342119724,-0.24606544248375867
77,noMC | F-rel | z | SVR,-0.14711075728286005,-0.07272093472181594
77,noMC | F-rel | z | Anchor,-0.4319643855011128,-0.07586272908621669
77,noMC | F-rel | z | ICP,-0.055135729023936264,-0.018080891828634853
77,noMC | F-asym | none | ENR,-0.05822729196743115,-0.40817669239213494
77,noMC | F-asym | none | SVR,-0.18763877870599743,0.004013081795442214
77,noMC | F-asym | none | Anchor,-0.24959703132794986,-0.3892509536504517
77,noMC | F-asym | none | ICP,-0.05822729196743115,-0.40817669239213494
77,noMC | F-asym | z | ENR,-0.7974928970616446,-0.22396949723803555
77,noMC | F-asym | z | SVR,-0.3449443295958676,-0.2787340188738633
77,noMC | F-asym | z | Anchor,-0.8700127189013949,-0.20434453393019375
77,noMC | F-asym | z | ICP,-0.09501228584487742,-0.03389446276439621
77,noMC | F-riem | none | ENR,-0.054440932973975675,-0.30877152714089895
77,noMC | F-riem | none | SVR,-0.2167238323161811,0.01670886907789152
77,noMC | F-riem | none | Anchor,-0.9760001347825507,-0.2791660825215662
77,noMC | F-riem | none | ICP,-0.1045399358488277,-0.3691404766665806
77,noMC | F-riem | z | ENR,-1.0154230270982794,-0.24483667610146692
77,noMC | F-riem | z | SVR,-0.16326074237134391,-0.12514915257356832
77,noMC | F-riem | z | Anchor,-2.247129012273912,-0.3082781525902897
77,noMC | F-riem | z | ICP,-0.4470061036391102,-0.22719024611079175
77,noMC | F-riem | riem | ENR,-0.820349959845341,-0.26029862207723975
77,noMC | F-riem | riem | SVR,-0.10564551723985693,-0.13000520147002417
77,noMC | F-riem | riem | Anchor,-1.007635359617594,-0.2559627393264084
77,noMC | F-riem | riem | ICP,-0.10435203044472163,-0.3055659294908619
77,MC | F-band | none | ENR,0.004487385423216028,0.11559892578545507
77,MC | F-band | none | SVR,-0.09213611404208444,0.10728756932424308
77,MC | F-band | none | Anchor,-0.3462529931481044,-0.19366848234492665
77,MC | F-band | none | ICP,-0.05556563463617148,-0.4004931086122516
77,MC | F-band | z | ENR,-0.09176095845541288,-0.13130031069097625
77,MC | F-band | z | SVR,-0.40591551062777587,0.03473846109792155
77,MC | F-band | z | Anchor,-0.6135475843329814,-0.16880269177817742
77,MC | F-band | z | ICP,0.042418849868233854,0.20800656937158474
77,MC | F-fooof-per | none | ENR,-0.04953414523255306,-0.09913416697878467
77,MC | F-fooof-per | none | SVR,-0.06883563403161919,0.1073708997366423
77,MC | F-fooof-per | none | Anchor,-0.20050770319824784,-0.010167597591416909
77,MC | F-fooof-per | none | ICP,-0.12041359452702127,-0.0028695342163509927
77,MC | F-fooof-per | z | ENR,-0.11891429758368277,-0.31809459034642007
77,MC | F-fooof-per | z | SVR,-0.4239697363120756,-0.2757122337704967
77,MC | F-fooof-per | z | Anchor,-0.22486776898274963,-0.3605861785805301
77,MC | F-fooof-per | z | ICP,-0.09620621068685353,0.094401459556438
77,MC | F-rel | none | ENR,-0.004539274768866397,0.09328036099626168
77,MC | F-rel | none | SVR,-0.17391625809436717,-0.0013078945267124553
77,MC | F-rel | none | Anchor,-0.4576834426628029,-0.26732271179305117
77,MC | F-rel | none | ICP,-0.007358687860058,0.011602852728759817
77,MC | F-rel | z | ENR,-0.2614297113287998,-0.2720066696836927
77,MC | F-rel | z | SVR,-0.2106410024483849,-0.10625478593119275
77,MC | F-rel | z | Anchor,-0.22290940648115098,-0.14318404664891718
77,MC | F-rel | z | ICP,0.002900256873529461,0.06622013424592466
77,MC | F-asym | none | ENR,-0.05556563463617148,-0.4004931086122515
77,MC | F-asym | none | SVR,-0.2992195456820739,-0.19002734160864082
77,MC | F-asym | none | Anchor,-0.20305966924464935,-0.39715155936793956
77,MC | F-asym | none | ICP,-0.16018607542017693,-0.43086026503333663
77,MC | F-asym | z | ENR,-0.5585975149189728,-0.23217127244366592
77,MC | F-asym | z | SVR,-0.08135102056967947,0.03622590833716971
77,MC | F-asym | z | Anchor,-0.572440447061461,-0.3576216346716852
77,MC | F-asym | z | ICP,-0.05556563463617148,-0.4004931086122516
77,MC | F-riem | none | ENR,-0.23186724910534062,-0.24919498651016375
77,MC | F-riem | none | SVR,-0.5275978092551912,-0.1675231565241034
77,MC | F-riem | none | Anchor,-0.47419077413677013,-0.172472700311936
77,MC | F-riem | none | ICP,-0.06676222436959312,-0.09285581975872835
77,MC | F-riem | z | ENR,-0.3411711855065853,-0.2423848747343968
77,MC | F-riem | z | SVR,-0.2478690452767831,-0.16959871170578542
77,MC | F-riem | z | Anchor,-1.7954639298943618,-0.07327716904159376
77,MC | F-riem | z | ICP,-0.0943072059179828,0.04028386915580648
77,MC | F-riem | riem | ENR,-0.07265433614431016,-0.3477874409658083
77,MC | F-riem | riem | SVR,-0.20657011881815968,-0.23901782931787705
77,MC | F-riem | riem | Anchor,-0.24441793315672777,-0.10979011823998872
77,MC | F-riem | riem | ICP,-0.08272331877799188,-0.4318956361008667
78,noMC | F-band | none | ENR,-0.32475445181866824,-0.2997889532695084
78,noMC | F-band | none | SVR,-0.7877424366831465,-0.20516193245518693
78,noMC | F-band | none | Anchor,-2.0097195007727904,-0.2990336910016217
78,noMC | F-band | none | ICP,-0.0505805239350563,-0.1711241247570991
78,noMC | F-band | z | ENR,-0.15849343475199862,-0.27149132352456373
78,noMC | F-band | z | SVR,-0.2942583452193026,-0.209328378452215
78,noMC | F-band | z | Anchor,-0.6198365095630856,-0.11760491743614415
78,noMC | F-band | z | ICP,-0.06339571283640044,-0.1128887482646602
78,noMC | F-fooof-per | none | ENR,-0.03648911192283211,-0.26924813310324475
78,noMC | F-fooof-per | none | SVR,-0.23905099006165265,-0.33381805974568185
78,noMC | F-fooof-per | none | Anchor,-0.10478035150707332,0.045159869782630514
78,noMC | F-fooof-per | none | ICP,-0.23801113960249864,-0.24266056259997149
78,noMC | F-fooof-per | z | ENR,-0.059587140188965604,-0.3074876847437199
78,noMC | F-fooof-per | z | SVR,-0.5018229301911852,-0.19385007314127023
78,noMC | F-fooof-per | z | Anchor,-0.6335900334648277,-0.24693893579753037
78,noMC | F-fooof-per | z | ICP,-0.03980714696626331,-0.16730826812947447
78,noMC | F-rel | none | ENR,-0.19708262185485093,-0.20675269372962396
78,noMC | F-rel | none | SVR,-0.27769811259997557,-0.3088018613813743
78,noMC | F-rel | none | Anchor,-1.2895385370538177,-0.2770368319761294
78,noMC | F-rel | none | ICP,-0.03596189504949421,-0.25375927802467924
78,noMC | F-rel | z | ENR,-0.13025435015252618,-0.2449456926266933
78,noMC | F-rel | z | SVR,-0.23417165256481165,-0.20898979071061538
78,noMC | F-rel | z | Anchor,-1.2203894614581738,-0.18296079651570024
78,noMC | F-rel | z | ICP,-0.21520936868790685,-0.06941790094144863
78,noMC | F-asym | none | ENR,-0.25079586173274726,-0.26096313359433976
78,noMC | F-asym | none | SVR,-0.38893788698712073,-0.23055616432244974
78,noMC | F-asym | none | Anchor,-0.2890953402235519,-0.2269438427327718
78,noMC | F-asym | none | ICP,-0.043895714604419656,-0.07458220314162636
78,noMC | F-asym | z | ENR,-0.1232583853145186,-0.21349878721894636
78,noMC | F-asym | z | SVR,-0.24229456198679666,-0.19050544204099343
78,noMC | F-asym | z | Anchor,-0.7216916771038411,0.03059829784811395
78,noMC | F-asym | z | ICP,-0.2890398481580736,-0.17588958921883446
78,noMC | F-riem | none | ENR,-0.056651704426315286,-0.2242560036530442
78,noMC | F-riem | none | SVR,-0.35492444272012436,-0.18930384448232532
78,noMC | F-riem | none | Anchor,-4.005641321720478,-0.28886302134500913
78,noMC | F-riem | none | ICP,-0.4018207085303789,-0.22711245353432002
78,noMC | F-riem | z | ENR,-0.05864357610493487,-0.06718665193451437
78,noMC | F-riem | z | SVR,-0.041815968714468355,0.01799849323638234
78,noMC | F-riem | z | Anchor,-1.0349265306433941,-0.12465657015322185
78,noMC | F-riem | z | ICP,-0.07745583524175403,-0.21890730595633737
78,noMC | F-riem | riem | ENR,-2.877662142446356,-0.22856197664724942
78,noMC | F-riem | riem | SVR,-0.06252120400393024,0.0608339483926965
78,noMC | F-riem | riem | Anchor,-4.788908981778143,-0.2445688581216725
78,noMC | F-riem | riem | ICP,-0.05430133596413156,-0.2355114787956954
78,MC | F-band | none | ENR,-0.3845711237856899,-0.30209710092252845
78,MC | F-band | none | SVR,-0.41117312303262454,-0.30920188375175306
78,MC | F-band | none | Anchor,-2.411304511952708,-0.3386383746941094
78,MC | F-band | none | ICP,-0.14875083839698355,-0.1980044082048788
78,MC | F-band | z | ENR,-0.21017868335850354,-0.14501201926390037
78,MC | F-band | z | SVR,-0.4460685734107872,-0.2726372682565489
78,MC | F-band | z | Anchor,-0.6760474362306901,-0.05478012030116891
78,MC | F-band | z | ICP,-0.03329046630423327,-0.20162963301343878
78,MC | F-fooof-per | none | ENR,-0.1095897051352277,-0.2844027493624688
78,MC | F-fooof-per | none | SVR,-0.21038510419363377,-0.34789502498657
78,MC | F-fooof-per | none | Anchor,-0.1271912226387677,-0.1772935190751651
78,MC | F-fooof-per | none | ICP,-0.028402091387748074,-0.028215390018272137
78,MC | F-fooof-per | z | ENR,-0.09955788950781153,-0.3288461603204412
78,MC | F-fooof-per | z | SVR,-0.3518526814521663,-0.3418387851267069
78,MC | F-fooof-per | z | Anchor,-0.11510102104023856,-0.2757638487903317
78,MC | F-fooof-per | z | ICP,-0.038678201208135254,-0.25900721372449126
78,MC | F-rel | none | ENR,-0.2077049440729397,-0.23704826370972826
78,MC | F-rel | none | SVR,-0.26073042558008686,-0.2312101483384124
78,MC | F-rel | none | Anchor,-1.0699002403425384,-0.31992773424602666
78,MC | F-rel | none | ICP,-0.13836557557975993,-0.18814588074556104
78,MC | F-rel | z | ENR,-0.07573134851657648,-0.25393204089474636
78,MC | F-rel | z | SVR,-0.25228944773050865,-0.20064564385496572
78,MC | F-rel | z | Anchor,-2.6119789717411983,-0.2230458456080276
78,MC | F-rel | z | ICP,-0.047556186075067286,-0.15014885069596828
78,MC | F-asym | none | ENR,-0.2311552274294233,-0.19784876827030687
78,MC | F-asym | none | SVR,-0.2976808562852318,-0.031850412627397996
78,MC | F-asym | none | Anchor,-0.16886715319427092,-0.10477920756156536
78,MC | F-asym | none | ICP,-0.038678201208135254,-0.25900721372449126
78,MC | F-asym | z | ENR,-0.14252250489028295,-0.1403842444464751
78,MC | F-asym | z | SVR,-0.1516442801969966,-0.15353964340878035
78,MC | F-asym | z | Anchor,-0.4034263660620434,-0.1685598746308422
78,MC | F-asym | z | ICP,-0.11014502333271192,-0.13042506528088343
78,MC | F-riem | none | ENR,-0.09634984814040304,-0.1679395450323769
78,MC | F-riem | none | SVR,-0.12528114703076,0.01683600008503418
78,MC | F-riem | none | Anchor,-1.4671375721859898,-0.2635308443989802
78,MC | F-riem | none | ICP,-0.45241661574066816,-0.2128504433597549
78,MC | F-riem | z | ENR,-0.03446920670003806,0.041362419661338454
78,MC | F-riem | z | SVR,-0.10297080962778815,0.07969609048846638
78,MC | F-riem | z | Anchor,-0.09439942056070416,0.2869856485912818
78,MC | F-riem | z | ICP,-0.07385566032280466,-0.17602182310252923
78,MC | F-riem | riem | ENR,-0.07512854073855446,-0.1071021658235725
78,MC | F-riem | riem | SVR,0.024663467476814027,0.1876792774622488
78,MC | F-riem | riem | Anchor,-3.7920340630329763,-0.15556581435159694
78,MC | F-riem | riem | ICP,-0.07813898939248021,0.000781545466957561
79,noMC | F-band | none | ENR,-0.17503665717955164,-0.28086629920943007
79,noMC | F-band | none | SVR,-0.24268303316292594,-0.18537705543254213
79,noMC | F-band | none | Anchor,-0.43146913725219593,-0.3299382331509008
79,noMC | F-band | none | ICP,-0.06241388555986349,-0.1203144806448941
79,noMC | F-band | z | ENR,-0.06602064631784899,-0.20240002286244252
79,noMC | F-band | z | SVR,-0.13794477454197995,-0.1306104236698188
79,noMC | F-band | z | Anchor,-0.30966451903707193,-0.0462163848802168
79,noMC | F-band | z | ICP,-0.026241653256140696,-0.14609230953365127
79,noMC | F-fooof-per | none | ENR,-0.04303964984657127,-0.30427616782722816
79,noMC | F-fooof-per | none | SVR,-0.0744828795061312,0.004622941169795124
79,noMC | F-fooof-per | none | Anchor,-0.10013292187999334,-0.15670214731514917
79,noMC | F-fooof-per | none | ICP,0.005568674596851064,0.08611766862167909
79,noMC | F-fooof-per | z | ENR,-4.793541649501643,-0.10733560258295465
79,noMC | F-fooof-per | z | SVR,-0.053976854612207914,0.02144864109033777
79,noMC | F-fooof-per | z | Anchor,-4.138368551352272,-0.1322663827939313
79,noMC | F-fooof-per | z | ICP,-0.2188397132150406,-0.20425314606116032
79,noMC | F-rel | none | ENR,-0.06273462269570707,-0.28632806942863864
79,noMC | F-rel | none | SVR,-0.1470626693830659,-0.23291723349951726
79,noMC | F-rel | none | Anchor,-0.3107820926851683,-0.30856604635457296
79,noMC | F-rel | none | ICP,-0.1159667029634388,-0.21759519672251193
79,noMC | F-rel | z | ENR,-0.10151890469922775,-0.23376447290100472
79,noMC | F-rel | z | SVR,-0.29842101526999953,-0.27449309725240784
79,noMC | F-rel | z | Anchor,-6.321681087366042,-0.1099294733114981
79,noMC | F-rel | z | ICP,-0.06662679693446472,-0.17743502200861128
79,noMC | F-asym | none | ENR,-0.03888718724859053,-0.28633419592103126
79,noMC | F-asym | none | SVR,-0.19890464750152015,-0.3042608550636718
79,noMC | F-asym | none | Anchor,-0.21540726270847776,-0.2207259004111674
79,noMC | F-asym | none | ICP,-0.11131531877942291,-0.22139119992857093
79,noMC | F-asym | z | ENR,-0.16662654711859703,-0.2527411767470755
79,noMC | F-asym | z | SVR,-0.10559777376194135,-0.029121874281163033
79,noMC | F-asym | z | Anchor,-0.5203230694960879,-0.3409507577708726
79,noMC | F-asym | z | ICP,-0.2904635201192811,-0.22754550895196274
79,noMC | F-riem | none | ENR,-0.0470407036908187,-0.15937551377456283
79,noMC | F-riem | none | SVR,-0.32442183264561564,-0.2058583499529875
79,noMC | F-riem | none | Anchor,-0.3492324300586538,-0.14000472572078704
79,noMC | F-riem | none | ICP,-0.18384512345462745,-0.23742713365567494
79,noMC | F-riem | z | ENR,-0.05057074237337944,-0.2619732588306944
79,noMC | F-riem | z | SVR,-0.1151798488210154,-0.06615459661336298
79,noMC | F-riem | z | Anchor,-0.6733127311630707,-0.14175271768205094
79,noMC | F-riem | z | ICP,-0.10612081502950543,-0.21329229564528637
79,noMC | F-riem | riem | ENR,-0.05699131860053441,-0.19741912307456583
79,noMC | F-riem | riem | SVR,-0.03564721439022822,0.10373469516497408
79,noMC | F-riem | riem | Anchor,-0.969359012640632,-0.06709920081039181
79,noMC | F-riem | riem | ICP,-0.05981341450128763,-0.15498665371350942
79,MC | F-band | none | ENR,-0.1405049089911634,-0.2915189745526306
79,MC | F-band | none | SVR,-0.20509495812249146,-0.15277904655342525
79,MC | F-band | none | Anchor,-0.3553403515866145,-0.27662923712299636
79,MC | F-band | none | ICP,-0.05633159589793224,-0.04611379794597047
79,MC | F-band | z | ENR,-0.05767380377334197,-0.3034879396200793
79,MC | F-band | z | SVR,-0.1646767562817968,-0.1775187551001159
79,MC | F-band | z | Anchor,-0.19819481401386208,-0.12135186334629582
79,MC | F-band | z | ICP,-0.05693953364066595,-0.11145108636173526
79,MC | F-fooof-per | none | ENR,-0.04167903801757267,-0.2878263361813953
79,MC | F-fooof-per | none | SVR,-0.0546194975526475,0.07124199678185457
79,MC | F-fooof-per | none | Anchor,-0.08441126988286518,0.019561630675248024
79,MC | F-fooof-per | none | ICP,-0.007083670065657355,0.0849622843034278
79,MC | F-fooof-per | z | ENR,-0.033518459989402505,-0.2566479290975021
79,MC | F-fooof-per | z | SVR,-0.0674365173736653,-0.0016362973338263902
79,MC | F-fooof-per | z | Anchor,-0.1596388628647114,-0.14503925613516155
79,MC | F-fooof-per | z | ICP,0.01754289263517894,0.14517110923095994
79,MC | F-rel | none | ENR,-0.14235410380708946,-0.29054133897232104
79,MC | F-rel | none | SVR,-0.17413714829493454,-0.19737422278203925
79,MC | F-rel | none | Anchor,-0.2125227280319737,-0.29416047221189623
79,MC | F-rel | none | ICP,-0.05044492470119377,-0.20784025458267388
79,MC | F-rel | z | ENR,-0.09153484105270393,-0.28507282105061754
79,MC | F-rel | z | SVR,-0.17614580804133428,-0.23194134575920836
79,MC | F-rel | z | Anchor,-0.25054120799373614,-0.1946501374258861
79,MC | F-rel | z | ICP,-0.04166014737019608,-0.28871025007585605
79,MC | F-asym | none | ENR,-0.04167903801757267,-0.2878263361813953
79,MC | F-asym | none | SVR,-0.19542281715629972,-0.19082013629705363
79,MC | F-asym | none | Anchor,-0.23549947083367706,-0.1972880890398241
79,MC | F-asym | none | ICP,-0.11276949533462655,-0.27337725374191935
79,MC | F-asym | z | ENR,-0.04167903801757267,-0.2878263361813953
79,MC | F-asym | z | SVR,-0.15464279609840426,-0.12452385346408198
79,MC | F-asym | z | Anchor,-0.6771392235023037,-0.2655840657344346
79,MC | F-asym | z | ICP,-0.13482650308588906,-0.27066608743442283
79,MC | F-riem | none | ENR,-0.05987256971209365,-0.15649118884109983
79,MC | F-riem | none | SVR,-0.49259425008358204,-0.21605427444926106
79,MC | F-riem | none | Anchor,-0.5995740971258536,-0.19828982073006302
79,MC | F-riem | none | ICP,-0.2402292875116654,-0.22705724571455937
79,MC | F-riem | z | ENR,-0.06046144587130109,-0.1445157497573193
79,MC | F-riem | z | SVR,-0.138413938984137,-0.1703215334473397
79,MC | F-riem | z | Anchor,-0.39618103603960453,-0.1334674555310946
79,MC | F-riem | z | ICP,-0.054930398418336246,-0.24168319355658882
79,MC | F-riem | riem | ENR,-0.10491915981715705,-0.0395557284655622
79,MC | F-riem | riem | SVR,-0.11178754018369719,-0.18824009626847293
79,MC | F-riem | riem | Anchor,-0.10147565376870626,0.12082398651846335
79,MC | F-riem | riem | ICP,-0.11524169228685088,-0.0253418180024413
80,noMC | F-band | none | ENR,-0.034791846807552984,-0.25287429915577125
80,noMC | F-band | none | SVR,-0.2530122324518733,-0.29248756112238866
80,noMC | F-band | none | Anchor,-0.3272393139945058,-0.2265138687836049
80,noMC | F-band | none | ICP,-0.03786204204408272,0.004354601225251865
80,noMC | F-band | z | ENR,-0.033549406111140545,-0.05416599692610283
80,noMC | F-band | z | SVR,-0.16837485740691283,-0.14263602823159155
80,noMC | F-band | z | Anchor,-0.18906275707680642,0.12062239809100453
80,noMC | F-band | z | ICP,-0.03795762239113332,-0.22076812377250216
80,noMC | F-fooof-per | none | ENR,-0.2322877646290893,-0.3711568122556349
80,noMC | F-fooof-per | none | SVR,-0.2134601521720776,-0.33337209303921017
80,noMC | F-fooof-per | none | Anchor,-0.37753397117131304,-0.24207826735359345
80,noMC | F-fooof-per | none | ICP,-0.07732056330625747,-0.23232497825689952
80,noMC | F-fooof-per | z | ENR,-0.2012852781987815,-0.2679978311043302
80,noMC | F-fooof-per | z | SVR,-0.4331965659488799,-0.23010835825925668
80,noMC | F-fooof-per | z | Anchor,-0.4672943014079578,-0.2080126058826849
80,noMC | F-fooof-per | z | ICP,-0.04120213492918845,-0.18143334142011922
80,noMC | F-rel | none | ENR,-0.08549011940534457,-0.1962482990685277
80,noMC | F-rel | none | SVR,-0.2029685116915536,-0.2632648363505002
80,noMC | F-rel | none | Anchor,-0.2933249479117288,-0.11707660421662822
80,noMC | F-rel | none | ICP,-0.03990634635906809,-0.2630803266585926
80,noMC | F-rel | z | ENR,-0.03772457306694421,-0.26125189297031765
80,noMC | F-rel | z | SVR,-0.3447348617630597,-0.2358072499193996
80,noMC | F-rel | z | Anchor,-3.594763462816821,-0.08912485950979537
80,noMC | F-rel | z | ICP,-0.030415580192623137,-0.018955435193154194
80,noMC | F-asym | none | ENR,-0.16620389482185471,-0.2825832405732973
80,noMC | F-asym | none | SVR,-0.46975893068874663,-0.28953443215622504
80,noMC | F-asym | none | Anchor,-0.34375202132978955,-0.25074072407106074
80,noMC | F-asym | none | ICP,-0.03940843912997982,-0.21865486458099537
80,noMC | F-asym | z | ENR,-0.08500473689657406,-0.2389519029713934
80,noMC | F-asym | z | SVR,-0.13257276752989244,-0.245039418531807
80,noMC | F-asym | z | Anchor,-0.31313345642143986,-0.2521342066217628
80,noMC | F-asym | z | ICP,-0.2520767649671405,-0.18217404076474916
80,noMC | F-riem | none | ENR,-0.07209277380481938,-0.07243790448295281
80,noMC | F-riem | none | SVR,-0.256550786455239,0.011191717992411906
80,noMC | F-riem | none | Anchor,-0.42072675853448316,-0.0405886289482708
80,noMC | F-riem | none | ICP,-0.2838723202593416,-0.25409052854998226
80,noMC | F-riem | z | ENR,-0.04794692729417882,-0.02629512025900117
80,noMC | F-riem | z | SVR,-0.13106807998416037,0.03676038987999177
80,noMC | F-riem | z | Anchor,-0.9291960572444193,-0.04502917020444715
80,noMC | F-riem | z | ICP,-0.166660418666974,-0.24040555508759853
80,noMC | F-riem | riem | ENR,-0.061590870946067744,0.008224391412541634
80,noMC | F-riem | riem | SVR,0.02071042969217496,0.14704282248140677
80,noMC | F-riem | riem | Anchor,-0.21282745143988935,0.022004152680205114
80,noMC | F-riem | riem | ICP,-0.05243689413268804,-0.07405949452618707
80,MC | F-band | none | ENR,-0.04263318559283058,-0.2793017239369183
80,MC | F-band | none | SVR,-0.32808989550898127,-0.3005116916902206
80,MC | F-band | none | Anchor,-0.4758514252319619,-0.31898901327884943
80,MC | F-band | none | ICP,-0.13905316164269177,-0.2357943885075347
80,MC | F-band | z | ENR,-0.13335745702488055,-0.1991819111118215
80,MC | F-band | z | SVR,-0.4144690783243161,-0.31752129651226324
80,MC | F-band | z | Anchor,-0.6303405409499616,-0.13972243615361557
80,MC | F-band | z | ICP,-0.044984797779084484,-0.2589078610372042
80,MC | F-fooof-per | none | ENR,-0.14355833453535038,-0.542847437627656
80,MC | F-fooof-per | none | SVR,-0.20862054070176628,-0.29846067502236084
80,MC | F-fooof-per | none | Anchor,-0.23881700317807053,-0.31975559907205786
80,MC | F-fooof-per | none | ICP,-0.04852585988514302,0.016185805209602784
80,MC | F-fooof-per | z | ENR,-0.08202533034492121,-0.2716681902789429
80,MC | F-fooof-per | z | SVR,-0.20306145321960467,-0.17689154404468183
80,MC | F-fooof-per | z | Anchor,-0.12906114451271766,-0.022595476259885235
80,MC | F-fooof-per | z | ICP,-0.0024549437373404537,0.08880794409372919
80,MC | F-rel | none | ENR,-0.09934152425682763,-0.35491793204679634
80,MC | F-rel | none | SVR,-0.17733014772430744,-0.29840337383454585
80,MC | F-rel | none | Anchor,-0.1492626592277928,-0.17295213431085657
80,MC | F-rel | none | ICP,-0.26104951510612096,-0.19662403941127488
80,MC | F-rel | z | ENR,-0.18899334000029833,-0.048539251423813684
80,MC | F-rel | z | SVR,-0.31684404214794504,-0.29711454600569803
80,MC | F-rel | z | Anchor,-0.5543927450815469,-0.028890086984992236
80,MC | F-rel | z | ICP,-0.05286892212898353,-0.15634755786575708
80,MC | F-asym | none | ENR,-0.1288595349068009,-0.27315715469751456
80,MC | F-asym | none | SVR,-0.2308373874625249,0.04260005964261012
80,MC | F-asym | none | Anchor,-0.23192565998438752,-0.19420525814075984
80,MC | F-asym | none | ICP,-0.04263318559283036,-0.2793017239369183
80,MC | F-asym | z | ENR,-0.10725040423689003,-0.19992285100516316
80,MC | F-asym | z | SVR,-0.3304824076308972,-0.07530237652682568
80,MC | F-asym | z | Anchor,-0.3984814547131845,-0.26005451003189384
80,MC | F-asym | z | ICP,-0.168038758312546,-0.18339604883981947
80,MC | F-riem | none | ENR,-0.07581522300321519,-0.14621712837429943
80,MC | F-riem | none | SVR,-0.23230537805292806,0.039235264213177364
80,MC | F-riem | none | Anchor,-0.23997912540144206,-0.049167354099958316
80,MC | F-riem | none | ICP,-0.05310776123677652,-0.08990963284798292
80,MC | F-riem | z | ENR,-0.12604582188144153,0.02726033820254427
80,MC | F-riem | z | SVR,-0.17709335598707576,-0.03632887353194349
80,MC | F-riem | z | Anchor,-0.39612389065915177,-0.03184099876761175
80,MC | F-riem | z | ICP,-0.28294730149896763,-0.277675339284873
80,MC | F-riem | riem | ENR,-0.051486062581703074,0.025624819133486923
80,MC | F-riem | riem | SVR,-0.09471392792597078,-0.03716679541125795
80,MC | F-riem | riem | Anchor,-0.17539640116208144,-0.02412098306996237
80,MC | F-riem | riem | ICP,-0.038413955144018574,-0.1923688501588776
81,noMC | F-band | none | ENR,-0.058872696935305946,0.01379653050996315
81,noMC | F-band | none | SVR,-0.1179709005465075,0.08183071899181889
81,noMC | F-band | none | Anchor,-0.5726909443951784,-0.06748734236266231
81,noMC | F-band | none | ICP,-0.038279777047309116,-0.06574990209270982
81,noMC | F-band | z | ENR,-0.04857372505726443,0.12089220562489805
81,noMC | F-band | z | SVR,-0.1605446270835671,-0.018581963609405665
81,noMC | F-band | z | Anchor,-1.7005091016871878,0.12598942245614922
81,noMC | F-band | z | ICP,-0.031940183810543754,-0.2259100024711415
81,noMC | F-fooof-per | none | ENR,0.022259947822948378,0.15011724329339654
81,noMC | F-fooof-per | none | SVR,0.048047846675866146,0.2818353321514966
81,noMC | F-fooof-per | none | Anchor,-0.10441896134121453,0.221735319354519
81,noMC | F-fooof-per | none | ICP,-0.0015503394015319305,0.05698087199631553
81,noMC | F-fooof-per | z | ENR,0.0582254883854727,0.25260921358072197
81,noMC | F-fooof-per | z | SVR,0.023691236114856795,0.18174987718697244
81,noMC | F-fooof-per | z | Anchor,-0.05971048144310065,0.3238462707843176
81,noMC | F-fooof-per | z | ICP,-0.04212293725176974,-0.12711214376168245
81,noMC | F-rel | none | ENR,0.032689758201262964,0.201835851152949
81,noMC | F-rel | none | SVR,-0.2916863343751388,0.06867177869927404
81,noMC | F-rel | none | Anchor,-1.0669432391794222,-0.10959015861557891
81,noMC | F-rel | none | ICP,-0.029851325912619853,-0.21161079602295657
81,noMC | F-rel | z | ENR,-0.2786188199139539,0.11254088978072943
81,noMC | F-rel | z | SVR,-0.12113926218413584,0.01324450713389077
81,noMC | F-rel | z | Anchor,-0.6672999674933553,0.13266162409277105
81,noMC | F-rel | z | ICP,-0.0331014643980847,-0.18110802279288524
81,noMC | F-asym | none | ENR,0.03441298350187705,0.19734623610520616
81,noMC | F-asym | none | SVR,-0.06152830873957882,0.028333687326560726
81,noMC | F-asym | none | Anchor,-0.11921542266980922,0.06660212979580511
81,noMC | F-asym | none | ICP,-0.03665537347447212,0.005922699420974058
81,noMC | F-asym | z | ENR,-0.018223390053178745,0.05270853487832282
81,noMC | F-asym | z | SVR,-0.01887702344595943,0.04919515874899384
81,noMC | F-asym | z | Anchor,-0.2497881501348953,-0.04473915361183367
81,noMC | F-asym | z | ICP,-0.288544354928864,-0.07965584955350934
81,noMC | F-riem | none | ENR,-0.0317991024286004,-0.2241871246298757
81,noMC | F-riem | none | SVR,-0.14401593185019834,0.04409052667069742
81,noMC | F-riem | none | Anchor,-0.8999099070120371,0.22259328735017997
81,noMC | F-riem | none | ICP,-0.11285338329615535,-0.19017978692330234
81,noMC | F-riem | z | ENR,-0.04219504544469066,-0.24251646984118969
81,noMC | F-riem | z | SVR,-0.23990565390023555,-0.06404244324091603
81,noMC | F-riem | z | Anchor,-0.7465874733748725,0.02704626220467781
81,noMC | F-riem | z | ICP,-0.04549606826736019,-0.14307897607649217
81,noMC | F-riem | riem | ENR,-0.04980022058967548,-0.19287963446078188
81,noMC | F-riem | riem | SVR,-0.04843078627194064,-0.12904247326191098
81,noMC | F-riem | riem | Anchor,-0.6953866260457287,0.07683932526343956
81,noMC | F-riem | riem | ICP,-0.04585223942070504,-0.14721729645897583
81,MC | F-band | none | ENR,-0.07883580838675242,-0.21104291421976534
81,MC | F-band | none | SVR,-0.20513840054283827,-0.21726621519295572
81,MC | F-band | none | Anchor,-0.2565939501084977,0.006948244583506506
81,MC | F-band | none | ICP,-0.044241516279097226,-0.17263793781049808
81,MC | F-band | z | ENR,-0.042327021000603704,0.09352471399551392
81,MC | F-band | z | SVR,-0.27789494424685546,-0.18425396382065906
81,MC | F-band | z | Anchor,-0.6745823395716648,0.13470561399095737
81,MC | F-band | z | ICP,-0.04673197605291968,-0.1270875401751548
81,MC | F-fooof-per | none | ENR,0.05335291864683167,0.2376118734861789
81,MC | F-fooof-per | none | SVR,-0.0137796848558851,0.13343050397268127
81,MC | F-fooof-per | none | Anchor,-0.005504916621559941,0.286216685808026
81,MC | F-fooof-per | none | ICP,0.0396592247463573,0.20658380028859577
81,MC | F-fooof-per | z | ENR,0.06823431888506848,0.34390038377426513
81,MC | F-fooof-per | z | SVR,-0.0697859403364205,0.13799270302799474
81,MC | F-fooof-per | z | Anchor,-0.22868298930012054,0.27493565021722155
81,MC | F-fooof-per | z | ICP,0.03896691487878445,0.21694145481445998
81,MC | F-rel | none | ENR,-0.07586036130919127,0.01174999604784948
81,MC | F-rel | none | SVR,-0.41612117306631835,-0.08158503308881193
81,MC | F-rel | none | Anchor,-0.5228979589213585,0.003418022197399208
81,MC | F-rel | none | ICP,-0.03358167428436887,-0.22462375744295804
81,MC | F-rel | z | ENR,-0.3416249176791324,0.009808793141353023
81,MC | F-rel | z | SVR,-0.12482648679167019,-0.0703420030820667
81,MC | F-rel | z | Anchor,-1.117630076085339,0.08569792937698792
81,MC | F-rel | z | ICP,-0.03358167428436887,-0.22462375744295804
81,MC | F-asym | none | ENR,-0.029035493743364338,0.07444225955405334
81,MC | F-asym | none | SVR,-0.0676249210112978,-0.050387039777266496
81,MC | F-asym | none | Anchor,-0.1649210565090078,0.042431277082799035
81,MC | F-asym | none | ICP,-0.03358167428436887,-0.22462375744295804
81,MC | F-asym | z | ENR,-0.14751733689703506,-0.09482520155846678
81,MC | F-asym | z | SVR,-0.05620371861569495,-0.0022264461138671587
81,MC | F-asym | z | Anchor,-0.5661657483568756,-0.12341743428803495
81,MC | F-asym | z | ICP,-0.03358167428436887,-0.22462375744295804
81,MC | F-riem | none | ENR,-0.03214572265362592,-0.1280032440346754
81,MC | F-riem | none | SVR,-0.20532950144832962,-0.04703555024605793
81,MC | F-riem | none | Anchor,-0.7021345911731132,0.22466937064148634
81,MC | F-riem | none | ICP,-0.21227829262088993,0.03651958065730983
81,MC | F-riem | z | ENR,-0.06289911040235507,-0.1499804503433506
81,MC | F-riem | z | SVR,-0.24424850221991345,-0.06363930618665889
81,MC | F-riem | z | Anchor,-2.1296224557710484,0.21743348785021804
81,MC | F-riem | z | ICP,-0.04543258131896821,-0.0792662607154868
81,MC | F-riem | riem | ENR,-0.0470550261567837,-0.09171002759498836
81,MC | F-riem | riem | SVR,-0.13750549335176343,-0.06333395344078971
81,MC | F-riem | riem | Anchor,-1.885549736929442,0.1822450355994626
81,MC | F-riem | riem | ICP,-0.024470463046432744,-0.09345920823040957
82,noMC | F-band | none | ENR,-0.1898644996846992,-0.19331951999520025
82,noMC | F-band | none | SVR,-0.45663789150492873,-0.09034195373199491
82,noMC | F-band | none | Anchor,-1.296982001357931,-0.15650275622469143
82,noMC | F-band | none | ICP,-0.039613118362361366,-0.1641586999483488
82,noMC | F-band | z | ENR,-0.19863515390907382,-0.005448297315783342
82,noMC | F-band | z | SVR,-0.13298230927654275,-0.14068157511284787
82,noMC | F-band | z | Anchor,-1.1973917716214713,0.02861481284556762
82,noMC | F-band | z | ICP,-0.02475272800232342,-0.1525444382298856
82,noMC | F-fooof-per | none | ENR,-0.1070531165712949,-0.08137815419726782
82,noMC | F-fooof-per | none | SVR,-0.19146729549575747,-0.14380252319210643
82,noMC | F-fooof-per | none | Anchor,-0.1270653736872127,0.13257115855789853
82,noMC | F-fooof-per | none | ICP,-0.039532713013413545,-0.18141874762703694
82,noMC | F-fooof-per | z | ENR,-0.033863343422805725,-0.23105759766884015
82,noMC | F-fooof-per | z | SVR,-0.1330968077891097,-0.1744757478651035
82,noMC | F-fooof-per | z | Anchor,-0.44442107502373185,-0.22854610603993658
82,noMC | F-fooof-per | z | ICP,-0.05644340828643468,-0.16188179775793546
82,noMC | F-rel | none | ENR,-0.33454021985336135,-0.16566574234908515
82,noMC | F-rel | none | SVR,-0.25447122211972606,-0.06409967913466935
82,noMC | F-rel | none | Anchor,-0.9578115848327908,-0.16067775452891236
82,noMC | F-rel | none | ICP,-0.03625009889590736,-0.06964302838412005
82,noMC | F-rel | z | ENR,-0.17454923681829704,-0.059020171805296284
82,noMC | F-rel | z | SVR,-0.20539454471885654,-0.15732670219633368
82,noMC | F-rel | z | Anchor,-3.6523308681686837,-0.08205441998844028
82,noMC | F-rel | z | ICP,-0.031450086014303213,0.005766817843014027
82,noMC | F-asym | none | ENR,-0.4675592208391963,-0.13470301469598045
82,noMC | F-asym | none | SVR,-0.557415242647086,-0.13319049160878285
82,noMC | F-asym | none | Anchor,-0.6113984325607538,-0.1400090388047584
82,noMC | F-asym | none | ICP,-0.032045689322329096,-0.23257388882810548
82,noMC | F-asym | z | ENR,-0.07342421077236816,-0.09108997947413375
82,noMC | F-asym | z | SVR,-0.561175510194645,-0.2097839242120324
82,noMC | F-asym | z | Anchor,-0.7803502247780159,0.07026976488956803
82,noMC | F-asym | z | ICP,-0.6769335855628444,0.03487165727341466
82,noMC | F-riem | none | ENR,-0.032045689322329096,-0.23257388882810542
82,noMC | F-riem | none | SVR,-0.21522751842107302,-0.2844424373553558
82,noMC | F-riem | none | Anchor,-0.5598886285708125,-0.24406705518185784
82,noMC | F-riem | none | ICP,-0.5044243183829098,-0.2289618029022432
82,noMC | F-riem | z | ENR,-0.032045689322329096,-0.23257388882810548
82,noMC | F-riem | z | SVR,-0.20379726351371907,-0.17730868149180976
82,noMC | F-riem | z | Anchor,-0.6528538833651434,-0.2765791601748003
82,noMC | F-riem | z | ICP,-0.08022585102742119,-0.21873613480460213
82,noMC | F-riem | riem | ENR,-0.03462203329091995,-0.2344240195867752
82,noMC | F-riem | riem | SVR,-0.10106656456479812,0.013877916044496393
82,noMC | F-riem | riem | Anchor,-0.4086199074638297,-0.20801241813953775
82,noMC | F-riem | riem | ICP,-0.05469946420767613,-0.220781814000014
82,MC | F-band | none | ENR,-0.23238289035296877,-0.26677694732104684
82,MC | F-band | none | SVR,-0.4826904378606991,-0.22840310696847863
82,MC | F-band | none | Anchor,-0.4938778687830132,-0.2442868499522076
82,MC | F-band | none | ICP,-0.06139203824881845,-0.15465503318573984
82,MC | F-band | z | ENR,-0.2274654391668145,-0.07249361816633548
82,MC | F-band | z | SVR,-0.3715570975948872,-0.12780674025041683
82,MC | F-band | z | Anchor,-0.7075308132124145,-0.09402836023875474
82,MC | F-band | z | ICP,-0.09511047931045935,0.006062291960080405
82,MC | F-fooof-per | none | ENR,-0.24291249176979357,-0.2608443674723859
82,MC | F-fooof-per | none | SVR,-0.24022799459774458,-0.11125412551413977
82,MC | F-fooof-per | none | Anchor,-0.18329615069390037,-0.16586608312614473
82,MC | F-fooof-per | none | ICP,-0.0352055585193658,-0.14346142920332233
82,MC | F-fooof-per | z | ENR,-0.13104085568974466,-0.25246001944379237
82,MC | F-fooof-per | z | SVR,-0.31371242930451704,-0.25254333157131137
82,MC | F-fooof-per | z | Anchor,-0.15183938867046853,-0.2010789404012972
82,MC | F-fooof-per | z | ICP,-0.03462364917181482,-0.23428494521065263
82,MC | F-rel | none | ENR,-0.0499158179569974,-0.062481222650319024
82,MC | F-rel | none | SVR,-0.16395490170839921,-0.11033228254333378
82,MC | F-rel | none | Anchor,-0.32067929168203646,-0.18670371660558738
82,MC | F-rel | none | ICP,-0.12491198601451847,-0.15019030456523055
82,MC | F-rel | z | ENR,-0.1250471808507232,-0.22534667954399237
82,MC | F-rel | z | SVR,-0.2660721871671379,-0.2308847580228497
82,MC | F-rel | z | Anchor,-2.6832629670250614,-0.21922256611659158
82,MC | F-rel | z | ICP,-0.07674578314940628,-0.11958804187880956
82,MC | F-asym | none | ENR,-0.19385703207028437,-0.11965186698326175
82,MC | F-asym | none | SVR,-0.3328427558076237,-0.1610169669684737
82,MC | F-asym | none | Anchor,-0.21915931460905913,-0.15089857839298682
82,MC | F-asym | none | ICP,-0.14733523988211306,-0.26555577637875877
82,MC | F-asym | z | ENR,-0.17126126841987155,-0.07291306267360351
82,MC | F-asym | z | SVR,-0.2725845446433275,-0.199469706505622
82,MC | F-asym | z | Anchor,-0.2332755374598796,-0.14838047349838526
82,MC | F-asym | z | ICP,-0.03462364917181482,-0.23428494521065263
82,MC | F-riem | none | ENR,-0.042785138698584024,-0.26147231512886837
82,MC | F-riem | none | SVR,-0.5565460439793231,-0.2160992144021715
82,MC | F-riem | none | Anchor,-0.207727871258937,-0.07958953220260154
82,MC | F-riem | none | ICP,0.02328043156075532,0.15281099805150639
82,MC | F-riem | z | ENR,-0.03462364917181482,-0.23428494521065263
82,MC | F-riem | z | SVR,-0.1678212066914786,-0.20076142039381667
82,MC | F-riem | z | Anchor,-0.7579464678691259,-0.212251155754223
82,MC | F-riem | z | ICP,-0.5098287366982541,-0.4907501125756421
82,MC | F-riem | riem | ENR,-0.03462364917181482,-0.23428494521065263
82,MC | F-riem | riem | SVR,-0.12716872966857218,-0.22414755492150076
82,MC | F-riem | riem | Anchor,-0.21712192094872917,-0.17146126657890687
82,MC | F-riem | riem | ICP,-0.0760772385280506,-0.2728975557184721
83,noMC | F-band | none | ENR,-0.14197251602352257,-0.08924655296796263
83,noMC | F-band | none | SVR,-0.20565096365384328,-0.16548446669895175
83,noMC | F-band | none | Anchor,-0.35914191541435736,-0.17767176695377052
83,noMC | F-band | none | ICP,-0.0685892655050524,-0.4773798836973805
83,noMC | F-band | z | ENR,-0.05827098173534728,-0.025133913582633064
83,noMC | F-band | z | SVR,-0.10925716658846318,-0.12051090486533929
83,noMC | F-band | z | Anchor,-1.112902055385344,-0.19861414662975554
83,noMC | F-band | z | ICP,-0.0685892655050524,-0.4773798836973805
83,noMC | F-fooof-per | none | ENR,-0.08188659730441361,-0.38691831742687827
83,noMC | F-fooof-per | none | SVR,-0.3304558358012806,-0.3292383723150892
83,noMC | F-fooof-per | none | Anchor,-0.46613882225333847,-0.1151068025476854
83,noMC | F-fooof-per | none | ICP,-0.0685892655050524,-0.4773798836973805
83,noMC | F-fooof-per | z | ENR,-0.07675706517385628,-0.4424021360136476
83,noMC | F-fooof-per | z | SVR,-0.2989492477472915,-0.3040787493928627
83,noMC | F-fooof-per | z | Anchor,-0.4313205750715634,-0.023914831418321424
83,noMC | F-fooof-per | z | ICP,-0.07192997156442593,-0.25611859761323685
83,noMC | F-rel | none | ENR,-0.1288050043281388,-0.0919570085786082
83,noMC | F-rel | none | SVR,-0.09727461844816432,-0.03404509142298891
83,noMC | F-rel | none | Anchor,-0.07474963781461708,0.1233111524486947
83,noMC | F-rel | none | ICP,-0.0685892655050524,-0.4773798836973805
83,noMC | F-rel | z | ENR,-0.1498971740376882,-0.32906355682994737
83,noMC | F-rel | z | SVR,-0.5605217485461385,-0.17486408175339999
83,noMC | F-rel | z | Anchor,-0.6332811226121347,-0.09404017489528393
83,noMC | F-rel | z | ICP,-0.05592437883823642,-0.05036591405890934
83,noMC | F-asym | none | ENR,-0.22460557889470945,-0.36211355329735995
83,noMC | F-asym | none | SVR,-0.3239082259405439,-0.3207969803056405
83,noMC | F-asym | none | Anchor,-0.7246791952567697,-0.2177316930099747
83,noMC | F-asym | none | ICP,-0.0685892655050524,-0.4773798836973805
83,noMC | F-asym | z | ENR,-0.28503707654325505,-0.24642614228261722
83,noMC | F-asym | z | SVR,-0.25836041967461054,-0.32630779046776615
83,noMC | F-asym | z | Anchor,-0.7253309045418617,-0.029813261618703103
83,noMC | F-asym | z | ICP,-0.06476980811098865,-0.16688631197922868
83,noMC | F-riem | none | ENR,-0.055482019308859654,-0.22036452450042665
83,noMC | F-riem | none | SVR,-0.5649884001808401,-0.02669713817191949
83,noMC | F-riem | none | Anchor,-1.231972231841032,-0.3425130177664651
83,noMC | F-riem | none | ICP,-0.0912859825589909,-0.4775560877396822
83,noMC | F-riem | z | ENR,-0.0685892655050524,-0.4773798836973805
83,noMC | F-riem | z | SVR,-0.8190017796380888,-0.3248019357670471
83,noMC | F-riem | z | Anchor,-2.6580677283581906,-0.37200171619750805
83,noMC | F-riem | z | ICP,-0.07285080155238854,-0.26112489332639766
83,noMC | F-riem | riem | ENR,-0.08729941558656273,-0.4486068312879092
83,noMC | F-riem | riem | SVR,-0.06983474204592355,-0.2134344638280128
83,noMC | F-riem | riem | Anchor,-1.187289807800353,-0.036817707851162874
83,noMC | F-riem | riem | ICP,-0.09317519843648103,-0.47289719232295263
83,MC | F-band | none | ENR,-0.11783201425304046,-0.006542445411751981
83,MC | F-band | none | SVR,-0.22398863824913096,-0.2448397812359669
83,MC | F-band | none | Anchor,-0.3329005838617991,-0.19514229093874277
83,MC | F-band | none | ICP,-0.07446548118306895,-0.4849465421372983
83,MC | F-band | z | ENR,-0.05226724995126775,0.027763889269195895
83,MC | F-band | z | SVR,-0.2839212170483134,-0.15457497087464506
83,MC | F-band | z | Anchor,-0.7200610087650925,-0.2963794265000923
83,MC | F-band | z | ICP,-0.20472764594094595,-0.31163925640286255
83,MC | F-fooof-per | none | ENR,-0.08007500615001328,-0.5005971514596743
83,MC | F-fooof-per | none | SVR,-0.13368782918574884,-0.0571639952543105
83,MC | F-fooof-per | none | Anchor,-0.45678844329007284,-0.3573251573131812
83,MC | F-fooof-per | none | ICP,-0.09815809294290267,-0.2966348736787145
83,MC | F-fooof-per | z | ENR,-0.22799343787925785,-0.4130614429359687
83,MC | F-fooof-per | z | SVR,-0.5144676039024918,-0.4615466671487802
83,MC | F-fooof-per | z | Anchor,-0.5218571208194918,-0.4098518034651138
83,MC | F-fooof-per | z | ICP,-0.2704078397670555,4.433912445900648e-05
83,MC | F-rel | none | ENR,-0.14419567345599882,-0.13715441250882865
83,MC | F-rel | none | SVR,-0.13000054926350946,-0.09823126318809763
83,MC | F-rel | none | Anchor,-0.22859824177874688,-0.1304081475713854
83,MC | F-rel | none | ICP,-0.07446548118306895,-0.4849465421372983
83,MC | F-rel | z | ENR,-0.1136737968292203,-0.3294860321017473
83,MC | F-rel | z | SVR,-0.18964430978250624,-0.28914004781995345
83,MC | F-rel | z | Anchor,-1.0371031739889967,-0.17323824407315458
83,MC | F-rel | z | ICP,-0.08897353995609403,-0.4512684556034354
83,MC | F-asym | none | ENR,-0.25664404382246153,-0.39289219574952194
83,MC | F-asym | none | SVR,-0.2459223562094337,-0.20304919680383943
83,MC | F-asym | none | Anchor,-0.3004609774214366,-0.411916627149974
83,MC | F-asym | none | ICP,-0.07446548118306895,-0.4849465421372983
83,MC | F-asym | z | ENR,-0.2340942268919235,-0.4391257326763902
83,MC | F-asym | z | SVR,0.00017057877209836203,0.18898979606025706
83,MC | F-asym | z | Anchor,-0.9785449891712585,-0.26491705729049186
83,MC | F-asym | z | ICP,-0.07446548118306895,-0.4849465421372983
83,MC | F-riem | none | ENR,-0.07918894179575076,-0.4871727825417032
83,MC | F-riem | none | SVR,-0.4418170157226977,-0.38005840150889303
83,MC | F-riem | none | Anchor,-1.7998464966935432,-0.29989588307658566
83,MC | F-riem | none | ICP,-0.10954122808202693,-0.5144583379920646
83,MC | F-riem | z | ENR,-0.07446548118306895,-0.4849465421372983
83,MC | F-riem | z | SVR,-0.40850591695453087,-0.3741048772230663
83,MC | F-riem | z | Anchor,-1.8840132128856255,-0.21420358127221611
83,MC | F-riem | z | ICP,-0.07206767591403751,-0.47478957050265247
83,MC | F-riem | riem | ENR,-0.14554983772992025,-0.492761369898959
83,MC | F-riem | riem | SVR,-0.23012775932351648,-0.35458562226711704
83,MC | F-riem | riem | Anchor,-0.46139450956023254,-0.28889533584197397
83,MC | F-riem | riem | ICP,-0.07446548118306895,-0.4849465421372983
84,noMC | F-band | none | ENR,-0.20464563408232173,-0.1750624731806491
84,noMC | F-band | none | SVR,-0.26512379207932124,-0.14096852527468226
84,noMC | F-band | none | Anchor,-0.2935563933380474,-0.21111431991797136
84,noMC | F-band | none | ICP,-0.23718337602795803,-0.22768739618788747
84,noMC | F-band | z | ENR,-0.22763360480620487,-0.16646621791107855
84,noMC | F-band | z | SVR,-0.11915135236903707,-0.0436117773424532
84,noMC | F-band | z | Anchor,-1.6334557872720095,-0.018968264793800274
84,noMC | F-band | z | ICP,-0.060665992185358286,0.04421149073513944
84,noMC | F-fooof-per | none | ENR,-0.09100958555849892,-0.20246412949264425
84,noMC | F-fooof-per | none | SVR,-0.010153633433171771,0.17687919355660642
84,noMC | F-fooof-per | none | Anchor,-0.15017764429039437,-0.022353867146058165
84,noMC | F-fooof-per | none | ICP,-0.07813684593113579,-0.08445538174913274
84,noMC | F-fooof-per | z | ENR,-0.06213970500927446,-0.227565770147038
84,noMC | F-fooof-per | z | SVR,-0.2710892045450126,-0.21248128949292583
84,noMC | F-fooof-per | z | Anchor,-0.15680223660365433,-0.06508631163432499
84,noMC | F-fooof-per | z | ICP,-0.041075548962010267,-0.27145033004177965
84,noMC | F-rel | none | ENR,-0.175594813613545,-0.35142697825262703
84,noMC | F-rel | none | SVR,-0.18078686905612185,0.029724888565848824
84,noMC | F-rel | none | Anchor,-0.3100640120430773,-0.10923838962669055
84,noMC | F-rel | none | ICP,-0.1379247800625325,-0.17524166792344573
84,noMC | F-rel | z | ENR,-0.09604498873052725,-0.2524357483375662
84,noMC | F-rel | z | SVR,-0.5735796411558725,-0.1695917190505034
84,noMC | F-rel | z | Anchor,-0.6761750380990934,-0.2069949471793131
84,noMC | F-rel | z | ICP,-0.2551063801435818,-0.17260247230807552
84,noMC | F-asym | none | ENR,-0.13898389062592642,-0.23537794566382306
84,noMC | F-asym | none | SVR,-0.2824750069558719,0.026496658962570405
84,noMC | F-asym | none | Anchor,-0.18364299175799093,-0.015534282238565015
84,noMC | F-asym | none | ICP,-0.041075548962010267,-0.27145033004177965
84,noMC | F-asym | z | ENR,-0.08834160457767415,-0.2772925162262415
84,noMC | F-asym | z | SVR,-0.19213870974587577,-0.15286865092812674
84,noMC | F-asym | z | Anchor,-0.19628032026097464,-0.14564656940988663
84,noMC | F-asym | z | ICP,0.016369757097587145,0.13353572680629328
84,noMC | F-riem | none | ENR,-0.04247299221121725,-0.197063801380382
84,noMC | F-riem | none | SVR,-0.46679581825815863,-0.22701175927678033
84,noMC | F-riem | none | Anchor,-0.76988813092894,-0.22790566473238083
84,noMC | F-riem | none | ICP,-0.25221077824026517,-0.18067561663808804
84,noMC | F-riem | z | ENR,-0.07521778903671406,-0.20119277243995976
84,noMC | F-riem | z | SVR,-0.10530021964229253,-0.11351514726509901
84,noMC | F-riem | z | Anchor,-0.48279333680753145,-0.18720400964291398
84,noMC | F-riem | z | ICP,-0.041075548962010267,-0.27145033004177965
84,noMC | F-riem | riem | ENR,-0.045432082962561626,-0.24794946948814278
84,noMC | F-riem | riem | SVR,-0.11365173677549345,-0.05989494772359902
84,noMC | F-riem | riem | Anchor,-0.5040789936050147,-0.20004860113546225
84,noMC | F-riem | riem | ICP,-0.041075548962010267,-0.27145033004177965
84,MC | F-band | none | ENR,-0.24129826383863562,-0.250293141998824
84,MC | F-band | none | SVR,-0.24825425547770852,-0.044990965252191484
84,MC | F-band | none | Anchor,-0.4074465152482216,-0.18450130180494287
84,MC | F-band | none | ICP,-0.202894723316837,-0.17840652425847983
84,MC | F-band | z | ENR,-0.05076457228124687,-0.2599840401712503
84,MC | F-band | z | SVR,-0.3431135154122311,-0.08558325853989793
84,MC | F-band | z | Anchor,-0.757611225276223,-0.04049655559570356
84,MC | F-band | z | ICP,-0.11119009143741465,-0.2227043513285985
84,MC | F-fooof-per | none | ENR,-0.07016841762789627,-0.20265467934640768
84,MC | F-fooof-per | none | SVR,-0.3277411025185073,-0.17656754205471611
84,MC | F-fooof-per | none | Anchor,-0.17789467704934347,-0.015949330387074682
84,MC | F-fooof-per | none | ICP,-0.10034433285081956,-0.05745445793740373
84,MC | F-fooof-per | z | ENR,-0.1314479049014261,-0.17861572420200267
84,MC | F-fooof-per | z | SVR,-0.3718005726538487,-0.3279174695993361
84,MC | F-fooof-per | z | Anchor,-0.12508325431745893,-0.1373556594863624
84,MC | F-fooof-per | z | ICP,-0.16319638734900743,-0.1403815323551674
84,MC | F-rel | none | ENR,-0.10327766574200292,-0.22355795701995812
84,MC | F-rel | none | SVR,-0.10484902452301403,-0.058940007296776765
84,MC | F-rel | none | Anchor,-0.3900175729963904,-0.19748337532345045
84,MC | F-rel | none | ICP,-0.1601125270088013,-0.2090511016149884
84,MC | F-rel | z | ENR,-0.13454262408133277,-0.23408475584695093
84,MC | F-rel | z | SVR,-0.3262317248432762,-0.10160032378353784
84,MC | F-rel | z | Anchor,-0.367687072170664,-0.09247060328064166
84,MC | F-rel | z | ICP,-0.18857350670809736,-0.22386812768713582
84,MC | F-asym | none | ENR,-0.11011183952341397,-0.21965775443045282
84,MC | F-asym | none | SVR,-0.20942215068898418,-0.1485030727412196
84,MC | F-asym | none | Anchor,-0.20521440738467933,-0.08448666837247326
84,MC | F-asym | none | ICP,-0.10879498135093679,-0.19962695381839932
84,MC | F-asym | z | ENR,-0.11217088120150476,-0.18278952775782337
84,MC | F-asym | z | SVR,-0.19727727192532463,-0.05431690689013313
84,MC | F-asym | z | Anchor,-0.2484278308487755,-0.15376021948668753
84,MC | F-asym | z | ICP,-0.07009419084729873,-0.1546288613188313
84,MC | F-riem | none | ENR,-0.04619428643954482,-0.20256306988297293
84,MC | F-riem | none | SVR,-0.4854441161484553,-0.16584212749639896
84,MC | F-riem | none | Anchor,-1.1996676925990788,-0.2531026198118598
84,MC | F-riem | none | ICP,-0.3461450171376559,-0.20311478935442584
84,MC | F-riem | z | ENR,-0.07099548293741376,-0.18950303681617203
84,MC | F-riem | z | SVR,-0.19362448995264314,-0.125991757871856
84,MC | F-riem | z | Anchor,-0.4320370946923844,-0.18723337338286244
84,MC | F-riem | z | ICP,-0.06352844865641849,-0.11485743234107641
84,MC | F-riem | riem | ENR,-0.05429878753600481,-0.1721933044314382
84,MC | F-riem | riem | SVR,-0.14174232671749176,-0.15528169620580434
84,MC | F-riem | riem | Anchor,-0.5935611376624361,-0.16932071671803123
84,MC | F-riem | riem | ICP,-0.04438376311887904,-0.2722035547852803
85,noMC | F-band | none | ENR,-0.050923687758353875,0.04991035690075972
85,noMC | F-band | none | SVR,-0.05429995556976386,0.10606275655373809
85,noMC | F-band | none | Anchor,-0.10842242765412768,0.2204565004586451
85,noMC | F-band | none | ICP,-0.06401538171841192,-0.42496247903176837
85,noMC | F-band | z | ENR,-0.5105145875989456,-0.2729902843395179
85,noMC | F-band | z | SVR,-0.2825395060659557,-0.08450111899360392
85,noMC | F-band | z | Anchor,-1.3313856411302094,-0.1597632207995967
85,noMC | F-band | z | ICP,-0.06272881413926523,-0.4306620256766497
85,noMC | F-fooof-per | none | ENR,-0.16875895929158835,-0.3178920514937714
85,noMC | F-fooof-per | none | SVR,-0.3381903879372741,-0.2765052510112872
85,noMC | F-fooof-per | none | Anchor,-0.1428411663689373,0.0956896838203997
85,noMC | F-fooof-per | none | ICP,-0.21116126011534098,-0.24497999537816886
85,noMC | F-fooof-per | z | ENR,-0.3119280013723007,0.12167391825438262
85,noMC | F-fooof-per | z | SVR,-0.4559822539915934,-0.3855963955419797
85,noMC | F-fooof-per | z | Anchor,-0.16331361441336956,0.21477696324323486
85,noMC | F-fooof-per | z | ICP,-0.06272881413926523,-0.4306620256766497
85,noMC | F-rel | none | ENR,-0.05605294296607011,0.03545277869871408
85,noMC | F-rel | none | SVR,0.032708601976910945,0.2727302183449559
85,noMC | F-rel | none | Anchor,-0.028811084082234206,0.36993663325440346
85,noMC | F-rel | none | ICP,-0.13507426430295344,-0.15289843797759378
85,noMC | F-rel | z | ENR,-0.0633955952539822,-0.04346677696702245
85,noMC | F-rel | z | SVR,-0.06335377850452817,-0.04555619614909761
85,noMC | F-rel | z | Anchor,-0.13097241188109243,0.3584776152897918
85,noMC | F-rel | z | ICP,-0.08457803508288864,-0.1712049988784869
85,noMC | F-asym | none | ENR,-0.04800737130444621,-0.03192745051307092
85,noMC | F-asym | none | SVR,0.0063897526623181156,0.16580192316215636
85,noMC | F-asym | none | Anchor,-0.4425005709428569,-0.03236626842550867
85,noMC | F-asym | none | ICP,-0.06936794598704443,-0.16205598890993034
85,noMC | F-asym | z | ENR,-1.0226085197946189,-0.1054688241057964
85,noMC | F-asym | z | SVR,0.08491810799000188,0.30632174825845204
85,noMC | F-asym | z | Anchor,-1.1090294368392195,0.09710551982094148
85,noMC | F-asym | z | ICP,-0.015468701272446594,0.10697634035443764
85,noMC | F-riem | none | ENR,-0.070361011370772,-0.4207569268173687
85,noMC | F-riem | none | SVR,-0.33996411430799833,-0.16158211327288968
85,noMC | F-riem | none | Anchor,-0.9129053205514419,-0.3015491038146919
85,noMC | F-riem | none | ICP,-0.07623176285431654,-0.27404661616931036
85,noMC | F-riem | z | ENR,-0.06787205708296074,-0.4229663947031675
85,noMC | F-riem | z | SVR,0.0775414239762543,0.2920315878573405
85,noMC | F-riem | z | Anchor,-2.1764905508620647,-0.32534126387122597
85,noMC | F-riem | z | ICP,-0.0684196319294672,-0.2716364719439212
85,noMC | F-riem | riem | ENR,-0.12365610778602143,-0.18063395993622855
85,noMC | F-riem | riem | SVR,0.014680805730827085,0.15056413613010508
85,noMC | F-riem | riem | Anchor,-0.4986695826067049,-0.16828921162489519
85,noMC | F-riem | riem | ICP,-0.06745254165537706,-0.4458900267405209
85,MC | F-band | none | ENR,-0.1669202105968941,-0.16631699240380954
85,MC | F-band | none | SVR,-0.1789695294740512,-0.10503028164869822
85,MC | F-band | none | Anchor,-0.03665484878176839,0.14546416264532475
85,MC | F-band | none | ICP,-0.0875853649967917,-0.21973142500529402
85,MC | F-band | z | ENR,-0.16374269717101453,-0.2720099915851517
85,MC | F-band | z | SVR,-0.29998177892388633,-0.09454672167724464
85,MC | F-band | z | Anchor,-0.41540224184355856,-0.0702179465648633
85,MC | F-band | z | ICP,-0.02945230653907438,-0.1347872493444651
85,MC | F-fooof-per | none | ENR,-0.09159379866454698,-0.3191928526694684
85,MC | F-fooof-per | none | SVR,-0.26424575182335475,-0.294449130819268
85,MC | F-fooof-per | none | Anchor,0.010504978481303495,0.29157809933011286
85,MC | F-fooof-per | none | ICP,-0.21141572815997556,-0.2611864486638229
85,MC | F-fooof-per | z | ENR,-0.09404916184415435,-0.38841534823037677
85,MC | F-fooof-per | z | SVR,-0.5098444122815826,-0.4016136951134158
85,MC | F-fooof-per | z | Anchor,-0.4330708808551398,-0.2915867109511645
85,MC | F-fooof-per | z | ICP,-0.08453518180264807,0.09700299048169335
85,MC | F-rel | none | ENR,0.17986432653672324,0.45903380734909016
85,MC | F-rel | none | SVR,0.10131840899016886,0.32544126002383833
85,MC | F-rel | none | Anchor,0.05804957932654853,0.3775775483188461
85,MC | F-rel | none | ICP,-0.06615591069447979,-0.43680727408650927
85,MC | F-rel | z | ENR,0.06645150620983709,0.3117941546770927
85,MC | F-rel | z | SVR,-0.2009796700066453,-0.05046870656651362
85,MC | F-rel | z | Anchor,-0.07431451026837887,0.336460131081666
85,MC | F-rel | z | ICP,-0.21913467824474586,-0.20605710150888823
85,MC | F-asym | none | ENR,-0.05494087729249375,-0.06195756076185892
85,MC | F-asym | none | SVR,0.03271638732550464,0.21594426876699543
85,MC | F-asym | none | Anchor,-0.4099969661048575,-0.047624612776164296
85,MC | F-asym | none | ICP,-0.005203547797941077,0.15247958411635282
85,MC | F-asym | z | ENR,-0.4022266636075904,-0.13315359101927293
85,MC | F-asym | z | SVR,-0.08354493540127095,0.12029811773047104
85,MC | F-asym | z | Anchor,-0.561300177426308,-0.1849281436861972
85,MC | F-asym | z | ICP,-0.03964407991849139,-0.0044909396373425114
85,MC | F-riem | none | ENR,-0.07028897965952319,-0.4233776141653537
85,MC | F-riem | none | SVR,-0.21036166234516251,-0.2315712313817505
85,MC | F-riem | none | Anchor,-0.9735053156425537,-0.2966602574706231
85,MC | F-riem | none | ICP,-0.158168861188698,-0.2249867509707737
85,MC | F-riem | z | ENR,-0.5698795487794657,-0.29996805662417825
85,MC | F-riem | z | SVR,-0.1100343400501056,0.14065471196373502
85,MC | F-riem | z | Anchor,-2.0354102348141097,-0.22040916474684946
85,MC | F-riem | z | ICP,-0.03871885043031775,0.08753579033527158
85,MC | F-riem | riem | ENR,-0.294395601909867,-0.19900878154726032
85,MC | F-riem | riem | SVR,0.06897459515591331,0.2860743291794883
85,MC | F-riem | riem | Anchor,-0.3055420670180484,-0.08444873963010738
85,MC | F-riem | riem | ICP,-0.06393448318427186,-0.15478287509300545
86,noMC | F-band | none | ENR,-0.19795653888917153,-0.23787524305431243
86,noMC | F-band | none | SVR,-0.23183623999111425,-0.16744331784766686
86,noMC | F-band | none | Anchor,-1.0443952173502824,-0.3065381446147294
86,noMC | F-band | none | ICP,-0.043825281262978466,-0.3024878290435884
86,noMC | F-band | z | ENR,-0.0857568148418526,-0.29687709387927935
86,noMC | F-band | z | SVR,-0.17823063455933075,-0.25023347549898944
86,noMC | F-band | z | Anchor,-0.9335025199193507,-0.08132067673499102
86,noMC | F-band | z | ICP,-0.09330937972176767,-0.23213440401629248
86,noMC | F-fooof-per | none | ENR,-0.07444771568415187,-0.3074303694752033
86,noMC | F-fooof-per | none | SVR,-0.21791246485963578,-0.17811734201568638
86,noMC | F-fooof-per | none | Anchor,-0.275708629018905,-0.2134831527110687
86,noMC | F-fooof-per | none | ICP,-0.2988566416776457,-0.2591897686614878
86,noMC | F-fooof-per | z | ENR,-0.2341837139716978,-0.23453707947423896
86,noMC | F-fooof-per | z | SVR,-0.33444717332438567,-0.22254544679028032
86,noMC | F-fooof-per | z | Anchor,-6.921802376969387,-0.1535579936320306
86,noMC | F-fooof-per | z | ICP,-0.04618793004788935,-0.24088393067077687
86,noMC | F-rel | none | ENR,-0.07501725138286752,-0.2697806771045851
86,noMC | F-rel | none | SVR,-0.11040697592359816,0.043570222385036675
86,noMC | F-rel | none | Anchor,-1.0887281500932682,-0.27924811409743827
86,noMC | F-rel | none | ICP,-0.1289111084200798,-0.24133120227180388
86,noMC | F-rel | z | ENR,-0.21450569463316027,-0.22126741327007962
86,noMC | F-rel | z | SVR,-0.3294773998125482,-0.2603942369360234
86,noMC | F-rel | z | Anchor,-2.0414506188032924,-0.2259686923914151
86,noMC | F-rel | z | ICP,-0.11629512428441946,-0.1790972369552084
86,noMC | F-asym | none | ENR,-0.07629300393430105,-0.23417399779038373
86,noMC | F-asym | none | SVR,-0.3480119356657869,-0.12944958603623843
86,noMC | F-asym | none | Anchor,-0.314596693483828,-0.29258351099888136
86,noMC | F-asym | none | ICP,-0.043825281262978466,-0.3024878290435884
86,noMC | F-asym | z | ENR,-0.05137949887748916,-0.3124248513840301
86,noMC | F-asym | z | SVR,-0.22809781622642578,-0.09071884520134743
86,noMC | F-asym | z | Anchor,-0.3162856006534569,-0.29010434925955925
86,noMC | F-asym | z | ICP,-0.4309607683919028,-0.24166253755589787
86,noMC | F-riem | none | ENR,-0.04805322803917611,-0.2910369781090307
86,noMC | F-riem | none | SVR,-0.42247575205447463,-0.2860410021629921
86,noMC | F-riem | none | Anchor,-0.7407251636618151,-0.20125499405358926
86,noMC | F-riem | none | ICP,-0.06283771982250386,-0.2709245788633038
86,noMC | F-riem | z | ENR,-0.08074064944320658,-0.2187573932933003
86,noMC | F-riem | z | SVR,-0.20536216656515127,-0.2555036092180481
86,noMC | F-riem | z | Anchor,-0.16767351247823314,-0.1326073048697163
86,noMC | F-riem | z | ICP,-0.06263810362713973,-0.201697699565893
86,noMC | F-riem | riem | ENR,-0.043825281262978466,-0.3024878290435884
86,noMC | F-riem | riem | SVR,-0.11990829562774641,-0.17159569457427715
86,noMC | F-riem | riem | Anchor,-0.38526212544775884,0.06317994472312861
86,noMC | F-riem | riem | ICP,-0.044870709636009254,-0.1665699820459779
86,MC | F-band | none | ENR,-0.2202248811842864,-0.21493167806970828
86,MC | F-band | none | SVR,-0.5389081335696004,-0.1980045278044703
86,MC | F-band | none | Anchor,-1.0280720641143168,-0.2543224491020716
86,MC | F-band | none | ICP,-0.26635526635475837,-0.20112776664304438
86,MC | F-band | z | ENR,-0.1179767327457224,-0.12064313358065616
86,MC | F-band | z | SVR,-0.16352533029295557,-0.17452168144447938
86,MC | F-band | z | Anchor,-1.156925754899237,0.024966672179314343
86,MC | F-band | z | ICP,-0.0630660896462758,-0.03090044493075541
86,MC | F-fooof-per | none | ENR,-0.27271094152805553,-0.2220473051093388
86,MC | F-fooof-per | none | SVR,-0.1968008069340359,-0.16293175763939763
86,MC | F-fooof-per | none | Anchor,-0.1440106971790993,-0.03951933688548323
86,MC | F-fooof-per | none | ICP,-0.05666377667317457,-0.12705018241601124
86,MC | F-fooof-per | z | ENR,-0.0731265088894606,-0.17846860119103136
86,MC | F-fooof-per | z | SVR,-0.2443747120585522,-0.2547877953713071
86,MC | F-fooof-per | z | Anchor,-0.09758823033224062,-0.18480261103958529
86,MC | F-fooof-per | z | ICP,-0.03939036317872846,-0.2860398690074508
86,MC | F-rel | none | ENR,-0.16859150183473903,-0.21557090378689597
86,MC | F-rel | none | SVR,-0.12255038689898123,0.014219390592853619
86,MC | F-rel | none | Anchor,-0.8370447229843831,-0.2829889202397124
86,MC | F-rel | none | ICP,-0.05010023865346458,-0.12009724543662734
86,MC | F-rel | z | ENR,-1.8277937403657925,-0.16692587067770284
86,MC | F-rel | z | SVR,-0.30672786036530164,-0.21787037368938827
86,MC | F-rel | z | Anchor,-2.81851518475588,-0.22345063786870933
86,MC | F-rel | z | ICP,-0.17507839649399504,-0.203778729048438
86,MC | F-asym | none | ENR,-0.11765527034414358,-0.24808990698026934
86,MC | F-asym | none | SVR,-0.30389053780989306,-0.1710670738372684
86,MC | F-asym | none | Anchor,-0.2959610413031766,-0.17235063655637115
86,MC | F-asym | none | ICP,-0.04617259323001299,-0.3029195003003404
86,MC | F-asym | z | ENR,-0.046172593230013215,-0.3029195003003407
86,MC | F-asym | z | SVR,-0.20866786763894818,-0.15251348150451768
86,MC | F-asym | z | Anchor,-0.4413392531754239,-0.26175090490381125
86,MC | F-asym | z | ICP,-0.11388094726173326,-0.2712043093767829
86,MC | F-riem | none | ENR,-0.04617259323001299,-0.30291950030034054
86,MC | F-riem | none | SVR,-0.44206672790771995,-0.2738269969749764
86,MC | F-riem | none | Anchor,-0.542974787048252,-0.24707870426950532
86,MC | F-riem | none | ICP,-0.05010697957801624,-0.2985040876903129
86,MC | F-riem | z | ENR,-0.07979414600629786,-0.1284172676080142
86,MC | F-riem | z | SVR,-0.3886069773514449,-0.30282811373112895
86,MC | F-riem | z | Anchor,-0.6782879551168006,-0.27635278219878384
86,MC | F-riem | z | ICP,-0.10224033929516585,-0.3025798095622444
86,MC | F-riem | riem | ENR,-0.07709141247448326,-0.0712999369303535
86,MC | F-riem | riem | SVR,-0.11242261936442266,-0.11758029917065811
86,MC | F-riem | riem | Anchor,-0.3519469353610236,0.09063472543178981
86,MC | F-riem | riem | ICP,-0.07510116378464371,-0.20617348497731022
87,noMC | F-band | none | ENR,-0.15554836058492638,-0.4875636787938151
87,noMC | F-band | none | SVR,-0.1834415558267617,-0.18886269456061278
87,noMC | F-band | none | Anchor,-0.7734566386317134,-0.26272362172100877
87,noMC | F-band | none | ICP,-0.16957610592734684,-0.4461906224231741
87,noMC | F-band | z | ENR,-0.05528035316857283,-0.3639274944888314
87,noMC | F-band | z | SVR,-0.06401466063963657,0.04732666898270271
87,noMC | F-band | z | Anchor,-1.8357421720922615,-0.2904626180018686
87,noMC | F-band | z | ICP,-0.03628090580144461,-0.2530215153720074
87,noMC | F-fooof-per | none | ENR,-0.14795389821521754,-0.4729109533500045
87,noMC | F-fooof-per | none | SVR,-0.25435330093747077,-0.15680177771428006
87,noMC | F-fooof-per | none | Anchor,-0.3361694444833605,0.00386315813770818
87,noMC | F-fooof-per | none | ICP,-0.14028674277571707,-0.08875776533385112
87,noMC | F-fooof-per | z | ENR,-0.06699088082222415,-0.4144974944259085
87,noMC | F-fooof-per | z | SVR,-0.30245050474889346,-0.2530342049765829
87,noMC | F-fooof-per | z | Anchor,-7.161800953029786,-0.2948251527010619
87,noMC | F-fooof-per | z | ICP,-0.1262024469812626,-0.2702425437688859
87,noMC | F-rel | none | ENR,-0.14090880802945271,-0.43951881743626187
87,noMC | F-rel | none | SVR,-0.2625347113728935,-0.21587418049643203
87,noMC | F-rel | none | Anchor,-0.6089299469151037,-0.29091562595513665
87,noMC | F-rel | none | ICP,-0.2590364166377579,-0.42015560946871355
87,noMC | F-rel | z | ENR,-0.047410885393502245,-0.3637578536189552
87,noMC | F-rel | z | SVR,-0.2089138307965981,-0.3003963254222384
87,noMC | F-rel | z | Anchor,-2.4876785985104877,-0.2700123523498482
87,noMC | F-rel | z | ICP,-0.2695540120739177,-0.4005134662604905
87,noMC | F-asym | none | ENR,-0.09673035078862369,-0.4693721127956526
87,noMC | F-asym | none | SVR,-0.23758998303777168,-0.10997381523084274
87,noMC | F-asym | none | Anchor,-0.7149551409044472,-0.3150218846102406
87,noMC | F-asym | none | ICP,-0.047410885393502245,-0.3637578536189552
87,noMC | F-asym | z | ENR,-0.2745617527096622,-0.2710114211396182
87,noMC | F-asym | z | SVR,-0.27252153279776414,-0.20371962228904078
87,noMC | F-asym | z | Anchor,-0.7279322565797872,-0.2900600070563063
87,noMC | F-asym | z | ICP,-0.13827195801520697,-0.18534540585035497
87,noMC | F-riem | none | ENR,-0.047410885393502245,-0.3637578536189552
87,noMC | F-riem | none | SVR,-0.16730794556503725,-0.10236116726490546
87,noMC | F-riem | none | Anchor,-1.200719978050242,-0.13773155962852546
87,noMC | F-riem | none | ICP,-0.028926746743975107,-0.11406921593690306
87,noMC | F-riem | z | ENR,-0.0511580967607288,-0.36815762393996976
87,noMC | F-riem | z | SVR,-0.25546462657594793,-0.18197207104838176
87,noMC | F-riem | z | Anchor,-2.8388266272180482,-0.26953819384685007
87,noMC | F-riem | z | ICP,-0.08683290609757588,-0.24499836855320878
87,noMC | F-riem | riem | ENR,-0.0725916613179427,-0.43248853917913865
87,noMC | F-riem | riem | SVR,-0.11574825490076956,-0.2884357399465236
87,noMC | F-riem | riem | Anchor,-1.107465894503814,-0.19453386966760716
87,noMC | F-riem | riem | ICP,-0.05325434080490021,-0.24965452243059325
87,MC | F-band | none | ENR,-0.09261563826262842,-0.47361136596108233
87,MC | F-band | none | SVR,-0.1810589116754342,-0.03996745370392363
87,MC | F-band | none | Anchor,-0.4971452853525393,-0.330386411268232
87,MC | F-band | none | ICP,-0.1840449692173156,-0.3519365872740868
87,MC | F-band | z | ENR,-0.23206484319490683,-0.5116848249255106
87,MC | F-band | z | SVR,-0.19912318664281559,-0.08797456125238004
87,MC | F-band | z | Anchor,-1.4936311637762398,-0.40348400990755784
87,MC | F-band | z | ICP,-0.06601340800002409,-0.1688622346940465
87,MC | F-fooof-per | none | ENR,-0.09713577639192073,-0.33369285429453577
87,MC | F-fooof-per | none | SVR,0.024153461813517962,0.20475830133032308
87,MC | F-fooof-per | none | Anchor,-0.23812452104168846,-0.12064542840249665
87,MC | F-fooof-per | none | ICP,-0.10512341788912227,-0.04736219775912873
87,MC | F-fooof-per | z | ENR,-0.17159401860608692,-0.4741322600803662
87,MC | F-fooof-per | z | SVR,-0.453548151030545,-0.33511367994258934
87,MC | F-fooof-per | z | Anchor,-0.5534457580389873,-0.34692312352767274
87,MC | F-fooof-per | z | ICP,-0.05011071274447887,-0.3666976811117223
87,MC | F-rel | none | ENR,-0.1556409100574998,-0.4523153743418502
87,MC | F-rel | none | SVR,-0.12732568734919614,-0.07529999842245595
87,MC | F-rel | none | Anchor,-0.6826642252251067,-0.4227115148459598
87,MC | F-rel | none | ICP,-0.029030232078590013,-0.09533753672803717
87,MC | F-rel | z | ENR,-0.12923160144787627,-0.2677738044967787
87,MC | F-rel | z | SVR,-0.2073787226917274,-0.36696268574766583
87,MC | F-rel | z | Anchor,-1.7586484904061583,-0.43711599809661594
87,MC | F-rel | z | ICP,-0.2848416780287919,-0.34710508055599937
87,MC | F-asym | none | ENR,-0.1478884078840048,-0.48599511585291816
87,MC | F-asym | none | SVR,-0.21847905481448548,-0.1566367291130102
87,MC | F-asym | none | Anchor,-0.6399252260198116,-0.34711886329525593
87,MC | F-asym | none | ICP,-0.05011071274447887,-0.3666976811117223
87,MC | F-asym | z | ENR,-0.09255311878940842,-0.34869229697522997
87,MC | F-asym | z | SVR,-0.49331601877643805,-0.23797839733554654
87,MC | F-asym | z | Anchor,-0.43808627875716,-0.41336520479170974
87,MC | F-asym | z | ICP,-0.05011071274447887,-0.3666976811117223
87,MC | F-riem | none | ENR,-0.05011071274447887,-0.3666976811117223
87,MC | F-riem | none | SVR,-0.2932218432836926,-0.22668708136820429
87,MC | F-riem | none | Anchor,-2.1149106095356625,-0.2797075512185374
87,MC | F-riem | none | ICP,-0.049258876097976634,-0.3170003000574722
87,MC | F-riem | z | ENR,-0.05552642528430041,-0.3454907300364686
87,MC | F-riem | z | SVR,-0.28300198686709166,-0.20024002548372088
87,MC | F-riem | z | Anchor,-1.8423944605589986,-0.17956747303414627
87,MC | F-riem | z | ICP,-0.0794727676845528,-0.26946454161697564
87,MC | F-riem | riem | ENR,-0.05011071274447887,-0.3666976811117222
87,MC | F-riem | riem | SVR,-0.2754533031177455,-0.2294827379594001
87,MC | F-riem | riem | Anchor,-1.059242015028826,-0.2086424747316624
87,MC | F-riem | riem | ICP,-0.07156069342049154,-0.39497497583861263
88,noMC | F-band | none | ENR,-0.04423156369585057,-0.28939310479931674
88,noMC | F-band | none | SVR,-0.2770004021190644,-0.20778163684800224
88,noMC | F-band | none | Anchor,-0.3471127757874608,-0.15953432065448409
88,noMC | F-band | none | ICP,-0.03966913894691637,-0.2856847433387186
88,noMC | F-band | z | ENR,-0.10708790884384123,-0.020764328973916786
88,noMC | F-band | z | SVR,-0.17351135225741143,-0.1982559483323304
88,noMC | F-band | z | Anchor,-1.184684500453543,0.20391402096799222
88,noMC | F-band | z | ICP,-0.026993395771453876,-0.1549083336113673
88,noMC | F-fooof-per | none | ENR,-0.0974949876084259,-0.3323748339283395
88,noMC | F-fooof-per | none | SVR,-0.2649990242134015,-0.16637503359827005
88,noMC | F-fooof-per | none | Anchor,-0.5882565735781435,0.01584194953178393
88,noMC | F-fooof-per | none | ICP,-0.09209186632431487,-0.2382509244922031
88,noMC | F-fooof-per | z | ENR,-0.057553769758683426,-0.21587354147847776
88,noMC | F-fooof-per | z | SVR,-0.2136848884544471,-0.12566600095361907
88,noMC | F-fooof-per | z | Anchor,-0.5648325185640111,-0.06778133744363773
88,noMC | F-fooof-per | z | ICP,-0.02812482060047894,-0.16900880045750527
88,noMC | F-rel | none | ENR,-0.046425719253521125,-0.3522884185150844
88,noMC | F-rel | none | SVR,-0.23405662346434553,-0.23330872505164163
88,noMC | F-rel | none | Anchor,-1.105111070683952,-0.22533665113542112
88,noMC | F-rel | none | ICP,-0.03966913894691637,-0.2856847433387186
88,noMC | F-rel | z | ENR,-0.048717388448893395,-0.26401754897289087
88,noMC | F-rel | z | SVR,-0.17987913126534139,-0.22866139706916422
88,noMC | F-rel | z | Anchor,-1.3997928489088478,-0.26823063091799715
88,noMC | F-rel | z | ICP,-0.08223601880605669,-0.2046813479260946
88,noMC | F-asym | none | ENR,-0.03966913894691637,-0.2856847433387186
88,noMC | F-asym | none | SVR,-0.49417628558967497,-0.35315832854084417
88,noMC | F-asym | none | Anchor,-0.590469980167524,-0.26926009103813875
88,noMC | F-asym | none | ICP,-0.03966913894691637,-0.2856847433387186
88,noMC | F-asym | z | ENR,-0.0665399982107977,-0.3027022998934691
88,noMC | F-asym | z | SVR,-0.35299845775895733,-0.30509414835736076
88,noMC | F-asym | z | Anchor,-1.1656576514851635,0.018420173183102417
88,noMC | F-asym | z | ICP,-0.30796442609046815,-0.24354150677251155
88,noMC | F-riem | none | ENR,-0.05339325579653198,-0.27953319894956163
88,noMC | F-riem | none | SVR,-0.18063532227430956,0.07844704482906183
88,noMC | F-riem | none | Anchor,-0.4647885792639692,-0.2025748163549309
88,noMC | F-riem | none | ICP,-0.312268590533878,-0.25351597573666396
88,noMC | F-riem | z | ENR,-0.5301704608194646,-0.13339939123540653
88,noMC | F-riem | z | SVR,-0.10135059327982421,-0.03971300986545956
88,noMC | F-riem | z | Anchor,-0.4798042509933751,0.038573274462563145
88,noMC | F-riem | z | ICP,-0.0819487253821003,-0.2390245883617511
88,noMC | F-riem | riem | ENR,-0.0817978257104679,-0.19522329488009277
88,noMC | F-riem | riem | SVR,-0.06764393816291436,0.05261901929388395
88,noMC | F-riem | riem | Anchor,-1.5370947778026087,-0.2000939154605075
88,noMC | F-riem | riem | ICP,-0.25523672346623805,-0.14858379449248005
88,MC | F-band | none | ENR,-0.1954133916199714,-0.3088794694851261
88,MC | F-band | none | SVR,-0.2981803409348529,-0.2406450534431016
88,MC | F-band | none | Anchor,-0.5007710552561073,-0.26382437351867816
88,MC | F-band | none | ICP,-0.22143666290139752,-0.20119839929472533
88,MC | F-band | z | ENR,-0.08148809776617716,-0.14939703287900824
88,MC | F-band | z | SVR,-0.3378401768963364,-0.09797925674853805
88,MC | F-band | z | Anchor,-0.3549916643170292,0.090278736325699
88,MC | F-band | z | ICP,-0.11761465323822162,-0.09911086428715342
88,MC | F-fooof-per | none | ENR,-0.0915005162091933,-0.38262857257420024
88,MC | F-fooof-per | none | SVR,-0.4282998887909961,-0.26903425806897185
88,MC | F-fooof-per | none | Anchor,-0.37806575372676776,0.08207693450199513
88,MC | F-fooof-per | none | ICP,-0.04266705288797201,-0.2795145191315236
88,MC | F-fooof-per | z | ENR,-0.14009251722545346,-0.165470397342231
88,MC | F-fooof-per | z | SVR,-0.2655834206070249,-0.23742824802700485
88,MC | F-fooof-per | z | Anchor,-0.1637012320978155,-0.20351759644409342
88,MC | F-fooof-per | z | ICP,-0.019180284080512422,0.04494204822682281
88,MC | F-rel | none | ENR,-0.11933282752148444,-0.42014405779644654
88,MC | F-rel | none | SVR,-0.17998669914047394,-0.1244525065985114
88,MC | F-rel | none | Anchor,-0.8229362514938503,-0.3026251525358916
88,MC | F-rel | none | ICP,-0.06917707617238245,-0.26508909258187663
88,MC | F-rel | z | ENR,-0.07175542786978739,-0.25967532188648096
88,MC | F-rel | z | SVR,-0.29654265268002034,-0.3119014105712191
88,MC | F-rel | z | Anchor,-0.48272944588155875,-0.2410491932735378
88,MC | F-rel | z | ICP,-0.09946571318343134,-0.20215376870811524
88,MC | F-asym | none | ENR,-0.05603739252671169,-0.2813629448429873
88,MC | F-asym | none | SVR,-0.2705436117663427,-0.34462097007444087
88,MC | F-asym | none | Anchor,-0.286911925502495,-0.25290934014297284
88,MC | F-asym | none | ICP,-0.04266705288797201,-0.2795145191315236
88,MC | F-asym | z | ENR,-0.04266705288797201,-0.2795145191315236
88,MC | F-asym | z | SVR,-0.32152853518759605,-0.31004456986978
88,MC | F-asym | z | Anchor,-0.4046407965055603,-0.14662261858264364
88,MC | F-asym | z | ICP,-0.10855069758188884,-0.2046510466338332
88,MC | F-riem | none | ENR,-0.04266705288797201,-0.2795145191315237
88,MC | F-riem | none | SVR,-0.26451685063902564,-0.07466454220258696
88,MC | F-riem | none | Anchor,-0.9480290035077188,-0.27120253203114464
88,MC | F-riem | none | ICP,-0.0665327556393025,-0.23268320217182112
88,MC | F-riem | z | ENR,-0.07665769140204293,-0.2017564660474576
88,MC | F-riem | z | SVR,-0.04369359069436429,0.08068686065978226
88,MC | F-riem | z | Anchor,-0.22877254847077966,0.10831750748897245
88,MC | F-riem | z | ICP,-0.3247379651475908,-0.1361315008061151
88,MC | F-riem | riem | ENR,-0.09431707142338763,-0.18467248365747876
88,MC | F-riem | riem | SVR,-0.05148818062293525,0.011899229749752833
88,MC | F-riem | riem | Anchor,-0.5639800046459829,-0.1816189407969092
88,MC | F-riem | riem | ICP,-0.19191356469045728,-0.14503500373610886
89,noMC | F-band | none | ENR,-0.055062027221933096,0.11448919008468325
89,noMC | F-band | none | SVR,-0.17395183703418748,-0.045424838311646856
89,noMC | F-band | none | Anchor,0.02125898924827052,0.28915837421323204
89,noMC | F-band | none | ICP,-0.0667067527284757,-0.26564879655071383
89,noMC | F-band | z | ENR,-0.09441588403766765,-0.07291821380343472
89,noMC | F-band | z | SVR,-0.26025279859446204,-0.33123349348434106
89,noMC | F-band | z | Anchor,-0.8408500777987846,-0.02848802124644556
89,noMC | F-band | z | ICP,-0.024295999024196213,0.024769280676695676
89,noMC | F-fooof-per | none | ENR,-0.07293556310909644,-0.18143909383352005
89,noMC | F-fooof-per | none | SVR,-0.21387692023876292,-0.10903914727177905
89,noMC | F-fooof-per | none | Anchor,-0.21015894790263423,-0.04494293359388084
89,noMC | F-fooof-per | none | ICP,-0.17317477452155727,-0.19678926079870546
89,noMC | F-fooof-per | z | ENR,-0.07063094304004247,-0.10898576953617865
89,noMC | F-fooof-per | z | SVR,-0.10956465392653514,-0.16305610409538057
89,noMC | F-fooof-per | z | Anchor,-11.203255157088694,-0.03396649931995594
89,noMC | F-fooof-per | z | ICP,-0.0403519512055035,-0.29398241998694596
89,noMC | F-rel | none | ENR,-0.05768350802267763,-0.04680042937468014
89,noMC | F-rel | none | SVR,-0.16077107308323302,-0.10310487888069009
89,noMC | F-rel | none | Anchor,-0.03602009735557288,0.22242463270437113
89,noMC | F-rel | none | ICP,-0.04976228654652104,-0.23376040049962737
89,noMC | F-rel | z | ENR,-0.05172333075783708,-0.1335791896759431
89,noMC | F-rel | z | SVR,-0.15847704868333867,-0.216138626985998
89,noMC | F-rel | z | Anchor,-0.3711825866644982,0.02924413141740681
89,noMC | F-rel | z | ICP,-0.03964742434664581,-0.3288442861456623
89,noMC | F-asym | none | ENR,-0.013476611782226033,0.06173717484066576
89,noMC | F-asym | none | SVR,-0.41585413438907803,0.017712086959855072
89,noMC | F-asym | none | Anchor,-0.1284132710870538,0.06763412325059077
89,noMC | F-asym | none | ICP,-0.04349733682261325,-0.30916207004473484
89,noMC | F-asym | z | ENR,-0.07812579417481902,-0.06583877137849449
89,noMC | F-asym | z | SVR,-0.022216359296233,0.19884168593947768
89,noMC | F-asym | z | Anchor,-0.2906110485006781,-0.24272245249055033
89,noMC | F-asym | z | ICP,0.004986121468106841,0.10509053810991686
89,noMC | F-riem | none | ENR,-0.09145439073448469,-0.3102336186612099
89,noMC | F-riem | none | SVR,-0.30113147082803904,-0.13201497843656737
89,noMC | F-riem | none | Anchor,-0.2220822033356986,-0.012194912083888496
89,noMC | F-riem | none | ICP,-0.06307702647679769,-0.17672925958049662
89,noMC | F-riem | z | ENR,-0.2552915500860733,-0.049021949853087075
89,noMC | F-riem | z | SVR,-0.4043994360556695,-0.25199266839115386
89,noMC | F-riem | z | Anchor,-0.3609155368425514,0.2870710375548579
89,noMC | F-riem | z | ICP,-0.34202254667154164,0.04041606289690205
89,noMC | F-riem | riem | ENR,-0.04368400327384192,-0.32138562519334796
89,noMC | F-riem | riem | SVR,-0.09197364015657006,-0.06778403755553068
89,noMC | F-riem | riem | Anchor,-1.4490394518128022,0.1238898728668446
89,noMC | F-riem | riem | ICP,-0.03937247540697597,-0.13936625740936331
89,MC | F-band | none | ENR,0.06653959039610036,0.3544843246097882
89,MC | F-band | none | SVR,-0.16638057051864164,-0.11114796006166267
89,MC | F-band | none | Anchor,0.01959626690234706,0.32024889444746
89,MC | F-band | none | ICP,-0.09125024057745335,-0.20213544588967985
89,MC | F-band | z | ENR,-0.0042351984548545385,0.09962498579858337
89,MC | F-band | z | SVR,-0.23799593047165235,-0.23606088522192975
89,MC | F-band | z | Anchor,-1.0092194877885965,0.2568001032263347
89,MC | F-band | z | ICP,-0.14318727082891947,-0.13621727272931866
89,MC | F-fooof-per | none | ENR,-0.27969211906112235,-0.1705517962279049
89,MC | F-fooof-per | none | SVR,-0.24145145269259216,-0.09505163435986544
89,MC | F-fooof-per | none | Anchor,-0.29183919562122895,-0.02182915062784728
89,MC | F-fooof-per | none | ICP,-0.1752088622231187,-0.20405266642928688
89,MC | F-fooof-per | z | ENR,-0.018354541112331813,0.11134599934725016
89,MC | F-fooof-per | z | SVR,-0.23072322583168292,0.011294639519537669
89,MC | F-fooof-per | z | Anchor,-2.2669560693894315,-0.0006674283996020228
89,MC | F-fooof-per | z | ICP,-0.13605513753428533,-0.18596951136093415
89,MC | F-rel | none | ENR,0.07321328833425589,0.3401528630623964
89,MC | F-rel | none | SVR,-0.08630326061676907,-0.0005378086083612406
89,MC | F-rel | none | Anchor,0.0004928570649335162,0.25416830866371054
89,MC | F-rel | none | ICP,-0.013068561976149029,-0.054232688207246325
89,MC | F-rel | z | ENR,-0.026138647527975456,0.1768390332990781
89,MC | F-rel | z | SVR,-0.2663384286481676,-0.10704118229672696
89,MC | F-rel | z | Anchor,-0.09346245006835208,0.31943050409682355
89,MC | F-rel | z | ICP,-0.04601509849957819,-0.32383673309601757
89,MC | F-asym | none | ENR,-0.027062838467036165,0.05879008711917012
89,MC | F-asym | none | SVR,-0.009352443830210166,0.13691391146019677
89,MC | F-asym | none | Anchor,-0.06406763537832139,0.2125846238997442
89,MC | F-asym | none | ICP,-0.04601509849957819,-0.32383673309601757
89,MC | F-asym | z | ENR,-0.0021149812531944256,0.07581001306761838
89,MC | F-asym | z | SVR,-0.17425143088056694,-0.0641969902977421
89,MC | F-asym | z | Anchor,-0.1934388373796727,-0.05855038174317982
89,MC | F-asym | z | ICP,-0.1316400702579852,-0.18152648011337294
89,MC | F-riem | none | ENR,-0.05909601528941555,-0.31787170275361537
89,MC | F-riem | none | SVR,-0.265657231330247,-0.08818893969748592
89,MC | F-riem | none | Anchor,-0.35468186428248827,-0.009123812303790491
89,MC | F-riem | none | ICP,-0.10333010454412705,-0.3885709033529139
89,MC | F-riem | z | ENR,-0.14890949356653205,-0.197612168535186
89,MC | F-riem | z | SVR,-0.349985193531553,-0.33381277930407427
89,MC | F-riem | z | Anchor,-0.8012249967799154,0.11540667316351352
89,MC | F-riem | z | ICP,0.06146506241637406,0.24936086212462483
89,MC | F-riem | riem | ENR,-0.05024639622598759,-0.274661417588333
89,MC | F-riem | riem | SVR,-0.14545737020628247,-0.058779821149576236
89,MC | F-riem | riem | Anchor,-0.25345796848699687,-0.002806628061703745
89,MC | F-riem | riem | ICP,-0.04430470925264429,-0.14588531446874656
90,noMC | F-band | none | ENR,-0.12821552206844444,-0.08234691026644247
90,noMC | F-band | none | SVR,-0.21153291174600075,-0.063691271071491
90,noMC | F-band | none | Anchor,-0.23877629063518202,-0.007602679114996392
90,noMC | F-band | none | ICP,-0.05864135966172124,-0.3945900860461401
90,noMC | F-band | z | ENR,-0.20415679698446598,0.10505189984009017
90,noMC | F-band | z | SVR,-0.12399344045034333,-0.18478224756183995
90,noMC | F-band | z | Anchor,-0.2567014341193352,0.2993388815534457
90,noMC | F-band | z | ICP,-0.05864135966172124,-0.3945900860461401
90,noMC | F-fooof-per | none | ENR,-0.013035342441684916,0.05990333445657547
90,noMC | F-fooof-per | none | SVR,-0.1319899087078309,0.007230130013113505
90,noMC | F-fooof-per | none | Anchor,-0.04391364584394286,0.14221855781330991
90,noMC | F-fooof-per | none | ICP,-0.05864135966172124,-0.3945900860461401
90,noMC | F-fooof-per | z | ENR,-0.3463002426506272,-0.18344311971171884
90,noMC | F-fooof-per | z | SVR,-0.16590278255893076,0.08043327571227947
90,noMC | F-fooof-per | z | Anchor,-0.3017481661959318,0.1368789210963673
90,noMC | F-fooof-per | z | ICP,-0.05864135966172124,-0.3945900860461401
90,noMC | F-rel | none | ENR,-0.0712709903621318,0.10144845077565079
90,noMC | F-rel | none | SVR,-0.23330647027285378,-0.05835042580532113
90,noMC | F-rel | none | Anchor,-0.30842548197232844,-0.04610729919251973
90,noMC | F-rel | none | ICP,-0.05864135966172124,-0.3945900860461401
90,noMC | F-rel | z | ENR,-0.07803092775696907,0.29832913645384107
90,noMC | F-rel | z | SVR,-0.06642299854333533,0.014452988660746666
90,noMC | F-rel | z | Anchor,-0.33226186959862813,0.3326267578504083
90,noMC | F-rel | z | ICP,-0.02455930770548931,-0.047532710064252935
90,noMC | F-asym | none | ENR,-0.304859125487434,-0.27737805933628856
90,noMC | F-asym | none | SVR,-0.23822639710200533,-0.06595736260690924
90,noMC | F-asym | none | Anchor,-0.24521268942481234,-0.3087277193778346
90,noMC | F-asym | none | ICP,-0.05864135966172124,-0.3945900860461401
90,noMC | F-asym | z | ENR,-0.8537741982507281,-0.23849797051450533
90,noMC | F-asym | z | SVR,-0.42060088587252853,-0.15720657750923103
90,noMC | F-asym | z | Anchor,-0.7307672397927385,0.038685178176124685
90,noMC | F-asym | z | ICP,-0.01635871798857158,0.026645927631923
90,noMC | F-riem | none | ENR,-0.5195608152688576,-0.2843640327504764
90,noMC | F-riem | none | SVR,-0.3013933704598777,-0.12811599583455796
90,noMC | F-riem | none | Anchor,-0.8482140943921213,-0.017679088788482667
90,noMC | F-riem | none | ICP,-0.09633083033798018,-0.39653723636940796
90,noMC | F-riem | z | ENR,-1.0934020095212067,-0.2702240669798096
90,noMC | F-riem | z | SVR,-0.44308880200875134,-0.354300643843088
90,noMC | F-riem | z | Anchor,-1.4051567091886552,-0.08148770926038776
90,noMC | F-riem | z | ICP,-0.06190616638155633,-0.09217964342719866
90,noMC | F-riem | riem | ENR,-0.13931868745882103,-0.17206838914162867
90,noMC | F-riem | riem | SVR,-0.1065302807751276,0.16981244157764497
90,noMC | F-riem | riem | Anchor,-1.12040546827589,-0.048362526738066784
90,noMC | F-riem | riem | ICP,-0.08077015716219482,-0.4064417996922304
90,MC | F-band | none | ENR,0.042228592240537544,0.25906303757063864
90,MC | F-band | none | SVR,-0.3311862662632672,-0.15776321178306826
90,MC | F-band | none | Anchor,-0.04756119117415247,0.1669757009977969
90,MC | F-band | none | ICP,-0.06319471250568287,-0.3982971567449001
90,MC | F-band | z | ENR,-0.19047113297946217,-0.025314457409821314
90,MC | F-band | z | SVR,-0.30033748725097786,-0.11033565902409966
90,MC | F-band | z | Anchor,-0.17720121774478392,0.3004508641570862
90,MC | F-band | z | ICP,-0.0636252240027182,-0.4014816158174784
90,MC | F-fooof-per | none | ENR,-0.0655610344001849,0.1419329369028221
90,MC | F-fooof-per | none | SVR,-0.22383110311880294,-0.08826318255466328
90,MC | F-fooof-per | none | Anchor,-0.05164032114183814,0.16130874067558154
90,MC | F-fooof-per | none | ICP,-0.06903998155437718,-0.4185780406327869
90,MC | F-fooof-per | z | ENR,-0.14684592949502107,-0.17361627258811108
90,MC | F-fooof-per | z | SVR,-0.32732689730959086,-0.14239795447217124
90,MC | F-fooof-per | z | Anchor,-1.2189673583494982,0.13550833258750467
90,MC | F-fooof-per | z | ICP,-0.4296014480057573,0.031424417164152986
90,MC | F-rel | none | ENR,0.039878904814916405,0.2516515197231277
90,MC | F-rel | none | SVR,-0.09592404880083927,0.017653937387631956
90,MC | F-rel | none | Anchor,0.0006327578375141529,0.2218758174672096
90,MC | F-rel | none | ICP,-0.06319471250568287,-0.3982971567449001
90,MC | F-rel | z | ENR,-0.03994567520620884,0.2811849600424135
90,MC | F-rel | z | SVR,-0.13118660281655603,-0.04619584941350752
90,MC | F-rel | z | Anchor,-0.11855389351930934,0.3605532895086947
90,MC | F-rel | z | ICP,-0.06319471250568287,-0.3982971567449001
90,MC | F-asym | none | ENR,-0.12209386282454826,-0.20843450048824266
90,MC | F-asym | none | SVR,-0.2430014066300561,-0.16739218941013334
90,MC | F-asym | none | Anchor,-0.2353986078331265,-0.2915162280612268
90,MC | F-asym | none | ICP,-0.06319471250568287,-0.3982971567449001
90,MC | F-asym | z | ENR,-0.6065860747172256,-0.26992153269025165
90,MC | F-asym | z | SVR,-0.40683165667820553,-0.2148383776735439
90,MC | F-asym | z | Anchor,-0.5839270323208272,-0.3151069541471295
90,MC | F-asym | z | ICP,-0.07036544935517552,-0.31442884569875706
90,MC | F-riem | none | ENR,-0.699458122767918,-0.2434500409753893
90,MC | F-riem | none | SVR,-0.07507427326532934,0.1269264341072472
90,MC | F-riem | none | Anchor,-0.7679459478824464,-0.04186274668075052
90,MC | F-riem | none | ICP,-0.11019947064658853,-0.1330069945450607
90,MC | F-riem | z | ENR,-1.195432544243915,-0.27709093748791314
90,MC | F-riem | z | SVR,-1.096317684625285,-0.30319911180576214
90,MC | F-riem | z | Anchor,-2.061444945816358,-0.10429269611157907
90,MC | F-riem | z | ICP,-0.12788845352794476,-0.13357214641001994
90,MC | F-riem | riem | ENR,-0.09667087077492775,-0.15822468652270585
90,MC | F-riem | riem | SVR,-0.17310090095721398,-0.16309118185963178
90,MC | F-riem | riem | Anchor,-0.20947909394388176,0.13941326249311511
90,MC | F-riem | riem | ICP,-0.08291322101057119,-0.4025192151747625
91,noMC | F-band | none | ENR,-0.4179951755639215,-0.23713380490028585
91,noMC | F-band | none | SVR,-0.35921683919279057,-0.15369833575897895
91,noMC | F-band | none | Anchor,-2.6564955899004654,-0.3365573299283996
91,noMC | F-band | none | ICP,-0.0531747730919665,-0.3361075868375547
91,noMC | F-band | z | ENR,-0.32992909952565563,-0.09022527859717094
91,noMC | F-band | z | SVR,-0.47935117600983546,0.14954314420832127
91,noMC | F-band | z | Anchor,-0.43775623848018697,0.07250645646569413
91,noMC | F-band | z | ICP,-0.06700692846350864,-0.3119273123537177
91,noMC | F-fooof-per | none | ENR,-0.15740340221813165,-0.3189133955401793
91,noMC | F-fooof-per | none | SVR,-0.26728749963976517,-0.27388760684093094
91,noMC | F-fooof-per | none | Anchor,-0.10810801319208396,-0.0579930196942091
91,noMC | F-fooof-per | none | ICP,-0.4468317248932785,-0.31674119727565236
91,noMC | F-fooof-per | z | ENR,-0.3715194090685141,-0.29694965417017904
91,noMC | F-fooof-per | z | SVR,-0.2536433148713706,-0.27668055812919634
91,noMC | F-fooof-per | z | Anchor,-1.802906293553245,-0.20254332754139182
91,noMC | F-fooof-per | z | ICP,-0.04509141231481584,-0.18047954143754685
91,noMC | F-rel | none | ENR,-0.2130317150101273,-0.22605656782268746
91,noMC | F-rel | none | SVR,-0.3068957515055539,0.019787893467558427
91,noMC | F-rel | none | Anchor,-1.8230965994395878,-0.3325802434264912
91,noMC | F-rel | none | ICP,-0.19890935501460794,-0.2340716278765002
91,noMC | F-rel | z | ENR,-0.13526188764146774,-0.25035729953278424
91,noMC | F-rel | z | SVR,-0.46969627072939035,-0.16987534935679244
91,noMC | F-rel | z | Anchor,-0.6298571345964119,-0.15436719954805578
91,noMC | F-rel | z | ICP,-0.1978440898786631,-0.15610924565792794
91,noMC | F-asym | none | ENR,-0.20088728197055317,-0.26645750977166394
91,noMC | F-asym | none | SVR,-0.28570874372166677,-0.018028268470083667
91,noMC | F-asym | none | Anchor,-0.18787046058031875,-0.21218384954133734
91,noMC | F-asym | none | ICP,-0.07644302634713873,-0.27052483290658214
91,noMC | F-asym | z | ENR,-0.10668415448700497,-0.3290150242038633
91,noMC | F-asym | z | SVR,-0.30626013874442815,-0.3783454374076659
91,noMC | F-asym | z | Anchor,-0.13372178592458273,-0.10665261287702914
91,noMC | F-asym | z | ICP,-0.13251167709880884,-0.17786105823790807
91,noMC | F-riem | none | ENR,-0.06146713837976647,-0.30803069820954276
91,noMC | F-riem | none | SVR,-0.5201631012550836,-0.3016754649277784
91,noMC | F-riem | none | Anchor,-1.9151430787044061,-0.2426022097997659
91,noMC | F-riem | none | ICP,-0.199117906823141,-0.03572796658860749
91,noMC | F-riem | z | ENR,-0.12150345291309916,-0.10441327260045569
91,noMC | F-riem | z | SVR,-0.21193828751008015,0.18460605898915797
91,noMC | F-riem | z | Anchor,-0.40202377456357774,0.016001810337930224
91,noMC | F-riem | z | ICP,-0.07659782797670678,-0.32155735331397195
91,noMC | F-riem | riem | ENR,-0.10334351570494626,-0.14945595667605915
91,noMC | F-riem | riem | SVR,-0.11492435309697369,0.009716189638874127
91,noMC | F-riem | riem | Anchor,-0.35930547897159393,0.041484934533144224
91,noMC | F-riem | riem | ICP,-0.06907559244081396,-0.16400079082392324
91,MC | F-band | none | ENR,-0.07282015892663662,-0.32422771356656466
91,MC | F-band | none | SVR,-0.42784299419517313,-0.26519944440182985
91,MC | F-band | none | Anchor,-0.899715515129696,-0.38532443005796646
91,MC | F-band | none | ICP,-0.16218620770216496,-0.23246962346966396
91,MC | F-band | z | ENR,-0.14865546783106498,-0.1561905967939377
91,MC | F-band | z | SVR,-0.39690983974392013,-0.07818296162621205
91,MC | F-band | z | Anchor,-0.604856653247605,0.1185203291431052
91,MC | F-band | z | ICP,-0.11241332414898997,-0.20087456865127384
91,MC | F-fooof-per | none | ENR,-0.13578424038381098,-0.33555642684730413
91,MC | F-fooof-per | none | SVR,-0.20391249321575544,-0.16514260666498254
91,MC | F-fooof-per | none | Anchor,-0.10795639890347708,0.05512812944700208
91,MC | F-fooof-per | none | ICP,-0.18089261637803822,-0.24091782892394953
91,MC | F-fooof-per | z | ENR,-0.06383223152807638,-0.35746152975842455
91,MC | F-fooof-per | z | SVR,-0.35124073937363676,-0.29458920604985855
91,MC | F-fooof-per | z | Anchor,-0.18886587783362185,-0.39776419899632615
91,MC | F-fooof-per | z | ICP,-0.05025234238455378,-0.33455118061438255
91,MC | F-rel | none | ENR,-0.05025234238455378,-0.3345511806143824
91,MC | F-rel | none | SVR,-0.29496614039313385,-0.22851016308966662
91,MC | F-rel | none | Anchor,-1.4574422535923297,-0.3432894430101576
91,MC | F-rel | none | ICP,-0.1252965863386668,-0.21088555888415755
91,MC | F-rel | z | ENR,-0.06471194642433198,-0.321812126484858
91,MC | F-rel | z | SVR,-0.3583583984880221,-0.3383049431849369
91,MC | F-rel | z | Anchor,-3.153489776610088,-0.31328236199031007
91,MC | F-rel | z | ICP,-0.7797232511730108,-0.18646908615535773
91,MC | F-asym | none | ENR,-0.17352485783726412,-0.2974031973865286
91,MC | F-asym | none | SVR,-0.1973331401092835,-0.25917350396158
91,MC | F-asym | none | Anchor,-0.1552949614650685,-0.24673592751585677
91,MC | F-asym | none | ICP,-0.0601209279073085,-0.34479562879893344
91,MC | F-asym | z | ENR,-0.11634871441363459,-0.3309615930093074
91,MC | F-asym | z | SVR,-0.3085900860508308,-0.3901009744563809
91,MC | F-asym | z | Anchor,-0.3138999074520592,-0.2631415230880638
91,MC | F-asym | z | ICP,-0.10197706457124678,-0.32141636207848345
91,MC | F-riem | none | ENR,-0.05025234238455378,-0.33455118061438255
91,MC | F-riem | none | SVR,-0.6722734018145453,-0.2921696528566379
91,MC | F-riem | none | Anchor,-1.0791234569341324,-0.18621184479451386
91,MC | F-riem | none | ICP,-0.07624643045117407,-0.2943957343180297
91,MC | F-riem | z | ENR,-0.11916246947191622,-0.03895016012506214
91,MC | F-riem | z | SVR,-0.26400414110808423,-0.11221628176337917
91,MC | F-riem | z | Anchor,-0.4024998241205868,-0.012579563827543577
91,MC | F-riem | z | ICP,-0.08358114579598097,-0.20938464995567724
91,MC | F-riem | riem | ENR,-0.021700681226832108,0.039818162915080946
91,MC | F-riem | riem | SVR,-0.08175481050169142,0.0605626391005314
91,MC | F-riem | riem | Anchor,-0.9561175382473122,-0.10968393609980803
91,MC | F-riem | riem | ICP,-0.041310261687707905,-0.18650024987089314
92,noMC | F-band | none | ENR,-0.16863341455859548,-0.19721465752928818
92,noMC | F-band | none | SVR,-0.20576862482501945,-0.22098152699168977
92,noMC | F-band | none | Anchor,-0.0588331455904314,0.21330419661180833
92,noMC | F-band | none | ICP,-0.052103968117067634,-0.36786282740839843
92,noMC | F-band | z | ENR,-0.14430438736014595,-0.2603670634329738
92,noMC | F-band | z | SVR,-0.2664112655189439,-0.18136665459006027
92,noMC | F-band | z | Anchor,-0.2589902545777456,-0.12349674793197449
92,noMC | F-band | z | ICP,-0.048324090819480414,-0.304782900817713
92,noMC | F-fooof-per | none | ENR,-0.12019588710225038,-0.22455501555764956
92,noMC | F-fooof-per | none | SVR,-0.09966956933499715,-0.05436346987803232
92,noMC | F-fooof-per | none | Anchor,-0.12082282575857262,0.03201124186450602
92,noMC | F-fooof-per | none | ICP,-0.05651640740662178,-0.28214956321598206
92,noMC | F-fooof-per | z | ENR,-0.06445608864439945,-0.35901695307086723
92,noMC | F-fooof-per | z | SVR,-0.24248431902644696,-0.39538396746960686
92,noMC | F-fooof-per | z | Anchor,-0.20662975086099,-0.11688485840482485
92,noMC | F-fooof-per | z | ICP,-0.055552262905100624,-0.3659079336251463
92,noMC | F-rel | none | ENR,-0.3066743331669748,-0.23104344942067523
92,noMC | F-rel | none | SVR,-0.15865142978356128,-0.2112481292011337
92,noMC | F-rel | none | Anchor,-0.2347986500974737,-0.13027216434112304
92,noMC | F-rel | none | ICP,-0.052103968117067634,-0.36786282740839843
92,noMC | F-rel | z | ENR,-0.1134768843234033,-0.31935877544636715
92,noMC | F-rel | z | SVR,-0.12935020561851407,-0.1349327992488704
92,noMC | F-rel | z | Anchor,-0.2274046955262048,-0.043424806202392946
92,noMC | F-rel | z | ICP,-0.12360091654205863,-0.16291473005466578
92,noMC | F-asym | none | ENR,-0.052103968117067634,-0.36786282740839843
92,noMC | F-asym | none | SVR,-0.06604797934796469,0.14454762023443396
92,noMC | F-asym | none | Anchor,-0.5140628194550396,-0.1899708103891034
92,noMC | F-asym | none | ICP,-0.052103968117067634,-0.36786282740839843
92,noMC | F-asym | z | ENR,-0.7333733577217292,-0.21151540329623109
92,noMC | F-asym | z | SVR,-0.4073278286040609,-0.3745057220101291
92,noMC | F-asym | z | Anchor,-0.6332922107796479,-0.22621735598436693
92,noMC | F-asym | z | ICP,-0.11545261150832142,-0.007094603643165373
92,noMC | F-riem | none | ENR,-0.13382817441258799,-0.23798548829518237
92,noMC | F-riem | none | SVR,-0.2529878620134982,-0.0018344786035563165
92,noMC | F-riem | none | Anchor,-0.1625445594736752,0.03727926572798546
92,noMC | F-riem | none | ICP,-0.02866027474383981,-0.07472244457943227
92,noMC | F-riem | z | ENR,-0.09301629192412642,-0.2781089593136683
92,noMC | F-riem | z | SVR,-0.43145656954037026,-0.2935913489508613
92,noMC | F-riem | z | Anchor,-1.9898299909665655,-0.1513457585561415
92,noMC | F-riem | z | ICP,-0.08459048645347544,-0.18499129555917299
92,noMC | F-riem | riem | ENR,-0.11041656844130787,-0.2972384582229807
92,noMC | F-riem | riem | SVR,-0.2989224186866706,0.05145658789404714
92,noMC | F-riem | riem | Anchor,-0.06379121907679175,0.16323392513427734
92,noMC | F-riem | riem | ICP,-0.09381254790262394,-0.26425550703603895
92,MC | F-band | none | ENR,-0.09227501438608976,-0.3153566718540235
92,MC | F-band | none | SVR,-0.19629236408885697,-0.2095108911806234
92,MC | F-band | none | Anchor,-0.1511020327705952,-0.03970180295375914
92,MC | F-band | none | ICP,-0.06253696131551201,-0.2416479721762233
92,MC | F-band | z | ENR,-0.05704167806426086,-0.2497216170044626
92,MC | F-band | z | SVR,-0.2073734815013153,-0.09279929766815043
92,MC | F-band | z | Anchor,-0.5284627872101699,-0.18252502948816157
92,MC | F-band | z | ICP,-0.012044060526808398,-0.03181116404139242
92,MC | F-fooof-per | none | ENR,-0.15542969015281205,-0.17991727528209067
92,MC | F-fooof-per | none | SVR,-0.12557389680893905,-0.007367033067643844
92,MC | F-fooof-per | none | Anchor,-0.12192003895865211,-0.02300867871019397
92,MC | F-fooof-per | none | ICP,-0.13576510185679314,-0.07365978053414014
92,MC | F-fooof-per | z | ENR,-0.10564796907495722,-0.3166657903996386
92,MC | F-fooof-per | z | SVR,-0.26400423528790284,-0.199685888318358
92,MC | F-fooof-per | z | Anchor,-0.5402962927973973,0.08081263994049466
92,MC | F-fooof-per | z | ICP,-0.039313323657682364,-0.1967382285628929
92,MC | F-rel | none | ENR,-0.10359608520062169,-0.20135743311700072
92,MC | F-rel | none | SVR,-0.13111218552462245,-0.1808107902134628
92,MC | F-rel | none | Anchor,-0.21600356598651116,-0.09305174362987938
92,MC | F-rel | none | ICP,-0.02476389559632519,-0.10014299330282563
92,MC | F-rel | z | ENR,-0.0761705087356579,-0.261153104335748
92,MC | F-rel | z | SVR,-0.16116506469599723,-0.20667177064651784
92,MC | F-rel | z | Anchor,-0.2717303969917386,-0.1328324266016797
92,MC | F-rel | z | ICP,-0.10627960223549571,-0.27754463100485216
92,MC | F-asym | none | ENR,-0.05066390514466668,-0.3627345491537995
92,MC | F-asym | none | SVR,-0.06853280637014714,0.037775586940283296
92,MC | F-asym | none | Anchor,-0.4788417118791193,-0.18694371897339437
92,MC | F-asym | none | ICP,-0.05066390514466668,-0.36273454915379943
92,MC | F-asym | z | ENR,-0.3649235404373412,-0.23414265458860423
92,MC | F-asym | z | SVR,-0.25997888563813554,-0.1363619048850282
92,MC | F-asym | z | Anchor,-0.37068120921189096,-0.23281406089577739
92,MC | F-asym | z | ICP,-0.05066390514466668,-0.36273454915379943
92,MC | F-riem | none | ENR,-0.05066390514466668,-0.36273454915379955
92,MC | F-riem | none | SVR,-0.3933553141836301,-0.2032074623042021
92,MC | F-riem | none | Anchor,-0.4016551530746657,-0.23098597191828374
92,MC | F-riem | none | ICP,-0.03584487402962311,0.040580735646187666
92,MC | F-riem | z | ENR,-0.37858389960412864,-0.21936572105883678
92,MC | F-riem | z | SVR,-0.31766079697750027,-0.2611723014140032
92,MC | F-riem | z | Anchor,-1.1366927692095845,-0.15069837041397158
92,MC | F-riem | z | ICP,-0.057501788989234415,0.07141642144032936
92,MC | F-riem | riem | ENR,-0.05539013632288037,-0.36524396590789365
92,MC | F-riem | riem | SVR,-0.2344047398255591,-0.23330752842065433
92,MC | F-riem | riem | Anchor,-0.15168862552209528,0.09188851357643552
92,MC | F-riem | riem | ICP,-0.11791250983845325,-0.18087754123736965
93,noMC | F-band | none | ENR,-0.08761829591587666,-0.20975740481705932
93,noMC | F-band | none | SVR,-0.2142883086574745,-0.037250854268812854
93,noMC | F-band | none | Anchor,-0.6015024762331052,-0.28374411887860146
93,noMC | F-band | none | ICP,-0.28115421659140827,-0.24566953327922236
93,noMC | F-band | z | ENR,-0.1057779436611701,-0.24476222660918334
93,noMC | F-band | z | SVR,-0.3264326994078821,0.024126222043428673
93,noMC | F-band | z | Anchor,-0.20913918399120734,-0.12841523580686265
93,noMC | F-band | z | ICP,-0.10081981341001223,-0.22831858411846223
93,noMC | F-fooof-per | none | ENR,-0.07017539601044365,-0.217781731010886
93,noMC | F-fooof-per | none | SVR,-0.0900030179232918,-0.039546779414337874
93,noMC | F-fooof-per | none | Anchor,-0.22037178470730479,0.035738481833385516
93,noMC | F-fooof-per | none | ICP,-0.061474189029435466,-0.10292294991906807
93,noMC | F-fooof-per | z | ENR,-0.06688310717164847,-0.22396747324645938
93,noMC | F-fooof-per | z | SVR,-0.17836414352290175,0.17274787509231138
93,noMC | F-fooof-per | z | Anchor,-0.4023315898989863,-0.03177404141300532
93,noMC | F-fooof-per | z | ICP,-0.2273016163686865,-0.15921586984403913
93,noMC | F-rel | none | ENR,-0.12639406792403318,-0.3742774801943419
93,noMC | F-rel | none | SVR,-0.14077970244417992,-0.07895448991226672
93,noMC | F-rel | none | Anchor,-0.45853691338096536,-0.1885814636137984
93,noMC | F-rel | none | ICP,-0.13901181173637744,-0.20479508346992598
93,noMC | F-rel | z | ENR,-0.041998579361334665,-0.2787898093737782
93,noMC | F-rel | z | SVR,-0.7934402795919782,-0.1823814578394528
93,noMC | F-rel | z | Anchor,-0.5539058836867907,-0.22433725444119879
93,noMC | F-rel | z | ICP,-0.057538980511921745,-0.23309213554364294
93,noMC | F-asym | none | ENR,-0.15693569527202267,-0.31303191062507607
93,noMC | F-asym | none | SVR,-0.1990097959548245,-0.21545473880066365
93,noMC | F-asym | none | Anchor,-0.23093612043590173,-0.05163642575015287
93,noMC | F-asym | none | ICP,-0.09205019178955354,-0.19972393276961897
93,noMC | F-asym | z | ENR,-0.12156690788320268,-0.3648942539178116
93,noMC | F-asym | z | SVR,-0.18093943233030152,-0.19631865536868703
93,noMC | F-asym | z | Anchor,-0.17425878458863964,0.1273838602405462
93,noMC | F-asym | z | ICP,-0.10887394866842492,-0.02787296813362654
93,noMC | F-riem | none | ENR,-0.041998579361334665,-0.2787898093737782
93,noMC | F-riem | none | SVR,-0.33289962741566215,-0.2612475289205649
93,noMC | F-riem | none | Anchor,-0.4585324469269161,-0.14003590674265712
93,noMC | F-riem | none | ICP,-0.1796873195984865,-0.18696370020143793
93,noMC | F-riem | z | ENR,-0.041998579361334665,-0.2787898093737782
93,noMC | F-riem | z | SVR,-0.25853988577372244,-0.17589289269275146
93,noMC | F-riem | z | Anchor,-0.2759149285638973,-0.04149986312314014
93,noMC | F-riem | z | ICP,-0.041998579361334665,-0.2787898093737782
93,noMC | F-riem | riem | ENR,-0.10800575322262529,-0.24026586046365186
93,noMC | F-riem | riem | SVR,-0.21791080273161212,-0.22739896712178392
93,noMC | F-riem | riem | Anchor,-0.2558197838397518,-0.107648325643638
93,noMC | F-riem | riem | ICP,-0.04355493462594762,-0.282862129783435
93,MC | F-band | none | ENR,-0.1506096033060722,-0.31254716898194557
93,MC | F-band | none | SVR,-0.2903417793882008,-0.1764780799995052
93,MC | F-band | none | Anchor,-0.47813499608291776,-0.18991623042552275
93,MC | F-band | none | ICP,-0.1858309295946292,-0.17634002066969073
93,MC | F-band | z | ENR,-0.09263177387562038,-0.2161997338781497
93,MC | F-band | z | SVR,-0.3099153682705069,-0.035129419400839065
93,MC | F-band | z | Anchor,-0.8199708336730425,-0.18746018542514112
93,MC | F-band | z | ICP,-0.1473558875741079,-0.20718433712589884
93,MC | F-fooof-per | none | ENR,-0.09320956672851088,-0.2557413764528529
93,MC | F-fooof-per | none | SVR,-0.18633236276235943,0.03745716282508487
93,MC | F-fooof-per | none | Anchor,-0.19316620133805573,0.07478817019613511
93,MC | F-fooof-per | none | ICP,-0.10247361650695197,-0.15146771520924096
93,MC | F-fooof-per | z | ENR,-0.04750078528768009,-0.27214651151705693
93,MC | F-fooof-per | z | SVR,-0.2970797970080623,-0.22307945528284995
93,MC | F-fooof-per | z | Anchor,-0.22769404872632948,-0.1382709192755494
93,MC | F-fooof-per | z | ICP,-0.1395961694632264,-0.12003984895668053
93,MC | F-rel | none | ENR,-0.21124977823327962,-0.32885528683962667
93,MC | F-rel | none | SVR,-0.2353916193020189,-0.10116764824860303
93,MC | F-rel | none | Anchor,-0.595297128104189,-0.1559817809888805
93,MC | F-rel | none | ICP,-0.0431445046845953,-0.1599070681945484
93,MC | F-rel | z | ENR,-0.08531564477555165,-0.2302938277245107
93,MC | F-rel | z | SVR,-0.19143197490960784,-0.19177895859994243
93,MC | F-rel | z | Anchor,-1.2225201776366443,-0.17117594665918928
93,MC | F-rel | z | ICP,-0.15994754535557143,-0.13476536864769822
93,MC | F-asym | none | ENR,-0.11430089619566908,-0.2238103615641915
93,MC | F-asym | none | SVR,-0.1806175688428242,-0.11911603589480746
93,MC | F-asym | none | Anchor,-0.1332560728886354,0.0016869453409723636
93,MC | F-asym | none | ICP,-0.06375655874128583,-0.19749691252288085
93,MC | F-asym | z | ENR,-0.16908656053396687,-0.25289202903043345
93,MC | F-asym | z | SVR,-0.28709171477744033,0.04447354231613092
93,MC | F-asym | z | Anchor,-0.29631751788252214,-0.21590333861900896
93,MC | F-asym | z | ICP,-0.07287326269251015,-0.25719757459389525
93,MC | F-riem | none | ENR,-0.05163487996024174,-0.24181392933956591
93,MC | F-riem | none | SVR,-0.47166691499968305,-0.28477768591793434
93,MC | F-riem | none | Anchor,-0.5512257514743271,-0.17628361939851822
93,MC | F-riem | none | ICP,-0.05516395859667944,-0.08800485057644225
93,MC | F-riem | z | ENR,-0.05362252956893143,-0.22193201030613807
93,MC | F-riem | z | SVR,-0.11398852352957478,0.08328607173205665
93,MC | F-riem | z | Anchor,-0.1919243440702485,-0.1044542277325492
93,MC | F-riem | z | ICP,-0.1332640863629886,-0.1353478655049129
93,MC | F-riem | riem | ENR,-0.13128268256929077,-0.035104136732434496
93,MC | F-riem | riem | SVR,-0.1786633291206905,-0.12332168843136837
93,MC | F-riem | riem | Anchor,-0.28495874232260543,0.04038510874953397
93,MC | F-riem | riem | ICP,-0.36395182147568317,-0.1516455003936878
94,noMC | F-band | none | ENR,-0.11019098348860323,-0.18670577457878124
94,noMC | F-band | none | SVR,-0.3385663032075914,-0.10432832240437956
94,noMC | F-band | none | Anchor,-2.880375878200941,-0.25373148280394575
94,noMC | F-band | none | ICP,-0.04683361736394298,-0.16765141374019327
94,noMC | F-band | z | ENR,-0.05250435815546517,0.06962880018362097
94,noMC | F-band | z | SVR,-0.027456458275830098,0.27518956547644835
94,noMC | F-band | z | Anchor,-1.0985212882619733,0.24702616608772607
94,noMC | F-band | z | ICP,-0.03268883485658303,-0.14653370552803568
94,noMC | F-fooof-per | none | ENR,-0.04176094447484502,0.0046394131024219964
94,noMC | F-fooof-per | none | SVR,-0.1463672882298681,0.10933534439014438
94,noMC | F-fooof-per | none | Anchor,0.05633367650786747,0.355728871427418
94,noMC | F-fooof-per | none | ICP,-0.20134691731044518,-0.23457326552548202
94,noMC | F-fooof-per | z | ENR,-0.043426553111163724,-0.26107142910385417
94,noMC | F-fooof-per | z | SVR,-0.1664116699456233,-0.05836550822365866
94,noMC | F-fooof-per | z | Anchor,-0.33938226877935995,-0.011116156865667928
94,noMC | F-fooof-per | z | ICP,-0.028971762196278172,-0.08710043812118629
94,noMC | F-rel | none | ENR,-0.10022936817224593,-0.17806258035557457
94,noMC | F-rel | none | SVR,-0.2052815515464843,-0.042574798231039504
94,noMC | F-rel | none | Anchor,-2.237180305243269,-0.2644180067903761
94,noMC | F-rel | none | ICP,-0.07633059638952733,-0.25116542492684957
94,noMC | F-rel | z | ENR,-0.2220957281726288,-0.053656827303713725
94,noMC | F-rel | z | SVR,-0.35104094848628886,-0.19189127726955094
94,noMC | F-rel | z | Anchor,-1.539149320196333,-0.10482225286378682
94,noMC | F-rel | z | ICP,-0.05189561124005526,0.06065347271088025
94,noMC | F-asym | none | ENR,-0.19429173054656723,-0.18578355597793283
94,noMC | F-asym | none | SVR,-0.45228885194327373,-0.06865438778679278
94,noMC | F-asym | none | Anchor,-0.4554474619911,-0.14824988053390353
94,noMC | F-asym | none | ICP,-0.017029117352388434,-0.09103574800436903
94,noMC | F-asym | z | ENR,-0.7709881481076328,0.2018889187567204
94,noMC | F-asym | z | SVR,-0.06684712925858727,-0.12209533484562883
94,noMC | F-asym | z | Anchor,-0.5219617412999367,0.22755789058871834
94,noMC | F-asym | z | ICP,-0.7141792751698457,0.2448264181366139
94,noMC | F-riem | none | ENR,-0.0696806406458339,-0.19303216491110847
94,noMC | F-riem | none | SVR,-0.23879707496493263,-0.11952421372864147
94,noMC | F-riem | none | Anchor,-2.1403970798398118,-0.0502787755730393
94,noMC | F-riem | none | ICP,-0.056484953597848664,-0.25230055885001584
94,noMC | F-riem | z | ENR,-0.0973380347834274,-0.01860448268602108
94,noMC | F-riem | z | SVR,-0.06961436106424412,0.11830757628446212
94,noMC | F-riem | z | Anchor,-0.6091115486224064,0.33772140345601354
94,noMC | F-riem | z | ICP,-0.06901391201677631,-0.2690199425605565
94,noMC | F-riem | riem | ENR,-0.10044114176365793,-0.042160041079813755
94,noMC | F-riem | riem | SVR,-0.06956905381218292,-0.011173543899085266
94,noMC | F-riem | riem | Anchor,-2.9727866398678127,0.10055873107325419
94,noMC | F-riem | riem | ICP,-0.14778655599653212,-0.038701684057258434
94,MC | F-band | none | ENR,-0.272810502836879,-0.24602622009111186
94,MC | F-band | none | SVR,-0.3091514667666606,-0.2697089405169076
94,MC | F-band | none | Anchor,-0.6594792434582621,-0.3696626269857262
94,MC | F-band | none | ICP,-0.07289079920722852,-0.17012682443789418
94,MC | F-band | z | ENR,-0.0938561994252678,-0.1449079212330011
94,MC | F-band | z | SVR,-0.4052201569536864,-0.15714634048098286
94,MC | F-band | z | Anchor,-0.8495551848392988,0.11434507219057241
94,MC | F-band | z | ICP,-0.04042264023991282,-0.156395268657434
94,MC | F-fooof-per | none | ENR,-0.0515608727381327,-0.10646156079204534
94,MC | F-fooof-per | none | SVR,-0.2363718456946562,0.024315765147119407
94,MC | F-fooof-per | none | Anchor,-0.16059529394139616,0.17895590623919466
94,MC | F-fooof-per | none | ICP,-0.057566515336542556,-0.1830099054919523
94,MC | F-fooof-per | z | ENR,-0.022994193486460146,0.04561922944245189
94,MC | F-fooof-per | z | SVR,-1.3139253479801263,-0.11736458896164645
94,MC | F-fooof-per | z | Anchor,-0.04367947378118231,0.13616755199432834
94,MC | F-fooof-per | z | ICP,0.01382067193347658,0.1537344516530445
94,MC | F-rel | none | ENR,-0.15661467788895767,-0.296128139908649
94,MC | F-rel | none | SVR,-0.19227374186472668,-0.1770082215507629
94,MC | F-rel | none | Anchor,-1.307163513295703,-0.33174347298094964
94,MC | F-rel | none | ICP,-0.07051714785077401,-0.12158136703044156
94,MC | F-rel | z | ENR,-0.0511537253145018,-0.15092319712048927
94,MC | F-rel | z | SVR,-0.25381931082033593,-0.22508585326482686
94,MC | F-rel | z | Anchor,-1.9405864229978476,-0.20615994543849797
94,MC | F-rel | z | ICP,-0.06366621068403155,-0.12895315522892092
94,MC | F-asym | none | ENR,-0.17067086142484467,-0.18906375764817906
94,MC | F-asym | none | SVR,-0.14707569520559494,-0.016889252365815188
94,MC | F-asym | none | Anchor,-0.2818483404940204,-0.09472954721939188
94,MC | F-asym | none | ICP,-0.011754936917136805,-0.025847252300721893
94,MC | F-asym | z | ENR,-0.2271476614310306,-0.09071041185877171
94,MC | F-asym | z | SVR,-0.11868356613252384,-0.1308615784964315
94,MC | F-asym | z | Anchor,-0.427942476626187,-0.06641724040380165
94,MC | F-asym | z | ICP,-0.04258713779172951,-0.30723788305614624
94,MC | F-riem | none | ENR,-0.05061577997819122,-0.2783124958525728
94,MC | F-riem | none | SVR,-0.25243537810631644,-0.22037204940108304
94,MC | F-riem | none | Anchor,-0.7099446242560805,0.1117087255334249
94,MC | F-riem | none | ICP,-0.1503854315011126,-0.14195541115777727
94,MC | F-riem | z | ENR,-0.09158583753433791,-0.07290220513852236
94,MC | F-riem | z | SVR,-0.12167531509593021,0.050242359383800575
94,MC | F-riem | z | Anchor,-0.8108780258700239,0.2006484587801248
94,MC | F-riem | z | ICP,-0.15657914734472422,-0.09113989093080521
94,MC | F-riem | riem | ENR,-0.07393753807551162,-0.0997364052092119
94,MC | F-riem | riem | SVR,-0.08112198299153728,-0.01734633093582611
94,MC | F-riem | riem | Anchor,-0.9255828396720995,0.07084349934912627
94,MC | F-riem | riem | ICP,-0.16367104372872343,-0.07602226049130069
95,noMC | F-band | none | ENR,-0.09691038939892804,-0.44968616888321
95,noMC | F-band | none | SVR,-0.23488484946457988,-0.16430721795024056
95,noMC | F-band | none | Anchor,-0.9066138883168013,-0.4227246786088081
95,noMC | F-band | none | ICP,-0.2169946606281643,-0.39857086687182586
95,noMC | F-band | z | ENR,-0.197090805490864,-0.39169523432641984
95,noMC | F-band | z | SVR,-0.11600835794796382,0.11228495184409232
95,noMC | F-band | z | Anchor,-0.7639778131765647,-0.18011744462833384
95,noMC | F-band | z | ICP,-0.04448526622425475,-0.3417634003035953
95,noMC | F-fooof-per | none | ENR,-0.09795185124667283,-0.4553921134824108
95,noMC | F-fooof-per | none | SVR,-0.24350434229285867,-0.36365024229019693
95,noMC | F-fooof-per | none | Anchor,-0.33831621351827135,-0.26080496112809126
95,noMC | F-fooof-per | none | ICP,-0.18709384400341755,-0.4502050043947241
95,noMC | F-fooof-per | z | ENR,-0.09226945703411937,-0.35386755433307204
95,noMC | F-fooof-per | z | SVR,-0.1454009508850569,-0.05262663090033246
95,noMC | F-fooof-per | z | Anchor,-0.9751694785430534,-0.2150805919120906
95,noMC | F-fooof-per | z | ICP,-0.051081036639778254,-0.2824493443497788
95,noMC | F-rel | none | ENR,-0.056022653174724324,-0.3862635868224412
95,noMC | F-rel | none | SVR,-0.246867526876134,0.0026223228142239347
95,noMC | F-rel | none | Anchor,-0.7818594027738934,-0.4550680272303518
95,noMC | F-rel | none | ICP,-0.3169898669099389,-0.3943222032012572
95,noMC | F-rel | z | ENR,-0.04448526622425475,-0.3417634003035953
95,noMC | F-rel | z | SVR,-0.3101554197942744,-0.28937115221027687
95,noMC | F-rel | z | Anchor,-1.1833892874552974,-0.2441144715700314
95,noMC | F-rel | z | ICP,-0.34779836171394884,-0.37171779777852576
95,noMC | F-asym | none | ENR,-0.07684002924762035,-0.45617542875110334
95,noMC | F-asym | none | SVR,-0.2609495594404456,-0.16735019447188992
95,noMC | F-asym | none | Anchor,-0.330198511822579,-0.4415292512477147
95,noMC | F-asym | none | ICP,-0.04448526622425475,-0.3417634003035953
95,noMC | F-asym | z | ENR,-0.12972520428170853,-0.5168879993049338
95,noMC | F-asym | z | SVR,-0.4234392703725698,-0.467856777462901
95,noMC | F-asym | z | Anchor,-0.5151740213159046,-0.26564258762331905
95,noMC | F-asym | z | ICP,-0.13369131357385045,-0.1600101767295593
95,noMC | F-riem | none | ENR,-0.09370365238085232,-0.31636910320417083
95,noMC | F-riem | none | SVR,-0.3950716684857565,-0.24502096864991768
95,noMC | F-riem | none | Anchor,-0.18648710494801524,-0.19361270599104788
95,noMC | F-riem | none | ICP,-0.06999335230147996,-0.13154790418557138
95,noMC | F-riem | z | ENR,-0.13415244586484087,-0.2925909311555296
95,noMC | F-riem | z | SVR,-0.30024529488257,-0.1996587598265946
95,noMC | F-riem | z | Anchor,-1.9071574871268417,-0.22201982682637336
95,noMC | F-riem | z | ICP,-0.06187539323200242,-0.24919267152133798
95,noMC | F-riem | riem | ENR,-0.07286655052617896,-0.2785488327511636
95,noMC | F-riem | riem | SVR,-0.2489158440558923,-0.3490567252662149
95,noMC | F-riem | riem | Anchor,-2.1488607423236026,-0.09302852034858125
95,noMC | F-riem | riem | ICP,-0.04315963424255154,-0.2239844400435034
95,MC | F-band | none | ENR,-0.28122920572932353,-0.3274519273498351
95,MC | F-band | none | SVR,-0.36143849358600244,-0.2447178286219347
95,MC | F-band | none | Anchor,-0.7142929359982932,-0.32662158526073615
95,MC | F-band | none | ICP,-0.18736615386137356,-0.35872618378640253
95,MC | F-band | z | ENR,-0.18001675826211994,-0.44125548440840795
95,MC | F-band | z | SVR,-0.35103822905782756,-0.15035058236564916
95,MC | F-band | z | Anchor,-0.32334606168599156,-0.04833574725276363
95,MC | F-band | z | ICP,-0.05743549740093923,-0.21997730878953295
95,MC | F-fooof-per | none | ENR,-0.11713137669425766,-0.48510662709897145
95,MC | F-fooof-per | none | SVR,-0.25754578950102447,-0.35531577408998427
95,MC | F-fooof-per | none | Anchor,-0.527146139146065,-0.2762849112946971
95,MC | F-fooof-per | none | ICP,-0.0583788629374673,-0.20683277088512436
95,MC | F-fooof-per | z | ENR,-0.2545000873754262,-0.4203834632194006
95,MC | F-fooof-per | z | SVR,-0.6234604835948423,-0.4506362020887832
95,MC | F-fooof-per | z | Anchor,-0.36542185644875724,-0.4263069132229016
95,MC | F-fooof-per | z | ICP,-0.04689303685872992,-0.3444200493937796
95,MC | F-rel | none | ENR,-0.06745071534933378,-0.4066031519211549
95,MC | F-rel | none | SVR,-0.22780361026302676,-0.1883617967013136
95,MC | F-rel | none | Anchor,-0.9950992171496007,-0.39730810641323533
95,MC | F-rel | none | ICP,-0.04371332365192915,-0.10394550677639057
95,MC | F-rel | z | ENR,-0.18981687973286898,-0.4659730842450591
95,MC | F-rel | z | SVR,-0.24982493276409135,-0.21941031614640724
95,MC | F-rel | z | Anchor,-2.4835530163786976,-0.406047143380887
95,MC | F-rel | z | ICP,-0.06493605531235702,-0.3721785534600582
95,MC | F-asym | none | ENR,-0.2373985673229282,-0.48448229349153876
95,MC | F-asym | none | SVR,-0.39223260536693805,-0.3910132486369887
95,MC | F-asym | none | Anchor,-0.31768361740057927,-0.47114977843834027
95,MC | F-asym | none | ICP,-0.04689303685872992,-0.3444200493937796
95,MC | F-asym | z | ENR,-0.21301361813830888,-0.4624484271350475
95,MC | F-asym | z | SVR,-0.5457179240860521,-0.4228777650735886
95,MC | F-asym | z | Anchor,-0.364117688682984,-0.42118600885558555
95,MC | F-asym | z | ICP,-0.2560523643937558,-0.11455218621721701
95,MC | F-riem | none | ENR,-0.04689303685872992,-0.3444200493937796
95,MC | F-riem | none | SVR,-0.3508985480930842,-0.23593970611553455
95,MC | F-riem | none | Anchor,-0.285288972270513,-0.11451158614707393
95,MC | F-riem | none | ICP,-0.04626212397193008,-0.27509724235961774
95,MC | F-riem | z | ENR,-0.05582721870431917,-0.34966855752054826
95,MC | F-riem | z | SVR,-0.35324022232503216,-0.22003388206803046
95,MC | F-riem | z | Anchor,-2.3048303536007153,-0.22037240446554496
95,MC | F-riem | z | ICP,-0.07697412479034593,-0.24380016051524322
95,MC | F-riem | riem | ENR,-0.0937799396408514,-0.3617165157987293
95,MC | F-riem | riem | SVR,-0.41420852230597927,-0.2380753622196865
95,MC | F-riem | riem | Anchor,-0.34901733668554713,-0.07058186900526506
95,MC | F-riem | riem | ICP,-0.033458004138932074,-0.1621607767359608
96,noMC | F-band | none | ENR,-0.2813494825427245,0.16891624491788731
96,noMC | F-band | none | SVR,-0.17564166643649237,-0.18892032859358338
96,noMC | F-band | none | Anchor,-0.04620985926153942,0.08929632097315832
96,noMC | F-band | none | ICP,0.0015472966794931597,0.07655910272870901
96,noMC | F-band | z | ENR,-0.17638685103896434,-0.22628185558457917
96,noMC | F-band | z | SVR,-0.1595985904575099,-0.2639086894438102
96,noMC | F-band | z | Anchor,-0.36526513927729454,0.14469944778305532
96,noMC | F-band | z | ICP,-0.06033408442005572,-0.34757157030817504
96,noMC | F-fooof-per | none | ENR,-0.2263379481964054,-0.015968974031762923
96,noMC | F-fooof-per | none | SVR,-0.30170001341871777,-0.12542066430675675
96,noMC | F-fooof-per | none | Anchor,-0.20277752653957615,0.031208667869107865
96,noMC | F-fooof-per | none | ICP,-0.06033408442005572,-0.34757157030817504
96,noMC | F-fooof-per | z | ENR,-0.11030659491372141,-0.2596515919866298
96,noMC | F-fooof-per | z | SVR,-0.21422636247928972,-0.05694770141682793
96,noMC | F-fooof-per | z | Anchor,-0.30810469669868246,-0.016639522331612235
96,noMC | F-fooof-per | z | ICP,-0.06832308740943205,-0.1937142285066073
96,noMC | F-rel | none | ENR,-0.06335152512395159,0.007730674632776147
96,noMC | F-rel | none | SVR,-0.19560760084721163,-0.17255918962969555
96,noMC | F-rel | none | Anchor,-0.017836942936847455,0.13529993461100814
96,noMC | F-rel | none | ICP,-0.06033408442005572,-0.34757157030817504
96,noMC | F-rel | z | ENR,-0.19580090212536128,-0.22545200259290024
96,noMC | F-rel | z | SVR,-0.13626209217293073,-0.014140929864979133
96,noMC | F-rel | z | Anchor,-16.559667848451515,-0.26115458159002714
96,noMC | F-rel | z | ICP,-0.06033408442005572,-0.34757157030817504
96,noMC | F-asym | none | ENR,-0.12221216399417667,-0.19388308338169957
96,noMC | F-asym | none | SVR,-0.16452311601362912,-0.08855256951854104
96,noMC | F-asym | none | Anchor,-0.21274714872253342,-0.2592418429543052
96,noMC | F-asym | none | ICP,-0.06033408442005572,-0.34757157030817504
96,noMC | F-asym | z | ENR,-1.5040106542524954,-0.18910867015045663
96,noMC | F-asym | z | SVR,-0.2530361747323713,-0.05163719647769027
96,noMC | F-asym | z | Anchor,-1.056691879739807,-0.23516642282202666
96,noMC | F-asym | z | ICP,-0.04775821927543511,0.11075142238198865
96,noMC | F-riem | none | ENR,-0.07007933972877245,-0.3934909175073833
96,noMC | F-riem | none | SVR,-0.2850297773183015,-0.09636893963818896
96,noMC | F-riem | none | Anchor,-0.49539055487978634,-0.25407389112449047
96,noMC | F-riem | none | ICP,-0.10753356830505978,-0.10397301244265039
96,noMC | F-riem | z | ENR,-0.22998111217342831,-0.351482724006819
96,noMC | F-riem | z | SVR,-0.2089631846347615,-0.23340666173807134
96,noMC | F-riem | z | Anchor,-3.490456131345467,-0.20492397201404655
96,noMC | F-riem | z | ICP,-0.09018986932231665,-0.17542246193014616
96,noMC | F-riem | riem | ENR,-0.15365150559316,-0.3953140740950649
96,noMC | F-riem | riem | SVR,-0.14946076592686852,-0.30794328590571407
96,noMC | F-riem | riem | Anchor,-0.5540776902423399,-0.03549260913608897
96,noMC | F-riem | riem | ICP,-0.09746738088468221,-0.24211988071402293
96,MC | F-band | none | ENR,-0.10817455320467628,-0.1007145655450582
96,MC | F-band | none | SVR,-0.22697561056071436,-0.1630703514608027
96,MC | F-band | none | Anchor,-0.08187308965155604,0.08540503535926025
96,MC | F-band | none | ICP,-0.08187274720451554,-0.3121571567567569
96,MC | F-band | z | ENR,-0.7034779743705519,-0.21895637276156044
96,MC | F-band | z | SVR,-0.7215314211122428,-0.24587323008315884
96,MC | F-band | z | Anchor,-0.22823944806878327,0.09244266703455783
96,MC | F-band | z | ICP,0.023541550332256023,0.1668724442955872
96,MC | F-fooof-per | none | ENR,-0.1987127986595214,-0.09961255047536302
96,MC | F-fooof-per | none | SVR,-0.1033377751524116,0.13024929954849723
96,MC | F-fooof-per | none | Anchor,-0.19215256679632464,0.019002171687975185
96,MC | F-fooof-per | none | ICP,-0.08640242193556458,-0.17416467714095962
96,MC | F-fooof-per | z | ENR,-0.1065124568158462,-0.2733448322921243
96,MC | F-fooof-per | z | SVR,-0.22059519029260133,-0.12391301536648652
96,MC | F-fooof-per | z | Anchor,-0.42036809353685967,-0.02159547835307731
96,MC | F-fooof-per | z | ICP,-0.23438758569757612,0.11109127705819483
96,MC | F-rel | none | ENR,-0.05419811087375992,0.004372602108578498
96,MC | F-rel | none | SVR,-0.3602178056971488,-0.14578424121498573
96,MC | F-rel | none | Anchor,-0.04429391032047558,0.09989890199057187
96,MC | F-rel | none | ICP,-0.06358121271428674,-0.3589647762175081
96,MC | F-rel | z | ENR,-0.11168845708602793,-0.13484744497142673
96,MC | F-rel | z | SVR,-0.08644741882965556,-0.12635210868378038
96,MC | F-rel | z | Anchor,-0.28304264468475293,0.1559209954970876
96,MC | F-rel | z | ICP,-0.06145338300119163,-0.24629829096508993
96,MC | F-asym | none | ENR,-0.13882205140143022,-0.2267669902507798
96,MC | F-asym | none | SVR,-0.1805881835070231,-0.13924125797546233
96,MC | F-asym | none | Anchor,-0.24790057845807567,-0.3126997623287978
96,MC | F-asym | none | ICP,-0.06358121271428674,-0.3589647762175081
96,MC | F-asym | z | ENR,-0.491415102640121,-0.2135755484266661
96,MC | F-asym | z | SVR,-0.432421443691682,-0.1748543303542155
96,MC | F-asym | z | Anchor,-0.6444816206761981,-0.3250832898358381
96,MC | F-asym | z | ICP,-0.06358121271428674,-0.3589647762175081
96,MC | F-riem | none | ENR,-0.08013476774508055,-0.4387292164201818
96,MC | F-riem | none | SVR,-0.49770096537995134,-0.24385421126036494
96,MC | F-riem | none | Anchor,-0.29677589700706686,0.012835178184439225
96,MC | F-riem | none | ICP,-0.2691086056522958,-0.25184825232746133
96,MC | F-riem | z | ENR,-0.07594007104227085,-0.3845571896286518
96,MC | F-riem | z | SVR,-0.8853306285225888,-0.3152532550617887
96,MC | F-riem | z | Anchor,-2.4573805461633245,-0.12123422092780228
96,MC | F-riem | z | ICP,-0.1378102352945887,-0.4064605293021537
96,MC | F-riem | riem | ENR,-0.07570906636892305,-0.3747944196774958
96,MC | F-riem | riem | SVR,-0.16830030705285592,-0.3418543248615482
96,MC | F-riem | riem | Anchor,-0.3799638911829031,-0.028677123763317592
96,MC | F-riem | riem | ICP,-0.09071577729905078,-0.3054985293461083
97,noMC | F-band | none | ENR,-0.2540426572575618,0.1776378306692704
97,noMC | F-band | none | SVR,0.021423786753144047,0.18169327243965927
97,noMC | F-band | none | Anchor,0.07409204935550151,0.3359006541695278
97,noMC | F-band | none | ICP,-0.013038072997791916,0.011299966707620384
97,noMC | F-band | z | ENR,-0.09512313453257892,0.023566868985533566
97,noMC | F-band | z | SVR,-0.10767739645375629,-0.10250245906461433
97,noMC | F-band | z | Anchor,-0.547095927519569,0.20294629994001714
97,noMC | F-band | z | ICP,-0.068499132312555,-0.40541461110514976
97,noMC | F-fooof-per | none | ENR,-0.2015041159990809,-0.18060216668806287
97,noMC | F-fooof-per | none | SVR,-0.15018864791636632,-0.07348314057107397
97,noMC | F-fooof-per | none | Anchor,-0.13843643464760258,-0.031652718050617604
97,noMC | F-fooof-per | none | ICP,-0.06320737269625143,-0.2555852910928014
97,noMC | F-fooof-per | z | ENR,-0.0860669466610895,-0.3883602918439928
97,noMC | F-fooof-per | z | SVR,-0.11748390638374717,-0.0645756731425539
97,noMC | F-fooof-per | z | Anchor,-0.08694970984301165,0.253522880860812
97,noMC | F-fooof-per | z | ICP,-0.07252025120912253,-0.4078139668948899
97,noMC | F-rel | none | ENR,-0.030663714004292464,0.30414122694769463
97,noMC | F-rel | none | SVR,0.1335693612625699,0.3717098781850826
97,noMC | F-rel | none | Anchor,0.08727829595197978,0.3425968035793384
97,noMC | F-rel | none | ICP,-0.068499132312555,-0.40541461110514976
97,noMC | F-rel | z | ENR,-0.14188345697602878,0.14517541182116167
97,noMC | F-rel | z | SVR,-0.17536897344039515,-0.34111426067285516
97,noMC | F-rel | z | Anchor,-0.693726689147619,0.09293041564552149
97,noMC | F-rel | z | ICP,-0.068499132312555,-0.40541461110514976
97,noMC | F-asym | none | ENR,-0.07403504346828704,-0.06275889660725817
97,noMC | F-asym | none | SVR,-0.2334231747525466,0.1963385571745581
97,noMC | F-asym | none | Anchor,-0.41979037563202737,-0.10533640205099026
97,noMC | F-asym | none | ICP,-0.068499132312555,-0.40541461110514976
97,noMC | F-asym | z | ENR,-0.9685263249671998,-0.1444653896454914
97,noMC | F-asym | z | SVR,-0.09760672346048938,0.11220592198794287
97,noMC | F-asym | z | Anchor,-0.9594393719387626,-0.004414802481053498
97,noMC | F-asym | z | ICP,-0.03089214703393539,0.029452105772435087
97,noMC | F-riem | none | ENR,-0.07003150869664632,-0.4115816123838814
97,noMC | F-riem | none | SVR,-0.34410711389357096,-0.3790213632327989
97,noMC | F-riem | none | Anchor,-0.27613242133218785,-0.14879042831331918
97,noMC | F-riem | none | ICP,-0.17804975818120483,-0.14071401344753737
97,noMC | F-riem | z | ENR,-0.33944803241323496,-0.10248449713155999
97,noMC | F-riem | z | SVR,-0.22800489911779565,-0.11077671056142419
97,noMC | F-riem | z | Anchor,-0.9953987568175029,-0.11280679178125443
97,noMC | F-riem | z | ICP,-0.08216138014850638,-0.25695751074706386
97,noMC | F-riem | riem | ENR,-0.40991173976380413,-0.23613833323968533
97,noMC | F-riem | riem | SVR,-0.02902351709067763,0.008064647423154405
97,noMC | F-riem | riem | Anchor,-0.12479705104507977,0.09587406828172898
97,noMC | F-riem | riem | ICP,-0.10303738060180545,-0.23773936165829923
97,MC | F-band | none | ENR,-0.2373747549626113,0.3244351956486793
97,MC | F-band | none | SVR,0.07235157340022236,0.2905209589045874
97,MC | F-band | none | Anchor,-0.37379621001228136,0.3662490407264309
97,MC | F-band | none | ICP,-0.08754473830342602,-0.21223308686409814
97,MC | F-band | z | ENR,-0.21194251482471804,-0.10798314979382545
97,MC | F-band | z | SVR,-0.388014967186753,-0.1490378957946158
97,MC | F-band | z | Anchor,-0.6548922588743664,0.11813902492595861
97,MC | F-band | z | ICP,-0.11511375503171029,-0.21999451467793812
97,MC | F-fooof-per | none | ENR,-0.16056453745438448,-0.10264475904515513
97,MC | F-fooof-per | none | SVR,-0.06160416638720623,0.18633401746204556
97,MC | F-fooof-per | none | Anchor,-0.06835462608471943,0.2621845273786333
97,MC | F-fooof-per | none | ICP,-0.0549609529437165,-0.1564440684910804
97,MC | F-fooof-per | z | ENR,-0.2864672397132042,-0.2706422935822529
97,MC | F-fooof-per | z | SVR,-0.3518799628251086,0.00016901375647145056
97,MC | F-fooof-per | z | Anchor,-0.8866785458801443,0.1334034708734658
97,MC | F-fooof-per | z | ICP,-0.1495774510044101,0.03015217669121737
97,MC | F-rel | none | ENR,0.057007363034368486,0.36552719588056315
97,MC | F-rel | none | SVR,0.12775796258043137,0.36764659004608136
97,MC | F-rel | none | Anchor,-0.17104490290324192,0.34068366385465765
97,MC | F-rel | none | ICP,-0.06909337021605388,-0.4112640271604756
97,MC | F-rel | z | ENR,-0.14146664180806234,0.20785633411418067
97,MC | F-rel | z | SVR,-0.17028431365786,0.18970095463986625
97,MC | F-rel | z | Anchor,-0.3828498256254911,0.39022726605628133
97,MC | F-rel | z | ICP,-0.06909337021605388,-0.4112640271604756
97,MC | F-asym | none | ENR,-0.35290695144991147,-0.1034901269984058
97,MC | F-asym | none | SVR,-0.21978439364181668,0.23192071761545902
97,MC | F-asym | none | Anchor,-0.5474690378857825,-0.11164934604013284
97,MC | F-asym | none | ICP,-0.06909337021605388,-0.4112640271604756
97,MC | F-asym | z | ENR,-0.33139758441594647,-0.17239488164634575
97,MC | F-asym | z | SVR,-0.41655478589485107,-0.056483978786252276
97,MC | F-asym | z | Anchor,-0.5699422848796116,-0.23760717994622324
97,MC | F-asym | z | ICP,-0.14362248952671286,0.10776303834410547
97,MC | F-riem | none | ENR,-0.06909337021605388,-0.4112640271604756
97,MC | F-riem | none | SVR,-0.45121118978620944,-0.236190943665405
97,MC | F-riem | none | Anchor,-0.34164298630848133,-0.12365618968681372
97,MC | F-riem | none | ICP,-0.11323317946146005,-0.2046205269356392
97,MC | F-riem | z | ENR,-0.06909337021605388,-0.4112640271604756
97,MC | F-riem | z | SVR,-0.36479206082286986,-0.3382754411950041
97,MC | F-riem | z | Anchor,-1.1807256787023728,-0.051949338218567814
97,MC | F-riem | z | ICP,-0.1291703408785847,-0.0640027062846605
97,MC | F-riem | riem | ENR,-0.08506335060112491,-0.4296522310680005
97,MC | F-riem | riem | SVR,-0.149180849278429,-0.1984209596069838
97,MC | F-riem | riem | Anchor,-0.2371323179310394,0.03335638851033611
97,MC | F-riem | riem | ICP,-0.10783802986552726,-0.2586015198794505
98,noMC | F-band | none | ENR,-0.13676092470467638,-0.07674087654631676
98,noMC | F-band | none | SVR,-0.2414015218059633,-0.0712935193452369
98,noMC | F-band | none | Anchor,-0.3622908611362927,0.05828612593896088
98,noMC | F-band | none | ICP,-0.0852687018680014,0.18322215324968633
98,noMC | F-band | z | ENR,-0.23832457556136544,-0.16698014499545902
98,noMC | F-band | z | SVR,-0.18860083390776938,-0.15881005486419542
98,noMC | F-band | z | Anchor,-2.6976829593450384,-0.12960556455401312
98,noMC | F-band | z | ICP,-0.08609950389275434,-0.2194215631622044
98,noMC | F-fooof-per | none | ENR,-0.1268329151292764,-0.13080991459909475
98,noMC | F-fooof-per | none | SVR,-0.10488777104246672,-0.009098614311175398
98,noMC | F-fooof-per | none | Anchor,-0.08352985633782284,0.06925598102041784
98,noMC | F-fooof-per | none | ICP,-0.026997963708101924,0.07607727839906304
98,noMC | F-fooof-per | z | ENR,-0.23353512081319172,-0.16269861512440953
98,noMC | F-fooof-per | z | SVR,-0.20602284732379927,-0.1173266416157598
98,noMC | F-fooof-per | z | Anchor,-0.4818329610272962,0.0037011980026335975
98,noMC | F-fooof-per | z | ICP,-0.09111815442649585,-0.05113317659464611
98,noMC | F-rel | none | ENR,-0.18051052683693625,-0.08907149143154319
98,noMC | F-rel | none | SVR,-0.38305677496764456,-0.10610926630845768
98,noMC | F-rel | none | Anchor,-0.7148095510597434,0.05664103233279481
98,noMC | F-rel | none | ICP,-0.13953404437959072,-0.07663176516142597
98,noMC | F-rel | z | ENR,-0.1310973315930526,-0.14137559871413852
98,noMC | F-rel | z | SVR,-0.38371276683830025,-0.17351894941286022
98,noMC | F-rel | z | Anchor,-0.6616916591217838,-0.06025277300355649
98,noMC | F-rel | z | ICP,-0.07654511674469666,0.11144712131211648
98,noMC | F-asym | none | ENR,0.051555949989513405,0.2615358692821145
98,noMC | F-asym | none | SVR,-0.013169771430972865,0.26450276595612743
98,noMC | F-asym | none | Anchor,0.04055312093830554,0.3138824787325229
98,noMC | F-asym | none | ICP,-0.05149153234437631,-0.28500962366958055
98,noMC | F-asym | z | ENR,0.019214045043239425,0.25315569038457486
98,noMC | F-asym | z | SVR,-0.14004536381480448,0.04972390302507153
98,noMC | F-asym | z | Anchor,0.011682877531815405,0.26097912804032664
98,noMC | F-asym | z | ICP,-0.004723987945549846,0.046870400930906324
98,noMC | F-riem | none | ENR,-0.06996121969756008,-0.14246517697920486
98,noMC | F-riem | none | SVR,-0.400671706988724,-0.22634672529324962
98,noMC | F-riem | none | Anchor,-1.0593766043611197,-0.24117629413601316
98,noMC | F-riem | none | ICP,-0.09623176554436319,0.01805356281582339
98,noMC | F-riem | z | ENR,-0.11577417305657423,-0.11230337049193873
98,noMC | F-riem | z | SVR,-0.20625947943563938,-0.13249179430047242
98,noMC | F-riem | z | Anchor,-0.4800765920953287,0.04757293701854476
98,noMC | F-riem | z | ICP,-0.18314040513468322,-0.1221323807026111
98,noMC | F-riem | riem | ENR,-0.06905031615449198,-0.13292371991849342
98,noMC | F-riem | riem | SVR,-0.1128927631059986,-0.1662533222024748
98,noMC | F-riem | riem | Anchor,-0.6793575320619292,0.0033762201209413777
98,noMC | F-riem | riem | ICP,-0.276905271363697,-0.02126959116811635
98,MC | F-band | none | ENR,-0.11875606288037854,0.006008581828769864
98,MC | F-band | none | SVR,-0.16921990400987852,-0.04926095984543205
98,MC | F-band | none | Anchor,-0.1710837682140216,0.10266995940678411
98,MC | F-band | none | ICP,-0.07503658993686035,0.01644736308126185
98,MC | F-band | z | ENR,-1.0086917973004268,-0.12659682342686437
98,MC | F-band | z | SVR,-0.2045051424224238,-0.10907416934831059
98,MC | F-band | z | Anchor,-2.685739156899517,-0.08922019846600698
98,MC | F-band | z | ICP,-0.08111971605572377,-0.1562812285922953
98,MC | F-fooof-per | none | ENR,-0.082095598422957,-0.08533856790085848
98,MC | F-fooof-per | none | SVR,-0.24563042530515777,-0.08662762815318635
98,MC | F-fooof-per | none | Anchor,-0.02635917365193685,0.13940465560800097
98,MC | F-fooof-per | none | ICP,-0.023996012546653622,0.09099426668176225
98,MC | F-fooof-per | z | ENR,-0.11442377638378276,-0.1448532911734857
98,MC | F-fooof-per | z | SVR,-0.30001986825028326,-0.16539656925026752
98,MC | F-fooof-per | z | Anchor,-0.33929831078052985,-0.15079229103734934
98,MC | F-fooof-per | z | ICP,-0.11515177100526697,-0.06049328493927869
98,MC | F-rel | none | ENR,-0.12849563676497078,-0.0989243462440057
98,MC | F-rel | none | SVR,-0.20460190007428114,-0.20636293056866425
98,MC | F-rel | none | Anchor,-0.3007800357429291,0.030493766143074218
98,MC | F-rel | none | ICP,-0.1336152318580277,-0.050011357271813175
98,MC | F-rel | z | ENR,-0.20254495244674686,-0.09194140478692275
98,MC | F-rel | z | SVR,-0.12243992409357496,0.05525791225397311
98,MC | F-rel | z | Anchor,-0.5515717774541076,0.016210526574709484
98,MC | F-rel | z | ICP,-0.2841487690227975,-0.10656386729851902
98,MC | F-asym | none | ENR,0.03540160835707695,0.22047896144346948
98,MC | F-asym | none | SVR,-0.025837835692999134,0.18787019087823592
98,MC | F-asym | none | Anchor,-0.041043783412164636,0.2125718084453753
98,MC | F-asym | none | ICP,-0.054977669957810615,-0.2833532855021628
98,MC | F-asym | z | ENR,0.0074559519703409904,0.19588202625037135
98,MC | F-asym | z | SVR,-0.18876826984977235,0.10362380026224932
98,MC | F-asym | z | Anchor,-0.10778315835971597,0.16276585081058342
98,MC | F-asym | z | ICP,-0.0004858105513017019,0.09781910350409281
98,MC | F-riem | none | ENR,-0.15246109312002076,-0.14178017936995058
98,MC | F-riem | none | SVR,-0.4194361105191653,-0.243060211586008
98,MC | F-riem | none | Anchor,-0.8865608931520683,-0.15329279289684586
98,MC | F-riem | none | ICP,-0.2374494944723542,-0.10925088488333037
98,MC | F-riem | z | ENR,-0.24193867473380148,-0.08568050998470025
98,MC | F-riem | z | SVR,-0.10368993169142993,-0.01995695120636281
98,MC | F-riem | z | Anchor,-0.20218287813172942,0.1791679200647397
98,MC | F-riem | z | ICP,-0.06872852032740706,-0.17122865801716924
98,MC | F-riem | riem | ENR,-0.36963538607225055,-0.10576218911313784
98,MC | F-riem | riem | SVR,-0.12323787556455446,-0.023773649500823474
98,MC | F-riem | riem | Anchor,-1.1577746270346356,-0.03997639368917302
98,MC | F-riem | riem | ICP,-0.3748067283109129,-0.04136740282636033
99,noMC | F-band | none | ENR,-0.04851167250657329,-0.21408012952091293
99,noMC | F-band | none | SVR,-0.02317871634964641,0.23115525185579122
99,noMC | F-band | none | Anchor,-0.5394815484570168,-0.2136808966989187
99,noMC | F-band | none | ICP,-0.22721500890376922,-0.17220989203386558
99,noMC | F-band | z | ENR,-0.06215580399446341,-0.16873767641078352
99,noMC | F-band | z | SVR,-0.12676786642182436,-0.22364363002892435
99,noMC | F-band | z | Anchor,-2.1125799680245962,0.009667433359809297
99,noMC | F-band | z | ICP,-0.037310214457883184,-0.23080797198201153
99,noMC | F-fooof-per | none | ENR,-0.06469925773208862,-0.2298537510871479
99,noMC | F-fooof-per | none | SVR,-0.16737091365771928,0.06960961650869911
99,noMC | F-fooof-per | none | Anchor,-0.2975834946120808,0.11963194616749993
99,noMC | F-fooof-per | none | ICP,-0.07745668353421409,-0.1861004900645153
99,noMC | F-fooof-per | z | ENR,-0.0716518923174696,-0.14380903261225955
99,noMC | F-fooof-per | z | SVR,-0.19267439790736884,0.007037191138289232
99,noMC | F-fooof-per | z | Anchor,-0.5023570497172591,0.05842656450231745
99,noMC | F-fooof-per | z | ICP,-0.07216258184405322,-0.1924194961551678
99,noMC | F-rel | none | ENR,-0.07868696963943544,-0.21183755005997595
99,noMC | F-rel | none | SVR,-0.1943754262887345,0.16012611625817144
99,noMC | F-rel | none | Anchor,-1.2907874273249926,-0.08748046068559076
99,noMC | F-rel | none | ICP,-0.14542062456201377,-0.19084157784706712
99,noMC | F-rel | z | ENR,-0.03859094235402627,-0.24303111929733062
99,noMC | F-rel | z | SVR,-0.18101909921777093,-0.17908547588863954
99,noMC | F-rel | z | Anchor,-1.093180246470026,-0.1932909012944915
99,noMC | F-rel | z | ICP,-0.037310214457883184,-0.23080797198201153
99,noMC | F-asym | none | ENR,-0.07503437690490555,-0.18866186983977337
99,noMC | F-asym | none | SVR,-0.20715703653099538,-0.20114748570647356
99,noMC | F-asym | none | Anchor,-0.16857986506367206,-0.06826448318797172
99,noMC | F-asym | none | ICP,-0.037310214457883184,-0.23080797198201153
99,noMC | F-asym | z | ENR,-0.0578614241599007,-0.2574937480821822
99,noMC | F-asym | z | SVR,0.011631813378336187,0.16935870684187593
99,noMC | F-asym | z | Anchor,-0.1673379767231098,0.28697804116355247
99,noMC | F-asym | z | ICP,-0.13645069528100873,0.004424929854753741
99,noMC | F-riem | none | ENR,-0.037310214457883184,-0.23080797198201153
99,noMC | F-riem | none | SVR,-0.6062607409933451,-0.1413590858437238
99,noMC | F-riem | none | Anchor,-0.40117286706944677,-0.15950673889848763
99,noMC | F-riem | none | ICP,-0.028559811090380638,-0.10052387392413673
99,noMC | F-riem | z | ENR,-0.043647642867192804,-0.18950093363879342
99,noMC | F-riem | z | SVR,-0.08502022954984945,-0.04195718223651078
99,noMC | F-riem | z | Anchor,-0.28188924545112637,0.01543766710153939
99,noMC | F-riem | z | ICP,-0.3639855808585608,-0.0423367320886011
99,noMC | F-riem | riem | ENR,-0.07228893929311342,-0.08865365659683898
99,noMC | F-riem | riem | SVR,-0.08856283710370749,-0.024892237828799308
99,noMC | F-riem | riem | Anchor,-0.23158058801871007,0.07842829727024977
99,noMC | F-riem | riem | ICP,-0.08273629879946465,-0.19561101515632656
99,MC | F-band | none | ENR,-0.04734775520018286,-0.22411683715345732
99,MC | F-band | none | SVR,-0.17457567245879013,-0.17612513072677527
99,MC | F-band | none | Anchor,-0.258071425521214,-0.19652549098791705
99,MC | F-band | none | ICP,-0.2637451803151265,-0.17093577380918165
99,MC | F-band | z | ENR,-0.03867261193551563,-0.22986317540274748
99,MC | F-band | z | SVR,-0.16785874543311574,-0.17689424889045144
99,MC | F-band | z | Anchor,-2.003361383575636,0.04788359875269632
99,MC | F-band | z | ICP,-0.03867261193551563,-0.22986317540274748
99,MC | F-fooof-per | none | ENR,-0.2865454790787465,-0.022289578009967222
99,MC | F-fooof-per | none | SVR,-0.09083363804290756,0.012228610510539355
99,MC | F-fooof-per | none | Anchor,-0.42835963610762007,0.029893143330417038
99,MC | F-fooof-per | none | ICP,-0.09741780460017702,-0.1106511348007228
99,MC | F-fooof-per | z | ENR,-0.09023673622698647,-0.15237341122535147
99,MC | F-fooof-per | z | SVR,-0.21127093544152764,-0.19402107933419166
99,MC | F-fooof-per | z | Anchor,-0.3852759108063786,-0.04761032689564204
99,MC | F-fooof-per | z | ICP,-0.21604269337934845,-0.08120052905808364
99,MC | F-rel | none | ENR,-0.0645164064123438,-0.2329563096492816
99,MC | F-rel | none | SVR,-0.2226316783441178,0.02989921937575516
99,MC | F-rel | none | Anchor,-1.8577074172646184,-0.1632509391806618
99,MC | F-rel | none | ICP,-0.2197121739710317,-0.16906546219974655
99,MC | F-rel | z | ENR,-0.03867261193551563,-0.22986317540274748
99,MC | F-rel | z | SVR,-0.16794033115472584,-0.15557833103221627
99,MC | F-rel | z | Anchor,-2.027782955122886,-0.19018110053852236
99,MC | F-rel | z | ICP,-0.07593429854706879,-0.1197601186118507
99,MC | F-asym | none | ENR,-0.089939925996392,-0.15144462775857415
99,MC | F-asym | none | SVR,-0.4584819310673427,-0.06844429591663001
99,MC | F-asym | none | Anchor,-0.19095870778653423,-0.06169007687791407
99,MC | F-asym | none | ICP,-0.08260822698469417,-0.17668474917129834
99,MC | F-asym | z | ENR,-0.08096073562854289,-0.13672260216288173
99,MC | F-asym | z | SVR,-0.2420678034613193,-0.03003405815543698
99,MC | F-asym | z | Anchor,-0.12047893258921194,-0.014071190963214061
99,MC | F-asym | z | ICP,-0.13280205893785269,-0.084454667370397
99,MC | F-riem | none | ENR,-0.08015163087300792,-0.13119963870019058
99,MC | F-riem | none | SVR,-0.34389776380474446,-0.10590457514993186
99,MC | F-riem | none | Anchor,-0.4066891775993249,0.09699304303166084
99,MC | F-riem | none | ICP,-0.21201432753720262,-0.1317912850503271
99,MC | F-riem | z | ENR,-0.0681767429313429,0.033167850302735565
99,MC | F-riem | z | SVR,-0.1714444856449624,-0.07674013833714996
99,MC | F-riem | z | Anchor,-0.04654348990076751,0.1831675183291771
99,MC | F-riem | z | ICP,-0.014638934429083594,0.16382207371864677
99,MC | F-riem | riem | ENR,-0.03969258933630515,0.013958494507114984
99,MC | F-riem | riem | SVR,-0.1488335925942501,-0.04620867005384575
99,MC | F-riem | riem | Anchor,-0.1614246631724201,0.15897193393934858
99,MC | F-riem | riem | ICP,-0.12018305061277434,-0.08675831424732884
