draw,cell,R2,r
0,noMC | F-fooof-full | none | ENR,-0.20756050999844056,-0.29448351201751005
0,noMC | F-fooof-full | none | ENR+time,-0.24110812072707621,-0.2950039750312913
0,noMC | F-fooof-full | none | SVR,-0.25226454747837135,-0.1699582815991255
0,noMC | F-fooof-full | none | SVR+time,-0.17733663257211685,0.0009829717815567907
0,noMC | F-fooof-full | none | Anchor,-0.19353914555260587,-0.11463284759135452
0,noMC | F-fooof-full | none | ICP,-0.06583002441043706,-0.3678004253691724
0,noMC | F-fooof-full | z | ENR,-0.17825406352798434,-0.20984910868510193
0,noMC | F-fooof-full | z | ENR+time,-0.17971088977268734,-0.20888852544117892
0,noMC | F-fooof-full | z | SVR,-0.31849642773442266,-0.2824242610896328
0,noMC | F-fooof-full | z | SVR+time,-0.3846974463260009,-0.3073276042396318
0,noMC | F-fooof-full | z | Anchor,-1.0742024951070848,-0.1840101384421942
0,noMC | F-fooof-full | z | ICP,-0.03511498458754936,0.10427158606624969
0,noMC | F-fooof-aper | none | ENR,-0.0710003622095734,-0.35561003970431365
0,noMC | F-fooof-aper | none | ENR+time,-0.0710003622095734,-0.35561003970431365
0,noMC | F-fooof-aper | none | SVR,-0.18102819102109557,-0.2872772519475081
0,noMC | F-fooof-aper | none | SVR+time,-0.32879484875837806,-0.13836846082820004
0,noMC | F-fooof-aper | none | Anchor,-0.1294372866287714,-0.2552729033647584
0,noMC | F-fooof-aper | none | ICP,-0.1065650155387381,-0.3696895321156497
0,noMC | F-fooof-aper | z | ENR,-0.06583002441043706,-0.3678004253691724
0,noMC | F-fooof-aper | z | ENR+time,-0.06583002441043706,-0.3678004253691724
0,noMC | F-fooof-aper | z | SVR,-0.7110520416043624,-0.131296993138249
0,noMC | F-fooof-aper | z | SVR+time,-0.7141737685958975,-0.16741742176016394
0,noMC | F-fooof-aper | z | Anchor,-0.4378380427807729,-0.447265266156466
0,noMC | F-fooof-aper | z | ICP,-0.2727867993836248,-0.46410338198131407
0,noMC | F-fooof-rel | none | ENR,-0.05936132614098555,0.1664604527611861
0,noMC | F-fooof-rel | none | ENR+time,-0.04943558571026174,0.1856282507020709
0,noMC | F-fooof-rel | none | SVR,-0.1239390218769838,0.10758958282513419
0,noMC | F-fooof-rel | none | SVR+time,-0.18055612147074074,-0.009106571635521574
0,noMC | F-fooof-rel | none | Anchor,-0.1065063333291858,0.23315497778781233
0,noMC | F-fooof-rel | none | ICP,-0.06583002441043706,-0.3678004253691724
0,noMC | F-fooof-rel | z | ENR,-0.1259887945436391,-0.050866315120852386
0,noMC | F-fooof-rel | z | ENR+time,-0.40214614234913837,-0.1363540726315177
0,noMC | F-fooof-rel | z | SVR,-0.8842469338395385,-0.2630161817948615
0,noMC | F-fooof-rel | z | SVR+time,-1.9727375331798327,-0.2694610937241938
0,noMC | F-fooof-rel | z | Anchor,-2.377450462221202,0.24365831127489
0,noMC | F-fooof-rel | z | ICP,-0.06871457175435403,-0.3708656827393474
0,noMC | F-fooof-asym | none | ENR,-0.21773416245669397,-0.17231862776853457
0,noMC | F-fooof-asym | none | ENR+time,-0.17692149123901824,-0.12541843555441315
0,noMC | F-fooof-asym | none | SVR,-0.2773127186872375,-0.07248865644005313
0,noMC | F-fooof-asym | none | SVR+time,-0.33792266372101465,-0.027125194964006664
0,noMC | F-fooof-asym | none | Anchor,-0.20449066900926383,-0.13766006615755055
0,noMC | F-fooof-asym | none | ICP,-0.06583002441043706,-0.3678004253691724
0,noMC | F-fooof-asym | z | ENR,-5.741282845393539,-0.25541005334538364
0,noMC | F-fooof-asym | z | ENR+time,-1.8128369975928336,-0.24062631284207497
0,noMC | F-fooof-asym | z | SVR,0.1006147974754128,0.36741505552775655
0,noMC | F-fooof-asym | z | SVR+time,0.06727481968646098,0.33666140851857684
0,noMC | F-fooof-asym | z | Anchor,-3.8698689101935884,-0.188968404718259
0,noMC | F-fooof-asym | z | ICP,-0.05452850433419765,-0.19389100752282734
0,noMC | F-fooof-riem | riem | ENR,-0.2720724182927099,0.09575113768465202
0,noMC | F-fooof-riem | riem | ENR+time,-0.19965818087100873,0.126493036293002
0,noMC | F-fooof-riem | riem | SVR,-0.21532204556703838,-0.011036134146286222
0,noMC | F-fooof-riem | riem | SVR+time,-0.20019947882349198,-0.12009933549514729
0,noMC | F-fooof-riem | riem | Anchor,-0.6058221253213465,0.17958144686687516
0,noMC | F-fooof-riem | riem | ICP,-0.06599973163367379,-0.3677915115321182
0,MC | F-fooof-full | none | ENR,-0.31591694152336136,-0.367758770070227
0,MC | F-fooof-full | none | ENR+time,-0.1906149463923139,-0.2815872843172236
0,MC | F-fooof-full | none | SVR,-0.23678374577071404,-0.18455369068708904
0,MC | F-fooof-full | none | SVR+time,-0.3606248481739429,-0.17931084053070417
0,MC | F-fooof-full | none | Anchor,-0.22832613311728722,0.11130778290125173
0,MC | F-fooof-full | none | ICP,-0.07716894407325592,-0.12967319124763896
0,MC | F-fooof-full | z | ENR,-0.2319718112295679,-0.2682686866622015
0,MC | F-fooof-full | z | ENR+time,-0.1629796939622763,-0.25094702731938756
0,MC | F-fooof-full | z | SVR,-0.3238014331335961,-0.21292623890082302
0,MC | F-fooof-full | z | SVR+time,-0.30971917720752296,-0.2498462942899149
0,MC | F-fooof-full | z | Anchor,-0.3047610674893473,0.0660654782955004
0,MC | F-fooof-full | z | ICP,-0.11812470936212383,-0.06632781473691848
0,MC | F-fooof-aper | none | ENR,-0.10385698403484822,-0.24503593360848924
0,MC | F-fooof-aper | none | ENR+time,-0.0784040493849969,-0.34067144580689235
0,MC | F-fooof-aper | none | SVR,-0.15261005365134817,-0.21023691422403867
0,MC | F-fooof-aper | none | SVR+time,-0.25773683287355276,-0.09381201911701956
0,MC | F-fooof-aper | none | Anchor,-0.14058943058295648,-0.2651194778017939
0,MC | F-fooof-aper | none | ICP,-0.1744156989700063,-0.24655984736211725
0,MC | F-fooof-aper | z | ENR,-0.06700751435626384,-0.3677603397311481
0,MC | F-fooof-aper | z | ENR+time,-0.06700751435626384,-0.3677603397311481
0,MC | F-fooof-aper | z | SVR,-0.5155813563639875,-0.17892287107078877
0,MC | F-fooof-aper | z | SVR+time,-0.4337105323696122,-0.12695496751444846
0,MC | F-fooof-aper | z | Anchor,-0.39183336012297043,-0.4388472990692731
0,MC | F-fooof-aper | z | ICP,-0.2381718567285247,-0.19085256595045852
0,MC | F-fooof-rel | none | ENR,-0.2115203191904642,0.035946214142316066
0,MC | F-fooof-rel | none | ENR+time,-0.2120372492872722,0.03926776581432396
0,MC | F-fooof-rel | none | SVR,-0.15013808423267072,-0.056198497942983525
0,MC | F-fooof-rel | none | SVR+time,-0.3139543077295306,-0.1823823984320615
0,MC | F-fooof-rel | none | Anchor,-0.1885970885739412,0.132695867815753
0,MC | F-fooof-rel | none | ICP,-0.06439908325576926,-0.30930411167665517
0,MC | F-fooof-rel | z | ENR,-0.6441284678527186,-0.2884887350732991
0,MC | F-fooof-rel | z | ENR+time,-0.645781336114474,-0.28967950754625316
0,MC | F-fooof-rel | z | SVR,-0.6378252972905907,-0.2439084144564459
0,MC | F-fooof-rel | z | SVR+time,-0.15079514041122066,-0.1333929275504061
0,MC | F-fooof-rel | z | Anchor,-0.8945599457065925,-0.001661376112922934
0,MC | F-fooof-rel | z | ICP,-0.06700751435626384,-0.3677603397311481
0,MC | F-fooof-asym | none | ENR,-0.25538042720227017,-0.17487753589716606
0,MC | F-fooof-asym | none | ENR+time,-0.25010508096352946,-0.17594521567491272
0,MC | F-fooof-asym | none | SVR,-0.18556199147743002,-0.09610981221679783
0,MC | F-fooof-asym | none | SVR+time,-0.26131391194978915,-0.1227005001321663
0,MC | F-fooof-asym | none | Anchor,-0.26183240458184565,-0.08969873189133754
0,MC | F-fooof-asym | none | ICP,-0.06700751435626384,-0.3677603397311481
0,MC | F-fooof-asym | z | ENR,-2.0724232373902693,-0.3164778977278135
0,MC | F-fooof-asym | z | ENR+time,-1.9359222294804628,-0.3007028909300499
0,MC | F-fooof-asym | z | SVR,-0.1283000363159088,-0.09166541547237601
0,MC | F-fooof-asym | z | SVR+time,-0.39014889104105643,-0.17837487054007528
0,MC | F-fooof-asym | z | Anchor,-1.9014932068499188,-0.27731677773260843
0,MC | F-fooof-asym | z | ICP,-0.12158064514876865,-0.20068799013138017
0,MC | F-fooof-riem | riem | ENR,-0.1578172464077945,-0.12051354943188383
0,MC | F-fooof-riem | riem | ENR+time,-0.13214182397350838,-0.14646195858979322
0,MC | F-fooof-riem | riem | SVR,-0.17048249416966232,-0.1185107021020045
0,MC | F-fooof-riem | riem | SVR+time,-0.23687867962875386,-0.2724402592030924
0,MC | F-fooof-riem | riem | Anchor,-0.3242877271507938,0.03835902260632028
0,MC | F-fooof-riem | riem | ICP,-0.042526377090438494,-0.20945951092384452
1,noMC | F-fooof-full | none | ENR,-0.14383160893975444,-0.24797526947293996
1,noMC | F-fooof-full | none | ENR+time,-0.14383160893975444,-0.24797526947293996
1,noMC | F-fooof-full | none | SVR,-0.24248548090361566,-0.1391317205910779
1,noMC | F-fooof-full | none | SVR+time,-0.17313399342204994,-0.193243208373194
1,noMC | F-fooof-full | none | Anchor,-0.5053390235737711,-0.28080780450755966
1,noMC | F-fooof-full | none | ICP,-0.07238018767763799,-0.20776800651817326
1,noMC | F-fooof-full | z | ENR,-0.04468072585425187,-0.31447802238764355
1,noMC | F-fooof-full | z | ENR+time,-0.04468072585425187,-0.31447802238764355
1,noMC | F-fooof-full | z | SVR,-0.23907846266855648,-0.30566359179423785
1,noMC | F-fooof-full | z | SVR+time,-0.11495991842908815,-0.10358191067908394
1,noMC | F-fooof-full | z | Anchor,-0.7432620240209169,-0.2904719968075329
1,noMC | F-fooof-full | z | ICP,-0.08114696940040145,-0.26375528898258754
1,noMC | F-fooof-aper | none | ENR,-0.10798385263436439,-0.2765495757930594
1,noMC | F-fooof-aper | none | ENR+time,-0.10798385263436439,-0.2765495757930594
1,noMC | F-fooof-aper | none | SVR,-0.3157083089310857,-0.35294351188854967
1,noMC | F-fooof-aper | none | SVR+time,-0.2641933764319797,-0.13976525624258912
1,noMC | F-fooof-aper | none | Anchor,-0.1611662164997425,-0.2508100249698436
1,noMC | F-fooof-aper | none | ICP,-0.16430553716366503,-0.24980219554907745
1,noMC | F-fooof-aper | z | ENR,-0.09299883273823228,-0.28914197285938126
1,noMC | F-fooof-aper | z | ENR+time,-0.10819133154833094,-0.23785045799027893
1,noMC | F-fooof-aper | z | SVR,-0.11288184640711418,-0.19702642800972744
1,noMC | F-fooof-aper | z | SVR+time,-0.2844126642779883,-0.1647310309549172
1,noMC | F-fooof-aper | z | Anchor,-0.12320501380844551,-0.14276296467593708
1,noMC | F-fooof-aper | z | ICP,-0.0814150842005481,-0.2960409102301224
1,noMC | F-fooof-rel | none | ENR,-0.17320355108084806,-0.30068087562799717
1,noMC | F-fooof-rel | none | ENR+time,-0.1840216599838509,-0.29756471850908617
1,noMC | F-fooof-rel | none | SVR,-0.20061322418239969,-0.27761813471896146
1,noMC | F-fooof-rel | none | SVR+time,-0.304500682551615,-0.2863730592832455
1,noMC | F-fooof-rel | none | Anchor,-0.6988463975684345,-0.27067412989718453
1,noMC | F-fooof-rel | none | ICP,-0.04238357376906432,-0.3136703372257003
1,noMC | F-fooof-rel | z | ENR,-0.0812713830923717,-0.3373568144406072
1,noMC | F-fooof-rel | z | ENR+time,-0.3120958989204574,-0.2900326435813377
1,noMC | F-fooof-rel | z | SVR,-0.19750473005258828,-0.2843576743991247
1,noMC | F-fooof-rel | z | SVR+time,-0.10712196993760847,-0.11148506529795255
1,noMC | F-fooof-rel | z | Anchor,-3.9965626335021938,-0.17476422315702275
1,noMC | F-fooof-rel | z | ICP,-0.033918173922169004,-0.06325577635597732
1,noMC | F-fooof-asym | none | ENR,-0.4747472217900939,-0.2767549641875276
1,noMC | F-fooof-asym | none | ENR+time,-0.17963545835524442,-0.21834492213532736
1,noMC | F-fooof-asym | none | SVR,-0.3936420710736206,-0.23004314409779214
1,noMC | F-fooof-asym | none | SVR+time,-0.3083756304984746,-0.2299493557386886
1,noMC | F-fooof-asym | none | Anchor,-0.5928256515304149,-0.203653962956101
1,noMC | F-fooof-asym | none | ICP,-0.04135480064230568,-0.007267753707272985
1,noMC | F-fooof-asym | z | ENR,-0.2241211420226643,-0.13702170661027263
1,noMC | F-fooof-asym | z | ENR+time,-0.413954674217651,-0.10423575201861465
1,noMC | F-fooof-asym | z | SVR,-0.39618793546070497,-0.06131966731902612
1,noMC | F-fooof-asym | z | SVR+time,-0.1501447867335699,-0.16892533611089544
1,noMC | F-fooof-asym | z | Anchor,-0.46149568310796973,-0.11186309494873681
1,noMC | F-fooof-asym | z | ICP,-0.04238357376906432,-0.3136703372257003
1,noMC | F-fooof-riem | riem | ENR,-0.1606168517946891,-0.1917425675730086
1,noMC | F-fooof-riem | riem | ENR+time,-0.15372831752496974,-0.19560784792879735
1,noMC | F-fooof-riem | riem | SVR,-0.19972486776101706,-0.24053044566601958
1,noMC | F-fooof-riem | riem | SVR+time,-0.23551688860409659,-0.3320090196057162
1,noMC | F-fooof-riem | riem | Anchor,-0.3709700702622074,-0.0714905052993539
1,noMC | F-fooof-riem | riem | ICP,-0.042814622398314794,-0.2672155300057893
1,MC | F-fooof-full | none | ENR,-0.04352119586593828,-0.3065216885443561
1,MC | F-fooof-full | none | ENR+time,-0.04352119586593828,-0.30652168854435613
1,MC | F-fooof-full | none | SVR,-0.38496175174226854,-0.25074966335390064
1,MC | F-fooof-full | none | SVR+time,-0.2553207902599688,-0.1779184241348575
1,MC | F-fooof-full | none | Anchor,-0.13753996647073508,-0.06831087996972518
1,MC | F-fooof-full | none | ICP,-0.11183376862265537,-0.32393032745623973
1,MC | F-fooof-full | z | ENR,-0.1299459717407654,-0.13885578222270756
1,MC | F-fooof-full | z | ENR+time,-0.1146748519406029,-0.14784985494653488
1,MC | F-fooof-full | z | SVR,-0.4011135036197513,-0.2898832608102304
1,MC | F-fooof-full | z | SVR+time,-0.09063414173432216,-0.04709945103121551
1,MC | F-fooof-full | z | Anchor,-0.6215671642245322,-0.14273441458232328
1,MC | F-fooof-full | z | ICP,-0.06872426069332693,-0.04967617528801313
1,MC | F-fooof-aper | none | ENR,-0.04352119586593828,-0.30652168854435613
1,MC | F-fooof-aper | none | ENR+time,-0.04352119586593828,-0.30652168854435613
1,MC | F-fooof-aper | none | SVR,-0.39412535426322903,-0.324017109346628
1,MC | F-fooof-aper | none | SVR+time,-0.44657478796509964,-0.32546801213703236
1,MC | F-fooof-aper | none | Anchor,-0.15490228994624933,-0.2841444012656573
1,MC | F-fooof-aper | none | ICP,-0.04352119586593828,-0.3065216885443561
1,MC | F-fooof-aper | z | ENR,-0.0711503959825639,-0.12202654609506429
1,MC | F-fooof-aper | z | ENR+time,-0.06145219162927895,-0.25130824143722874
1,MC | F-fooof-aper | z | SVR,-0.2311456444830875,-0.12374459222530784
1,MC | F-fooof-aper | z | SVR+time,-0.2018097196078219,-0.03812518797360219
1,MC | F-fooof-aper | z | Anchor,-0.06421152805702857,-0.09224312738801349
1,MC | F-fooof-aper | z | ICP,-0.04645972281666433,-0.14153205463400054
1,MC | F-fooof-rel | none | ENR,-0.06751625677737305,-0.31163757751986454
1,MC | F-fooof-rel | none | ENR+time,-0.11939581839262736,-0.2750333889728642
1,MC | F-fooof-rel | none | SVR,-0.24785048494194384,-0.39437697314596676
1,MC | F-fooof-rel | none | SVR+time,-0.24859702313917187,-0.33845811088216515
1,MC | F-fooof-rel | none | Anchor,-0.4063633345591309,-0.23665867470246124
1,MC | F-fooof-rel | none | ICP,-0.03841210736019507,0.02901900587248723
1,MC | F-fooof-rel | z | ENR,-0.04352119586593828,-0.30652168854435624
1,MC | F-fooof-rel | z | ENR+time,-0.3311265158348913,-0.25106503020964627
1,MC | F-fooof-rel | z | SVR,-0.2510887215670303,-0.315999371424872
1,MC | F-fooof-rel | z | SVR+time,-0.1393554988430563,-0.20630962357658766
1,MC | F-fooof-rel | z | Anchor,-0.7241413343672645,-0.21847511147019968
1,MC | F-fooof-rel | z | ICP,-0.06421768924698679,-0.27406956944956495
1,MC | F-fooof-asym | none | ENR,-0.11021417487474028,-0.18674628118269537
1,MC | F-fooof-asym | none | ENR+time,-0.17841626510589048,-0.23067142304063004
1,MC | F-fooof-asym | none | SVR,-0.4691866873341539,-0.2483326019024288
1,MC | F-fooof-asym | none | SVR+time,-0.38385714231309853,-0.25249808021483605
1,MC | F-fooof-asym | none | Anchor,-0.23196706037138437,-0.14794959702684396
1,MC | F-fooof-asym | none | ICP,-0.10743841274443522,-0.24112522773282358
1,MC | F-fooof-asym | z | ENR,-0.17371876210607629,-0.26181762167058364
1,MC | F-fooof-asym | z | ENR+time,-0.09547307876680877,-0.20338171974762592
1,MC | F-fooof-asym | z | SVR,-0.19522184177115642,-0.2581905064673963
1,MC | F-fooof-asym | z | SVR+time,-0.1604503562028372,-0.16611110685616964
1,MC | F-fooof-asym | z | Anchor,-0.13560777122865053,-0.1989597111486303
1,MC | F-fooof-asym | z | ICP,-0.057345734358717815,0.04766220741003881
1,MC | F-fooof-riem | riem | ENR,-0.04548761605382601,-0.29729900908883283
1,MC | F-fooof-riem | riem | ENR+time,-0.04548761605382601,-0.29729900908883283
1,MC | F-fooof-riem | riem | SVR,-0.12299150407999981,-0.013714446513321384
1,MC | F-fooof-riem | riem | SVR+time,-0.18161906347387258,-0.26245512034695645
1,MC | F-fooof-riem | riem | Anchor,-0.3593596431902377,-0.22264827819516395
1,MC | F-fooof-riem | riem | ICP,-0.043282950304745826,-0.20013147136617745
2,noMC | F-fooof-full | none | ENR,-0.055982533399917545,-0.19390423233048162
2,noMC | F-fooof-full | none | ENR+time,-0.0491354215851636,-0.19580941333914315
2,noMC | F-fooof-full | none | SVR,-0.11720940901201615,-0.14051147091581506
2,noMC | F-fooof-full | none | SVR+time,-0.09040570330344666,-0.14474698784777265
2,noMC | F-fooof-full | none | Anchor,-0.16202700236869627,0.10933636534973526
2,noMC | F-fooof-full | none | ICP,-0.12432247338678937,-0.21456963663629916
2,noMC | F-fooof-full | z | ENR,-0.06444769990175292,-0.19425826369816285
2,noMC | F-fooof-full | z | ENR+time,-0.15623516364714418,-0.2502190474903212
2,noMC | F-fooof-full | z | SVR,-0.18297426042337062,-0.14271935083880097
2,noMC | F-fooof-full | z | SVR+time,-0.17635403591406318,-0.17235267812746433
2,noMC | F-fooof-full | z | Anchor,-1.3849250873891785,-0.05586651221572355
2,noMC | F-fooof-full | z | ICP,-0.03252780700533431,-0.21642488426828063
2,noMC | F-fooof-aper | none | ENR,-0.0566788996786769,-0.15391846955729357
2,noMC | F-fooof-aper | none | ENR+time,-0.03252780700533431,-0.21642488426828063
2,noMC | F-fooof-aper | none | SVR,-0.13592928679627336,-0.14573816706936604
2,noMC | F-fooof-aper | none | SVR+time,-0.15203101316101852,-0.18582708150494423
2,noMC | F-fooof-aper | none | Anchor,-0.11313258995881381,0.005389386722953318
2,noMC | F-fooof-aper | none | ICP,-0.03252780700533431,-0.21642488426828063
2,noMC | F-fooof-aper | z | ENR,-0.03252780700533431,-0.21642488426828063
2,noMC | F-fooof-aper | z | ENR+time,-0.03252780700533431,-0.21642488426828063
2,noMC | F-fooof-aper | z | SVR,-0.20197076350266574,-0.2314285365253705
2,noMC | F-fooof-aper | z | SVR+time,-0.17068013456143105,-0.3161962829404479
2,noMC | F-fooof-aper | z | Anchor,-0.03582704580685925,-0.22190054667695921
2,noMC | F-fooof-aper | z | ICP,-0.03252780700533431,-0.21642488426828063
2,noMC | F-fooof-rel | none | ENR,-0.03252780700533431,-0.21642488426828063
2,noMC | F-fooof-rel | none | ENR+time,-0.03252780700533431,-0.21642488426828063
2,noMC | F-fooof-rel | none | SVR,-0.10308522228184502,-0.06146985338654555
2,noMC | F-fooof-rel | none | SVR+time,-0.14700883195484504,-0.10010509938903916
2,noMC | F-fooof-rel | none | Anchor,-0.22327434131881407,-0.05141451269378936
2,noMC | F-fooof-rel | none | ICP,-0.03252780700533431,-0.21642488426828063
2,noMC | F-fooof-rel | z | ENR,-0.18304738711177038,-0.10792491769679302
2,noMC | F-fooof-rel | z | ENR+time,-0.05080735272803172,-0.1411244305908596
2,noMC | F-fooof-rel | z | SVR,-0.32152598728211834,-0.05299490721480213
2,noMC | F-fooof-rel | z | SVR+time,-0.0941868690979526,-0.062188141197424704
2,noMC | F-fooof-rel | z | Anchor,-0.4419071003855901,0.09820674288628785
2,noMC | F-fooof-rel | z | ICP,-0.05949099427474769,0.04233873130686426
2,noMC | F-fooof-asym | none | ENR,-0.03252780700533431,-0.21642488426828063
2,noMC | F-fooof-asym | none | ENR+time,-0.03252780700533431,-0.21642488426828063
2,noMC | F-fooof-asym | none | SVR,-0.16270172829986462,-0.22891831382693587
2,noMC | F-fooof-asym | none | SVR+time,-0.18205212456176456,-0.2656109545356864
2,noMC | F-fooof-asym | none | Anchor,-0.4267083809137997,-0.1576120568868591
2,noMC | F-fooof-asym | none | ICP,-0.08778989657984759,-0.26980307809002
2,noMC | F-fooof-asym | z | ENR,-1.1587408948061992,-0.13047678016724507
2,noMC | F-fooof-asym | z | ENR+time,-0.9226978053125152,-0.18037407145753687
2,noMC | F-fooof-asym | z | SVR,-0.11346792788485227,-0.008077208292895835
2,noMC | F-fooof-asym | z | SVR+time,-0.04151548605456723,0.009008360611428741
2,noMC | F-fooof-asym | z | Anchor,-1.2705504993727152,-0.0722813751885053
2,noMC | F-fooof-asym | z | ICP,-0.04784200967626573,-0.23526758528227223
2,noMC | F-fooof-riem | riem | ENR,-0.038701922587699,-0.10535210939362019
2,noMC | F-fooof-riem | riem | ENR+time,-0.03252780700533431,-0.21642488426828063
2,noMC | F-fooof-riem | riem | SVR,-0.1684711271849022,-0.17471892211118145
2,noMC | F-fooof-riem | riem | SVR+time,-0.16369357205737733,-0.20724426964363651
2,noMC | F-fooof-riem | riem | Anchor,-2.467098416209828,-0.03635636927424302
2,noMC | F-fooof-riem | riem | ICP,-0.10969109688454837,-0.07862420564652135
2,MC | F-fooof-full | none | ENR,-0.05150336940493716,-0.18781127112145418
2,MC | F-fooof-full | none | ENR+time,-0.0509852793257497,-0.1889412664775677
2,MC | F-fooof-full | none | SVR,-0.151636832604779,-0.07128710653882209
2,MC | F-fooof-full | none | SVR+time,-0.12832162234225986,-0.0633577803967443
2,MC | F-fooof-full | none | Anchor,-0.4164468446060625,0.09980150087574605
2,MC | F-fooof-full | none | ICP,-0.07064495260014336,-0.058191622188074436
2,MC | F-fooof-full | z | ENR,-0.07483273907190635,-0.1492628618314917
2,MC | F-fooof-full | z | ENR+time,-0.032347258659966016,-0.21154946817072667
2,MC | F-fooof-full | z | SVR,-0.20141269138075346,-0.15605475032372193
2,MC | F-fooof-full | z | SVR+time,-0.23690631908007953,-0.2596940221985886
2,MC | F-fooof-full | z | Anchor,-0.5981040708101322,-0.08585670611057877
2,MC | F-fooof-full | z | ICP,-0.1706363612227908,-0.022564859309955807
2,MC | F-fooof-aper | none | ENR,-0.04340307241057206,-0.23780823772152165
2,MC | F-fooof-aper | none | ENR+time,-0.032347258659966016,-0.21154946817072673
2,MC | F-fooof-aper | none | SVR,-0.21049949022966286,-0.19782534209114908
2,MC | F-fooof-aper | none | SVR+time,-0.17119723351691363,-0.21655480786206838
2,MC | F-fooof-aper | none | Anchor,-0.11568710049358866,-0.07445019081203513
2,MC | F-fooof-aper | none | ICP,-0.0836793806113616,-0.11156195922069088
2,MC | F-fooof-aper | z | ENR,-0.032347258659966016,-0.21154946817072667
2,MC | F-fooof-aper | z | ENR+time,-0.032347258659966016,-0.21154946817072667
2,MC | F-fooof-aper | z | SVR,-0.10960449580150411,-0.03897573632659396
2,MC | F-fooof-aper | z | SVR+time,-0.15824249702143023,-0.25269948001239895
2,MC | F-fooof-aper | z | Anchor,-0.1064670703548869,-0.22695235189651564
2,MC | F-fooof-aper | z | ICP,-0.032347258659966016,-0.21154946817072662
2,MC | F-fooof-rel | none | ENR,-0.03234725865996624,-0.21154946817072678
2,MC | F-fooof-rel | none | ENR+time,-0.03234725865996624,-0.21154946817072678
2,MC | F-fooof-rel | none | SVR,-0.07537457947818993,0.03089965188541468
2,MC | F-fooof-rel | none | SVR+time,-0.18304924686920732,-0.13225384388990563
2,MC | F-fooof-rel | none | Anchor,-0.5140225679097199,-0.05644858829240324
2,MC | F-fooof-rel | none | ICP,-0.05421025138263902,-0.1523794271303308
2,MC | F-fooof-rel | z | ENR,-0.24354654774440965,-0.09401744846511605
2,MC | F-fooof-rel | z | ENR+time,-0.15697121307778694,-0.08839821380984327
2,MC | F-fooof-rel | z | SVR,-0.31874159930877966,-0.12195309996225775
2,MC | F-fooof-rel | z | SVR+time,-0.13076473604240912,-0.1463643963037609
2,MC | F-fooof-rel | z | Anchor,-2.798583164116735,0.16306832892629763
2,MC | F-fooof-rel | z | ICP,-0.03308404874717574,-0.13825429186923274
2,MC | F-fooof-asym | none | ENR,-0.14281136437570718,-0.18157842479441366
2,MC | F-fooof-asym | none | ENR+time,-0.032347258659966016,-0.21154946817072662
2,MC | F-fooof-asym | none | SVR,-0.16679023381749714,-0.1870178171572773
2,MC | F-fooof-asym | none | SVR+time,-0.13585947712851287,-0.2627352865305922
2,MC | F-fooof-asym | none | Anchor,-0.21001248752260948,-0.13592123975621756
2,MC | F-fooof-asym | none | ICP,-0.051462898850264116,-0.21830900379282753
2,MC | F-fooof-asym | z | ENR,-0.6093445215769255,-0.1347904384226077
2,MC | F-fooof-asym | z | ENR+time,-0.5644334204584238,-0.15706308417578507
2,MC | F-fooof-asym | z | SVR,-0.03783239314708964,0.08647059831635043
2,MC | F-fooof-asym | z | SVR+time,-0.09618565293862247,-0.1492055565590419
2,MC | F-fooof-asym | z | Anchor,-0.7054934500374286,-0.042069575818986314
2,MC | F-fooof-asym | z | ICP,-0.14266863933181817,0.021356953046621198
2,MC | F-fooof-riem | riem | ENR,-0.07383419632648369,-0.04928988763485787
2,MC | F-fooof-riem | riem | ENR+time,-0.0460267025640273,-0.09042500196073067
2,MC | F-fooof-riem | riem | SVR,-0.17991883310027434,-0.16154412483806446
2,MC | F-fooof-riem | riem | SVR+time,-0.18093740492156485,-0.13699286952206938
2,MC | F-fooof-riem | riem | Anchor,-0.6468833326861068,0.018208732281624097
2,MC | F-fooof-riem | riem | ICP,-0.12323274043028065,0.20531963132556302
3,noMC | F-fooof-full | none | ENR,-0.06465590907267216,-0.21479774153985276
3,noMC | F-fooof-full | none | ENR+time,-0.1302769266246233,-0.15630922109725023
3,noMC | F-fooof-full | none | SVR,-0.167739981484613,0.06970534280888231
3,noMC | F-fooof-full | none | SVR+time,-0.16715331008410317,0.05881854286914374
3,noMC | F-fooof-full | none | Anchor,-0.06454754815021757,0.11172815042040656
3,noMC | F-fooof-full | none | ICP,-0.024717817882030646,-0.15265811278937966
3,noMC | F-fooof-full | z | ENR,-0.022773766001251472,-0.01839108935040004
3,noMC | F-fooof-full | z | ENR+time,-0.05314174981808706,-0.2932989657837142
3,noMC | F-fooof-full | z | SVR,-0.21773938372604684,-0.1330651296734553
3,noMC | F-fooof-full | z | SVR+time,-0.17800511806769914,-0.1536537370109579
3,noMC | F-fooof-full | z | Anchor,-0.29313333693062527,0.010308312353031344
3,noMC | F-fooof-full | z | ICP,-0.001234471771906609,0.0662675941482538
3,noMC | F-fooof-aper | none | ENR,-0.09609566584325191,-0.20597025046816467
3,noMC | F-fooof-aper | none | ENR+time,-0.1014709463647534,-0.23338399577632218
3,noMC | F-fooof-aper | none | SVR,-0.7174548607199371,-0.20071180795939078
3,noMC | F-fooof-aper | none | SVR+time,-0.283529871520122,-0.10016228538400679
3,noMC | F-fooof-aper | none | Anchor,-0.2986915028531618,-0.1579086725087103
3,noMC | F-fooof-aper | none | ICP,-0.03522833861654706,-0.24782283904861094
3,noMC | F-fooof-aper | z | ENR,-0.03522833861654706,-0.24782283904861094
3,noMC | F-fooof-aper | z | ENR+time,-0.056797866223887494,-0.2988872622644311
3,noMC | F-fooof-aper | z | SVR,-0.20720877112706004,-0.12896667200983147
3,noMC | F-fooof-aper | z | SVR+time,-0.15415446797287102,-0.14877923221773898
3,noMC | F-fooof-aper | z | Anchor,-0.19888340505695545,-0.20551853941711218
3,noMC | F-fooof-aper | z | ICP,-0.03522833861654706,-0.24782283904861094
3,noMC | F-fooof-rel | none | ENR,-0.06588239743052537,-0.17793037920744342
3,noMC | F-fooof-rel | none | ENR+time,-0.10563175020427984,-0.3765590126398882
3,noMC | F-fooof-rel | none | SVR,-0.05523964677466919,0.06875650170214856
3,noMC | F-fooof-rel | none | SVR+time,-0.03421743203544825,0.1298598413087305
3,noMC | F-fooof-rel | none | Anchor,-0.126095445885275,0.013530145967723593
3,noMC | F-fooof-rel | none | ICP,-0.03522833861654706,-0.24782283904861094
3,noMC | F-fooof-rel | z | ENR,-0.24763527427162413,-0.15872467403016252
3,noMC | F-fooof-rel | z | ENR+time,-0.4731415796428051,-0.15659367435889754
3,noMC | F-fooof-rel | z | SVR,-0.0519599924320604,0.02393393028527189
3,noMC | F-fooof-rel | z | SVR+time,-0.08784006320812399,0.016954156440562546
3,noMC | F-fooof-rel | z | Anchor,-1.141619689101685,0.028960996321547607
3,noMC | F-fooof-rel | z | ICP,-0.03522833861654706,-0.24782283904861094
3,noMC | F-fooof-asym | none | ENR,-0.19412371261091854,-0.17321090176064807
3,noMC | F-fooof-asym | none | ENR+time,-0.18001741114376268,-0.24808911851372908
3,noMC | F-fooof-asym | none | SVR,-0.22476773334462585,-0.18183098059600847
3,noMC | F-fooof-asym | none | SVR+time,-0.1069356263750989,-0.07850195309236842
3,noMC | F-fooof-asym | none | Anchor,-0.23280542352626687,-0.166675689645861
3,noMC | F-fooof-asym | none | ICP,-0.03522833861654706,-0.24782283904861094
3,noMC | F-fooof-asym | z | ENR,-5.273709141544037,-0.17170192453937982
3,noMC | F-fooof-asym | z | ENR+time,-1.2903102965528634,-0.16678275458052538
3,noMC | F-fooof-asym | z | SVR,-0.03578635719874801,0.11614326639583447
3,noMC | F-fooof-asym | z | SVR+time,0.0033792173968157924,0.19439363238202426
3,noMC | F-fooof-asym | z | Anchor,-4.84057865614713,-0.12337599767212604
3,noMC | F-fooof-asym | z | ICP,-0.044484757332301506,-0.27812066132293856
3,noMC | F-fooof-riem | riem | ENR,-0.09332692710342738,0.11371716603645105
3,noMC | F-fooof-riem | riem | ENR+time,-0.05634582615574124,-0.26108725476011885
3,noMC | F-fooof-riem | riem | SVR,-0.17762684283389607,-0.05900300474645437
3,noMC | F-fooof-riem | riem | SVR+time,-0.18999475621467754,-0.044680827637159096
3,noMC | F-fooof-riem | riem | Anchor,-0.66178062390099,0.09882031532590997
3,noMC | F-fooof-riem | riem | ICP,-0.04586553846375141,-0.1508308821499737
3,MC | F-fooof-full | none | ENR,-0.11380387701462369,-0.11815743635650311
3,MC | F-fooof-full | none | ENR+time,-0.04859415563028757,-0.30927506363257873
3,MC | F-fooof-full | none | SVR,-0.1591052727254556,-0.05655900142821039
3,MC | F-fooof-full | none | SVR+time,-0.12396576635723777,0.02325429141783833
3,MC | F-fooof-full | none | Anchor,-0.4941183865103693,0.19425931412704067
3,MC | F-fooof-full | none | ICP,-0.024441832616920456,-0.12220380399234154
3,MC | F-fooof-full | z | ENR,-0.11990928163877657,-0.06791956748618234
3,MC | F-fooof-full | z | ENR+time,-0.055996785135428384,-0.24773460073174575
3,MC | F-fooof-full | z | SVR,-0.20813135041415576,-0.19886600910003152
3,MC | F-fooof-full | z | SVR+time,-0.1873242204728025,-0.175932869703199
3,MC | F-fooof-full | z | Anchor,-0.5170742630234975,0.02115222850053434
3,MC | F-fooof-full | z | ICP,-0.07162141569920633,-0.02256883951972215
3,MC | F-fooof-aper | none | ENR,-0.1045310520164704,-0.21468482250237822
3,MC | F-fooof-aper | none | ENR+time,-0.04963510583274777,-0.3083051371464338
3,MC | F-fooof-aper | none | SVR,-0.3357919826767133,-0.1897914193799398
3,MC | F-fooof-aper | none | SVR+time,-0.13379557688512844,-0.13651439934307175
3,MC | F-fooof-aper | none | Anchor,-0.10993257385570576,-0.21742358894081787
3,MC | F-fooof-aper | none | ICP,-0.12258195291074281,-0.21218866394659336
3,MC | F-fooof-aper | z | ENR,-0.037114099189272665,-0.24967273492814612
3,MC | F-fooof-aper | z | ENR+time,-0.05999020306976255,-0.2987959944590757
3,MC | F-fooof-aper | z | SVR,-0.1827924686378697,-0.009313447058083436
3,MC | F-fooof-aper | z | SVR+time,-0.16419888950944683,-0.0847761758817081
3,MC | F-fooof-aper | z | Anchor,-0.2012809039621124,-0.20286687337327955
3,MC | F-fooof-aper | z | ICP,-0.037114099189272665,-0.24967273492814612
3,MC | F-fooof-rel | none | ENR,-0.11198818323886583,-0.2778824510744192
3,MC | F-fooof-rel | none | ENR+time,-0.09407887822667549,-0.3812137884273928
3,MC | F-fooof-rel | none | SVR,-0.07545485727902945,0.04901838708758522
3,MC | F-fooof-rel | none | SVR+time,-0.04416737120017045,0.1074922740800443
3,MC | F-fooof-rel | none | Anchor,-0.31909155690131286,-0.02122527429213087
3,MC | F-fooof-rel | none | ICP,-0.13441432488741567,-0.08606918967833896
3,MC | F-fooof-rel | z | ENR,-0.3047168580003434,-0.10636482420548647
3,MC | F-fooof-rel | z | ENR+time,-0.20348254028122503,-0.13489198757419507
3,MC | F-fooof-rel | z | SVR,-0.25064920961760584,-0.06817169236117929
3,MC | F-fooof-rel | z | SVR+time,-0.22775573294523022,-0.03428641240816451
3,MC | F-fooof-rel | z | Anchor,-0.4548980275362349,0.05387469296508507
3,MC | F-fooof-rel | z | ICP,-0.04489674139823241,-0.16917794369326028
3,MC | F-fooof-asym | none | ENR,-0.19935151791942785,-0.14372020662886353
3,MC | F-fooof-asym | none | ENR+time,-0.17254718419092274,-0.20706330808765908
3,MC | F-fooof-asym | none | SVR,-0.3265567378548926,-0.1645287704677803
3,MC | F-fooof-asym | none | SVR+time,-0.17524073420399278,-0.1474705126240457
3,MC | F-fooof-asym | none | Anchor,-0.26037760239422325,-0.14211638026874007
3,MC | F-fooof-asym | none | ICP,-0.037114099189272665,-0.24967273492814612
3,MC | F-fooof-asym | z | ENR,-1.1432998168460768,-0.12333421857014765
3,MC | F-fooof-asym | z | ENR+time,-0.8079605982441656,-0.13666716797564474
3,MC | F-fooof-asym | z | SVR,-0.212260717542611,0.026508741274827274
3,MC | F-fooof-asym | z | SVR+time,-0.022364688601113958,0.14635079547737806
3,MC | F-fooof-asym | z | Anchor,-1.4969652100087316,-0.09518194341750319
3,MC | F-fooof-asym | z | ICP,-0.09558228699071236,0.08867845373452024
3,MC | F-fooof-riem | riem | ENR,-0.1438332343088473,0.13066926553984703
3,MC | F-fooof-riem | riem | ENR+time,-0.04761264817063404,-0.2196572201034428
3,MC | F-fooof-riem | riem | SVR,-0.12580125594716107,-0.03315740907964561
3,MC | F-fooof-riem | riem | SVR+time,-0.16131256135229988,-0.03569481255334553
3,MC | F-fooof-riem | riem | Anchor,-0.7287003644233814,0.14105695252970316
3,MC | F-fooof-riem | riem | ICP,0.014673036458489941,0.1781742452791739
4,noMC | F-fooof-full | none | ENR,-0.10648812314653333,-0.08492141109889306
4,noMC | F-fooof-full | none | ENR+time,-0.12141086231571929,-0.22147366865733487
4,noMC | F-fooof-full | none | SVR,-0.2264547954813234,-0.15669774422753452
4,noMC | F-fooof-full | none | SVR+time,-0.1966938323899734,-0.15106824300246263
4,noMC | F-fooof-full | none | Anchor,-0.17138120161827453,-0.08658844068494975
4,noMC | F-fooof-full | none | ICP,-0.06402631996803465,-0.3681159204662613
4,noMC | F-fooof-full | z | ENR,-0.14178286889522806,-0.15158627624762397
4,noMC | F-fooof-full | z | ENR+time,-0.15257183145641506,-0.17578659583371845
4,noMC | F-fooof-full | z | SVR,-0.13534732207971611,0.006217294406924038
4,noMC | F-fooof-full | z | SVR+time,-0.16759706964144416,-0.02175620356092453
4,noMC | F-fooof-full | z | Anchor,-1.6986001904358483,-0.032281055708539334
4,noMC | F-fooof-full | z | ICP,-0.03624660203381258,0.025334888459809135
4,noMC | F-fooof-aper | none | ENR,-0.13239452689247622,-0.26415979855478805
4,noMC | F-fooof-aper | none | ENR+time,-0.14744930297705294,-0.20628314543931553
4,noMC | F-fooof-aper | none | SVR,-0.10265917997376928,0.0643324801788881
4,noMC | F-fooof-aper | none | SVR+time,-0.2835662693612542,-0.18012020481826638
4,noMC | F-fooof-aper | none | Anchor,-0.3356985495201883,-0.27139148293187576
4,noMC | F-fooof-aper | none | ICP,-0.12968429011685134,-0.25395008995626717
4,noMC | F-fooof-aper | z | ENR,-0.2263157928328079,-0.3338562364187387
4,noMC | F-fooof-aper | z | ENR+time,-0.07416996527387387,-0.2615140283230562
4,noMC | F-fooof-aper | z | SVR,-0.159709499895327,-0.3756531181938738
4,noMC | F-fooof-aper | z | SVR+time,-0.1463739864517024,-0.23987543468045844
4,noMC | F-fooof-aper | z | Anchor,-0.32281604910567974,-0.3764462148351258
4,noMC | F-fooof-aper | z | ICP,-0.06402631996803465,-0.3681159204662613
4,noMC | F-fooof-rel | none | ENR,-0.15360192778914872,-0.34101464869634923
4,noMC | F-fooof-rel | none | ENR+time,-0.13874443773109868,-0.3709772918458479
4,noMC | F-fooof-rel | none | SVR,-0.21793432706358828,-0.09446454699815593
4,noMC | F-fooof-rel | none | SVR+time,-0.2018906808178662,-0.07906983189874714
4,noMC | F-fooof-rel | none | Anchor,-0.5349582139861213,0.027729993195636016
4,noMC | F-fooof-rel | none | ICP,-0.06402631996803465,-0.3681159204662613
4,noMC | F-fooof-rel | z | ENR,-0.25972099109056934,-0.26738888257015586
4,noMC | F-fooof-rel | z | ENR+time,-0.2573252420392993,-0.29625117015107805
4,noMC | F-fooof-rel | z | SVR,0.01814974045221951,0.2033471835412431
4,noMC | F-fooof-rel | z | SVR+time,-0.05787478680974534,0.07668950815151655
4,noMC | F-fooof-rel | z | Anchor,-8.072003396269377,0.10510166361581846
4,noMC | F-fooof-rel | z | ICP,-0.06402631996803465,-0.3681159204662613
4,noMC | F-fooof-asym | none | ENR,-0.23025794081058515,-0.33797127659859083
4,noMC | F-fooof-asym | none | ENR+time,-0.1599254474002112,-0.3760873503958334
4,noMC | F-fooof-asym | none | SVR,-0.35879943876599274,-0.16076653126315976
4,noMC | F-fooof-asym | none | SVR+time,-0.3736268898354007,-0.16358807983055124
4,noMC | F-fooof-asym | none | Anchor,-0.24268346385421702,-0.3188701579171269
4,noMC | F-fooof-asym | none | ICP,-0.06402631996803465,-0.3681159204662613
4,noMC | F-fooof-asym | z | ENR,-0.2197975388706952,-0.28681822948276453
4,noMC | F-fooof-asym | z | ENR+time,-0.1793008406012726,-0.2950643337996665
4,noMC | F-fooof-asym | z | SVR,-0.10855190920469782,0.14428286588238984
4,noMC | F-fooof-asym | z | SVR+time,-0.11316841934347854,0.07214292934412786
4,noMC | F-fooof-asym | z | Anchor,-0.19271966143139818,-0.08055553916015704
4,noMC | F-fooof-asym | z | ICP,-0.06341039404089743,-0.15243374207771646
4,noMC | F-fooof-riem | riem | ENR,-0.38879292821906475,-0.2949756188785767
4,noMC | F-fooof-riem | riem | ENR+time,-0.39268097308571326,-0.30706665616499895
4,noMC | F-fooof-riem | riem | SVR,-0.11528962718671298,0.11728259956239712
4,noMC | F-fooof-riem | riem | SVR+time,-0.07944548373048166,0.15924457319671653
4,noMC | F-fooof-riem | riem | Anchor,-1.0772058753480742,0.05111379828132841
4,noMC | F-fooof-riem | riem | ICP,-0.06402631996803465,-0.3681159204662613
4,MC | F-fooof-full | none | ENR,-0.06135772476566914,-0.2814840191656347
4,MC | F-fooof-full | none | ENR+time,-0.06135772476566914,-0.2814840191656347
4,MC | F-fooof-full | none | SVR,-0.13686923981031507,-0.10149290235345404
4,MC | F-fooof-full | none | SVR+time,-0.15346972382994317,-0.14369774300628535
4,MC | F-fooof-full | none | Anchor,-0.33533424549413704,-0.07839451814154277
4,MC | F-fooof-full | none | ICP,-0.07020743133036045,-0.40296443985827823
4,MC | F-fooof-full | z | ENR,-0.22534199948218636,-0.3619074094790749
4,MC | F-fooof-full | z | ENR+time,-0.20646839872453615,-0.3549102434030522
4,MC | F-fooof-full | z | SVR,-0.21934194225094616,-0.09902719190192907
4,MC | F-fooof-full | z | SVR+time,-0.23841903929857922,-0.12610390627324525
4,MC | F-fooof-full | z | Anchor,-0.4181356019042244,-0.1387487315219817
4,MC | F-fooof-full | z | ICP,-0.05966380212094258,-0.027978374994845116
4,MC | F-fooof-aper | none | ENR,-0.13629717352437076,-0.2718576264871768
4,MC | F-fooof-aper | none | ENR+time,-0.11400054429427531,-0.2531751123194915
4,MC | F-fooof-aper | none | SVR,-0.10729580029248176,0.061186353586161826
4,MC | F-fooof-aper | none | SVR+time,-0.27220018569622906,-0.17119525180284456
4,MC | F-fooof-aper | none | Anchor,-0.16205664517773322,-0.2605458434356727
4,MC | F-fooof-aper | none | ICP,-0.17793123916423048,-0.24912488557124168
4,MC | F-fooof-aper | z | ENR,-0.06519721886983798,-0.37213917516406536
4,MC | F-fooof-aper | z | ENR+time,-0.09270142811131277,-0.24892045355674394
4,MC | F-fooof-aper | z | SVR,-0.14950120397486732,-0.3609732942613583
4,MC | F-fooof-aper | z | SVR+time,-0.11205309087533721,-0.18876635304701464
4,MC | F-fooof-aper | z | Anchor,-0.23054195644358866,-0.3717043912615582
4,MC | F-fooof-aper | z | ICP,-0.12606405834927004,-0.4240772222227278
4,MC | F-fooof-rel | none | ENR,-0.15985720873931597,-0.32424038218042656
4,MC | F-fooof-rel | none | ENR+time,-0.06808406075207785,-0.31441895466046305
4,MC | F-fooof-rel | none | SVR,-0.19624609729606046,-0.06790598266295533
4,MC | F-fooof-rel | none | SVR+time,-0.20082444118512233,-0.08910565147385546
4,MC | F-fooof-rel | none | Anchor,-0.5844939570135779,-0.011821882339384193
4,MC | F-fooof-rel | none | ICP,-0.06709660217470192,-0.3533073877550489
4,MC | F-fooof-rel | z | ENR,-0.21583722531252914,-0.14882065227494384
4,MC | F-fooof-rel | z | ENR+time,-0.10752068873614795,-0.06948228967666015
4,MC | F-fooof-rel | z | SVR,-0.021574271957174984,0.1232338236736936
4,MC | F-fooof-rel | z | SVR+time,-0.08869686058445891,0.017178610413678547
4,MC | F-fooof-rel | z | Anchor,-2.383256791502826,0.15755286705588714
4,MC | F-fooof-rel | z | ICP,-0.06349419338715023,-0.07553559538087207
4,MC | F-fooof-asym | none | ENR,-0.20229499193543887,-0.34664778479074104
4,MC | F-fooof-asym | none | ENR+time,-0.14420533878962716,-0.38521661755517445
4,MC | F-fooof-asym | none | SVR,-0.4487537054503856,-0.11590746703772326
4,MC | F-fooof-asym | none | SVR+time,-0.16811393018118492,-0.1915446404276087
4,MC | F-fooof-asym | none | Anchor,-0.3120567626885866,-0.30309938161339545
4,MC | F-fooof-asym | none | ICP,-0.10928004086188636,-0.30419430124666186
4,MC | F-fooof-asym | z | ENR,-0.37089370909717134,-0.3272993304449898
4,MC | F-fooof-asym | z | ENR+time,-0.14379218083633094,-0.11041441759868996
4,MC | F-fooof-asym | z | SVR,-0.20212356148929178,-0.0038621736257683156
4,MC | F-fooof-asym | z | SVR+time,-0.09598729198863598,-0.028977656389663355
4,MC | F-fooof-asym | z | Anchor,-0.26766422793930933,-0.04827968990164296
4,MC | F-fooof-asym | z | ICP,-0.05407231143287938,-0.23341489832297074
4,MC | F-fooof-riem | riem | ENR,-0.08210180903085096,-0.1494191927821499
4,MC | F-fooof-riem | riem | ENR+time,-0.07341487324215734,-0.12698725746362613
4,MC | F-fooof-riem | riem | SVR,-0.18173675676757273,0.094969547227491
4,MC | F-fooof-riem | riem | SVR+time,-0.10042490701162543,-0.01332995257406066
4,MC | F-fooof-riem | riem | Anchor,-0.21089192605546558,-0.04790558771035826
4,MC | F-fooof-riem | riem | ICP,-0.0692660367080773,-0.188782914580509
5,noMC | F-fooof-full | none | ENR,-0.12253214873469553,-0.2765393932641654
5,noMC | F-fooof-full | none | ENR+time,-0.07727622782343113,-0.10165014388565224
5,noMC | F-fooof-full | none | SVR,-0.2786088043409196,-0.1233558507263689
5,noMC | F-fooof-full | none | SVR+time,-0.23674055682553918,-0.08569150686072016
5,noMC | F-fooof-full | none | Anchor,-0.1929472776500738,-0.026564673721089817
5,noMC | F-fooof-full | none | ICP,-0.002219890125486179,0.08787820671089455
5,noMC | F-fooof-full | z | ENR,-0.12080736177541773,-0.27305662541807174
5,noMC | F-fooof-full | z | ENR+time,-0.08805832497036814,-0.17029289258526964
5,noMC | F-fooof-full | z | SVR,-0.024728682365557475,0.09014179248598315
5,noMC | F-fooof-full | z | SVR+time,-0.011327938844283514,0.11327657579048933
5,noMC | F-fooof-full | z | Anchor,-2.7718818945843298,-0.24556898269703825
5,noMC | F-fooof-full | z | ICP,-0.03703088609701388,-0.06438821114952226
5,noMC | F-fooof-aper | none | ENR,-0.04822211395930198,-0.2924280152827396
5,noMC | F-fooof-aper | none | ENR+time,-0.17325137313003114,-0.24074851350455245
5,noMC | F-fooof-aper | none | SVR,-0.32370292891635954,-0.2939490428430568
5,noMC | F-fooof-aper | none | SVR+time,-0.38950534746636145,-0.1937648247902714
5,noMC | F-fooof-aper | none | Anchor,-0.3947940461677737,-0.28781468127664406
5,noMC | F-fooof-aper | none | ICP,-0.23225077292798346,-0.2208993682723914
5,noMC | F-fooof-aper | z | ENR,-0.04698155488983935,-0.28750987219614843
5,noMC | F-fooof-aper | z | ENR+time,-0.08331510515534846,-0.1884671869159328
5,noMC | F-fooof-aper | z | SVR,-0.23966833818742694,-0.03604906851577703
5,noMC | F-fooof-aper | z | SVR+time,-0.46444394774061526,-0.19627480304570227
5,noMC | F-fooof-aper | z | Anchor,-0.2902393265635319,-0.38187882374434323
5,noMC | F-fooof-aper | z | ICP,-0.09226086096246511,-0.26227927953427177
5,noMC | F-fooof-rel | none | ENR,-0.1586578258574527,-0.27716224090063996
5,noMC | F-fooof-rel | none | ENR+time,-0.06420900979696165,-0.08623656255100913
5,noMC | F-fooof-rel | none | SVR,0.013512476057067957,0.2110441643752033
5,noMC | F-fooof-rel | none | SVR+time,-0.031059555811934203,0.14201843595352565
5,noMC | F-fooof-rel | none | Anchor,-0.47494050454957826,-0.14723168107358867
5,noMC | F-fooof-rel | none | ICP,-0.04396784842913393,-0.27207569845230123
5,noMC | F-fooof-rel | z | ENR,-0.2089648777829487,-0.26502025865947676
5,noMC | F-fooof-rel | z | ENR+time,-0.28927475100931654,-0.11545076358512293
5,noMC | F-fooof-rel | z | SVR,-0.09529436212641684,0.12074913104899972
5,noMC | F-fooof-rel | z | SVR+time,-0.03679062407783973,0.1203062074621395
5,noMC | F-fooof-rel | z | Anchor,-0.6250321561350374,-0.12116223741965537
5,noMC | F-fooof-rel | z | ICP,-0.04396784842913393,-0.27207569845230123
5,noMC | F-fooof-asym | none | ENR,-0.05235904805663161,0.02269184628545399
5,noMC | F-fooof-asym | none | ENR+time,0.02642086599784521,0.18872291510957728
5,noMC | F-fooof-asym | none | SVR,-0.04546406990133489,0.1262756624778718
5,noMC | F-fooof-asym | none | SVR+time,-0.11872851710055032,0.052463633791291805
5,noMC | F-fooof-asym | none | Anchor,-0.04953830951102001,0.1339116228744518
5,noMC | F-fooof-asym | none | ICP,-0.06901337719455292,-0.07305882783343472
5,noMC | F-fooof-asym | z | ENR,-0.8398842768055081,0.2665674054706151
5,noMC | F-fooof-asym | z | ENR+time,-0.4313037460261062,0.2735942149754326
5,noMC | F-fooof-asym | z | SVR,-0.13682938052699334,0.07372570078600661
5,noMC | F-fooof-asym | z | SVR+time,0.004957351729915849,0.17981424887730085
5,noMC | F-fooof-asym | z | Anchor,-2.0240823659012137,0.294567566079052
5,noMC | F-fooof-asym | z | ICP,-0.04396784842913393,-0.27207569845230123
5,noMC | F-fooof-riem | riem | ENR,-0.07860233717736853,-0.25178188205346225
5,noMC | F-fooof-riem | riem | ENR+time,-0.05954791089897671,-0.01055403420261438
5,noMC | F-fooof-riem | riem | SVR,-0.31469804839600113,-0.1568635677661756
5,noMC | F-fooof-riem | riem | SVR+time,-0.26401112407182636,-0.06855757098423954
5,noMC | F-fooof-riem | riem | Anchor,-1.242731148120352,0.1915989138878194
5,noMC | F-fooof-riem | riem | ICP,-0.04511714589971194,-0.19633487105734482
5,MC | F-fooof-full | none | ENR,-0.0494478457250902,-0.14124564837750647
5,MC | F-fooof-full | none | ENR+time,-0.044307959795884866,-0.020048342899744418
5,MC | F-fooof-full | none | SVR,-0.23599785000261697,-0.15975708844578013
5,MC | F-fooof-full | none | SVR+time,-0.20237496785211895,-0.08931254617369874
5,MC | F-fooof-full | none | Anchor,-0.03596680556315035,0.240800545119726
5,MC | F-fooof-full | none | ICP,-0.06436304057946596,-0.19297759561569416
5,MC | F-fooof-full | z | ENR,-0.12076809740142691,-0.19222381500491498
5,MC | F-fooof-full | z | ENR+time,-0.13939715444297196,-0.13884938644666772
5,MC | F-fooof-full | z | SVR,-0.04026378197892844,0.07132023286859793
5,MC | F-fooof-full | z | SVR+time,-0.041454580200787294,0.0856290644784936
5,MC | F-fooof-full | z | Anchor,-0.16931643575429955,0.0014707851529997193
5,MC | F-fooof-full | z | ICP,-0.07120850419563785,-0.1851069262609386
5,MC | F-fooof-aper | none | ENR,-0.09073280354909263,-0.23851291863888158
5,MC | F-fooof-aper | none | ENR+time,-0.19582889332225584,-0.2649403312762101
5,MC | F-fooof-aper | none | SVR,-0.41515816809318395,-0.2437722680363558
5,MC | F-fooof-aper | none | SVR+time,-0.208839156712592,-0.17953010267503586
5,MC | F-fooof-aper | none | Anchor,-0.14543255885306872,-0.20370334413140012
5,MC | F-fooof-aper | none | ICP,-0.10759768561990457,-0.2882164240062245
5,MC | F-fooof-aper | z | ENR,-0.04337207802313614,-0.27211053125783136
5,MC | F-fooof-aper | z | ENR+time,-0.049722600985165455,-0.24922355102744634
5,MC | F-fooof-aper | z | SVR,-0.14502122355090963,0.016198060280733
5,MC | F-fooof-aper | z | SVR+time,-0.21117563809258022,-0.23205900938594695
5,MC | F-fooof-aper | z | Anchor,-0.472659206548099,-0.3698122751569569
5,MC | F-fooof-aper | z | ICP,-0.10193166292870592,-0.2927895876797782
5,MC | F-fooof-rel | none | ENR,-0.07096595922561866,-0.10509760019282256
5,MC | F-fooof-rel | none | ENR+time,-0.08929967232077263,-0.12255238964356086
5,MC | F-fooof-rel | none | SVR,-0.04198561236515408,0.034469579689272396
5,MC | F-fooof-rel | none | SVR+time,-0.1003322231459225,0.014437342890950822
5,MC | F-fooof-rel | none | Anchor,-0.05746509085411078,0.22471654876431782
5,MC | F-fooof-rel | none | ICP,-0.0538643256383613,-0.24584804840693142
5,MC | F-fooof-rel | z | ENR,-0.1406354500245759,-0.1981493426623474
5,MC | F-fooof-rel | z | ENR+time,-0.13031098384111983,-0.14828485757492843
5,MC | F-fooof-rel | z | SVR,-0.08760190606758367,-0.04856841156058318
5,MC | F-fooof-rel | z | SVR+time,-0.17018274133497502,-0.12704209542387468
5,MC | F-fooof-rel | z | Anchor,-0.12549219371095055,0.10977990245063829
5,MC | F-fooof-rel | z | ICP,-0.05128916238520009,-0.27964087539546506
5,MC | F-fooof-asym | none | ENR,0.0475198284924877,0.2359825793512509
5,MC | F-fooof-asym | none | ENR+time,0.05512636203996413,0.23955176758581517
5,MC | F-fooof-asym | none | SVR,-0.14454469450137464,0.006137592660914647
5,MC | F-fooof-asym | none | SVR+time,-0.17852950304877746,0.02783369796177357
5,MC | F-fooof-asym | none | Anchor,-0.017258301219080785,0.17158650602193326
5,MC | F-fooof-asym | none | ICP,-0.0825124338679517,-0.1685602865073722
5,MC | F-fooof-asym | z | ENR,0.01781998736431578,0.29682836813122815
5,MC | F-fooof-asym | z | ENR+time,0.09390183316018408,0.33065575052871066
5,MC | F-fooof-asym | z | SVR,-0.46443049225362354,-0.06085891974418722
5,MC | F-fooof-asym | z | SVR+time,-0.33674143184373495,-0.05413311743245148
5,MC | F-fooof-asym | z | Anchor,0.04589238745024349,0.33103567276543694
5,MC | F-fooof-asym | z | ICP,-0.016386203045886782,0.19519915861080778
5,MC | F-fooof-riem | riem | ENR,-0.09455926068336229,-0.24189939589149242
5,MC | F-fooof-riem | riem | ENR+time,-0.025508774364985554,0.07392327259309073
5,MC | F-fooof-riem | riem | SVR,-0.24296679797879972,-0.14587683794306025
5,MC | F-fooof-riem | riem | SVR+time,-0.18360358723460335,0.008026578865337898
5,MC | F-fooof-riem | riem | Anchor,-2.2739868369819916,0.20935161218161924
5,MC | F-fooof-riem | riem | ICP,-0.0436405744952304,-0.20172496483736657
6,noMC | F-fooof-full | none | ENR,-0.05339372699602629,-0.18426903707000905
6,noMC | F-fooof-full | none | ENR+time,-0.052426175928559804,-0.16761444367632986
6,noMC | F-fooof-full | none | SVR,-0.20900178084614418,-0.18331669986001747
6,noMC | F-fooof-full | none | SVR+time,-0.3771236105991722,-0.43947249351002055
6,noMC | F-fooof-full | none | Anchor,-0.08693239516691609,0.21918364257868891
6,noMC | F-fooof-full | none | ICP,-0.053007092439044,-0.13753039449129165
6,noMC | F-fooof-full | z | ENR,-0.0347651872805157,-0.24504926861873907
6,noMC | F-fooof-full | z | ENR+time,-0.0347651872805157,-0.24504926861873907
6,noMC | F-fooof-full | z | SVR,-0.1893701356977029,-0.1454812365652587
6,noMC | F-fooof-full | z | SVR+time,-0.2577639331445978,-0.24543096805854453
6,noMC | F-fooof-full | z | Anchor,-1.7584187651035812,-0.006311839178804301
6,noMC | F-fooof-full | z | ICP,-0.12379929759274089,-0.11584661742186131
6,noMC | F-fooof-aper | none | ENR,-0.08144662602406827,-0.16087781823544112
6,noMC | F-fooof-aper | none | ENR+time,-0.0911627127729695,-0.1622477205752386
6,noMC | F-fooof-aper | none | SVR,-0.30056019673587286,-0.2381530462279543
6,noMC | F-fooof-aper | none | SVR+time,-0.21959103599913243,-0.23073429637304993
6,noMC | F-fooof-aper | none | Anchor,-0.22394544142126005,-0.20530583449060197
6,noMC | F-fooof-aper | none | ICP,-0.034781572800102856,-0.25178360614555856
6,noMC | F-fooof-aper | z | ENR,-0.034781572800102856,-0.2517836061455585
6,noMC | F-fooof-aper | z | ENR+time,-0.03580849949745635,-0.2590239603285026
6,noMC | F-fooof-aper | z | SVR,-0.16010729107339672,-0.19066797772872995
6,noMC | F-fooof-aper | z | SVR+time,-0.1634149434187575,-0.28329826126168445
6,noMC | F-fooof-aper | z | Anchor,-0.04348514446402385,-0.2628523417920068
6,noMC | F-fooof-aper | z | ICP,-0.034781572800102856,-0.25178360614555856
6,noMC | F-fooof-rel | none | ENR,-0.10433715251616338,-0.09717265177667384
6,noMC | F-fooof-rel | none | ENR+time,-0.034781572800102856,-0.2517836061455587
6,noMC | F-fooof-rel | none | SVR,-0.17990725616558634,-0.08036510592836345
6,noMC | F-fooof-rel | none | SVR+time,-0.18652440725534247,-0.17317702074499564
6,noMC | F-fooof-rel | none | Anchor,-0.20093010942246137,-0.040139131027316796
6,noMC | F-fooof-rel | none | ICP,-0.062484665497111846,-0.11047019819339823
6,noMC | F-fooof-rel | z | ENR,-0.05536583591914712,-0.12766735408151897
6,noMC | F-fooof-rel | z | ENR+time,-0.05944426329323038,-0.14682826355232753
6,noMC | F-fooof-rel | z | SVR,-0.11753974317365756,-0.20624278060768073
6,noMC | F-fooof-rel | z | SVR+time,-0.13227954568670897,-0.2569885527061983
6,noMC | F-fooof-rel | z | Anchor,-0.2295802465286747,-0.009436823623230249
6,noMC | F-fooof-rel | z | ICP,-0.07907749958737487,-0.1074885584708064
6,noMC | F-fooof-asym | none | ENR,-0.04173740488959288,-0.2531402210276572
6,noMC | F-fooof-asym | none | ENR+time,-0.04130137489348562,-0.2566878120824856
6,noMC | F-fooof-asym | none | SVR,-0.3268749855455002,-0.2528969754758318
6,noMC | F-fooof-asym | none | SVR+time,-0.15043342341200372,-0.20617650452170533
6,noMC | F-fooof-asym | none | Anchor,-0.3604831708334122,-0.18927215160155228
6,noMC | F-fooof-asym | none | ICP,-0.07837399509691689,-0.11589427122245771
6,noMC | F-fooof-asym | z | ENR,-0.024123314527981776,-0.017604753914243227
6,noMC | F-fooof-asym | z | ENR+time,-0.031222746865825046,-0.03277569851967345
6,noMC | F-fooof-asym | z | SVR,-0.12772347778509685,-0.02101885121078848
6,noMC | F-fooof-asym | z | SVR+time,-0.0621622144198819,0.018161621324421187
6,noMC | F-fooof-asym | z | Anchor,-0.5819624224185092,0.21142197479556327
6,noMC | F-fooof-asym | z | ICP,-0.028575465794673294,-0.19696032490631893
6,noMC | F-fooof-riem | riem | ENR,-0.1252229566283949,0.028071590913100287
6,noMC | F-fooof-riem | riem | ENR+time,-0.08789718263693214,0.02992734076843833
6,noMC | F-fooof-riem | riem | SVR,-0.16860599368085305,-0.10344818512648338
6,noMC | F-fooof-riem | riem | SVR+time,-0.15442836735473198,-0.21838239871876455
6,noMC | F-fooof-riem | riem | Anchor,-1.533649859777054,0.0370076054804151
6,noMC | F-fooof-riem | riem | ICP,0.03334015175499394,0.18995431752133432
6,MC | F-fooof-full | none | ENR,-0.056128584923054836,-0.16085464000209376
6,MC | F-fooof-full | none | ENR+time,-0.03697479635022716,-0.2613768673784439
6,MC | F-fooof-full | none | SVR,-0.12687613963492894,0.006070206740147424
6,MC | F-fooof-full | none | SVR+time,-0.2419934388137457,-0.15495537298840836
6,MC | F-fooof-full | none | Anchor,-0.4995953830407449,0.1529702124469023
6,MC | F-fooof-full | none | ICP,-0.03417739436733824,0.02086681310610543
6,MC | F-fooof-full | z | ENR,-0.06393905405238276,-0.033501421567380535
6,MC | F-fooof-full | z | ENR+time,-0.08482312481558218,-0.07320506863412381
6,MC | F-fooof-full | z | SVR,-0.2850855216795176,-0.000765354918869629
6,MC | F-fooof-full | z | SVR+time,-0.17441879790791726,-0.08945248879515692
6,MC | F-fooof-full | z | Anchor,-0.9163968747255962,0.04595751543519786
6,MC | F-fooof-full | z | ICP,-0.12977045101934825,-0.08321103399658497
6,MC | F-fooof-aper | none | ENR,-0.08457591031397915,-0.12304320219772079
6,MC | F-fooof-aper | none | ENR+time,-0.03792813804826789,-0.2541214410331401
6,MC | F-fooof-aper | none | SVR,-0.18299665658932174,-0.14352276188928592
6,MC | F-fooof-aper | none | SVR+time,-0.22776334795291064,-0.21666268073080128
6,MC | F-fooof-aper | none | Anchor,-0.16855156194911003,-0.029113816435303676
6,MC | F-fooof-aper | none | ICP,-0.10612205464828439,-0.06929173843635382
6,MC | F-fooof-aper | z | ENR,-0.03792813804826789,-0.2541214410331401
6,MC | F-fooof-aper | z | ENR+time,-0.03792813804826789,-0.2541214410331401
6,MC | F-fooof-aper | z | SVR,-0.13205427788703594,-0.14791756404665546
6,MC | F-fooof-aper | z | SVR+time,-0.15796345258675104,-0.2635448899062456
6,MC | F-fooof-aper | z | Anchor,-0.03792813804826789,-0.2541214410331401
6,MC | F-fooof-aper | z | ICP,-0.03792813804826789,-0.2541214410331401
6,MC | F-fooof-rel | none | ENR,-0.036563160220526525,-0.27063451419252166
6,MC | F-fooof-rel | none | ENR+time,-0.03792813804826789,-0.2541214410331401
6,MC | F-fooof-rel | none | SVR,-0.1216250242708512,0.1323627949903733
6,MC | F-fooof-rel | none | SVR+time,-0.1691921020363798,0.01079313807620634
6,MC | F-fooof-rel | none | Anchor,-0.43574072461117597,0.0026631889757838135
6,MC | F-fooof-rel | none | ICP,-0.0869905467400629,-0.14643378051831554
6,MC | F-fooof-rel | z | ENR,-0.16251140083114768,-0.06748720446147433
6,MC | F-fooof-rel | z | ENR+time,-0.17516131876809382,-0.05579288480521896
6,MC | F-fooof-rel | z | SVR,-0.1847794293874634,-0.004907700122586536
6,MC | F-fooof-rel | z | SVR+time,-0.2965286299463672,-0.16373808087902092
6,MC | F-fooof-rel | z | Anchor,-0.6954475194326928,0.2641673618997511
6,MC | F-fooof-rel | z | ICP,-0.05458664807302549,-0.08768189802458647
6,MC | F-fooof-asym | none | ENR,-0.08914351747727078,-0.13317518377112053
6,MC | F-fooof-asym | none | ENR+time,-0.04374069447888562,-0.20840211534654168
6,MC | F-fooof-asym | none | SVR,-0.34588195946389155,-0.21919769074587955
6,MC | F-fooof-asym | none | SVR+time,-0.4061090229263693,-0.19872913316700944
6,MC | F-fooof-asym | none | Anchor,-0.43145407263466806,-0.19339294194397735
6,MC | F-fooof-asym | none | ICP,-0.03792813804826789,-0.2541214410331401
6,MC | F-fooof-asym | z | ENR,-0.05001961789608034,0.10783888194638391
6,MC | F-fooof-asym | z | ENR+time,-0.04595786859864126,-0.1049793421433377
6,MC | F-fooof-asym | z | SVR,-0.24456476306297126,0.09059472300100363
6,MC | F-fooof-asym | z | SVR+time,-0.09620141600820764,0.116927785028931
6,MC | F-fooof-asym | z | Anchor,-0.5136923952145873,0.026969411770909058
6,MC | F-fooof-asym | z | ICP,-0.2520611341884125,0.09423122701680495
6,MC | F-fooof-riem | riem | ENR,-0.6270976187758306,0.04469670675024302
6,MC | F-fooof-riem | riem | ENR+time,-0.02841725143957019,-0.04388407978931903
6,MC | F-fooof-riem | riem | SVR,-0.639153801386309,0.017980537957380048
6,MC | F-fooof-riem | riem | SVR+time,-0.1361923108329084,-0.12722116035801662
6,MC | F-fooof-riem | riem | Anchor,-1.322332830631613,0.06455160678553863
6,MC | F-fooof-riem | riem | ICP,-0.38736393496882093,0.07713888168522301
7,noMC | F-fooof-full | none | ENR,-0.08605851436932621,-0.11526349564494583
7,noMC | F-fooof-full | none | ENR+time,-0.03695465397868403,-0.2682877680908421
7,noMC | F-fooof-full | none | SVR,-0.2715338081391405,-0.0823722869266734
7,noMC | F-fooof-full | none | SVR+time,-0.23535944691229926,-0.15800885894838926
7,noMC | F-fooof-full | none | Anchor,-0.048461614698193545,0.15316083154848742
7,noMC | F-fooof-full | none | ICP,-0.0439537773323484,-0.1163428388190865
7,noMC | F-fooof-full | z | ENR,-0.44488428585034323,-0.23240041539512324
7,noMC | F-fooof-full | z | ENR+time,-0.6800251793892007,-0.2189239128647912
7,noMC | F-fooof-full | z | SVR,-0.17411191560831174,-0.24772369786500045
7,noMC | F-fooof-full | z | SVR+time,-0.3486867498672561,-0.24260882347327573
7,noMC | F-fooof-full | z | Anchor,-0.4177452624635476,-0.14708347548329845
7,noMC | F-fooof-full | z | ICP,-0.10995737959601448,-0.05912670118147647
7,noMC | F-fooof-aper | none | ENR,-0.1769271641420238,-0.23004592631560797
7,noMC | F-fooof-aper | none | ENR+time,-0.19593036860076407,-0.23476873769025675
7,noMC | F-fooof-aper | none | SVR,-0.23698674977775092,-0.20538896832248182
7,noMC | F-fooof-aper | none | SVR+time,-0.22227961043655653,-0.24294657534169756
7,noMC | F-fooof-aper | none | Anchor,-0.3692950915939095,-0.1606215188870631
7,noMC | F-fooof-aper | none | ICP,-0.017951804440176744,-0.059715511248220346
7,noMC | F-fooof-aper | z | ENR,-0.03695465397868403,-0.2682877680908421
7,noMC | F-fooof-aper | z | ENR+time,-0.10872251188963666,-0.07936004990723945
7,noMC | F-fooof-aper | z | SVR,-0.3168618095859177,-0.21066368876117048
7,noMC | F-fooof-aper | z | SVR+time,-0.49984581964276975,-0.25582821582399684
7,noMC | F-fooof-aper | z | Anchor,-0.23761636272707554,-0.25545369516088035
7,noMC | F-fooof-aper | z | ICP,-0.06281594642230726,-0.10902955047823629
7,noMC | F-fooof-rel | none | ENR,0.05347911043962117,0.2638930397297634
7,noMC | F-fooof-rel | none | ENR+time,-0.030371127409697385,0.011013598201737716
7,noMC | F-fooof-rel | none | SVR,-0.01460974514122837,0.1916823442559153
7,noMC | F-fooof-rel | none | SVR+time,0.004708587553140742,0.19643331364625222
7,noMC | F-fooof-rel | none | Anchor,0.09917455039368028,0.3152372539352693
7,noMC | F-fooof-rel | none | ICP,-0.03246191788879238,-0.0912113072175055
7,noMC | F-fooof-rel | z | ENR,0.05015562144493213,0.23300944974005006
7,noMC | F-fooof-rel | z | ENR+time,-0.0064690328719829715,0.11086098665116204
7,noMC | F-fooof-rel | z | SVR,0.021332865203278928,0.1862628261555584
7,noMC | F-fooof-rel | z | SVR+time,0.005335020455000783,0.1574075032638951
7,noMC | F-fooof-rel | z | Anchor,-3.0203244157023468,0.2654069453753093
7,noMC | F-fooof-rel | z | ICP,-0.05271797702874759,-0.1060239441649693
7,noMC | F-fooof-asym | none | ENR,0.08028116614675851,0.28866369380143686
7,noMC | F-fooof-asym | none | ENR+time,0.062383629660067275,0.258374349735751
7,noMC | F-fooof-asym | none | SVR,0.022942103697536353,0.25226954083839936
7,noMC | F-fooof-asym | none | SVR+time,0.0018838338034781188,0.21556396957181553
7,noMC | F-fooof-asym | none | Anchor,0.02351477550339931,0.1887730500061968
7,noMC | F-fooof-asym | none | ICP,-0.12646599160116523,-0.11632721392499873
7,noMC | F-fooof-asym | z | ENR,-0.18654000288100248,0.21654792230818654
7,noMC | F-fooof-asym | z | ENR+time,0.10119466139027522,0.3199984349755357
7,noMC | F-fooof-asym | z | SVR,0.0015599672651337437,0.2935903908830033
7,noMC | F-fooof-asym | z | SVR+time,-0.05408661809506343,0.29769055195128324
7,noMC | F-fooof-asym | z | Anchor,0.06824965946449857,0.3548481127599317
7,noMC | F-fooof-asym | z | ICP,-0.03695465397868403,-0.26828776809084204
7,noMC | F-fooof-riem | riem | ENR,-0.048044322180456955,-0.16428829919703788
7,noMC | F-fooof-riem | riem | ENR+time,-0.036527373427455156,-0.2573636015605786
7,noMC | F-fooof-riem | riem | SVR,-0.14144669306037128,0.04278760883661501
7,noMC | F-fooof-riem | riem | SVR+time,-0.1970045609000013,-0.06592434484809212
7,noMC | F-fooof-riem | riem | Anchor,-0.5265526017000748,-0.07025478734251461
7,noMC | F-fooof-riem | riem | ICP,-0.01323309318760546,-0.12352728913859123
7,MC | F-fooof-full | none | ENR,-0.05835738607753571,-0.10274079605808921
7,MC | F-fooof-full | none | ENR+time,-0.06753023877502629,-0.28353202089249685
7,MC | F-fooof-full | none | SVR,-0.19240813444784832,-0.1140958734715925
7,MC | F-fooof-full | none | SVR+time,-0.16377950590718604,-0.16351396009576416
7,MC | F-fooof-full | none | Anchor,-0.03415292403244896,0.1868685371534237
7,MC | F-fooof-full | none | ICP,-0.01881338325329751,0.054478315317173134
7,MC | F-fooof-full | z | ENR,-0.4608709400125375,-0.24779236541218494
7,MC | F-fooof-full | z | ENR+time,-0.5971328489521759,-0.23859877650678563
7,MC | F-fooof-full | z | SVR,-0.35350862637913627,-0.05680891622381372
7,MC | F-fooof-full | z | SVR+time,-0.21696377035754177,-0.10176180848601488
7,MC | F-fooof-full | z | Anchor,0.13965100704423972,0.39520963482810206
7,MC | F-fooof-full | z | ICP,-0.03924629146163139,-0.08169862559043875
7,MC | F-fooof-aper | none | ENR,-0.061400346956988816,-0.2692278854710895
7,MC | F-fooof-aper | none | ENR+time,-0.05084272120681965,-0.30439900121621755
7,MC | F-fooof-aper | none | SVR,-0.1663804899995125,-0.241613308371749
7,MC | F-fooof-aper | none | SVR+time,-0.1779662719508217,-0.23396941521109985
7,MC | F-fooof-aper | none | Anchor,-0.14718051302280122,-0.19559811779975766
7,MC | F-fooof-aper | none | ICP,-0.14820057982402757,-0.22278530308327688
7,MC | F-fooof-aper | z | ENR,-0.17299942499514587,-0.2461465471377713
7,MC | F-fooof-aper | z | ENR+time,-0.03951265308740948,-0.2866129824704083
7,MC | F-fooof-aper | z | SVR,-0.3533536451477921,-0.07787043713471176
7,MC | F-fooof-aper | z | SVR+time,-0.4895963077169496,-0.2549404608480314
7,MC | F-fooof-aper | z | Anchor,-0.45518926713871144,-0.28344407921949677
7,MC | F-fooof-aper | z | ICP,-0.3389478553606231,-0.21864773485053174
7,MC | F-fooof-rel | none | ENR,0.053223149053771235,0.2564782687105268
7,MC | F-fooof-rel | none | ENR+time,-0.07966580016235558,-0.16328935418965468
7,MC | F-fooof-rel | none | SVR,0.0023156177971568326,0.17697433971695237
7,MC | F-fooof-rel | none | SVR+time,0.01938241205743152,0.21240568309843813
7,MC | F-fooof-rel | none | Anchor,0.11964078378599408,0.34930450227613996
7,MC | F-fooof-rel | none | ICP,0.03650384230775072,0.21688353941799132
7,MC | F-fooof-rel | z | ENR,0.04362852299176345,0.21116580581104472
7,MC | F-fooof-rel | z | ENR+time,-0.004296516923328664,0.09770387177653546
7,MC | F-fooof-rel | z | SVR,-0.027209333406925662,0.1339894716156044
7,MC | F-fooof-rel | z | SVR+time,-0.033938552836612734,0.10072150825959578
7,MC | F-fooof-rel | z | Anchor,-0.7751069953280483,0.2085136746164381
7,MC | F-fooof-rel | z | ICP,-0.03941502326071178,-0.2721013250450278
7,MC | F-fooof-asym | none | ENR,0.07504082426754433,0.27982003854933474
7,MC | F-fooof-asym | none | ENR+time,0.041753035942658556,0.22072164023191976
7,MC | F-fooof-asym | none | SVR,0.007890701664729494,0.24525685980255885
7,MC | F-fooof-asym | none | SVR+time,0.03802768650074373,0.2572239496572661
7,MC | F-fooof-asym | none | Anchor,0.038403153420137226,0.2215451776049352
7,MC | F-fooof-asym | none | ICP,-0.009934458746134078,0.156754786728908
7,MC | F-fooof-asym | z | ENR,0.037582222593428805,0.2658318994423315
7,MC | F-fooof-asym | z | ENR+time,0.03273539258198355,0.26096965481404993
7,MC | F-fooof-asym | z | SVR,0.07699932873022297,0.30496451579938316
7,MC | F-fooof-asym | z | SVR+time,0.05868037344080568,0.2768800924885004
7,MC | F-fooof-asym | z | Anchor,0.06422470682139414,0.3141246417086726
7,MC | F-fooof-asym | z | ICP,-0.2299781741081428,-0.18137258890882632
7,MC | F-fooof-riem | riem | ENR,-0.16315944816134298,-0.052227115491540715
7,MC | F-fooof-riem | riem | ENR+time,-0.1736772215668949,-0.09247529125328519
7,MC | F-fooof-riem | riem | SVR,-0.19160813343733518,-0.09735293032470879
7,MC | F-fooof-riem | riem | SVR+time,-0.24877140774248452,-0.26408768220247003
7,MC | F-fooof-riem | riem | Anchor,-0.4264254286656439,-0.03659756230534669
7,MC | F-fooof-riem | riem | ICP,-0.03941502326071178,-0.2721013250450278
8,noMC | F-fooof-full | none | ENR,-0.13930220309962627,-0.10439839507947035
8,noMC | F-fooof-full | none | ENR+time,-0.12032187045570808,-0.04502106898167613
8,noMC | F-fooof-full | none | SVR,-0.11968341735566757,-0.0186992004142701
8,noMC | F-fooof-full | none | SVR+time,-0.03335617310911232,0.1308544114963984
8,noMC | F-fooof-full | none | Anchor,-0.030029039398077995,0.1841137819098721
8,noMC | F-fooof-full | none | ICP,-0.07830342073304442,-0.09633950544186964
8,noMC | F-fooof-full | z | ENR,-0.08823910470393459,-0.10684554065404768
8,noMC | F-fooof-full | z | ENR+time,-0.12290270626601618,-0.04045638263367263
8,noMC | F-fooof-full | z | SVR,-0.19138087689371863,-0.17756945469951388
8,noMC | F-fooof-full | z | SVR+time,-0.13881196263625672,-0.05562309751801627
8,noMC | F-fooof-full | z | Anchor,-0.7477396530225042,-0.12560231004595246
8,noMC | F-fooof-full | z | ICP,-0.03504414645175391,-0.08272688382553993
8,noMC | F-fooof-aper | none | ENR,-0.0619161840339717,-0.2466646283787454
8,noMC | F-fooof-aper | none | ENR+time,-0.13498838953562453,-0.19063046722105248
8,noMC | F-fooof-aper | none | SVR,-0.16498791182449013,-0.1683449251317463
8,noMC | F-fooof-aper | none | SVR+time,-0.12029982728003841,-0.04759265093929818
8,noMC | F-fooof-aper | none | Anchor,-0.18800621589422328,-0.23344218783421158
8,noMC | F-fooof-aper | none | ICP,-0.046642976105042644,-0.16378087132349076
8,noMC | F-fooof-aper | z | ENR,-0.04125329200762273,-0.2999423210296246
8,noMC | F-fooof-aper | z | ENR+time,-0.02494912330276744,-0.12719626037479043
8,noMC | F-fooof-aper | z | SVR,-0.33509299805573756,-0.17131199288333632
8,noMC | F-fooof-aper | z | SVR+time,-0.16226647443451347,-0.07571222303102645
8,noMC | F-fooof-aper | z | Anchor,-0.22596939604583732,-0.35951365996062
8,noMC | F-fooof-aper | z | ICP,-0.06932897748242417,-0.2472675232253179
8,noMC | F-fooof-rel | none | ENR,-0.0529323241067694,-0.04612412068189907
8,noMC | F-fooof-rel | none | ENR+time,0.13902070753799411,0.3746549196357374
8,noMC | F-fooof-rel | none | SVR,-0.00925550123451746,0.21773693764646176
8,noMC | F-fooof-rel | none | SVR+time,0.06270753270448193,0.31269665570045235
8,noMC | F-fooof-rel | none | Anchor,0.07046268968092495,0.2663335967438844
8,noMC | F-fooof-rel | none | ICP,-0.028796869434604355,-0.1895691887090622
8,noMC | F-fooof-rel | z | ENR,-0.09454666759043562,-0.0931566587804181
8,noMC | F-fooof-rel | z | ENR+time,-0.01833447706847524,0.11585611086402542
8,noMC | F-fooof-rel | z | SVR,-0.07890079206969292,-0.0012320083754108271
8,noMC | F-fooof-rel | z | SVR+time,0.0007324943864440714,0.16488266016615716
8,noMC | F-fooof-rel | z | Anchor,-0.4780745554937229,0.20702226810998545
8,noMC | F-fooof-rel | z | ICP,-0.05658954745847633,-0.1169811864679855
8,noMC | F-fooof-asym | none | ENR,0.0347921627083454,0.21691867183478394
8,noMC | F-fooof-asym | none | ENR+time,0.06275105746152232,0.27241898540409204
8,noMC | F-fooof-asym | none | SVR,-0.022896245896131484,0.19937551553754257
8,noMC | F-fooof-asym | none | SVR+time,0.031663638030063335,0.23191523513246862
8,noMC | F-fooof-asym | none | Anchor,-0.031249151875070824,0.11042808310353197
8,noMC | F-fooof-asym | none | ICP,-0.039472133040138635,-0.2948614197092921
8,noMC | F-fooof-asym | z | ENR,-0.2305260002613585,0.3022259130119864
8,noMC | F-fooof-asym | z | ENR+time,-0.05202901010922467,0.33304612960871416
8,noMC | F-fooof-asym | z | SVR,0.00541813035412797,0.2659273204786237
8,noMC | F-fooof-asym | z | SVR+time,-0.05662126805479173,0.2940336694072586
8,noMC | F-fooof-asym | z | Anchor,-0.48835972439608777,0.34665202064954104
8,noMC | F-fooof-asym | z | ICP,-0.039472133040138635,-0.2948614197092921
8,noMC | F-fooof-riem | riem | ENR,-0.10523203152305993,-0.0915749727382405
8,noMC | F-fooof-riem | riem | ENR+time,-0.03750815556578124,0.04694831383343684
8,noMC | F-fooof-riem | riem | SVR,-0.11370828740167571,-0.008137159641925996
8,noMC | F-fooof-riem | riem | SVR+time,-0.061892581342314346,0.08285300934423476
8,noMC | F-fooof-riem | riem | Anchor,-1.5176604127677864,0.18381126071498122
8,noMC | F-fooof-riem | riem | ICP,-0.05731792763516652,-0.2526886265865431
8,MC | F-fooof-full | none | ENR,-0.1458374227576047,-0.05099281832638228
8,MC | F-fooof-full | none | ENR+time,-0.07792745880070528,0.030407504659916096
8,MC | F-fooof-full | none | SVR,-0.2327296023133567,-0.08112633478965425
8,MC | F-fooof-full | none | SVR+time,0.015029299181072764,0.21972098167231113
8,MC | F-fooof-full | none | Anchor,-0.20293770695666025,0.2039755981700747
8,MC | F-fooof-full | none | ICP,-0.06646823462948559,-0.1927877805332941
8,MC | F-fooof-full | z | ENR,-0.24018442518400507,-0.1477758088207629
8,MC | F-fooof-full | z | ENR+time,-0.015855986607929085,0.11965467943416329
8,MC | F-fooof-full | z | SVR,-0.17097413171989562,-0.06206684404448763
8,MC | F-fooof-full | z | SVR+time,-0.046966044671461926,0.07397650104388137
8,MC | F-fooof-full | z | Anchor,-0.10339375678972806,0.176097561262061
8,MC | F-fooof-full | z | ICP,-0.07457128631710574,-0.22167737596859077
8,MC | F-fooof-aper | none | ENR,-0.14197704114915388,-0.20671590426010789
8,MC | F-fooof-aper | none | ENR+time,-0.12640416658525622,-0.17071503131036916
8,MC | F-fooof-aper | none | SVR,-0.14561839299198565,-0.09782393813569279
8,MC | F-fooof-aper | none | SVR+time,-0.07848199262390687,0.02139061265170048
8,MC | F-fooof-aper | none | Anchor,-0.15038455292107655,-0.1932065872588864
8,MC | F-fooof-aper | none | ICP,-0.11075942298901054,-0.2738183940222614
8,MC | F-fooof-aper | z | ENR,-0.2777519577635461,-0.24798885239584215
8,MC | F-fooof-aper | z | ENR+time,-0.251061488403739,-0.18162136836613374
8,MC | F-fooof-aper | z | SVR,-0.29481332301566976,-0.16358416129309983
8,MC | F-fooof-aper | z | SVR+time,-0.15434809111523506,-0.06541965978061812
8,MC | F-fooof-aper | z | Anchor,-0.5683919688421555,-0.3241082045912705
8,MC | F-fooof-aper | z | ICP,-0.34002356296345626,-0.2472996465408382
8,MC | F-fooof-rel | none | ENR,0.07612316250531914,0.28546533559718823
8,MC | F-fooof-rel | none | ENR+time,0.16353871350855298,0.40523164263381395
8,MC | F-fooof-rel | none | SVR,-0.025284815637364844,0.1841479110319266
8,MC | F-fooof-rel | none | SVR+time,0.04033517880255577,0.27386852001171524
8,MC | F-fooof-rel | none | Anchor,-0.19491790171586287,0.23881319569740328
8,MC | F-fooof-rel | none | ICP,-0.04121437902626601,-0.29572564045071076
8,MC | F-fooof-rel | z | ENR,-0.04304355542793159,-0.050542827647763085
8,MC | F-fooof-rel | z | ENR+time,-0.0018256209884968122,0.15895185690832836
8,MC | F-fooof-rel | z | SVR,-0.09183617650112552,-0.024158722826976103
8,MC | F-fooof-rel | z | SVR+time,0.034872842398019355,0.20140824258577256
8,MC | F-fooof-rel | z | Anchor,-0.877933382419601,0.09095009432367682
8,MC | F-fooof-rel | z | ICP,-0.04121437902626601,-0.29572564045071076
8,MC | F-fooof-asym | none | ENR,0.06125758733785902,0.2630099491138589
8,MC | F-fooof-asym | none | ENR+time,0.09522239291900791,0.3139719674245404
8,MC | F-fooof-asym | none | SVR,0.03606597973084613,0.27266543492570583
8,MC | F-fooof-asym | none | SVR+time,0.06737539081088184,0.2830747671349917
8,MC | F-fooof-asym | none | Anchor,-0.10109205068578642,0.25442004106787897
8,MC | F-fooof-asym | none | ICP,-0.037270354251979,-0.07535398454356217
8,MC | F-fooof-asym | z | ENR,0.04004744076902711,0.2469792453211495
8,MC | F-fooof-asym | z | ENR+time,0.06004524081755935,0.28303130973614954
8,MC | F-fooof-asym | z | SVR,0.11019936927411256,0.36022421544227345
8,MC | F-fooof-asym | z | SVR+time,0.08046428396791905,0.3137931548019231
8,MC | F-fooof-asym | z | Anchor,0.033514993762996714,0.2715827864453711
8,MC | F-fooof-asym | z | ICP,-0.02179980086030109,0.061693257568358
8,MC | F-fooof-riem | riem | ENR,-0.10189742048901662,-0.10388401937731603
8,MC | F-fooof-riem | riem | ENR+time,0.01978646739019352,0.15721017128034076
8,MC | F-fooof-riem | riem | SVR,-0.19823260424286526,-0.02457943468701484
8,MC | F-fooof-riem | riem | SVR+time,-0.09248028355301519,0.03948055677791103
8,MC | F-fooof-riem | riem | Anchor,-0.26813252845310753,0.18580000689099468
8,MC | F-fooof-riem | riem | ICP,-0.0560685569345416,-0.29532645303122707
9,noMC | F-fooof-full | none | ENR,-0.04438909715876527,-0.3107175129463241
9,noMC | F-fooof-full | none | ENR+time,-0.04438909715876527,-0.3107175129463241
9,noMC | F-fooof-full | none | SVR,-0.2986906697188014,-0.40816426562898334
9,noMC | F-fooof-full | none | SVR+time,-0.3785843101410704,-0.45015333161238164
9,noMC | F-fooof-full | none | Anchor,-0.2510088991668058,-0.5149513601427795
9,noMC | F-fooof-full | none | ICP,-0.07441304962992867,-0.15297184865723346
9,noMC | F-fooof-full | z | ENR,-0.04445797278592245,-0.32593992321598375
9,noMC | F-fooof-full | z | ENR+time,-0.04445797278592245,-0.32593992321598375
9,noMC | F-fooof-full | z | SVR,-0.20149962605686444,-0.26931970263341365
9,noMC | F-fooof-full | z | SVR+time,-0.22374964633348604,-0.2801936796597354
9,noMC | F-fooof-full | z | Anchor,-1.0325699376825708,-0.37146316156865733
9,noMC | F-fooof-full | z | ICP,-1.69436280947258,-0.24136862648265567
9,noMC | F-fooof-aper | none | ENR,-0.04445797278592245,-0.32593992321598375
9,noMC | F-fooof-aper | none | ENR+time,-0.04445797278592245,-0.32593992321598375
9,noMC | F-fooof-aper | none | SVR,-0.25666545255411055,-0.36681885577654083
9,noMC | F-fooof-aper | none | SVR+time,-0.2487020708303187,-0.33727476220746855
9,noMC | F-fooof-aper | none | Anchor,-0.09982247339408401,-0.261874875656211
9,noMC | F-fooof-aper | none | ICP,-0.13636587437477532,-0.19282589538548292
9,noMC | F-fooof-aper | z | ENR,-0.16372551666666424,-0.4913171107184191
9,noMC | F-fooof-aper | z | ENR+time,-0.18590566121216434,-0.5088136683966062
9,noMC | F-fooof-aper | z | SVR,-0.17883035847120166,-0.3111847294975225
9,noMC | F-fooof-aper | z | SVR+time,-0.25271927221811175,-0.3038562987562896
9,noMC | F-fooof-aper | z | Anchor,-0.22735517123049998,-0.4208020863698823
9,noMC | F-fooof-aper | z | ICP,-0.20058522833545167,-0.4566069590857046
9,noMC | F-fooof-rel | none | ENR,-0.09257911574818678,-0.23590753645474263
9,noMC | F-fooof-rel | none | ENR+time,-0.10122898303972883,-0.2338477392774878
9,noMC | F-fooof-rel | none | SVR,-0.1443282827890826,-0.07569981267627462
9,noMC | F-fooof-rel | none | SVR+time,-0.09022124824666977,-0.013588430660011627
9,noMC | F-fooof-rel | none | Anchor,-0.06224393236326797,-0.029333800654797643
9,noMC | F-fooof-rel | none | ICP,-0.07265809086332631,-0.20533162073498312
9,noMC | F-fooof-rel | z | ENR,-0.14155069404681386,-0.22386898018093976
9,noMC | F-fooof-rel | z | ENR+time,-0.10962115032848874,-0.25460491834552157
9,noMC | F-fooof-rel | z | SVR,-0.14918309056122814,-0.18412327449404028
9,noMC | F-fooof-rel | z | SVR+time,-0.08410446039057473,-0.10862226392067888
9,noMC | F-fooof-rel | z | Anchor,-0.3439144772258509,0.1535031215098524
9,noMC | F-fooof-rel | z | ICP,-0.04591005638059875,-0.33031813244881436
9,noMC | F-fooof-asym | none | ENR,-0.15009668576533208,-0.2282377075975591
9,noMC | F-fooof-asym | none | ENR+time,-0.15887420590408863,-0.23737865132290215
9,noMC | F-fooof-asym | none | SVR,-0.23530486925449545,-0.09394431478540537
9,noMC | F-fooof-asym | none | SVR+time,-0.16810754115001791,-0.033346605368539076
9,noMC | F-fooof-asym | none | Anchor,-0.22787713919228803,-0.15056934435198713
9,noMC | F-fooof-asym | none | ICP,-0.04445797278592245,-0.32593992321598375
9,noMC | F-fooof-asym | z | ENR,0.004904213296982096,0.2522623736886718
9,noMC | F-fooof-asym | z | ENR+time,-0.04361336228875623,-0.05954909993241381
9,noMC | F-fooof-asym | z | SVR,-0.04461174905004883,0.06428032031450234
9,noMC | F-fooof-asym | z | SVR+time,-0.056608238940967004,0.017536616570834072
9,noMC | F-fooof-asym | z | Anchor,-0.029200730674913356,0.33148453382777493
9,noMC | F-fooof-asym | z | ICP,-0.014391169271844806,-0.09795475115634517
9,noMC | F-fooof-riem | riem | ENR,-0.06264826166844539,-0.21948119997569043
9,noMC | F-fooof-riem | riem | ENR+time,-0.06759590594028153,-0.3056660029551922
9,noMC | F-fooof-riem | riem | SVR,-0.12492265307573058,-0.06193078907658577
9,noMC | F-fooof-riem | riem | SVR+time,-0.17499032453482344,-0.03299023582557675
9,noMC | F-fooof-riem | riem | Anchor,-0.6507419093752111,0.04616910787652455
9,noMC | F-fooof-riem | riem | ICP,-0.039319334910663084,0.010485356231717959
9,MC | F-fooof-full | none | ENR,-0.05069749564926562,-0.20562484589152355
9,MC | F-fooof-full | none | ENR+time,-0.05069749564926562,-0.20562484589152355
9,MC | F-fooof-full | none | SVR,-0.19245120818543904,-0.2692925482595595
9,MC | F-fooof-full | none | SVR+time,-0.21440780380512003,-0.3101212585883413
9,MC | F-fooof-full | none | Anchor,-0.310055658183791,-0.17149251066195115
9,MC | F-fooof-full | none | ICP,-0.15732354566322138,-0.1901882078386916
9,MC | F-fooof-full | z | ENR,-0.06156361131028043,-0.17323312034909086
9,MC | F-fooof-full | z | ENR+time,-0.04925307306331095,-0.22384123813582624
9,MC | F-fooof-full | z | SVR,-0.21139809701491097,-0.12535830878020124
9,MC | F-fooof-full | z | SVR+time,-0.2549008460780333,-0.19748431620185225
9,MC | F-fooof-full | z | Anchor,-0.11604075111222567,0.015720247157308506
9,MC | F-fooof-full | z | ICP,-0.2626106673551949,-0.49480727234278254
9,MC | F-fooof-aper | none | ENR,-0.047214721868874765,-0.32827905517500316
9,MC | F-fooof-aper | none | ENR+time,-0.047214721868874765,-0.32827905517500316
9,MC | F-fooof-aper | none | SVR,-0.17421759108147716,-0.2909240911993606
9,MC | F-fooof-aper | none | SVR+time,-0.1618557257954012,-0.2685848184217759
9,MC | F-fooof-aper | none | Anchor,-0.15540963778325212,-0.2742979235498977
9,MC | F-fooof-aper | none | ICP,-0.12207738331131446,-0.25477509312011964
9,MC | F-fooof-aper | z | ENR,-0.16515239121631464,-0.4772632261704404
9,MC | F-fooof-aper | z | ENR+time,-0.17988605743569264,-0.49644891942479896
9,MC | F-fooof-aper | z | SVR,-0.29493821624587513,-0.4692018414710515
9,MC | F-fooof-aper | z | SVR+time,-0.257207087113271,-0.33391400020992645
9,MC | F-fooof-aper | z | Anchor,-0.19983516591530237,-0.4626299603270584
9,MC | F-fooof-aper | z | ICP,-0.3202683547772045,-0.37049394688835735
9,MC | F-fooof-rel | none | ENR,-0.08587619764641263,-0.18838884188537863
9,MC | F-fooof-rel | none | ENR+time,-0.0922714972504759,-0.19897529529020427
9,MC | F-fooof-rel | none | SVR,-0.12192072131238141,-0.05762095627808812
9,MC | F-fooof-rel | none | SVR+time,-0.05840125647557981,-0.00750222529276294
9,MC | F-fooof-rel | none | Anchor,-0.029763327722391875,0.13487717010474992
9,MC | F-fooof-rel | none | ICP,-0.05071695147637145,-0.11682027865989024
9,MC | F-fooof-rel | z | ENR,-0.12634952270432764,-0.18473587915983375
9,MC | F-fooof-rel | z | ENR+time,-0.09495754213361485,-0.14570542602663666
9,MC | F-fooof-rel | z | SVR,-0.05633720412565091,0.021276189780011952
9,MC | F-fooof-rel | z | SVR+time,-0.0791542582342426,-0.07474567360010113
9,MC | F-fooof-rel | z | Anchor,-1.4660199525319113,0.11612290037820264
9,MC | F-fooof-rel | z | ICP,-0.047214721868874765,-0.32827905517500316
9,MC | F-fooof-asym | none | ENR,-0.035651553191213825,-0.028568753558630186
9,MC | F-fooof-asym | none | ENR+time,-0.034590256941255726,-0.03537317051936266
9,MC | F-fooof-asym | none | SVR,-0.20321359099506298,-0.04524882676921438
9,MC | F-fooof-asym | none | SVR+time,-0.10833235174466527,-0.02698300323722551
9,MC | F-fooof-asym | none | Anchor,-0.2116603483112458,-0.12580244764726106
9,MC | F-fooof-asym | none | ICP,-0.07078264748973595,-0.3060234657201678
9,MC | F-fooof-asym | z | ENR,-0.06076648129268847,0.15073840319761878
9,MC | F-fooof-asym | z | ENR+time,-0.002917678510895305,0.1203102725281032
9,MC | F-fooof-asym | z | SVR,-0.11449848834894572,0.2298695185076998
9,MC | F-fooof-asym | z | SVR+time,0.014486149702655271,0.1736716332276778
9,MC | F-fooof-asym | z | Anchor,-0.05807257948767086,0.17086874158929383
9,MC | F-fooof-asym | z | ICP,-0.23385906973260506,-0.18968864506011712
9,MC | F-fooof-riem | riem | ENR,-0.13485453348531196,-0.08737688857349266
9,MC | F-fooof-riem | riem | ENR+time,-0.13572420381651362,-0.08924679325746196
9,MC | F-fooof-riem | riem | SVR,-0.10206588551228801,0.0027411874241894153
9,MC | F-fooof-riem | riem | SVR+time,-0.1643105167428771,-0.04161407395956307
9,MC | F-fooof-riem | riem | Anchor,-0.42578978786060073,0.03704596503126083
9,MC | F-fooof-riem | riem | ICP,-0.047214721868874765,-0.32827905517500316
10,noMC | F-fooof-full | none | ENR,-0.17827672494880642,-0.034404469197697005
10,noMC | F-fooof-full | none | ENR+time,-0.15799295091119658,-0.009383284481938217
10,noMC | F-fooof-full | none | SVR,-0.1188779775392308,0.048847504051463375
10,noMC | F-fooof-full | none | SVR+time,-0.17753033187173872,-0.021633412582689943
10,noMC | F-fooof-full | none | Anchor,-0.1817582653451555,0.0027105924907230936
10,noMC | F-fooof-full | none | ICP,-0.0979768881898313,-0.03358227149593151
10,noMC | F-fooof-full | z | ENR,-0.10966393813775577,-0.1400542744844833
10,noMC | F-fooof-full | z | ENR+time,-0.2019338520467726,-0.15634384286128705
10,noMC | F-fooof-full | z | SVR,-0.0853149110530318,0.03829490669680002
10,noMC | F-fooof-full | z | SVR+time,-0.0483618755822004,0.041407934461331196
10,noMC | F-fooof-full | z | Anchor,-0.24350377372696475,0.003284127466148333
10,noMC | F-fooof-full | z | ICP,-0.0682720247037063,-0.04478533745174014
10,noMC | F-fooof-aper | none | ENR,-0.1728705977800722,-0.08045475973803269
10,noMC | F-fooof-aper | none | ENR+time,-0.09445430694409485,-0.02112271374263553
10,noMC | F-fooof-aper | none | SVR,-0.19615700828069138,-0.07509708809338536
10,noMC | F-fooof-aper | none | SVR+time,-0.2415676024636515,-0.11529882405795173
10,noMC | F-fooof-aper | none | Anchor,-0.36421393190123896,-0.11827450692698802
10,noMC | F-fooof-aper | none | ICP,-0.06947780072904197,-0.19028561059015758
10,noMC | F-fooof-aper | z | ENR,-0.15266800401826996,-0.24505702170955757
10,noMC | F-fooof-aper | z | ENR+time,-0.11811186106911697,-0.29905566670876615
10,noMC | F-fooof-aper | z | SVR,-0.33486329426391337,-0.28747416517473506
10,noMC | F-fooof-aper | z | SVR+time,-0.25495560140280005,-0.2558125323599927
10,noMC | F-fooof-aper | z | Anchor,-0.3805176787168818,-0.4210155924562391
10,noMC | F-fooof-aper | z | ICP,-0.058178633598207075,-0.3127296664203856
10,noMC | F-fooof-rel | none | ENR,-0.1157112658393522,0.13647644914503063
10,noMC | F-fooof-rel | none | ENR+time,-0.15417987796753296,0.14087378025091957
10,noMC | F-fooof-rel | none | SVR,-0.09121410715136635,0.0642924104056301
10,noMC | F-fooof-rel | none | SVR+time,-0.1288603421815444,0.026099295345889346
10,noMC | F-fooof-rel | none | Anchor,-0.9355068834062152,0.13781490673421698
10,noMC | F-fooof-rel | none | ICP,-0.058178633598207075,-0.3127296664203856
10,noMC | F-fooof-rel | z | ENR,-0.13984985938794203,-0.08637468623123284
10,noMC | F-fooof-rel | z | ENR+time,-0.11299419039844971,0.038419903740085616
10,noMC | F-fooof-rel | z | SVR,-0.005544989085712881,0.1689028061051595
10,noMC | F-fooof-rel | z | SVR+time,0.015835082673563927,0.17490221175215143
10,noMC | F-fooof-rel | z | Anchor,-9.969123274234189,0.13768071486992817
10,noMC | F-fooof-rel | z | ICP,-0.058178633598207075,-0.3127296664203856
10,noMC | F-fooof-asym | none | ENR,-0.05829430999049956,-0.313525329101739
10,noMC | F-fooof-asym | none | ENR+time,-0.06376281027674957,-0.02869343705567908
10,noMC | F-fooof-asym | none | SVR,-0.18980771506038874,-0.11804365833350583
10,noMC | F-fooof-asym | none | SVR+time,-0.10631189073329028,-0.005316799221434534
10,noMC | F-fooof-asym | none | Anchor,-0.19223983191356364,-0.13350343735898623
10,noMC | F-fooof-asym | none | ICP,-0.058178633598207075,-0.3127296664203856
10,noMC | F-fooof-asym | z | ENR,-0.16817930161879802,-0.22668972696309692
10,noMC | F-fooof-asym | z | ENR+time,-0.009850862314619624,0.10365879919286076
10,noMC | F-fooof-asym | z | SVR,-0.025725313803370176,0.16090443506901064
10,noMC | F-fooof-asym | z | SVR+time,-0.010081762827860441,0.1477032230769572
10,noMC | F-fooof-asym | z | Anchor,-0.06701392739609724,0.2355015269158219
10,noMC | F-fooof-asym | z | ICP,-0.05790201098848313,-0.27876972024315916
10,noMC | F-fooof-riem | riem | ENR,-0.22415121152099848,-0.22587639467800144
10,noMC | F-fooof-riem | riem | ENR+time,-0.2848305326462557,-0.009524785621415725
10,noMC | F-fooof-riem | riem | SVR,-0.10123416154230647,0.12587898268591607
10,noMC | F-fooof-riem | riem | SVR+time,-0.0692812297915899,0.07219999153103698
10,noMC | F-fooof-riem | riem | Anchor,-1.32811863855335,0.0996614843638028
10,noMC | F-fooof-riem | riem | ICP,-0.058178633598207075,-0.3127296664203856
10,MC | F-fooof-full | none | ENR,-0.2170472209739862,-0.08413246956947704
10,MC | F-fooof-full | none | ENR+time,-0.2143836095498819,-0.08537124353135107
10,MC | F-fooof-full | none | SVR,-0.10233903715302439,0.02762806158397498
10,MC | F-fooof-full | none | SVR+time,-0.15409244746518258,-0.043902829010781456
10,MC | F-fooof-full | none | Anchor,-0.4283728795888069,0.008590563442857566
10,MC | F-fooof-full | none | ICP,-0.06085414905684505,-0.3149782426568321
10,MC | F-fooof-full | z | ENR,-0.05657703351917065,-0.11313374244986965
10,MC | F-fooof-full | z | ENR+time,-0.0697920886426342,-0.17409257996857583
10,MC | F-fooof-full | z | SVR,-0.12085116067375412,0.021925700052831714
10,MC | F-fooof-full | z | SVR+time,-0.08795459533073102,0.008137308390417729
10,MC | F-fooof-full | z | Anchor,-0.3878936352545077,0.10290214593390673
10,MC | F-fooof-full | z | ICP,-0.06810934468176022,-0.01843749601718042
10,MC | F-fooof-aper | none | ENR,-0.11537446162269838,-0.2900686858879518
10,MC | F-fooof-aper | none | ENR+time,-0.0947825676840306,-0.22228461293357638
10,MC | F-fooof-aper | none | SVR,-0.22328233329083935,-0.11479179874088198
10,MC | F-fooof-aper | none | SVR+time,-0.17703144777880042,-0.15728822511511928
10,MC | F-fooof-aper | none | Anchor,-0.12889805401735255,-0.1505286206735288
10,MC | F-fooof-aper | none | ICP,-0.17490915760052528,-0.21851005057689776
10,MC | F-fooof-aper | z | ENR,-0.16046197570839404,-0.24950926866182344
10,MC | F-fooof-aper | z | ENR+time,-0.27740618628371005,-0.23011660248153865
10,MC | F-fooof-aper | z | SVR,-0.32930423259897257,-0.2803240664716225
10,MC | F-fooof-aper | z | SVR+time,-0.32870698587832914,-0.23320390468801597
10,MC | F-fooof-aper | z | Anchor,-0.06085414905684505,-0.31497824265683205
10,MC | F-fooof-aper | z | ICP,-0.40175490768209077,-0.21092143654998136
10,MC | F-fooof-rel | none | ENR,0.008440882088193602,0.21053191440263325
10,MC | F-fooof-rel | none | ENR+time,-0.06587375501523973,0.18846250579009968
10,MC | F-fooof-rel | none | SVR,-0.05614429283883693,-0.0038968251782986324
10,MC | F-fooof-rel | none | SVR+time,-0.0667105709564928,0.050544161295153225
10,MC | F-fooof-rel | none | Anchor,-0.4467367110211167,0.1773213347214268
10,MC | F-fooof-rel | none | ICP,-0.06705036350464,-0.2927370375328928
10,MC | F-fooof-rel | z | ENR,-0.21284960834744626,-0.16096622662843058
10,MC | F-fooof-rel | z | ENR+time,-0.23634631569573217,-0.045681088216303865
10,MC | F-fooof-rel | z | SVR,-0.09680578013876939,0.09614153922559138
10,MC | F-fooof-rel | z | SVR+time,-0.01782216509309098,0.1239450962173528
10,MC | F-fooof-rel | z | Anchor,-2.24740632976939,0.023424661649574616
10,MC | F-fooof-rel | z | ICP,-0.06085414905684505,-0.3149782426568321
10,MC | F-fooof-asym | none | ENR,-0.15586666586159836,-0.17746219029872876
10,MC | F-fooof-asym | none | ENR+time,-0.12999193074991067,-0.19859977611500199
10,MC | F-fooof-asym | none | SVR,-0.23805957965525626,-0.08355812438026129
10,MC | F-fooof-asym | none | SVR+time,-0.0967351078177241,-0.020855129347566136
10,MC | F-fooof-asym | none | Anchor,-0.23679956633490984,-0.10226040544905657
10,MC | F-fooof-asym | none | ICP,-0.02359610735840101,-0.05593018521128449
10,MC | F-fooof-asym | z | ENR,-0.3706558912564597,-0.2730391059332331
10,MC | F-fooof-asym | z | ENR+time,-0.2212179185646277,-0.20926708306799854
10,MC | F-fooof-asym | z | SVR,-0.5283552528352817,-0.16612280488665784
10,MC | F-fooof-asym | z | SVR+time,-0.04164788993879709,0.07032483795401871
10,MC | F-fooof-asym | z | Anchor,-0.21111399030451694,-0.039273154109922326
10,MC | F-fooof-asym | z | ICP,-0.040735647794458485,-0.1134790085168537
10,MC | F-fooof-riem | riem | ENR,-0.12994242002785739,-0.06355175632083063
10,MC | F-fooof-riem | riem | ENR+time,-0.06078010619637486,-0.10967963934430812
10,MC | F-fooof-riem | riem | SVR,-0.1035270807402433,0.06677089195189731
10,MC | F-fooof-riem | riem | SVR+time,-0.06864339786775742,0.03174963164418342
10,MC | F-fooof-riem | riem | Anchor,-0.20648566409941882,0.07854738993321547
10,MC | F-fooof-riem | riem | ICP,-0.042719184454239834,-0.05278928419323877
11,noMC | F-fooof-full | none | ENR,-0.07239410527282253,0.06738210364385339
11,noMC | F-fooof-full | none | ENR+time,-0.13544895251497246,-0.08631447099399749
11,noMC | F-fooof-full | none | SVR,-0.42630563017506806,-0.13932734011686065
11,noMC | F-fooof-full | none | SVR+time,-0.3050496648778629,-0.16672983663801771
11,noMC | F-fooof-full | none | Anchor,-0.09424940512398039,0.18964361244031858
11,noMC | F-fooof-full | none | ICP,-0.03271877709080728,-0.08053129585270291
11,noMC | F-fooof-full | z | ENR,-0.07209399019822671,-0.24059152954184032
11,noMC | F-fooof-full | z | ENR+time,-0.051224666296407984,-0.29941917313570765
11,noMC | F-fooof-full | z | SVR,-0.22399574923274668,-0.1633238123731422
11,noMC | F-fooof-full | z | SVR+time,-0.21515909740550887,-0.15083383885405116
11,noMC | F-fooof-full | z | Anchor,-1.0357780967920682,-0.16211177708819957
11,noMC | F-fooof-full | z | ICP,-0.06859553090862547,-0.051528589426308016
11,noMC | F-fooof-aper | none | ENR,-0.11514098228657099,-0.24705723174243077
11,noMC | F-fooof-aper | none | ENR+time,-0.17795504947836127,-0.2337132451096569
11,noMC | F-fooof-aper | none | SVR,-0.3788956481313561,-0.25164025717895333
11,noMC | F-fooof-aper | none | SVR+time,-0.438731872948674,-0.2896431016568456
11,noMC | F-fooof-aper | none | Anchor,-0.10991454788691701,-0.25114427449528276
11,noMC | F-fooof-aper | none | ICP,-0.08358210604425076,-0.2757341891073588
11,noMC | F-fooof-aper | z | ENR,-0.051277718862906774,-0.34458759224324254
11,noMC | F-fooof-aper | z | ENR+time,-0.051277718862906774,-0.3445875922432425
11,noMC | F-fooof-aper | z | SVR,-0.2446258757690536,-0.33616793946378276
11,noMC | F-fooof-aper | z | SVR+time,-0.26020315182878595,-0.29130867210246625
11,noMC | F-fooof-aper | z | Anchor,-0.23966143403300078,-0.42448391454768997
11,noMC | F-fooof-aper | z | ICP,-0.051277718862906774,-0.3445875922432425
11,noMC | F-fooof-rel | none | ENR,0.04017304417794221,0.2110986834645267
11,noMC | F-fooof-rel | none | ENR+time,0.03758428711621853,0.20619104554708126
11,noMC | F-fooof-rel | none | SVR,-0.09233301723290799,0.06307287043603194
11,noMC | F-fooof-rel | none | SVR+time,-0.12365730559455845,0.006461919936146747
11,noMC | F-fooof-rel | none | Anchor,0.0379750193049363,0.24598492605183375
11,noMC | F-fooof-rel | none | ICP,-0.051277718862906774,-0.3445875922432425
11,noMC | F-fooof-rel | z | ENR,-0.06571196036388072,-0.03906171825807612
11,noMC | F-fooof-rel | z | ENR+time,-0.08279040136783111,-0.08008450916249024
11,noMC | F-fooof-rel | z | SVR,-0.10145346079352446,-0.020149313576680844
11,noMC | F-fooof-rel | z | SVR+time,-0.06131977712087222,0.03026206986974366
11,noMC | F-fooof-rel | z | Anchor,-1.3692057449260102,0.13828146694956744
11,noMC | F-fooof-rel | z | ICP,-0.054639052829214,-0.30692086324010937
11,noMC | F-fooof-asym | none | ENR,-0.10042017447620566,-0.19689197220988186
11,noMC | F-fooof-asym | none | ENR+time,-0.051277718862906774,-0.34458759224324254
11,noMC | F-fooof-asym | none | SVR,-0.12571644704526963,-0.10952276920579179
11,noMC | F-fooof-asym | none | SVR+time,-0.11945013917650171,-0.11615050978267198
11,noMC | F-fooof-asym | none | Anchor,-0.17913841830547028,-0.1645667008231866
11,noMC | F-fooof-asym | none | ICP,-0.051277718862906774,-0.3445875922432425
11,noMC | F-fooof-asym | z | ENR,-0.4390172398671568,-0.2997061966622282
11,noMC | F-fooof-asym | z | ENR+time,-0.3214081771469308,-0.3094283216763424
11,noMC | F-fooof-asym | z | SVR,0.011840841831017523,0.37972163575692275
11,noMC | F-fooof-asym | z | SVR+time,0.03324039133285073,0.2194765936507193
11,noMC | F-fooof-asym | z | Anchor,-0.0638408561800412,0.1528451891341431
11,noMC | F-fooof-asym | z | ICP,-0.052227911482458866,-0.18081262830351347
11,noMC | F-fooof-riem | riem | ENR,-0.31230968875638565,-0.22453669847461438
11,noMC | F-fooof-riem | riem | ENR+time,-0.30614433639601124,-0.21667494721400848
11,noMC | F-fooof-riem | riem | SVR,-0.2325640410493699,-0.1592497248167819
11,noMC | F-fooof-riem | riem | SVR+time,-0.2453932439762747,-0.22908514882427083
11,noMC | F-fooof-riem | riem | Anchor,-0.6905749411326927,0.04098358792436643
11,noMC | F-fooof-riem | riem | ICP,-0.051277718862906774,-0.3445875922432425
11,MC | F-fooof-full | none | ENR,-0.044365940563758866,-0.21938276128332945
11,MC | F-fooof-full | none | ENR+time,-0.044365940563758866,-0.21938276128332945
11,MC | F-fooof-full | none | SVR,-0.21107806777725524,-0.11176767680053826
11,MC | F-fooof-full | none | SVR+time,-0.1327926671239752,-0.08127188310990582
11,MC | F-fooof-full | none | Anchor,-0.5217715525829449,0.11470989034028177
11,MC | F-fooof-full | none | ICP,-0.06571646071065307,-0.07576624824553672
11,MC | F-fooof-full | z | ENR,-0.1399905940664914,-0.28574233546853167
11,MC | F-fooof-full | z | ENR+time,-0.17250644878914545,-0.26665951627816264
11,MC | F-fooof-full | z | SVR,-0.3087371649218493,-0.22963774046218002
11,MC | F-fooof-full | z | SVR+time,-0.28968289150145177,-0.2310376133309754
11,MC | F-fooof-full | z | Anchor,-0.27647440172805915,-0.15351444470447184
11,MC | F-fooof-full | z | ICP,-0.10770032574781285,-0.09053288862069367
11,MC | F-fooof-aper | none | ENR,-0.10889558216351136,-0.27695377389826015
11,MC | F-fooof-aper | none | ENR+time,-0.10031131327885534,-0.1876449223162182
11,MC | F-fooof-aper | none | SVR,-0.19341068943899797,-0.22262171918799034
11,MC | F-fooof-aper | none | SVR+time,-0.1616689819299828,-0.2642720134578695
11,MC | F-fooof-aper | none | Anchor,-0.14213213580313422,-0.1749331209275934
11,MC | F-fooof-aper | none | ICP,-0.16462384328500157,-0.2400759465524832
11,MC | F-fooof-aper | z | ENR,-0.057167950676801915,-0.35036975895369943
11,MC | F-fooof-aper | z | ENR+time,-0.05529778915487382,-0.32521121164776035
11,MC | F-fooof-aper | z | SVR,-0.2755909706460853,-0.3184004796980092
11,MC | F-fooof-aper | z | SVR+time,-0.2421801245440438,-0.26934551481457414
11,MC | F-fooof-aper | z | Anchor,-0.057167950676801915,-0.35036975895369943
11,MC | F-fooof-aper | z | ICP,-0.057167950676801915,-0.35036975895369943
11,MC | F-fooof-rel | none | ENR,-0.11201688286371447,0.17616144181380017
11,MC | F-fooof-rel | none | ENR+time,0.03595659646136651,0.19443085797445447
11,MC | F-fooof-rel | none | SVR,-0.24730146568231892,-0.01729343913830363
11,MC | F-fooof-rel | none | SVR+time,-0.10804523518126885,0.06032082493544223
11,MC | F-fooof-rel | none | Anchor,-0.06418430810318365,0.21807825002038844
11,MC | F-fooof-rel | none | ICP,-0.0622587480625485,-0.2797866083433826
11,MC | F-fooof-rel | z | ENR,-0.1032696208013344,-0.09067948900317539
11,MC | F-fooof-rel | z | ENR+time,-0.05630228763820333,0.005260920901108926
11,MC | F-fooof-rel | z | SVR,-0.10858380631996689,0.028091077724198544
11,MC | F-fooof-rel | z | SVR+time,-0.11386214254727545,-0.03603869818651005
11,MC | F-fooof-rel | z | Anchor,-0.4333192157943948,0.09477754173899695
11,MC | F-fooof-rel | z | ICP,-0.0717704720949972,-0.1967293470038415
11,MC | F-fooof-asym | none | ENR,-0.17435525470294677,-0.23945648922611001
11,MC | F-fooof-asym | none | ENR+time,-0.15298453831552394,-0.2163253676416918
11,MC | F-fooof-asym | none | SVR,-0.40711211049282525,-0.03408648947925146
11,MC | F-fooof-asym | none | SVR+time,-0.17090799688778913,-0.18398312649169357
11,MC | F-fooof-asym | none | Anchor,-0.2619293515694081,-0.17963451596310298
11,MC | F-fooof-asym | none | ICP,-0.09462367961976703,-0.21829282648891135
11,MC | F-fooof-asym | z | ENR,-0.6258540600480726,-0.3610664414442871
11,MC | F-fooof-asym | z | ENR+time,-0.5531697350890472,-0.34669491349536097
11,MC | F-fooof-asym | z | SVR,-0.1357087087427704,0.12038235714432936
11,MC | F-fooof-asym | z | SVR+time,-0.08204007824048709,0.041012078161836676
11,MC | F-fooof-asym | z | Anchor,-0.133887155172153,0.007881375548823333
11,MC | F-fooof-asym | z | ICP,-0.18139121149793547,-0.16352897603718602
11,MC | F-fooof-riem | riem | ENR,-0.20007669984934595,-0.2480574163528124
11,MC | F-fooof-riem | riem | ENR+time,-0.25146310472314304,-0.10395270983532223
11,MC | F-fooof-riem | riem | SVR,-0.2258179400089233,-0.2094123628484122
11,MC | F-fooof-riem | riem | SVR+time,-0.21018706324859027,-0.1887426985943691
11,MC | F-fooof-riem | riem | Anchor,-0.2644740886837107,0.05065121660299054
11,MC | F-fooof-riem | riem | ICP,-0.057167950676801915,-0.35036975895369943
12,noMC | F-fooof-full | none | ENR,-0.15352167319777354,-0.16322181411780562
12,noMC | F-fooof-full | none | ENR+time,-0.15352167319777354,-0.16322181411780562
12,noMC | F-fooof-full | none | SVR,-0.2428075510769374,-0.0939073575844544
12,noMC | F-fooof-full | none | SVR+time,-0.2543378658250277,-0.1177088500169982
12,noMC | F-fooof-full | none | Anchor,-0.6370355202600748,-0.19030970035309525
12,noMC | F-fooof-full | none | ICP,-0.09149641165759381,-0.21280755612675495
12,noMC | F-fooof-full | z | ENR,-0.04399704820772832,-0.2744704270826837
12,noMC | F-fooof-full | z | ENR+time,-0.04399704820772832,-0.2744704270826837
12,noMC | F-fooof-full | z | SVR,-0.17652571962104413,-0.1372808066863756
12,noMC | F-fooof-full | z | SVR+time,-0.2169957254269279,-0.1890770488169843
12,noMC | F-fooof-full | z | Anchor,-0.1343905129392311,-0.055668225540077956
12,noMC | F-fooof-full | z | ICP,-0.11984489107982732,-0.21102217919012722
12,noMC | F-fooof-aper | none | ENR,-0.15521193981122927,-0.15005727898776053
12,noMC | F-fooof-aper | none | ENR+time,-0.1563967838424778,-0.15098156966459678
12,noMC | F-fooof-aper | none | SVR,-0.1855966231163957,0.045670162069876494
12,noMC | F-fooof-aper | none | SVR+time,-0.37889957106077987,-0.07874609331294048
12,noMC | F-fooof-aper | none | Anchor,-0.2359406731376663,-0.16761727438266694
12,noMC | F-fooof-aper | none | ICP,-0.26254772256513714,-0.18284583037856622
12,noMC | F-fooof-aper | z | ENR,-0.34003810179671645,-0.1530705313635033
12,noMC | F-fooof-aper | z | ENR+time,-0.32695631734829833,-0.160248556488939
12,noMC | F-fooof-aper | z | SVR,-0.16772338700504963,-0.16082760723691375
12,noMC | F-fooof-aper | z | SVR+time,-0.10377384543205426,-0.07661811001062281
12,noMC | F-fooof-aper | z | Anchor,-0.23704662865548665,-0.04245471431313759
12,noMC | F-fooof-aper | z | ICP,-0.0371850183074065,-0.2524211839973639
12,noMC | F-fooof-rel | none | ENR,-0.0371850183074065,-0.2524211839973639
12,noMC | F-fooof-rel | none | ENR+time,-0.0371850183074065,-0.2524211839973639
12,noMC | F-fooof-rel | none | SVR,-0.17783071090906555,-0.1174914077990498
12,noMC | F-fooof-rel | none | SVR+time,-0.16302607139937297,-0.08122698442530416
12,noMC | F-fooof-rel | none | Anchor,-0.11472036056113977,-0.04486998773623415
12,noMC | F-fooof-rel | none | ICP,-0.08570143759036286,-0.22434222202048226
12,noMC | F-fooof-rel | z | ENR,-0.09925408333776131,-0.21075091763060627
12,noMC | F-fooof-rel | z | ENR+time,-0.03745447863114593,-0.2529643381186317
12,noMC | F-fooof-rel | z | SVR,-0.1360794553796274,-0.028269205947385162
12,noMC | F-fooof-rel | z | SVR+time,-0.10696032500185226,0.01432108324649781
12,noMC | F-fooof-rel | z | Anchor,-0.6983912690609371,-0.18118240464361157
12,noMC | F-fooof-rel | z | ICP,-0.0372106596573738,-0.24100564534156932
12,noMC | F-fooof-asym | none | ENR,-0.0371850183074065,-0.2524211839973639
12,noMC | F-fooof-asym | none | ENR+time,-0.34285638969641985,-0.1464612094924391
12,noMC | F-fooof-asym | none | SVR,-0.3977227002465886,-0.2522263345474748
12,noMC | F-fooof-asym | none | SVR+time,-0.37364175727987314,-0.24388214000896075
12,noMC | F-fooof-asym | none | Anchor,-0.538618571681893,-0.20357109998122275
12,noMC | F-fooof-asym | none | ICP,-0.0371850183074065,-0.2524211839973639
12,noMC | F-fooof-asym | z | ENR,-1.2310967759007712,-0.15637713365631822
12,noMC | F-fooof-asym | z | ENR+time,-1.1626544682567532,-0.1575073419537179
12,noMC | F-fooof-asym | z | SVR,-0.48399197592137355,0.03952076852224702
12,noMC | F-fooof-asym | z | SVR+time,-0.5799604280033861,0.04211180300616345
12,noMC | F-fooof-asym | z | Anchor,-1.2921827355454631,-0.17917191759681417
12,noMC | F-fooof-asym | z | ICP,-0.20131122167132864,-0.13639323379929064
12,noMC | F-fooof-riem | riem | ENR,-0.32630477800286006,-0.12934878592071952
12,noMC | F-fooof-riem | riem | ENR+time,-0.04702290280011656,-0.09726663789951843
12,noMC | F-fooof-riem | riem | SVR,-0.27592329660152815,-0.0996037758737972
12,noMC | F-fooof-riem | riem | SVR+time,-0.2146557927794941,-0.04751796138120981
12,noMC | F-fooof-riem | riem | Anchor,-0.41778524188143096,-0.06890803096785311
12,noMC | F-fooof-riem | riem | ICP,-0.053710097346441055,-0.27060652009815683
12,MC | F-fooof-full | none | ENR,-0.04580189803238155,-0.22901065011504673
12,MC | F-fooof-full | none | ENR+time,-0.04580189803238155,-0.2290106501150468
12,MC | F-fooof-full | none | SVR,-0.2116247543015175,-0.15255937952565113
12,MC | F-fooof-full | none | SVR+time,-0.19250853731072382,-0.16512772525978842
12,MC | F-fooof-full | none | Anchor,-0.47292028711971534,-0.22812197057954306
12,MC | F-fooof-full | none | ICP,-0.10478410369623781,-0.3972092332279352
12,MC | F-fooof-full | z | ENR,-0.11092288563607644,-0.11934890697935018
12,MC | F-fooof-full | z | ENR+time,-0.06771440747557422,-0.2721784157091713
12,MC | F-fooof-full | z | SVR,-0.2361183242196534,-0.0823690073064099
12,MC | F-fooof-full | z | SVR+time,-0.09659385014205601,0.0688036024171651
12,MC | F-fooof-full | z | Anchor,-0.4034121280260736,-0.06838767928492247
12,MC | F-fooof-full | z | ICP,-0.019172015745934745,0.013642535840488697
12,MC | F-fooof-aper | none | ENR,-0.04580189803238155,-0.2290106501150468
12,MC | F-fooof-aper | none | ENR+time,-0.04580189803238155,-0.2290106501150468
12,MC | F-fooof-aper | none | SVR,-0.4126026454003868,-0.2522542905152527
12,MC | F-fooof-aper | none | SVR+time,-0.4069886592540781,-0.2687603258664717
12,MC | F-fooof-aper | none | Anchor,-0.23016340578771866,-0.1678285494235927
12,MC | F-fooof-aper | none | ICP,-0.23126846051483718,-0.18914875196525252
12,MC | F-fooof-aper | z | ENR,-0.06902674032472889,-0.08103611566513098
12,MC | F-fooof-aper | z | ENR+time,-0.08891838214829861,-0.15403005644060525
12,MC | F-fooof-aper | z | SVR,-0.19127707292252882,-0.2342905301276577
12,MC | F-fooof-aper | z | SVR+time,-0.16561194908448496,-0.1173897375260452
12,MC | F-fooof-aper | z | Anchor,-0.02511545700787443,0.1149925990944527
12,MC | F-fooof-aper | z | ICP,-0.03715464105556987,-0.25297893619466016
12,MC | F-fooof-rel | none | ENR,-0.03715464105556987,-0.25297893619466016
12,MC | F-fooof-rel | none | ENR+time,-0.03715464105556987,-0.25297893619466016
12,MC | F-fooof-rel | none | SVR,-0.19294672684425818,-0.15499249836738943
12,MC | F-fooof-rel | none | SVR+time,-0.1936159458449691,-0.17671548795977982
12,MC | F-fooof-rel | none | Anchor,-0.4436537778576215,-0.1278418104604826
12,MC | F-fooof-rel | none | ICP,-0.05958609918609614,-0.2791442560209799
12,MC | F-fooof-rel | z | ENR,-0.13779462356247474,-0.13909010871266855
12,MC | F-fooof-rel | z | ENR+time,-0.12173173679697014,-0.1424989894661363
12,MC | F-fooof-rel | z | SVR,-0.20432879947800675,-0.17600672203685885
12,MC | F-fooof-rel | z | SVR+time,-0.1609365793613997,-0.11426947019462223
12,MC | F-fooof-rel | z | Anchor,-0.828347636015301,-0.20119783496956223
12,MC | F-fooof-rel | z | ICP,-0.06894888617090467,-0.1714712387023
12,MC | F-fooof-asym | none | ENR,-0.10652911309944058,-0.3125764413258964
12,MC | F-fooof-asym | none | ENR+time,-0.08523771347399345,-0.3332053203341392
12,MC | F-fooof-asym | none | SVR,-0.3261909946541526,-0.2547736107786189
12,MC | F-fooof-asym | none | SVR+time,-0.2783141660847126,-0.2556346864754049
12,MC | F-fooof-asym | none | Anchor,-0.20378626903406083,-0.2256559306420352
12,MC | F-fooof-asym | none | ICP,-0.03715464105556987,-0.25297893619466016
12,MC | F-fooof-asym | z | ENR,-0.050329907326444046,-0.06461501946963297
12,MC | F-fooof-asym | z | ENR+time,-0.0898259839838369,-0.13585206860188082
12,MC | F-fooof-asym | z | SVR,-0.10821610852469266,0.1785334992761034
12,MC | F-fooof-asym | z | SVR+time,-0.14778033089957376,0.1347528961175704
12,MC | F-fooof-asym | z | Anchor,-0.12531192811124914,-0.004094279594093669
12,MC | F-fooof-asym | z | ICP,-0.12751963286267398,-0.2792123445656279
12,MC | F-fooof-riem | riem | ENR,-0.33496311764956177,-0.15342982160386395
12,MC | F-fooof-riem | riem | ENR+time,-0.32351642051483553,-0.16206286394142144
12,MC | F-fooof-riem | riem | SVR,-0.22696054788470255,-0.08838027365353733
12,MC | F-fooof-riem | riem | SVR+time,-0.21180592441815382,-0.04296364699614813
12,MC | F-fooof-riem | riem | Anchor,-0.45391583986320194,0.012101324249045638
12,MC | F-fooof-riem | riem | ICP,-0.06986833884618293,-0.23405199179686983
13,noMC | F-fooof-full | none | ENR,-0.10000203105441541,-0.023817345557043533
13,noMC | F-fooof-full | none | ENR+time,-0.09796064474620048,-0.25485530415690305
13,noMC | F-fooof-full | none | SVR,-0.09998767202357461,-0.015118037349342698
13,noMC | F-fooof-full | none | SVR+time,-0.09161897006667519,-0.024018662818022042
13,noMC | F-fooof-full | none | Anchor,-0.11299984624202075,0.14523330838750032
13,noMC | F-fooof-full | none | ICP,-0.03765295040337713,-0.28049113863422903
13,noMC | F-fooof-full | z | ENR,-0.042249306932818254,-0.25786441262003645
13,noMC | F-fooof-full | z | ENR+time,-0.042249306932818254,-0.25786441262003645
13,noMC | F-fooof-full | z | SVR,-0.14109194822086613,-0.2130321039141642
13,noMC | F-fooof-full | z | SVR+time,-0.12521957435109576,-0.1871208419138822
13,noMC | F-fooof-full | z | Anchor,-1.1234597541719435,-0.0722104965831615
13,noMC | F-fooof-full | z | ICP,-0.03765295040337713,-0.28049113863422903
13,noMC | F-fooof-aper | none | ENR,-0.09073412215279952,0.033752087017242506
13,noMC | F-fooof-aper | none | ENR+time,-0.10801631492607466,0.004347413923503338
13,noMC | F-fooof-aper | none | SVR,-0.45238851017173753,-0.17309280741992522
13,noMC | F-fooof-aper | none | SVR+time,-0.1216494762028748,-0.0885008635935034
13,noMC | F-fooof-aper | none | Anchor,0.014322220736623148,0.24798725054181642
13,noMC | F-fooof-aper | none | ICP,0.029423759228972335,0.1866332604251852
13,noMC | F-fooof-aper | z | ENR,-0.030777604959710825,0.010089814714712868
13,noMC | F-fooof-aper | z | ENR+time,-0.07783729460359812,-0.08875396681944736
13,noMC | F-fooof-aper | z | SVR,-0.26215211916180814,-0.07076713042432806
13,noMC | F-fooof-aper | z | SVR+time,-0.22614542917857783,-0.11493519694282009
13,noMC | F-fooof-aper | z | Anchor,-0.09727909958353576,-0.14408993585445107
13,noMC | F-fooof-aper | z | ICP,-0.09678128861445812,-0.07844457323325338
13,noMC | F-fooof-rel | none | ENR,0.036788015155422626,0.19946753470486003
13,noMC | F-fooof-rel | none | ENR+time,0.03363344031818405,0.19443026527720247
13,noMC | F-fooof-rel | none | SVR,-0.12225727306550427,0.01839761639042023
13,noMC | F-fooof-rel | none | SVR+time,-0.06974289589495397,0.04475289135658164
13,noMC | F-fooof-rel | none | Anchor,-0.02396027330371764,0.1800448840841279
13,noMC | F-fooof-rel | none | ICP,-0.0019145832979630129,0.11563547729457768
13,noMC | F-fooof-rel | z | ENR,-0.10416339495567484,-0.11076479134146558
13,noMC | F-fooof-rel | z | ENR+time,-0.10911812378154573,-0.12057740585151179
13,noMC | F-fooof-rel | z | SVR,-0.0654404394952588,-0.0741740836011809
13,noMC | F-fooof-rel | z | SVR+time,-0.02570793467695842,0.04800661990531638
13,noMC | F-fooof-rel | z | Anchor,-4.6293089740412965,0.08884663568703037
13,noMC | F-fooof-rel | z | ICP,-0.047906654314264996,-0.14031442790838028
13,noMC | F-fooof-asym | none | ENR,0.02513373670619168,0.17085979601392
13,noMC | F-fooof-asym | none | ENR+time,-0.0398093193705753,0.044761131402030405
13,noMC | F-fooof-asym | none | SVR,-0.01627426202594684,0.16545995184238116
13,noMC | F-fooof-asym | none | SVR+time,-0.0006232998689352787,0.1796679917129312
13,noMC | F-fooof-asym | none | Anchor,-0.03589327502003892,0.08515171929303306
13,noMC | F-fooof-asym | none | ICP,-0.04255508036218658,-0.12837454893079925
13,noMC | F-fooof-asym | z | ENR,-0.04881571722859013,0.1989147220575836
13,noMC | F-fooof-asym | z | ENR+time,-0.06160821208616807,0.1950966595289032
13,noMC | F-fooof-asym | z | SVR,-0.06549518882812144,0.1770654322588588
13,noMC | F-fooof-asym | z | SVR+time,-0.08610949299738202,0.16438820268570903
13,noMC | F-fooof-asym | z | Anchor,0.01453050243855647,0.2571560862034461
13,noMC | F-fooof-asym | z | ICP,-0.019473905054199436,-0.1987066027032044
13,noMC | F-fooof-riem | riem | ENR,-0.07724829809413603,-0.24771334363534522
13,noMC | F-fooof-riem | riem | ENR+time,-0.07724829809413603,-0.24771334363534522
13,noMC | F-fooof-riem | riem | SVR,-0.14289686640223875,-0.22113574047721346
13,noMC | F-fooof-riem | riem | SVR+time,-0.09373426267976614,-0.14064499306467854
13,noMC | F-fooof-riem | riem | Anchor,-0.4481293345898292,-0.20512269111645107
13,noMC | F-fooof-riem | riem | ICP,-0.12433274290767327,-0.1465440070348205
13,MC | F-fooof-full | none | ENR,-0.13163181856111184,-0.11328261022768638
13,MC | F-fooof-full | none | ENR+time,-0.13072286651207898,-0.11480087507176924
13,MC | F-fooof-full | none | SVR,-0.14726344517050993,-0.17362097665074436
13,MC | F-fooof-full | none | SVR+time,-0.18622885667429045,-0.009900279463428287
13,MC | F-fooof-full | none | Anchor,-0.19775378585539816,0.19998187418783253
13,MC | F-fooof-full | none | ICP,-0.07847344666609346,-0.06384447562944459
13,MC | F-fooof-full | z | ENR,-0.09341026675508379,-0.09904900340290591
13,MC | F-fooof-full | z | ENR+time,-0.04945936754161662,-0.22342900150594408
13,MC | F-fooof-full | z | SVR,-0.16287867280728308,-0.1249490533419482
13,MC | F-fooof-full | z | SVR+time,-0.1399148241519197,-0.044663345064633694
13,MC | F-fooof-full | z | Anchor,-0.5998528074640692,0.0662121817932137
13,MC | F-fooof-full | z | ICP,-0.17350034977948225,-0.13013736063503942
13,MC | F-fooof-aper | none | ENR,-0.0797644530135273,0.030274576684644353
13,MC | F-fooof-aper | none | ENR+time,-0.08424515289580725,0.009083450746150534
13,MC | F-fooof-aper | none | SVR,-0.0937744697009355,-0.04634623596160131
13,MC | F-fooof-aper | none | SVR+time,-0.08939617775916053,-0.04706142389738542
13,MC | F-fooof-aper | none | Anchor,0.029405445562614818,0.23200231473116512
13,MC | F-fooof-aper | none | ICP,-0.14131429955356856,-0.11949182614694122
13,MC | F-fooof-aper | z | ENR,-0.12697555505276847,-0.06607259822517245
13,MC | F-fooof-aper | z | ENR+time,-0.0442518829613896,-0.2525220954000875
13,MC | F-fooof-aper | z | SVR,-0.10228837140054625,0.032523743266581404
13,MC | F-fooof-aper | z | SVR+time,-0.16925855488938035,-0.14451304457582723
13,MC | F-fooof-aper | z | Anchor,-0.07642522171002897,-0.02024721842090648
13,MC | F-fooof-aper | z | ICP,-0.17680726165202776,-0.06672688130054116
13,MC | F-fooof-rel | none | ENR,0.042363235771173846,0.21403032255780768
13,MC | F-fooof-rel | none | ENR+time,0.03206817199608436,0.18168362042127478
13,MC | F-fooof-rel | none | SVR,-0.08343330726408671,0.07422379075895927
13,MC | F-fooof-rel | none | SVR+time,-0.058784361145201025,0.06298798259289023
13,MC | F-fooof-rel | none | Anchor,-0.02309811856308497,0.17062814786203295
13,MC | F-fooof-rel | none | ICP,0.02079400193511427,0.19524198361856854
13,MC | F-fooof-rel | z | ENR,-0.038666666857487986,-0.12846097592302444
13,MC | F-fooof-rel | z | ENR+time,-0.037055315212244366,-0.05635187746474615
13,MC | F-fooof-rel | z | SVR,-0.07931528062144455,0.00017877476346647714
13,MC | F-fooof-rel | z | SVR+time,-0.07528169947322372,0.0019362559643205587
13,MC | F-fooof-rel | z | Anchor,-6.048578954655675,0.13177301603829206
13,MC | F-fooof-rel | z | ICP,-0.043122664123290244,-0.2430160631319691
13,MC | F-fooof-asym | none | ENR,0.007501059713264313,0.1261017156387621
13,MC | F-fooof-asym | none | ENR+time,0.015382483386349843,0.16007221548573367
13,MC | F-fooof-asym | none | SVR,-0.010746838848510132,0.16485956092987777
13,MC | F-fooof-asym | none | SVR+time,-0.11318456660226639,0.029886228036404946
13,MC | F-fooof-asym | none | Anchor,-0.03631854472393781,0.06334259209734752
13,MC | F-fooof-asym | none | ICP,-0.10961374271691193,-0.20426909914053767
13,MC | F-fooof-asym | z | ENR,-0.011576011853263513,0.17439348892597076
13,MC | F-fooof-asym | z | ENR+time,-0.025423389790706352,0.16030355991307674
13,MC | F-fooof-asym | z | SVR,-0.006105951408434729,0.18364681285172113
13,MC | F-fooof-asym | z | SVR+time,-0.008256609753177546,0.19174991239834788
13,MC | F-fooof-asym | z | Anchor,-0.1362579883082744,0.14073418580446795
13,MC | F-fooof-asym | z | ICP,-0.14726598844160632,-0.1297924191928676
13,MC | F-fooof-riem | riem | ENR,-0.18139707979682118,-0.1629088441960922
13,MC | F-fooof-riem | riem | ENR+time,-0.16864789281218995,-0.16341442882950108
13,MC | F-fooof-riem | riem | SVR,-0.178108317575969,-0.08925609442875608
13,MC | F-fooof-riem | riem | SVR+time,-0.19901767377461277,-0.12464912254584651
13,MC | F-fooof-riem | riem | Anchor,-0.4382272902277238,-0.13838128561351784
13,MC | F-fooof-riem | riem | ICP,-0.07253515525148968,-0.22673489275906164
14,noMC | F-fooof-full | none | ENR,-0.046008411263129156,-0.26803845497309126
14,noMC | F-fooof-full | none | ENR+time,-0.04175748761896814,-0.274974510243401
14,noMC | F-fooof-full | none | SVR,-0.16455872807184857,-0.10088224380712554
14,noMC | F-fooof-full | none | SVR+time,-0.09908208289092668,0.006683097442274782
14,noMC | F-fooof-full | none | Anchor,-0.9747662295385753,-0.06182981513462095
14,noMC | F-fooof-full | none | ICP,-0.07579469174804898,-0.20601068665316324
14,noMC | F-fooof-full | z | ENR,-0.07148015744417058,-0.23168402991916315
14,noMC | F-fooof-full | z | ENR+time,-0.040284201282215104,-0.274521983140785
14,noMC | F-fooof-full | z | SVR,-0.24851990949298775,-0.17794728599667442
14,noMC | F-fooof-full | z | SVR+time,-0.19165404219908622,-0.21849003822365326
14,noMC | F-fooof-full | z | Anchor,-0.1850207775097683,0.09981440129510319
14,noMC | F-fooof-full | z | ICP,-0.2082179958806969,-0.0919582563804428
14,noMC | F-fooof-aper | none | ENR,-0.040284201282215326,-0.27452198314078496
14,noMC | F-fooof-aper | none | ENR+time,-0.040284201282215326,-0.27452198314078496
14,noMC | F-fooof-aper | none | SVR,-0.41755051212368044,-0.25476926212648443
14,noMC | F-fooof-aper | none | SVR+time,-0.4056632985056732,-0.2371151396697998
14,noMC | F-fooof-aper | none | Anchor,-0.040284201282215326,-0.2745219831407849
14,noMC | F-fooof-aper | none | ICP,-0.1938660608978029,-0.22025837830555395
14,noMC | F-fooof-aper | z | ENR,-0.08515910844894958,-0.18907994154915952
14,noMC | F-fooof-aper | z | ENR+time,-0.09976578049898666,-0.13615892894127812
14,noMC | F-fooof-aper | z | SVR,-0.10273769646371922,-0.051101282663240016
14,noMC | F-fooof-aper | z | SVR+time,-0.14510177151211923,-0.05804688838076079
14,noMC | F-fooof-aper | z | Anchor,-0.2172936151062821,-0.158699995695321
14,noMC | F-fooof-aper | z | ICP,-0.10312450614001722,-0.17402242347765098
14,noMC | F-fooof-rel | none | ENR,-0.4975468468788202,-0.18733279009222856
14,noMC | F-fooof-rel | none | ENR+time,-0.3650517745281201,-0.18836526576754176
14,noMC | F-fooof-rel | none | SVR,-0.32653386902211623,-0.17955980920496017
14,noMC | F-fooof-rel | none | SVR+time,-0.2992570411674793,-0.11350966541766158
14,noMC | F-fooof-rel | none | Anchor,-0.7630779933547498,-0.10463480951573448
14,noMC | F-fooof-rel | none | ICP,-0.040284201282215104,-0.274521983140785
14,noMC | F-fooof-rel | z | ENR,-0.12052594360267777,-0.23019076789117193
14,noMC | F-fooof-rel | z | ENR+time,-0.15339350167085275,-0.23482083371037457
14,noMC | F-fooof-rel | z | SVR,-0.1864912532813472,-0.18050828331728463
14,noMC | F-fooof-rel | z | SVR+time,-0.1793421517305549,-0.18963826371546968
14,noMC | F-fooof-rel | z | Anchor,-2.4134991293929993,-0.13544245796933807
14,noMC | F-fooof-rel | z | ICP,-0.05793148595368325,-0.23737201308883726
14,noMC | F-fooof-asym | none | ENR,-0.24757827109733332,-0.21872414978178328
14,noMC | F-fooof-asym | none | ENR+time,-0.29828710528365976,-0.269509506394652
14,noMC | F-fooof-asym | none | SVR,-0.3947569847211678,-0.19192448325574063
14,noMC | F-fooof-asym | none | SVR+time,-0.4553757806428016,-0.17231917874475366
14,noMC | F-fooof-asym | none | Anchor,-0.8819018227529971,-0.21395849451424687
14,noMC | F-fooof-asym | none | ICP,-0.040284201282215104,-0.274521983140785
14,noMC | F-fooof-asym | z | ENR,-0.5994256867390404,0.06463853564278915
14,noMC | F-fooof-asym | z | ENR+time,-0.3771717562153414,0.03327328527243364
14,noMC | F-fooof-asym | z | SVR,-0.16984215506116063,-0.0972624797360504
14,noMC | F-fooof-asym | z | SVR+time,-0.16862667640891815,-0.08981071001620153
14,noMC | F-fooof-asym | z | Anchor,-0.15598431957038317,-0.18089986233656835
14,noMC | F-fooof-asym | z | ICP,-0.040284201282215104,-0.274521983140785
14,noMC | F-fooof-riem | riem | ENR,-0.9190057128574793,-0.17734259474659791
14,noMC | F-fooof-riem | riem | ENR+time,-1.3004551864770062,-0.1747902441950004
14,noMC | F-fooof-riem | riem | SVR,-0.28038424506661697,-0.12882010977727096
14,noMC | F-fooof-riem | riem | SVR+time,-0.2569500733069303,-0.1338611587906321
14,noMC | F-fooof-riem | riem | Anchor,-0.6333432742452125,-0.08976763391814413
14,noMC | F-fooof-riem | riem | ICP,-0.10457249588957929,-0.07402407326677753
14,MC | F-fooof-full | none | ENR,-0.4529002420541868,-0.19213026487605064
14,MC | F-fooof-full | none | ENR+time,-0.48071559546424036,-0.19135611653010415
14,MC | F-fooof-full | none | SVR,-0.17770349693284304,-0.05924178491448323
14,MC | F-fooof-full | none | SVR+time,-0.16041172484377197,-0.10368305880653757
14,MC | F-fooof-full | none | Anchor,-0.740622881178516,-0.14183539165666376
14,MC | F-fooof-full | none | ICP,-0.04213204685086214,-0.26976439100513955
14,MC | F-fooof-full | z | ENR,-0.04213204685086214,-0.2697643910051395
14,MC | F-fooof-full | z | ENR+time,-0.04213204685086214,-0.2697643910051395
14,MC | F-fooof-full | z | SVR,-0.2835377681668292,-0.11087807958290019
14,MC | F-fooof-full | z | SVR+time,-0.12311562947005306,-0.1493792723175357
14,MC | F-fooof-full | z | Anchor,-0.3997793373180525,-0.24358744346086608
14,MC | F-fooof-full | z | ICP,-0.11447610366627425,-0.24062405459388786
14,MC | F-fooof-aper | none | ENR,-0.04213204685086214,-0.26976439100513955
14,MC | F-fooof-aper | none | ENR+time,-0.04213204685086214,-0.26976439100513955
14,MC | F-fooof-aper | none | SVR,-0.36429519051640114,-0.31795725577910244
14,MC | F-fooof-aper | none | SVR+time,-0.4218756166097479,-0.2969881030725521
14,MC | F-fooof-aper | none | Anchor,-0.29011558305345697,-0.42682502164971886
14,MC | F-fooof-aper | none | ICP,-0.16626420002212416,-0.2142191235010697
14,MC | F-fooof-aper | z | ENR,-0.12701868405978867,-0.3552226988678795
14,MC | F-fooof-aper | z | ENR+time,-0.04213204685086214,-0.2697643910051395
14,MC | F-fooof-aper | z | SVR,-0.29254604312937116,-0.3284038874923937
14,MC | F-fooof-aper | z | SVR+time,-0.22921438856057907,-0.2794894421938599
14,MC | F-fooof-aper | z | Anchor,-0.17316300398356144,-0.09611492139342996
14,MC | F-fooof-aper | z | ICP,-0.04213204685086214,-0.26976439100513955
14,MC | F-fooof-rel | none | ENR,-0.48326509210683644,-0.1855169374062453
14,MC | F-fooof-rel | none | ENR+time,-0.41534394027916943,-0.18831699526459764
14,MC | F-fooof-rel | none | SVR,-0.4637991434915585,-0.18241558741685082
14,MC | F-fooof-rel | none | SVR+time,-0.14804899535403804,-0.11785302578836367
14,MC | F-fooof-rel | none | Anchor,-0.599169748708452,-0.07683515778125674
14,MC | F-fooof-rel | none | ICP,-0.05530275935970552,-0.12495066615534106
14,MC | F-fooof-rel | z | ENR,-0.5102522199057875,-0.13323905888424237
14,MC | F-fooof-rel | z | ENR+time,-0.5516850473330877,-0.13384530620786175
14,MC | F-fooof-rel | z | SVR,-0.5219811006729047,-0.1557214350570515
14,MC | F-fooof-rel | z | SVR+time,-0.3680022351204253,-0.18267026338660838
14,MC | F-fooof-rel | z | Anchor,-1.7224926333576636,-0.15605960975309557
14,MC | F-fooof-rel | z | ICP,-0.060742383183363335,-0.23534555021958042
14,MC | F-fooof-asym | none | ENR,-0.16750845795329483,-0.1540140604794129
14,MC | F-fooof-asym | none | ENR+time,-0.22284987808671208,-0.17174166332813054
14,MC | F-fooof-asym | none | SVR,-0.4328951125206131,-0.044595920522203306
14,MC | F-fooof-asym | none | SVR+time,-0.32994849472436205,-0.20688836886654444
14,MC | F-fooof-asym | none | Anchor,-0.20214564418166736,-0.1737510851699678
14,MC | F-fooof-asym | none | ICP,-0.059938489104353065,-0.3133032124658446
14,MC | F-fooof-asym | z | ENR,-0.7154233271712997,0.03874327154297731
14,MC | F-fooof-asym | z | ENR+time,-0.9448225018326104,0.04030433071850548
14,MC | F-fooof-asym | z | SVR,-0.315988769941844,-0.19369548347843746
14,MC | F-fooof-asym | z | SVR+time,-0.2990043985337958,-0.20309532318856738
14,MC | F-fooof-asym | z | Anchor,-0.40523148954680566,-0.07143270955472887
14,MC | F-fooof-asym | z | ICP,-0.04213204685086214,-0.26976439100513955
14,MC | F-fooof-riem | riem | ENR,-0.762383983455674,-0.1828737209966947
14,MC | F-fooof-riem | riem | ENR+time,-0.9672509969186234,-0.17645548155950996
14,MC | F-fooof-riem | riem | SVR,-0.2957139458176843,-0.2363738085461889
14,MC | F-fooof-riem | riem | SVR+time,-0.27404827981864077,-0.2588501800167921
14,MC | F-fooof-riem | riem | Anchor,-0.32106906160046433,-0.21480859887059714
14,MC | F-fooof-riem | riem | ICP,-0.05802372659049637,-0.2190316085005896
15,noMC | F-fooof-full | none | ENR,-0.10815818016072831,-0.08484347382907208
15,noMC | F-fooof-full | none | ENR+time,-0.09505716727184677,-0.07226028219225816
15,noMC | F-fooof-full | none | SVR,-0.23471301409317324,-0.24178606432782468
15,noMC | F-fooof-full | none | SVR+time,-0.23777630041941,-0.19775474166579696
15,noMC | F-fooof-full | none | Anchor,-0.28213392162574435,-0.07040839671255676
15,noMC | F-fooof-full | none | ICP,-0.001858818104472304,0.12878479522003894
15,noMC | F-fooof-full | z | ENR,-0.0743656386603393,-0.19280723093281893
15,noMC | F-fooof-full | z | ENR+time,-1.1029436219689752,-0.1546598894878457
15,noMC | F-fooof-full | z | SVR,-0.30403448993039217,-0.18318765904631068
15,noMC | F-fooof-full | z | SVR+time,-0.18503340783214428,-0.24248630280862127
15,noMC | F-fooof-full | z | Anchor,-1.0484996039990193,-0.109990597855201
15,noMC | F-fooof-full | z | ICP,-5.145627593056455,-0.10946897831079967
15,noMC | F-fooof-aper | none | ENR,-0.059532502262809484,-0.3714803099830616
15,noMC | F-fooof-aper | none | ENR+time,-0.10570844457705064,-0.1700387865153179
15,noMC | F-fooof-aper | none | SVR,-0.1869416746044228,-0.2255891408689997
15,noMC | F-fooof-aper | none | SVR+time,-0.14369511066497442,-0.13644125794674644
15,noMC | F-fooof-aper | none | Anchor,-0.23656085146715244,-0.20918013188798049
15,noMC | F-fooof-aper | none | ICP,-0.16415857466399375,-0.08921070970451575
15,noMC | F-fooof-aper | z | ENR,-0.04690386684710868,-0.35290071578956334
15,noMC | F-fooof-aper | z | ENR+time,-0.04690386684710868,-0.35290071578956334
15,noMC | F-fooof-aper | z | SVR,-0.5749062361900901,-0.17682635353603082
15,noMC | F-fooof-aper | z | SVR+time,-0.2589120250731769,-0.14840906013520544
15,noMC | F-fooof-aper | z | Anchor,-0.24266390325514586,-0.4426285386643669
15,noMC | F-fooof-aper | z | ICP,-0.13726261480421642,-0.12993123096007256
15,noMC | F-fooof-rel | none | ENR,0.12760757963691127,0.36146659738665465
15,noMC | F-fooof-rel | none | ENR+time,-0.0572208833715695,-0.09347546221766512
15,noMC | F-fooof-rel | none | SVR,-0.04313294443246796,0.0858996812695296
15,noMC | F-fooof-rel | none | SVR+time,-0.03773334593883915,0.11138511514801147
15,noMC | F-fooof-rel | none | Anchor,-0.08465261233759347,0.05651021892264952
15,noMC | F-fooof-rel | none | ICP,-0.06582570348072436,-0.13858623949133475
15,noMC | F-fooof-rel | z | ENR,0.004417840550223651,0.11389242858491352
15,noMC | F-fooof-rel | z | ENR+time,-0.026766324728373148,0.025282801082891444
15,noMC | F-fooof-rel | z | SVR,-0.009662028444787918,0.19214667528410762
15,noMC | F-fooof-rel | z | SVR+time,-0.041356163195066076,0.011031398737753806
15,noMC | F-fooof-rel | z | Anchor,-0.08053084686686818,0.27317582829005027
15,noMC | F-fooof-rel | z | ICP,-0.04690386684710868,-0.3529007157895634
15,noMC | F-fooof-asym | none | ENR,0.012885089443739228,0.16823105041016606
15,noMC | F-fooof-asym | none | ENR+time,0.002795729376466327,0.13918673193594347
15,noMC | F-fooof-asym | none | SVR,-0.1545763431269005,0.10146996663714997
15,noMC | F-fooof-asym | none | SVR+time,-0.16883047836190945,0.08889662681754051
15,noMC | F-fooof-asym | none | Anchor,-0.08511628411926853,0.03660386897101197
15,noMC | F-fooof-asym | none | ICP,-0.07776583277246951,-0.18021887568890493
15,noMC | F-fooof-asym | z | ENR,-1.8285955836679326,0.02335818135000169
15,noMC | F-fooof-asym | z | ENR+time,-0.26554811641509946,0.1573127874421466
15,noMC | F-fooof-asym | z | SVR,-0.01065867303061041,0.1504165933814784
15,noMC | F-fooof-asym | z | SVR+time,-0.109278972765539,0.03809315053026885
15,noMC | F-fooof-asym | z | Anchor,-0.15771613122652872,0.2424035727629187
15,noMC | F-fooof-asym | z | ICP,-0.04690386684710868,-0.3529007157895634
15,noMC | F-fooof-riem | riem | ENR,-0.09029791052535341,-0.30930278889701474
15,noMC | F-fooof-riem | riem | ENR+time,-0.07825483412699308,-0.3195137473244265
15,noMC | F-fooof-riem | riem | SVR,-0.2465825805067905,-0.2502252418570641
15,noMC | F-fooof-riem | riem | SVR+time,-0.24157777562612281,-0.3303173368350277
15,noMC | F-fooof-riem | riem | Anchor,-0.28148957412066555,-0.04850572445947778
15,noMC | F-fooof-riem | riem | ICP,-0.07824382904653304,-0.14944081285214733
15,MC | F-fooof-full | none | ENR,-0.09453319287641038,-0.06792883207099985
15,MC | F-fooof-full | none | ENR+time,-0.08774559156364825,-0.0610681361407693
15,MC | F-fooof-full | none | SVR,-0.09853327569395343,-0.04645894225917296
15,MC | F-fooof-full | none | SVR+time,-0.15811643843571654,-0.08319038150779734
15,MC | F-fooof-full | none | Anchor,-0.24473108476886596,0.018380084867858096
15,MC | F-fooof-full | none | ICP,-0.05999602982605623,-0.025143683233444517
15,MC | F-fooof-full | z | ENR,-0.4307878797919744,-0.1205124880955353
15,MC | F-fooof-full | z | ENR+time,-0.48586643119079076,-0.13112659923803072
15,MC | F-fooof-full | z | SVR,-0.2544832539210766,-0.13569032473924877
15,MC | F-fooof-full | z | SVR+time,-0.16893977479300037,-0.16867033821272776
15,MC | F-fooof-full | z | Anchor,-0.2332520201513517,0.12065650394529129
15,MC | F-fooof-full | z | ICP,-0.04724134243082978,-0.05392811172608512
15,MC | F-fooof-aper | none | ENR,-0.0636859999226207,-0.3371131776923304
15,MC | F-fooof-aper | none | ENR+time,-0.05866609922743016,-0.3368006998882514
15,MC | F-fooof-aper | none | SVR,-0.15955485222833965,-0.16627238751343648
15,MC | F-fooof-aper | none | SVR+time,-0.09551206392490719,-0.08751699661643023
15,MC | F-fooof-aper | none | Anchor,-0.11079481762658361,-0.21719448152633486
15,MC | F-fooof-aper | none | ICP,-0.19888448935921543,-0.27748806469622694
15,MC | F-fooof-aper | z | ENR,-0.04941862660492058,-0.3543983005124188
15,MC | F-fooof-aper | z | ENR+time,-0.04941862660492058,-0.3543983005124186
15,MC | F-fooof-aper | z | SVR,-0.4701076733051033,-0.11907863776016436
15,MC | F-fooof-aper | z | SVR+time,-0.26959979659391786,-0.19028185188222752
15,MC | F-fooof-aper | z | Anchor,-0.35417693691083585,-0.12500892617669623
15,MC | F-fooof-aper | z | ICP,-0.30020126687343396,-0.13933552600078836
15,MC | F-fooof-rel | none | ENR,0.15087112511280332,0.4003439818201007
15,MC | F-fooof-rel | none | ENR+time,0.14120849986489448,0.38287121547145164
15,MC | F-fooof-rel | none | SVR,-0.041638212105885586,0.079493762482056
15,MC | F-fooof-rel | none | SVR+time,0.00892735243997711,0.16305590420958246
15,MC | F-fooof-rel | none | Anchor,0.06413780075923836,0.2662394971817277
15,MC | F-fooof-rel | none | ICP,0.09637543694561745,0.31538336640969805
15,MC | F-fooof-rel | z | ENR,0.012462624413983048,0.12519371779894894
15,MC | F-fooof-rel | z | ENR+time,-0.021771937622989457,0.01320807039442341
15,MC | F-fooof-rel | z | SVR,-0.0740756435506571,-0.00271400081541669
15,MC | F-fooof-rel | z | SVR+time,-0.04980357411536085,-0.01826628030677562
15,MC | F-fooof-rel | z | Anchor,-5.211400774105573,0.2277490439673948
15,MC | F-fooof-rel | z | ICP,-0.048445601004710515,-0.2788652937462995
15,MC | F-fooof-asym | none | ENR,0.13172687941862005,0.3690643682334418
15,MC | F-fooof-asym | none | ENR+time,0.13065171135462106,0.3675644197145497
15,MC | F-fooof-asym | none | SVR,-0.08590442464182613,0.21670938732697467
15,MC | F-fooof-asym | none | SVR+time,-0.10699531966186404,0.1422120189193034
15,MC | F-fooof-asym | none | Anchor,0.0007853693287475094,0.18974167975601727
15,MC | F-fooof-asym | none | ICP,0.011279699787217656,0.17382241775100762
15,MC | F-fooof-asym | z | ENR,-0.07512660583511543,0.21483379997539942
15,MC | F-fooof-asym | z | ENR+time,-0.0822537304745159,0.1934271513325017
15,MC | F-fooof-asym | z | SVR,-0.06159323202588052,0.21591401936363477
15,MC | F-fooof-asym | z | SVR+time,-0.03167805648139255,0.09330738103753751
15,MC | F-fooof-asym | z | Anchor,-0.3066569432455415,0.07274456443901905
15,MC | F-fooof-asym | z | ICP,-0.28143238874629706,-0.26182331344125953
15,MC | F-fooof-riem | riem | ENR,-0.20479211124337526,-0.10348622961418896
15,MC | F-fooof-riem | riem | ENR+time,-0.20627793275289563,-0.12066617598133025
15,MC | F-fooof-riem | riem | SVR,-0.23294311831019177,-0.35498934411339766
15,MC | F-fooof-riem | riem | SVR+time,-0.22759715843358408,-0.3600263992978744
15,MC | F-fooof-riem | riem | Anchor,-0.3043234339576686,0.05005490430172111
15,MC | F-fooof-riem | riem | ICP,-0.4203608642040835,-0.23785263463329304
16,noMC | F-fooof-full | none | ENR,-0.05646712375504337,-0.40410173592176346
16,noMC | F-fooof-full | none | ENR+time,-0.05646712375504337,-0.40410173592176335
16,noMC | F-fooof-full | none | SVR,-0.16484090659914719,-0.2425311278853431
16,noMC | F-fooof-full | none | SVR+time,-0.15449498227746883,-0.12211868144776673
16,noMC | F-fooof-full | none | Anchor,-0.38613698996062173,-0.21594936488559807
16,noMC | F-fooof-full | none | ICP,-0.18199787248573407,-0.4549137209544445
16,noMC | F-fooof-full | z | ENR,-0.12537051286496825,-0.47948261190653574
16,noMC | F-fooof-full | z | ENR+time,-0.12537065893754873,-0.4794826071888396
16,noMC | F-fooof-full | z | SVR,-0.17823721685843563,-0.1548945032116889
16,noMC | F-fooof-full | z | SVR+time,-0.1700059564020786,-0.08345933602791505
16,noMC | F-fooof-full | z | Anchor,-0.40346788203585016,-0.36230368625157044
16,noMC | F-fooof-full | z | ICP,-0.0757301910481365,-0.2940997857464137
16,noMC | F-fooof-aper | none | ENR,-0.16213522025584193,-0.31717190145805607
16,noMC | F-fooof-aper | none | ENR+time,-0.049161295780915326,-0.34583921205357493
16,noMC | F-fooof-aper | none | SVR,-0.13481471148231727,-0.04909093861459947
16,noMC | F-fooof-aper | none | SVR+time,-0.2575361807572565,-0.1813444762387551
16,noMC | F-fooof-aper | none | Anchor,-0.29569082759684995,-0.2994228272627345
16,noMC | F-fooof-aper | none | ICP,-0.15126794810907196,-0.2772854805395725
16,noMC | F-fooof-aper | z | ENR,-0.061154187869434606,-0.3354563751625544
16,noMC | F-fooof-aper | z | ENR+time,-0.09340076756204785,-0.2255513245316435
16,noMC | F-fooof-aper | z | SVR,-0.18671625619476684,-0.1810239388450146
16,noMC | F-fooof-aper | z | SVR+time,-0.14959104485383712,-0.1908806996864001
16,noMC | F-fooof-aper | z | Anchor,-0.18273536809707158,-0.28863996769368655
16,noMC | F-fooof-aper | z | ICP,-0.07410163021866145,-0.32388813884702583
16,noMC | F-fooof-rel | none | ENR,-0.12774123381771596,-0.4721403554669449
16,noMC | F-fooof-rel | none | ENR+time,-0.13233530259504378,-0.47353862564088256
16,noMC | F-fooof-rel | none | SVR,-0.3061127574620086,-0.39340599952931826
16,noMC | F-fooof-rel | none | SVR+time,-0.1751534662342833,-0.10373658948890371
16,noMC | F-fooof-rel | none | Anchor,-0.31089783999380316,-0.25524502676396815
16,noMC | F-fooof-rel | none | ICP,-0.05059537280082327,-0.3777098126085492
16,noMC | F-fooof-rel | z | ENR,-0.05059537280082327,-0.3777098126085491
16,noMC | F-fooof-rel | z | ENR+time,-0.05059537280082327,-0.3777098126085491
16,noMC | F-fooof-rel | z | SVR,-0.07558027405681478,0.016409510976827094
16,noMC | F-fooof-rel | z | SVR+time,0.022965395317505077,0.1900487174720324
16,noMC | F-fooof-rel | z | Anchor,-1.1673631293467301,-0.027894864326167938
16,noMC | F-fooof-rel | z | ICP,-0.13954412602881372,-0.15160737845567976
16,noMC | F-fooof-asym | none | ENR,-0.15253528703514374,-0.5003963845504953
16,noMC | F-fooof-asym | none | ENR+time,-0.15584183869812462,-0.49775578793944975
16,noMC | F-fooof-asym | none | SVR,-0.38660618080868603,-0.2676238712986595
16,noMC | F-fooof-asym | none | SVR+time,-0.2376775008073988,-0.13338833661474842
16,noMC | F-fooof-asym | none | Anchor,-0.25362341034540603,-0.47061280248864856
16,noMC | F-fooof-asym | none | ICP,-0.09020674542237406,-0.30855227361552573
16,noMC | F-fooof-asym | z | ENR,-1.1429462799254342,-0.3672090573364911
16,noMC | F-fooof-asym | z | ENR+time,-0.9990946532788851,-0.3681949257202568
16,noMC | F-fooof-asym | z | SVR,-0.9108851264190072,-0.20241200801308065
16,noMC | F-fooof-asym | z | SVR+time,-0.7133088430545969,-0.01812241762918998
16,noMC | F-fooof-asym | z | Anchor,-1.271657225484625,-0.3917779222726233
16,noMC | F-fooof-asym | z | ICP,-0.03324768655595789,-0.13375980213052846
16,noMC | F-fooof-riem | riem | ENR,-0.16433415006811547,-0.3830961635570052
16,noMC | F-fooof-riem | riem | ENR+time,-0.16448707212925373,-0.37839612001101985
16,noMC | F-fooof-riem | riem | SVR,-0.12494134694169134,-0.001021977178510063
16,noMC | F-fooof-riem | riem | SVR+time,-0.07126012430588613,0.0620550421549105
16,noMC | F-fooof-riem | riem | Anchor,-0.8158710944216896,-0.3689259120374917
16,noMC | F-fooof-riem | riem | ICP,-0.05059537280082327,-0.3777098126085492
16,MC | F-fooof-full | none | ENR,-0.05411953442152084,-0.3870016114150633
16,MC | F-fooof-full | none | ENR+time,-0.05411953442152084,-0.3870016114150633
16,MC | F-fooof-full | none | SVR,-0.19491493403357985,-0.19433078575738
16,MC | F-fooof-full | none | SVR+time,-0.17361794147015752,-0.146315301006751
16,MC | F-fooof-full | none | Anchor,-0.4269984980004824,-0.38563771154527404
16,MC | F-fooof-full | none | ICP,-0.15538364473696165,-0.1489891683639699
16,MC | F-fooof-full | z | ENR,-0.05176659078936208,-0.38662293528557334
16,MC | F-fooof-full | z | ENR+time,-0.05176659078936208,-0.38662293528557334
16,MC | F-fooof-full | z | SVR,-0.31029672732388724,-0.2174493131488818
16,MC | F-fooof-full | z | SVR+time,-0.35271894852706387,-0.11912493361226793
16,MC | F-fooof-full | z | Anchor,-0.3426252454795198,-0.37741093961430394
16,MC | F-fooof-full | z | ICP,-0.032367241533706625,-0.23340244221177966
16,MC | F-fooof-aper | none | ENR,-0.2154174503293207,-0.32978910069535994
16,MC | F-fooof-aper | none | ENR+time,-0.05526215957857472,-0.38894191963538965
16,MC | F-fooof-aper | none | SVR,-0.24521557520437343,-0.20081995744179112
16,MC | F-fooof-aper | none | SVR+time,-0.3122487592346752,-0.3065403962183521
16,MC | F-fooof-aper | none | Anchor,-0.2678925736496962,-0.3245963670824462
16,MC | F-fooof-aper | none | ICP,-0.05411953442152084,-0.3870016114150633
16,MC | F-fooof-aper | z | ENR,-0.06221486509160834,-0.3794992422675666
16,MC | F-fooof-aper | z | ENR+time,-0.08497361017876637,-0.25661440408368924
16,MC | F-fooof-aper | z | SVR,-0.20341513968546354,-0.3130635425315471
16,MC | F-fooof-aper | z | SVR+time,-0.22371283423855348,-0.29401732044686724
16,MC | F-fooof-aper | z | Anchor,-0.1340776208115808,-0.3343190579502677
16,MC | F-fooof-aper | z | ICP,-0.05411953442152084,-0.3870016114150633
16,MC | F-fooof-rel | none | ENR,-0.0956259799109338,-0.4869826407888298
16,MC | F-fooof-rel | none | ENR+time,-0.0956259799109338,-0.48698264078882997
16,MC | F-fooof-rel | none | SVR,-0.10524537601454775,-0.09404079733334705
16,MC | F-fooof-rel | none | SVR+time,-0.2415921008854227,-0.12277934857469888
16,MC | F-fooof-rel | none | Anchor,-0.3386484652107269,-0.5107392487846869
16,MC | F-fooof-rel | none | ICP,-0.16468098753745908,-0.47958469721226954
16,MC | F-fooof-rel | z | ENR,-0.05632989827055224,-0.39966067766018243
16,MC | F-fooof-rel | z | ENR+time,-0.05632989827055224,-0.39966067766018243
16,MC | F-fooof-rel | z | SVR,-0.16333550741744274,-0.11297885906764976
16,MC | F-fooof-rel | z | SVR+time,-0.0777103987071166,0.029635222494238892
16,MC | F-fooof-rel | z | Anchor,-4.1920057307229035,0.15999116934814872
16,MC | F-fooof-rel | z | ICP,-0.0567380875357395,-0.34604853177983463
16,MC | F-fooof-asym | none | ENR,-0.15912958202689942,-0.5262040966649455
16,MC | F-fooof-asym | none | ENR+time,-0.1493737192223492,-0.5282727919304003
16,MC | F-fooof-asym | none | SVR,-0.33906688088501746,-0.3664099870985093
16,MC | F-fooof-asym | none | SVR+time,-0.39915178454350286,-0.4703811999238038
16,MC | F-fooof-asym | none | Anchor,-0.23456636680861132,-0.5279861322827217
16,MC | F-fooof-asym | none | ICP,-0.23845713203484808,-0.3425333284087284
16,MC | F-fooof-asym | z | ENR,-0.539043307879532,-0.4350368249732101
16,MC | F-fooof-asym | z | ENR+time,-0.7054882055732068,-0.3765532615315953
16,MC | F-fooof-asym | z | SVR,-0.5554812651270871,-0.17172743962351217
16,MC | F-fooof-asym | z | SVR+time,-0.2790648582274984,-0.0562707943681346
16,MC | F-fooof-asym | z | Anchor,-0.4629564493125844,-0.26118711156391317
16,MC | F-fooof-asym | z | ICP,-0.27297146659877414,-0.24893956267388406
16,MC | F-fooof-riem | riem | ENR,-0.09284432133104015,-0.42897433888240666
16,MC | F-fooof-riem | riem | ENR+time,-0.09145564102847947,-0.428049688966351
16,MC | F-fooof-riem | riem | SVR,-0.19877420876630736,-0.14456366018632683
16,MC | F-fooof-riem | riem | SVR+time,-0.10434930585181479,0.02694230537354982
16,MC | F-fooof-riem | riem | Anchor,-0.6139257921058681,-0.3826069490008014
16,MC | F-fooof-riem | riem | ICP,-0.04003010835042575,-0.17966629051464392
17,noMC | F-fooof-full | none | ENR,-0.1378917478346271,-0.24712617700927242
17,noMC | F-fooof-full | none | ENR+time,-0.1378917478346271,-0.24712617700927242
17,noMC | F-fooof-full | none | SVR,-0.09410333857724384,0.0007641893022489327
17,noMC | F-fooof-full | none | SVR+time,-0.24842702088339186,-0.2255606369087934
17,noMC | F-fooof-full | none | Anchor,-0.17275279758304385,-0.06507199653583423
17,noMC | F-fooof-full | none | ICP,-0.17467917242740638,-0.15681692465370814
17,noMC | F-fooof-full | z | ENR,-0.3548424206333771,-0.23551486925414822
17,noMC | F-fooof-full | z | ENR+time,-0.3526273917259928,-0.2402589573321856
17,noMC | F-fooof-full | z | SVR,-0.3404210598475743,-0.2724580687998188
17,noMC | F-fooof-full | z | SVR+time,-0.43178544428653787,-0.342939696686842
17,noMC | F-fooof-full | z | Anchor,-1.0343388342304967,0.024737646696719923
17,noMC | F-fooof-full | z | ICP,-0.07623145383147545,-0.19638765723055707
17,noMC | F-fooof-aper | none | ENR,-0.15862186539961343,-0.17578068010568892
17,noMC | F-fooof-aper | none | ENR+time,-0.1390151428791886,-0.16648330824913435
17,noMC | F-fooof-aper | none | SVR,-0.13240890397685523,0.07672150893556114
17,noMC | F-fooof-aper | none | SVR+time,-0.26214238545636936,-0.06280701941758014
17,noMC | F-fooof-aper | none | Anchor,-0.23818260789065815,-0.15664182544941477
17,noMC | F-fooof-aper | none | ICP,-0.17467917242740638,-0.15681692465370814
17,noMC | F-fooof-aper | z | ENR,-0.09546849807833224,-0.3065632039973211
17,noMC | F-fooof-aper | z | ENR+time,-0.07418009556338268,-0.4379212934835431
17,noMC | F-fooof-aper | z | SVR,-0.28679517923888076,-0.3137727361985218
17,noMC | F-fooof-aper | z | SVR+time,-0.3098544122212894,-0.3405852171557296
17,noMC | F-fooof-aper | z | Anchor,-0.2828531487758563,-0.4009246237658173
17,noMC | F-fooof-aper | z | ICP,-0.07046870399604144,-0.43155915548980406
17,noMC | F-fooof-rel | none | ENR,-0.3671684537970932,-0.01088399297386941
17,noMC | F-fooof-rel | none | ENR+time,-0.10673199521923671,-0.3620540087889995
17,noMC | F-fooof-rel | none | SVR,-0.20004008844817656,-0.1369638926688502
17,noMC | F-fooof-rel | none | SVR+time,-0.2537426484591532,-0.1899954492024324
17,noMC | F-fooof-rel | none | Anchor,-0.3685298360814093,-0.007568765866926869
17,noMC | F-fooof-rel | none | ICP,-0.07046870399604144,-0.43155915548980406
17,noMC | F-fooof-rel | z | ENR,-0.15494104344062132,-0.3639437727312538
17,noMC | F-fooof-rel | z | ENR+time,-0.290236383433639,-0.2662560853637931
17,noMC | F-fooof-rel | z | SVR,-0.143556873212775,-0.09023750430073567
17,noMC | F-fooof-rel | z | SVR+time,-0.252298759655571,-0.26936399802927236
17,noMC | F-fooof-rel | z | Anchor,-2.9838850088167925,0.0560530953395189
17,noMC | F-fooof-rel | z | ICP,-0.06654880379434225,-0.4084081131669689
17,noMC | F-fooof-asym | none | ENR,-0.1075466802308973,-0.35542822600656887
17,noMC | F-fooof-asym | none | ENR+time,-0.07984186379077585,-0.41431146885637826
17,noMC | F-fooof-asym | none | SVR,-0.38048174733623474,-0.217629255055664
17,noMC | F-fooof-asym | none | SVR+time,-0.3716479702150608,-0.3327373036131328
17,noMC | F-fooof-asym | none | Anchor,-0.29693393833091464,-0.3301917331081153
17,noMC | F-fooof-asym | none | ICP,-0.07046870399604144,-0.43155915548980406
17,noMC | F-fooof-asym | z | ENR,-2.9490996130233884,-0.40297828729018015
17,noMC | F-fooof-asym | z | ENR+time,-0.630794211255101,-0.18780339323986275
17,noMC | F-fooof-asym | z | SVR,-0.22558264254929328,-0.08874366140556053
17,noMC | F-fooof-asym | z | SVR+time,-0.18777113794588085,-0.17477432555356903
17,noMC | F-fooof-asym | z | Anchor,-1.3005714883250397,-0.3708640136404867
17,noMC | F-fooof-asym | z | ICP,-0.06921105473162181,-0.1941636822327809
17,noMC | F-fooof-riem | riem | ENR,-0.09187356938716529,-0.32981268900511473
17,noMC | F-fooof-riem | riem | ENR+time,-0.07201106260761714,-0.435242867075458
17,noMC | F-fooof-riem | riem | SVR,-0.32053545113701265,-0.1691213275133577
17,noMC | F-fooof-riem | riem | SVR+time,-0.36326239430993157,-0.235037930925947
17,noMC | F-fooof-riem | riem | Anchor,-0.6193673678090041,-0.041291832835749005
17,noMC | F-fooof-riem | riem | ICP,-0.07046870399604144,-0.43155915548980406
17,MC | F-fooof-full | none | ENR,-0.1252944350007026,-0.2515942315420133
17,MC | F-fooof-full | none | ENR+time,-0.1252944350007026,-0.2515942315420133
17,MC | F-fooof-full | none | SVR,-0.1697897085995399,0.02049626700005431
17,MC | F-fooof-full | none | SVR+time,-0.22163493925114564,-0.0972206672112642
17,MC | F-fooof-full | none | Anchor,-0.40141967003744594,-0.1669028651135741
17,MC | F-fooof-full | none | ICP,-0.09368507245344992,-0.19582762221812802
17,MC | F-fooof-full | z | ENR,-0.3138002243255005,-0.21796899364086283
17,MC | F-fooof-full | z | ENR+time,-0.30454990036668295,-0.21914651655131343
17,MC | F-fooof-full | z | SVR,-0.3507604931790944,-0.23882742100652743
17,MC | F-fooof-full | z | SVR+time,-0.4155007500089485,-0.28276111961066275
17,MC | F-fooof-full | z | Anchor,-0.49495202466493016,-0.10063523765718281
17,MC | F-fooof-full | z | ICP,-0.14455980176508199,-0.15155308208736978
17,MC | F-fooof-aper | none | ENR,-0.10574058885618287,-0.10139973467881855
17,MC | F-fooof-aper | none | ENR+time,-0.09919041214352387,-0.12403951172284214
17,MC | F-fooof-aper | none | SVR,-0.10273226440119054,0.09960108599356067
17,MC | F-fooof-aper | none | SVR+time,-0.20215765517702078,-0.03006023079308578
17,MC | F-fooof-aper | none | Anchor,-0.22424452928236982,-0.2235614941979698
17,MC | F-fooof-aper | none | ICP,-0.24776737276606275,-0.21476596372509005
17,MC | F-fooof-aper | z | ENR,-0.12478880568143946,-0.26648775816058345
17,MC | F-fooof-aper | z | ENR+time,-0.08021696123081035,-0.4428092609806369
17,MC | F-fooof-aper | z | SVR,-0.24337899095141657,-0.238193620509161
17,MC | F-fooof-aper | z | SVR+time,-0.2089091566384098,-0.2935733448290909
17,MC | F-fooof-aper | z | Anchor,-0.1959330946901341,-0.4019054121365313
17,MC | F-fooof-aper | z | ICP,-0.07501013095627473,-0.43795746208045244
17,MC | F-fooof-rel | none | ENR,-0.11027341021604298,-0.37865575283538055
17,MC | F-fooof-rel | none | ENR+time,-0.11027341021604298,-0.37865575283538055
17,MC | F-fooof-rel | none | SVR,-0.12037272148695721,0.005658310813226559
17,MC | F-fooof-rel | none | SVR+time,-0.15306632615080984,-0.03880750736603689
17,MC | F-fooof-rel | none | Anchor,-0.27744984129181205,0.03089822066832454
17,MC | F-fooof-rel | none | ICP,-0.07631534842769083,-0.3948427491997649
17,MC | F-fooof-rel | z | ENR,-0.07600095188014588,-0.41619238206035414
17,MC | F-fooof-rel | z | ENR+time,-0.07532957809796348,-0.4311133013371731
17,MC | F-fooof-rel | z | SVR,-0.2234662805187393,-0.1899783384638172
17,MC | F-fooof-rel | z | SVR+time,-0.358635458718354,-0.25880246754922503
17,MC | F-fooof-rel | z | Anchor,-1.296010957254683,0.0470121654635557
17,MC | F-fooof-rel | z | ICP,-0.4546245844362884,-0.3723959000352046
17,MC | F-fooof-asym | none | ENR,-0.23086032463202266,-0.3648773060552387
17,MC | F-fooof-asym | none | ENR+time,-0.19799108527853737,-0.3450010088842197
17,MC | F-fooof-asym | none | SVR,-0.2370790431049683,-0.27771733551346556
17,MC | F-fooof-asym | none | SVR+time,-0.3479894008470441,-0.25881377186663024
17,MC | F-fooof-asym | none | Anchor,-0.3492758906206679,-0.21384675752972823
17,MC | F-fooof-asym | none | ICP,-0.15112010804531795,-0.31039880926209634
17,MC | F-fooof-asym | z | ENR,-0.6508678570956108,-0.38328733325259945
17,MC | F-fooof-asym | z | ENR+time,-0.10571406912726755,-0.38765070128043955
17,MC | F-fooof-asym | z | SVR,-0.19690196874658272,-0.19005190313959308
17,MC | F-fooof-asym | z | SVR+time,-0.2387251070823284,-0.33041956365326114
17,MC | F-fooof-asym | z | Anchor,-0.7537635804450258,-0.377982968688309
17,MC | F-fooof-asym | z | ICP,-0.29121053132467156,-0.26740234207758695
17,MC | F-fooof-riem | riem | ENR,-0.09297013062435222,-0.11030744592265634
17,MC | F-fooof-riem | riem | ENR+time,-0.09812271118531024,-0.32830208620363954
17,MC | F-fooof-riem | riem | SVR,-0.23566647753709624,-0.22529184831220583
17,MC | F-fooof-riem | riem | SVR+time,-0.3289961508329209,-0.29972866806816023
17,MC | F-fooof-riem | riem | Anchor,-0.31951223366704995,0.08356692768374578
17,MC | F-fooof-riem | riem | ICP,-0.0650365478193089,-0.14550587743285542
18,noMC | F-fooof-full | none | ENR,-0.009264996151885141,0.05559844230517437
18,noMC | F-fooof-full | none | ENR+time,-0.07074213029375653,-0.2093653921718701
18,noMC | F-fooof-full | none | SVR,-0.11353918648210826,0.03523722944394328
18,noMC | F-fooof-full | none | SVR+time,-0.174955979905854,-0.13518172046455687
18,noMC | F-fooof-full | none | Anchor,-0.1417094132944412,0.09497783245515369
18,noMC | F-fooof-full | none | ICP,-0.04800823417376021,-0.3114888824066745
18,noMC | F-fooof-full | z | ENR,-0.04287461803932491,-0.3021668190680082
18,noMC | F-fooof-full | z | ENR+time,-0.04287461803932491,-0.3021668190680082
18,noMC | F-fooof-full | z | SVR,-0.22298369727554768,-0.1661500982743661
18,noMC | F-fooof-full | z | SVR+time,-0.17714476269358204,-0.18629255427949043
18,noMC | F-fooof-full | z | Anchor,-0.08603452169814396,0.13885789767019224
18,noMC | F-fooof-full | z | ICP,-0.14085262949694632,-0.22577165262596519
18,noMC | F-fooof-aper | none | ENR,-0.07122193904310903,-0.10847644435067927
18,noMC | F-fooof-aper | none | ENR+time,-0.04527736765436119,-0.10387036129499644
18,noMC | F-fooof-aper | none | SVR,-0.14215560470927313,0.04334297740431449
18,noMC | F-fooof-aper | none | SVR+time,-0.13485128499851196,-0.0060747342010451025
18,noMC | F-fooof-aper | none | Anchor,-0.2657364000473892,-0.11604088753180208
18,noMC | F-fooof-aper | none | ICP,-0.028584426152103548,0.04896141198727194
18,noMC | F-fooof-aper | z | ENR,-0.04287461803932491,-0.3021668190680082
18,noMC | F-fooof-aper | z | ENR+time,-0.04287461803932491,-0.3021668190680082
18,noMC | F-fooof-aper | z | SVR,-0.15181615714849128,-0.08790067755570555
18,noMC | F-fooof-aper | z | SVR+time,-0.27108204346447295,-0.24739050691777734
18,noMC | F-fooof-aper | z | Anchor,-0.22122941811547947,-0.2923834719668566
18,noMC | F-fooof-aper | z | ICP,-0.04301786853100076,-0.3065985481415747
18,noMC | F-fooof-rel | none | ENR,0.01842331706890943,0.15037596507777362
18,noMC | F-fooof-rel | none | ENR+time,-0.0018336187656027292,0.09585293208851586
18,noMC | F-fooof-rel | none | SVR,-0.008640303577168718,0.12791736670108478
18,noMC | F-fooof-rel | none | SVR+time,-0.020461188523871243,0.10192984810463879
18,noMC | F-fooof-rel | none | Anchor,-0.05948730999314833,0.15574861765252537
18,noMC | F-fooof-rel | none | ICP,-0.06365595607669228,-0.11632225267922833
18,noMC | F-fooof-rel | z | ENR,-0.07537904882687152,-0.1709178094497723
18,noMC | F-fooof-rel | z | ENR+time,-0.07191145838886315,-0.19040521581577596
18,noMC | F-fooof-rel | z | SVR,-0.04949084009035842,-0.07059428888239538
18,noMC | F-fooof-rel | z | SVR+time,-0.05499642856733433,-0.08041438609053175
18,noMC | F-fooof-rel | z | Anchor,-0.07904063309427234,0.21177383998002952
18,noMC | F-fooof-rel | z | ICP,-0.0444288366816441,-0.18251914016136306
18,noMC | F-fooof-asym | none | ENR,0.058053473622734386,0.25074786046541264
18,noMC | F-fooof-asym | none | ENR+time,0.047583222854339025,0.22833498117823206
18,noMC | F-fooof-asym | none | SVR,-0.008413812338282867,0.18073168692557323
18,noMC | F-fooof-asym | none | SVR+time,-0.08363477471751368,0.14441178897571683
18,noMC | F-fooof-asym | none | Anchor,-0.024952121286105244,0.2043127860135811
18,noMC | F-fooof-asym | none | ICP,-0.04301786853100076,-0.3065985481415747
18,noMC | F-fooof-asym | z | ENR,0.03189525487312639,0.29572860989721894
18,noMC | F-fooof-asym | z | ENR+time,0.08678430008553606,0.3033076764425197
18,noMC | F-fooof-asym | z | SVR,0.010448982339368973,0.21903267893121878
18,noMC | F-fooof-asym | z | SVR+time,0.012976202030282491,0.2302878871083111
18,noMC | F-fooof-asym | z | Anchor,-0.03968212798210202,0.2682063096869647
18,noMC | F-fooof-asym | z | ICP,-0.04215518412925778,-0.26112239127810155
18,noMC | F-fooof-riem | riem | ENR,-0.04794042754438155,-0.27540804835815835
18,noMC | F-fooof-riem | riem | ENR+time,-0.04981992648619249,-0.3048392188488196
18,noMC | F-fooof-riem | riem | SVR,-0.22323368814258493,-0.10744646740519902
18,noMC | F-fooof-riem | riem | SVR+time,-0.19444030192650463,-0.15203637546032575
18,noMC | F-fooof-riem | riem | Anchor,-1.5201029111840554,0.0892154226954152
18,noMC | F-fooof-riem | riem | ICP,-0.02852415289480148,-0.26855543720662245
18,MC | F-fooof-full | none | ENR,-0.01090253125617524,0.04929329917064176
18,MC | F-fooof-full | none | ENR+time,-0.02304954217740085,-0.03514634333877788
18,MC | F-fooof-full | none | SVR,-0.08380505511322034,0.04778825350339603
18,MC | F-fooof-full | none | SVR+time,-0.06982054879980537,0.020969893672318957
18,MC | F-fooof-full | none | Anchor,-0.22820809325341052,0.1747264193964329
18,MC | F-fooof-full | none | ICP,-0.04032217769354007,0.0027613880855563468
18,MC | F-fooof-full | z | ENR,-0.0700309247232791,-0.06533216505052276
18,MC | F-fooof-full | z | ENR+time,-0.07676955111333306,-0.14299185697183145
18,MC | F-fooof-full | z | SVR,-0.20124065987356987,-0.09778088929065201
18,MC | F-fooof-full | z | SVR+time,-0.161156373460851,-0.16281185992917913
18,MC | F-fooof-full | z | Anchor,0.02548795914023294,0.21369180748902106
18,MC | F-fooof-full | z | ICP,-0.13550526363285842,-0.26006017586462665
18,MC | F-fooof-aper | none | ENR,-0.07976641955716346,-0.23515869028798525
18,MC | F-fooof-aper | none | ENR+time,-0.07462450888850691,-0.23875090848921166
18,MC | F-fooof-aper | none | SVR,-0.141305974963589,0.04545036442064587
18,MC | F-fooof-aper | none | SVR+time,-0.12508957656756192,-0.004057701430317501
18,MC | F-fooof-aper | none | Anchor,-0.13604328793356602,-0.2565694312891368
18,MC | F-fooof-aper | none | ICP,-0.10683054193896169,-0.2840200425847694
18,MC | F-fooof-aper | z | ENR,-0.135355620404223,-0.14978294949744184
18,MC | F-fooof-aper | z | ENR+time,-0.04484369061845439,-0.3093976547087192
18,MC | F-fooof-aper | z | SVR,-0.10750811920833159,0.021838984216385672
18,MC | F-fooof-aper | z | SVR+time,-0.32706516628225124,-0.0513098630199499
18,MC | F-fooof-aper | z | Anchor,-0.4496989204583699,-0.2631842299027678
18,MC | F-fooof-aper | z | ICP,-0.13580729019707083,-0.149661592824247
18,MC | F-fooof-rel | none | ENR,0.0405860322948981,0.20592426121513058
18,MC | F-fooof-rel | none | ENR+time,0.02693071732496022,0.17244491532466877
18,MC | F-fooof-rel | none | SVR,-0.14992187801178591,-0.10862149182225322
18,MC | F-fooof-rel | none | SVR+time,-0.015249484956472159,0.10660362881613523
18,MC | F-fooof-rel | none | Anchor,-0.14489012664409895,0.08137672083951762
18,MC | F-fooof-rel | none | ICP,-0.016469129775289026,0.07993066250292753
18,MC | F-fooof-rel | z | ENR,-0.09112415034089127,-0.24345166414022537
18,MC | F-fooof-rel | z | ENR+time,-0.09054065029242753,-0.2437905211913132
18,MC | F-fooof-rel | z | SVR,-0.09862026264712176,-0.16074572850635782
18,MC | F-fooof-rel | z | SVR+time,-0.12625047926324817,-0.20491891287914377
18,MC | F-fooof-rel | z | Anchor,-0.5950095707866878,0.12199130684819087
18,MC | F-fooof-rel | z | ICP,-0.04484369061845439,-0.30939765470871916
18,MC | F-fooof-asym | none | ENR,0.025470101395158373,0.19674257714282967
18,MC | F-fooof-asym | none | ENR+time,0.020186985149026615,0.18086016577326208
18,MC | F-fooof-asym | none | SVR,-0.036291947372965705,0.1340775376663022
18,MC | F-fooof-asym | none | SVR+time,-0.004189542377022404,0.15105990525143612
18,MC | F-fooof-asym | none | Anchor,-0.08636372172578932,0.11417993614368747
18,MC | F-fooof-asym | none | ICP,-0.16686362996691617,-0.2369859564927408
18,MC | F-fooof-asym | z | ENR,0.02705118763215464,0.21065369446572424
18,MC | F-fooof-asym | z | ENR+time,0.021372604635309655,0.2008155250999079
18,MC | F-fooof-asym | z | SVR,0.01339485530361717,0.15251465705382897
18,MC | F-fooof-asym | z | SVR+time,0.002602440821107499,0.15955244924165335
18,MC | F-fooof-asym | z | Anchor,-0.029855385284264013,0.1700422442532208
18,MC | F-fooof-asym | z | ICP,0.020381740129114534,0.17138794824550185
18,MC | F-fooof-riem | riem | ENR,-0.05428449195357654,-0.2639989488251112
18,MC | F-fooof-riem | riem | ENR+time,-0.044186536884633476,-0.27394996554877005
18,MC | F-fooof-riem | riem | SVR,-0.10726558393413566,-0.03371436402338278
18,MC | F-fooof-riem | riem | SVR+time,-0.11873437565750766,-0.05487357002471633
18,MC | F-fooof-riem | riem | Anchor,-2.0332464716126024,0.13806955180421993
18,MC | F-fooof-riem | riem | ICP,-0.020233115736236762,-0.10783342942542033
19,noMC | F-fooof-full | none | ENR,-0.2649892186295395,-0.3728903054302478
19,noMC | F-fooof-full | none | ENR+time,-0.3072201621328827,-0.3570769937174207
19,noMC | F-fooof-full | none | SVR,-0.165275580159157,-0.1449822959771877
19,noMC | F-fooof-full | none | SVR+time,-0.36957127963043,-0.3183490408634684
19,noMC | F-fooof-full | none | Anchor,-0.9422383925032911,-0.30771301060352557
19,noMC | F-fooof-full | none | ICP,-0.04938694942516486,-0.2608806302637061
19,noMC | F-fooof-full | z | ENR,-0.048906882366205995,-0.3724756832255518
19,noMC | F-fooof-full | z | ENR+time,-0.048906882366205995,-0.3724756832255518
19,noMC | F-fooof-full | z | SVR,-0.31000210152424423,-0.2514457800171081
19,noMC | F-fooof-full | z | SVR+time,-0.301057512920917,-0.26352944329562045
19,noMC | F-fooof-full | z | Anchor,-1.0495021873227484,-0.3221858762506815
19,noMC | F-fooof-full | z | ICP,-0.059535070719893834,-0.37747170722543305
19,noMC | F-fooof-aper | none | ENR,-0.12121465211336901,-0.4278095623806385
19,noMC | F-fooof-aper | none | ENR+time,-0.12121465211336901,-0.4278095623806385
19,noMC | F-fooof-aper | none | SVR,-0.38436914706629355,-0.4232735797194561
19,noMC | F-fooof-aper | none | SVR+time,-0.44550268951909455,-0.4809781879429005
19,noMC | F-fooof-aper | none | Anchor,-0.23513394374156804,-0.4323414374886577
19,noMC | F-fooof-aper | none | ICP,-0.19958303908518382,-0.39839616413998225
19,noMC | F-fooof-aper | z | ENR,-0.048906882366205995,-0.3724756832255518
19,noMC | F-fooof-aper | z | ENR+time,-0.048906882366205995,-0.3724756832255518
19,noMC | F-fooof-aper | z | SVR,-0.28354216058511184,-0.33668399433383045
19,noMC | F-fooof-aper | z | SVR+time,-0.33827515617568005,-0.3178422269103476
19,noMC | F-fooof-aper | z | Anchor,-0.19611770016061914,-0.1563512642502329
19,noMC | F-fooof-aper | z | ICP,-0.04890688236620577,-0.3724756832255518
19,noMC | F-fooof-rel | none | ENR,-0.17360496733428654,-0.45362982157076703
19,noMC | F-fooof-rel | none | ENR+time,-0.15523737327110831,-0.47176336142881725
19,noMC | F-fooof-rel | none | SVR,-0.295364059239446,-0.24312335075875008
19,noMC | F-fooof-rel | none | SVR+time,-0.4087453375525798,-0.3536195806895468
19,noMC | F-fooof-rel | none | Anchor,-0.3046327666028361,-0.13919803148971502
19,noMC | F-fooof-rel | none | ICP,-0.04890688236620577,-0.3724756832255518
19,noMC | F-fooof-rel | z | ENR,-0.24551149863527955,-0.2731646034290445
19,noMC | F-fooof-rel | z | ENR+time,-0.23032981823479592,-0.26947772471248854
19,noMC | F-fooof-rel | z | SVR,-1.7635949303026597,-0.25541781372297495
19,noMC | F-fooof-rel | z | SVR+time,-1.6985144315384577,-0.21419953491555832
19,noMC | F-fooof-rel | z | Anchor,-0.7304730084898607,-0.2657235275848101
19,noMC | F-fooof-rel | z | ICP,-0.1314595550955553,-0.09684000109618146
19,noMC | F-fooof-asym | none | ENR,-0.2159165831291241,-0.4503636741466316
19,noMC | F-fooof-asym | none | ENR+time,-0.18158606157530133,-0.484755893411013
19,noMC | F-fooof-asym | none | SVR,-0.5437641664716248,-0.31851099850516473
19,noMC | F-fooof-asym | none | SVR+time,-0.5309988885477532,-0.40455232684258857
19,noMC | F-fooof-asym | none | Anchor,-0.2608519887585332,-0.4120855908942638
19,noMC | F-fooof-asym | none | ICP,-0.2220640607450337,-0.2969249369348097
19,noMC | F-fooof-asym | z | ENR,-0.27750879953325347,-0.38212285039017735
19,noMC | F-fooof-asym | z | ENR+time,-0.355284488926618,-0.3220170565239972
19,noMC | F-fooof-asym | z | SVR,-0.4617747362168658,0.04288367089269325
19,noMC | F-fooof-asym | z | SVR+time,-0.37766568171005677,-0.17421578108040336
19,noMC | F-fooof-asym | z | Anchor,-2.1896243682302026,-0.3204417777709313
19,noMC | F-fooof-asym | z | ICP,-0.03614454391235489,-0.1616306349000538
19,noMC | F-fooof-riem | riem | ENR,-0.12299540083515503,-0.301896916403652
19,noMC | F-fooof-riem | riem | ENR+time,-0.11746909118399151,-0.30954447067700225
19,noMC | F-fooof-riem | riem | SVR,-0.2946975971331318,-0.10785594042715797
19,noMC | F-fooof-riem | riem | SVR+time,-0.42018173017513916,-0.19656889229747004
19,noMC | F-fooof-riem | riem | Anchor,-1.3311492713183428,-0.3071186670494685
19,noMC | F-fooof-riem | riem | ICP,-0.05257890035197299,-0.3319824994639745
19,MC | F-fooof-full | none | ENR,-0.051597719299915745,-0.375186208987881
19,MC | F-fooof-full | none | ENR+time,-0.051597719299915745,-0.375186208987881
19,MC | F-fooof-full | none | SVR,-0.10736160772639014,-0.056911596130832326
19,MC | F-fooof-full | none | SVR+time,-0.3352643007007119,-0.252181382314189
19,MC | F-fooof-full | none | Anchor,-1.0910521623175016,-0.3067929981522042
19,MC | F-fooof-full | none | ICP,-0.14787390776469445,-0.31861977068450065
19,MC | F-fooof-full | z | ENR,-0.09369550876113308,-0.29192672853026735
19,MC | F-fooof-full | z | ENR+time,-0.09369550876113308,-0.29192672853026735
19,MC | F-fooof-full | z | SVR,-0.30810327572600116,-0.3004435646573859
19,MC | F-fooof-full | z | SVR+time,-0.26734311108105824,-0.25647272962130285
19,MC | F-fooof-full | z | Anchor,-0.9822447840498401,-0.32873961466543145
19,MC | F-fooof-full | z | ICP,-0.05253205484040757,-0.3701988063856121
19,MC | F-fooof-aper | none | ENR,-0.08796866251037616,-0.4416127766539213
19,MC | F-fooof-aper | none | ENR+time,-0.08796866251037616,-0.4416127766539213
19,MC | F-fooof-aper | none | SVR,-0.319535041578231,-0.3354577746501708
19,MC | F-fooof-aper | none | SVR+time,-0.29546994140874494,-0.413069239730135
19,MC | F-fooof-aper | none | Anchor,-0.08483423567435544,-0.33174998560318864
19,MC | F-fooof-aper | none | ICP,-0.170440122851653,-0.4117186895441376
19,MC | F-fooof-aper | z | ENR,-0.051597719299915745,-0.37518620898788096
19,MC | F-fooof-aper | z | ENR+time,-0.051597719299915745,-0.37518620898788096
19,MC | F-fooof-aper | z | SVR,-0.21769570124704285,-0.3182602045224193
19,MC | F-fooof-aper | z | SVR+time,-0.3565150698728585,-0.3575821120613848
19,MC | F-fooof-aper | z | Anchor,-0.09511477882701969,-0.07604025422752016
19,MC | F-fooof-aper | z | ICP,-0.09384548407953708,-0.28527634115344164
19,MC | F-fooof-rel | none | ENR,-0.15418316796244835,-0.43836899005587643
19,MC | F-fooof-rel | none | ENR+time,-0.15187238186744612,-0.44166483362443326
19,MC | F-fooof-rel | none | SVR,-0.22289111606587908,-0.1380779891158161
19,MC | F-fooof-rel | none | SVR+time,-0.3373428734992212,-0.2873117293492931
19,MC | F-fooof-rel | none | Anchor,-0.4612901480879914,-0.24951129493040192
19,MC | F-fooof-rel | none | ICP,-0.36014505780083383,-0.289356637336874
19,MC | F-fooof-rel | z | ENR,-0.05570436714919946,-0.38458934687339563
19,MC | F-fooof-rel | z | ENR+time,-0.05570436714919946,-0.38458934687339563
19,MC | F-fooof-rel | z | SVR,-0.37208084561262234,-0.3376139433780002
19,MC | F-fooof-rel | z | SVR+time,-0.3649246685633132,-0.12993362882300002
19,MC | F-fooof-rel | z | Anchor,-2.2916244457706996,0.1588142012295301
19,MC | F-fooof-rel | z | ICP,-0.12903450237721437,-0.11247919116125157
19,MC | F-fooof-asym | none | ENR,-0.23229631575564103,-0.46935341739919134
19,MC | F-fooof-asym | none | ENR+time,-0.22834877209548066,-0.47584017390487254
19,MC | F-fooof-asym | none | SVR,-0.5077976260260373,-0.49242470678881245
19,MC | F-fooof-asym | none | SVR+time,-0.45742167500370967,-0.42445815784391594
19,MC | F-fooof-asym | none | Anchor,-0.27969434687134487,-0.4436331458930524
19,MC | F-fooof-asym | none | ICP,-0.051597719299915745,-0.37518620898788096
19,MC | F-fooof-asym | z | ENR,-0.3943289363074265,-0.3017891498816555
19,MC | F-fooof-asym | z | ENR+time,-0.22552373665193937,-0.3535019121954785
19,MC | F-fooof-asym | z | SVR,-0.16917078114241524,-0.14254297851340447
19,MC | F-fooof-asym | z | SVR+time,-0.32925835939833137,-0.31313070523040876
19,MC | F-fooof-asym | z | Anchor,-0.32914058354279585,-0.28414118240447966
19,MC | F-fooof-asym | z | ICP,-0.25541178566124145,-0.20135314025322032
19,MC | F-fooof-riem | riem | ENR,-0.05435560525057648,-0.3764511623995207
19,MC | F-fooof-riem | riem | ENR+time,-0.05435560525057648,-0.3764511623995207
19,MC | F-fooof-riem | riem | SVR,-0.17794293450997323,-0.18928901807810444
19,MC | F-fooof-riem | riem | SVR+time,-0.22711373585894123,-0.3718592532951865
19,MC | F-fooof-riem | riem | Anchor,-0.8694773759934815,-0.2886021548336548
19,MC | F-fooof-riem | riem | ICP,-0.0451090850203133,-0.23899670300965786
20,noMC | F-fooof-full | none | ENR,-0.3489737223585867,-0.4505022717908419
20,noMC | F-fooof-full | none | ENR+time,-0.21964020522566186,-0.4303386596158798
20,noMC | F-fooof-full | none | SVR,-0.49005468338541247,-0.44549378966500386
20,noMC | F-fooof-full | none | SVR+time,-0.10350784000658475,0.012753854077005605
20,noMC | F-fooof-full | none | Anchor,-0.8107921996303586,-0.3804156663126916
20,noMC | F-fooof-full | none | ICP,-0.03949039573666724,-0.1097443739309669
20,noMC | F-fooof-full | z | ENR,-0.30880379833361316,-0.23984608336780391
20,noMC | F-fooof-full | z | ENR+time,-0.3388647811165748,-0.3438247834809426
20,noMC | F-fooof-full | z | SVR,-0.2267774897201562,-0.2411286380896112
20,noMC | F-fooof-full | z | SVR+time,-0.23408055600294264,-0.22634928180249714
20,noMC | F-fooof-full | z | Anchor,-7.234894237055263,0.02680684037464623
20,noMC | F-fooof-full | z | ICP,-0.08588839292374106,-0.05637887046146288
20,noMC | F-fooof-aper | none | ENR,-0.08356557579602297,-0.3948417347504265
20,noMC | F-fooof-aper | none | ENR+time,-0.07201983768457176,-0.3971105340972613
20,noMC | F-fooof-aper | none | SVR,-0.3610688199174312,-0.3944943625401523
20,noMC | F-fooof-aper | none | SVR+time,-0.3827820157062014,-0.3591664088491331
20,noMC | F-fooof-aper | none | Anchor,-0.20218327108812328,-0.32817827146758666
20,noMC | F-fooof-aper | none | ICP,-0.052706265493478455,-0.38096072625155913
20,noMC | F-fooof-aper | z | ENR,-0.08373854581885642,-0.38428910843181063
20,noMC | F-fooof-aper | z | ENR+time,-0.052706265493478455,-0.38096072625155913
20,noMC | F-fooof-aper | z | SVR,-0.1411917435216441,-0.3068138062185026
20,noMC | F-fooof-aper | z | SVR+time,-0.1962509150928109,-0.36758439531468173
20,noMC | F-fooof-aper | z | Anchor,-0.21224182322828433,-0.22742100019437367
20,noMC | F-fooof-aper | z | ICP,-0.052706265493478455,-0.38096072625155913
20,noMC | F-fooof-rel | none | ENR,-0.45941941716518575,-0.47758413398459154
20,noMC | F-fooof-rel | none | ENR+time,-0.245422934037272,-0.4939765777638726
20,noMC | F-fooof-rel | none | SVR,-0.4479455628256208,-0.438471154721622
20,noMC | F-fooof-rel | none | SVR+time,-0.4964624256464345,-0.38066358771068354
20,noMC | F-fooof-rel | none | Anchor,-0.6530441231802817,-0.4813873514218029
20,noMC | F-fooof-rel | none | ICP,-0.029211604539066682,-0.08733793389457672
20,noMC | F-fooof-rel | z | ENR,-1.1884934665656197,-0.017882512060818805
20,noMC | F-fooof-rel | z | ENR+time,-0.6648856183022593,-0.07869628695086602
20,noMC | F-fooof-rel | z | SVR,-0.24622603913813057,0.01997172937928996
20,noMC | F-fooof-rel | z | SVR+time,-0.2703859655783023,-0.023593035389217913
20,noMC | F-fooof-rel | z | Anchor,-5.244112212950238,-0.02089383837077629
20,noMC | F-fooof-rel | z | ICP,-0.11836943064302541,-0.1298921209638979
20,noMC | F-fooof-asym | none | ENR,-0.3276508434636518,-0.47969242115039895
20,noMC | F-fooof-asym | none | ENR+time,-0.3625150604240628,-0.4845731762768753
20,noMC | F-fooof-asym | none | SVR,-0.8040110460188616,-0.44528033293804503
20,noMC | F-fooof-asym | none | SVR+time,-0.6815678279758559,-0.45266409741167624
20,noMC | F-fooof-asym | none | Anchor,-0.33299100798195047,-0.4895669782534977
20,noMC | F-fooof-asym | none | ICP,-0.052706265493478455,-0.38096072625155913
20,noMC | F-fooof-asym | z | ENR,-1.5138181317341965,-0.29715303696166134
20,noMC | F-fooof-asym | z | ENR+time,-1.7020338680944644,-0.30077031274790583
20,noMC | F-fooof-asym | z | SVR,-0.06201906249744327,0.08594139976323319
20,noMC | F-fooof-asym | z | SVR+time,0.04897830354953103,0.25248224805280106
20,noMC | F-fooof-asym | z | Anchor,-0.4142300171882842,-0.23463383384104397
20,noMC | F-fooof-asym | z | ICP,-0.054153768836389116,-0.31320711212071234
20,noMC | F-fooof-riem | riem | ENR,-0.0677385770467882,-0.25840736625061134
20,noMC | F-fooof-riem | riem | ENR+time,-0.0677385770467882,-0.25840736625061134
20,noMC | F-fooof-riem | riem | SVR,-0.031512472484364284,0.11255683588749359
20,noMC | F-fooof-riem | riem | SVR+time,-0.13798516637498826,0.04245451624597804
20,noMC | F-fooof-riem | riem | Anchor,-0.9594078900528213,-0.3928032482855013
20,noMC | F-fooof-riem | riem | ICP,-0.052706265493478455,-0.38096072625155913
20,MC | F-fooof-full | none | ENR,-0.4509628725634147,-0.3882023933826178
20,MC | F-fooof-full | none | ENR+time,-0.49485972508682075,-0.38483694947798663
20,MC | F-fooof-full | none | SVR,-0.5267740503598353,-0.33934087011271646
20,MC | F-fooof-full | none | SVR+time,-0.5326810110810674,-0.35404663390171254
20,MC | F-fooof-full | none | Anchor,-1.2500087162772484,-0.33139852486229454
20,MC | F-fooof-full | none | ICP,-0.09279139805594938,-0.2776984036651861
20,MC | F-fooof-full | z | ENR,-0.409658348524647,-0.3872230389029774
20,MC | F-fooof-full | z | ENR+time,-0.409421126480221,-0.38453045300043426
20,MC | F-fooof-full | z | SVR,-0.7279400414508477,-0.4349839913848643
20,MC | F-fooof-full | z | SVR+time,-0.7333156104131595,-0.40202558182519926
20,MC | F-fooof-full | z | Anchor,-1.1468045301293701,-0.42487742696353903
20,MC | F-fooof-full | z | ICP,-0.20791933599761103,-0.42617785675954395
20,MC | F-fooof-aper | none | ENR,-0.1698550429956871,-0.39545354972699487
20,MC | F-fooof-aper | none | ENR+time,-0.1698550429956871,-0.39545354972699487
20,MC | F-fooof-aper | none | SVR,-0.3002910578707796,-0.3895644162732459
20,MC | F-fooof-aper | none | SVR+time,-0.431630671625048,-0.3218330621383042
20,MC | F-fooof-aper | none | Anchor,-0.33872483744820014,-0.39881577588340095
20,MC | F-fooof-aper | none | ICP,-0.23064318972210263,-0.37117357913189164
20,MC | F-fooof-aper | z | ENR,-0.0856217929550851,-0.4206359646340374
20,MC | F-fooof-aper | z | ENR+time,-0.09897664746997448,-0.3798071115995223
20,MC | F-fooof-aper | z | SVR,-0.27629660417607194,-0.4172194222151493
20,MC | F-fooof-aper | z | SVR+time,-0.21211954701175717,-0.383116690566536
20,MC | F-fooof-aper | z | Anchor,-0.20706487842767296,-0.39192627721393913
20,MC | F-fooof-aper | z | ICP,-0.13949751937345312,-0.38641754071993506
20,MC | F-fooof-rel | none | ENR,-0.33781196158357396,-0.4971825515540885
20,MC | F-fooof-rel | none | ENR+time,-0.4114750883694709,-0.4625702547865701
20,MC | F-fooof-rel | none | SVR,-0.37790452792832907,-0.3348698804059561
20,MC | F-fooof-rel | none | SVR+time,-0.1825098299971628,-0.11922944087485499
20,MC | F-fooof-rel | none | Anchor,-1.4492211627617295,-0.4075740830198815
20,MC | F-fooof-rel | none | ICP,-0.06293526888421974,-0.391020099311646
20,MC | F-fooof-rel | z | ENR,-0.5442055317599355,-0.3462452581436858
20,MC | F-fooof-rel | z | ENR+time,-0.4705373375409716,-0.31180943003838
20,MC | F-fooof-rel | z | SVR,-0.5265760255808802,-0.11509900755604069
20,MC | F-fooof-rel | z | SVR+time,-1.1570800010203448,-0.2216471392600085
20,MC | F-fooof-rel | z | Anchor,-0.8204017097416514,0.16965850025548582
20,MC | F-fooof-rel | z | ICP,-0.06407358065757429,-0.3882434257217666
20,MC | F-fooof-asym | none | ENR,-0.32883273227998666,-0.488720080029624
20,MC | F-fooof-asym | none | ENR+time,-0.30735622946636076,-0.49005699606535547
20,MC | F-fooof-asym | none | SVR,-0.5948204749125472,-0.568198944848018
20,MC | F-fooof-asym | none | SVR+time,-0.7106288835024033,-0.44322706977655146
20,MC | F-fooof-asym | none | Anchor,-0.36554601294129285,-0.4847994046677424
20,MC | F-fooof-asym | none | ICP,-0.06293526888421974,-0.391020099311646
20,MC | F-fooof-asym | z | ENR,-0.9546416619704616,-0.32771691783888157
20,MC | F-fooof-asym | z | ENR+time,-0.9473492274978863,-0.330293619457266
20,MC | F-fooof-asym | z | SVR,-0.0400035806125425,0.06178202702171541
20,MC | F-fooof-asym | z | SVR+time,-0.017357794409129212,0.08882483457827264
20,MC | F-fooof-asym | z | Anchor,-0.9357903012883086,-0.39747045471538645
20,MC | F-fooof-asym | z | ICP,-0.2577335548826354,-0.29273508808090304
20,MC | F-fooof-riem | riem | ENR,-0.293868079411711,-0.3956901975267965
20,MC | F-fooof-riem | riem | ENR+time,-0.29174247520541297,-0.3935050600664205
20,MC | F-fooof-riem | riem | SVR,-0.17586574308427716,-0.05350886426821601
20,MC | F-fooof-riem | riem | SVR+time,-0.2691470365260744,-0.20205454003550438
20,MC | F-fooof-riem | riem | Anchor,-0.8945085272092195,-0.4279951939456399
20,MC | F-fooof-riem | riem | ICP,-0.0632350747478243,-0.23475665620640285
21,noMC | F-fooof-full | none | ENR,-0.042302896169872595,-0.2349301225904774
21,noMC | F-fooof-full | none | ENR+time,-0.09134625895277759,-0.15136748394094016
21,noMC | F-fooof-full | none | SVR,-0.15717701750062663,-0.12600969111339172
21,noMC | F-fooof-full | none | SVR+time,-0.07502749368978079,0.0865155206880866
21,noMC | F-fooof-full | none | Anchor,-0.6415734581717123,-0.14291953936966004
21,noMC | F-fooof-full | none | ICP,-0.03634227328098083,-0.15861390415153898
21,noMC | F-fooof-full | z | ENR,-0.027098423137834837,0.13228252805712337
21,noMC | F-fooof-full | z | ENR+time,-0.09994678742323049,-0.03802820740250489
21,noMC | F-fooof-full | z | SVR,-0.2428171024235397,-0.10563164155715808
21,noMC | F-fooof-full | z | SVR+time,-0.23028511228442117,-0.09098832888507465
21,noMC | F-fooof-full | z | Anchor,-0.3334134876356789,0.1254698429818481
21,noMC | F-fooof-full | z | ICP,-0.12059664992984498,-0.03731274756252808
21,noMC | F-fooof-aper | none | ENR,-0.4133058391388038,-0.2261582736982359
21,noMC | F-fooof-aper | none | ENR+time,-0.059726488889895846,-0.16599136227775985
21,noMC | F-fooof-aper | none | SVR,-0.4936149218004997,-0.23980967443198162
21,noMC | F-fooof-aper | none | SVR+time,-0.544366676592944,-0.24400739220209888
21,noMC | F-fooof-aper | none | Anchor,-0.19084553801918092,-0.12854492535358902
21,noMC | F-fooof-aper | none | ICP,-0.37171746567968333,-0.24422035551152796
21,noMC | F-fooof-aper | z | ENR,-0.025445682058242047,0.1612879308722112
21,noMC | F-fooof-aper | z | ENR+time,-0.06114903248215753,0.13161448220659117
21,noMC | F-fooof-aper | z | SVR,-0.06656860001868647,0.09146240932667776
21,noMC | F-fooof-aper | z | SVR+time,-0.036456459751093906,0.14497089667920202
21,noMC | F-fooof-aper | z | Anchor,-0.09733129757725156,0.11352407388126046
21,noMC | F-fooof-aper | z | ICP,-0.08405914506720591,0.14205878657132773
21,noMC | F-fooof-rel | none | ENR,-0.1235060366801004,-0.2914042081503011
21,noMC | F-fooof-rel | none | ENR+time,-0.10767520757686544,-0.3758113220413162
21,noMC | F-fooof-rel | none | SVR,-0.30327994789319734,-0.2455403826854136
21,noMC | F-fooof-rel | none | SVR+time,-0.39151450989794667,-0.25670567598306254
21,noMC | F-fooof-rel | none | Anchor,-0.7697176561851173,-0.2514590908734579
21,noMC | F-fooof-rel | none | ICP,-0.10375556500515648,-0.27406749539211384
21,noMC | F-fooof-rel | z | ENR,-0.1322244992793471,-0.3016766927972584
21,noMC | F-fooof-rel | z | ENR+time,-0.22535100070202052,-0.37959760681815674
21,noMC | F-fooof-rel | z | SVR,-0.23617210013804235,-0.30847437764344365
21,noMC | F-fooof-rel | z | SVR+time,-0.21993204763423568,-0.28012635590608226
21,noMC | F-fooof-rel | z | Anchor,-5.746344239212456,-0.2011538961160618
21,noMC | F-fooof-rel | z | ICP,-0.07310625040332686,-0.1919125212510884
21,noMC | F-fooof-asym | none | ENR,-0.11648571504577232,-0.3049413614144422
21,noMC | F-fooof-asym | none | ENR+time,-0.1772061995158103,-0.3266256097001452
21,noMC | F-fooof-asym | none | SVR,-0.40054108450906445,-0.30763291223937067
21,noMC | F-fooof-asym | none | SVR+time,-0.46163186502766695,-0.28571824211822616
21,noMC | F-fooof-asym | none | Anchor,-0.7114552186138632,-0.2506643910799535
21,noMC | F-fooof-asym | none | ICP,-0.036843955367951375,-0.2681950975816759
21,noMC | F-fooof-asym | z | ENR,-0.3310762311927844,-0.29366878527452955
21,noMC | F-fooof-asym | z | ENR+time,-0.17978508039095242,-0.40812253006878746
21,noMC | F-fooof-asym | z | SVR,-0.16634781175158664,-0.1560428532407208
21,noMC | F-fooof-asym | z | SVR+time,-0.1172735581471589,-0.09577154793657189
21,noMC | F-fooof-asym | z | Anchor,-0.8538492122537071,-0.22018948456224913
21,noMC | F-fooof-asym | z | ICP,-0.036843955367951375,-0.2681950975816759
21,noMC | F-fooof-riem | riem | ENR,-0.6658188108918608,-0.2506041071718847
21,noMC | F-fooof-riem | riem | ENR+time,-0.7122203228231412,-0.2609153363978496
21,noMC | F-fooof-riem | riem | SVR,-0.3294352460090104,-0.20646370650317789
21,noMC | F-fooof-riem | riem | SVR+time,-0.30017184443550415,-0.18434156009267694
21,noMC | F-fooof-riem | riem | Anchor,-1.1946317281308936,-0.26067891669613696
21,noMC | F-fooof-riem | riem | ICP,-0.07849200770683562,-0.31073173166666546
21,MC | F-fooof-full | none | ENR,-0.03847972211720796,-0.2703108967445288
21,MC | F-fooof-full | none | ENR+time,-0.03847972211720796,-0.2703108967445288
21,MC | F-fooof-full | none | SVR,-0.13394979935154283,-0.1456192203201327
21,MC | F-fooof-full | none | SVR+time,-0.13477732360452155,-0.1165799510403095
21,MC | F-fooof-full | none | Anchor,-0.6330402764926084,-0.28200770478572296
21,MC | F-fooof-full | none | ICP,-0.05611712513205824,-0.19734193409384632
21,MC | F-fooof-full | z | ENR,-0.12816014302913303,-0.19318826187881993
21,MC | F-fooof-full | z | ENR+time,-0.15291344466320522,-0.13027877033196958
21,MC | F-fooof-full | z | SVR,-0.25521380504628777,-0.21763872163777034
21,MC | F-fooof-full | z | SVR+time,-0.3120413558073256,-0.258140599932741
21,MC | F-fooof-full | z | Anchor,-0.9053246238841508,-0.005807961078210546
21,MC | F-fooof-full | z | ICP,-0.011288972319957846,0.10011300495744961
21,MC | F-fooof-aper | none | ENR,-0.2904930912094388,-0.2604246901063038
21,MC | F-fooof-aper | none | ENR+time,-0.03847972211720796,-0.2703108967445288
21,MC | F-fooof-aper | none | SVR,-0.43571685466197096,-0.24973382443038034
21,MC | F-fooof-aper | none | SVR+time,-0.4218758956788671,-0.2416005958560465
21,MC | F-fooof-aper | none | Anchor,-0.03847972211720796,-0.2703108967445288
21,MC | F-fooof-aper | none | ICP,-0.35743178483620164,-0.25407122244863867
21,MC | F-fooof-aper | z | ENR,-0.04483041792724807,0.094243837252031
21,MC | F-fooof-aper | z | ENR+time,-0.0932337731759958,-0.011465078432740222
21,MC | F-fooof-aper | z | SVR,-0.10450860715512755,0.060967590644648864
21,MC | F-fooof-aper | z | SVR+time,-0.07517070520241531,0.09320817140894982
21,MC | F-fooof-aper | z | Anchor,-0.07867703839526707,0.08314130661335943
21,MC | F-fooof-aper | z | ICP,-0.027709007746282488,0.10491361907500404
21,MC | F-fooof-rel | none | ENR,-0.07603371304045403,-0.37619230803875026
21,MC | F-fooof-rel | none | ENR+time,-0.052461465371939076,-0.28817083410568334
21,MC | F-fooof-rel | none | SVR,-0.2902359482999848,-0.2746145152528116
21,MC | F-fooof-rel | none | SVR+time,-0.3123799104973941,-0.21418327605208667
21,MC | F-fooof-rel | none | Anchor,-0.8626886070768709,-0.2712133817831207
21,MC | F-fooof-rel | none | ICP,-0.03847972211720796,-0.2703108967445288
21,MC | F-fooof-rel | z | ENR,-0.16695785662733598,-0.3186098952748995
21,MC | F-fooof-rel | z | ENR+time,-0.14709439414344594,-0.39692645005813787
21,MC | F-fooof-rel | z | SVR,-0.28304394390581566,-0.3285535420852661
21,MC | F-fooof-rel | z | SVR+time,-0.29510979580935204,-0.34480208102598453
21,MC | F-fooof-rel | z | Anchor,-1.26097224911019,-0.3263960228911713
21,MC | F-fooof-rel | z | ICP,-0.0439877211152393,-0.21559302703340755
21,MC | F-fooof-asym | none | ENR,-0.1418199560569342,-0.2775054860325465
21,MC | F-fooof-asym | none | ENR+time,-0.21750600108729357,-0.34315890413463945
21,MC | F-fooof-asym | none | SVR,-0.4309675009446585,-0.3040874398635495
21,MC | F-fooof-asym | none | SVR+time,-0.40085261976247955,-0.3313787978218895
21,MC | F-fooof-asym | none | Anchor,-0.17336563819548712,-0.20502483319116727
21,MC | F-fooof-asym | none | ICP,-0.03847972211720796,-0.2703108967445288
21,MC | F-fooof-asym | z | ENR,-0.13451457541601575,-0.28811695666966647
21,MC | F-fooof-asym | z | ENR+time,-0.11678091983284333,-0.37002098948881856
21,MC | F-fooof-asym | z | SVR,-0.2381835392093521,-0.29733964798528734
21,MC | F-fooof-asym | z | SVR+time,-0.30747758327771235,-0.33351782485761544
21,MC | F-fooof-asym | z | Anchor,-0.28009164602001,-0.2366758771406603
21,MC | F-fooof-asym | z | ICP,-0.05741446181476051,-0.2755456605979425
21,MC | F-fooof-riem | riem | ENR,-0.5086998716739517,-0.2601836056806963
21,MC | F-fooof-riem | riem | ENR+time,-0.46667149440156286,-0.2593400524957328
21,MC | F-fooof-riem | riem | SVR,-0.3130955690768966,-0.17033536798173415
21,MC | F-fooof-riem | riem | SVR+time,-0.2786911327254584,-0.20831385621647114
21,MC | F-fooof-riem | riem | Anchor,-1.677502615384514,-0.24441913843489144
21,MC | F-fooof-riem | riem | ICP,-0.08128876188422596,-0.3341261058414028
22,noMC | F-fooof-full | none | ENR,-0.1872027075950835,-0.18340264097945203
22,noMC | F-fooof-full | none | ENR+time,-0.22669449647740203,-0.19108751476483052
22,noMC | F-fooof-full | none | SVR,-0.1539050080726556,-0.09065841091517603
22,noMC | F-fooof-full | none | SVR+time,-0.15219158591879567,-0.11743354161978062
22,noMC | F-fooof-full | none | Anchor,-0.17637442009792936,0.021795285867063495
22,noMC | F-fooof-full | none | ICP,-0.03356531599766388,-0.21830279237327943
22,noMC | F-fooof-full | z | ENR,-0.05415304379657404,-0.2556739451161674
22,noMC | F-fooof-full | z | ENR+time,-0.7137980251019436,0.046112480466565756
22,noMC | F-fooof-full | z | SVR,-0.19107177920387985,-0.17500459188308426
22,noMC | F-fooof-full | z | SVR+time,-0.33051734903260277,-0.10079563520343639
22,noMC | F-fooof-full | z | Anchor,-0.07466752966306855,0.005630333396200685
22,noMC | F-fooof-full | z | ICP,-0.05383921034992478,-0.11186341606241693
22,noMC | F-fooof-aper | none | ENR,-0.03908065154324469,-0.28138534443275554
22,noMC | F-fooof-aper | none | ENR+time,-0.03908065154324469,-0.28138534443275554
22,noMC | F-fooof-aper | none | SVR,-0.2930579475016162,-0.17688341385994177
22,noMC | F-fooof-aper | none | SVR+time,-0.222695643677999,-0.22341775797648528
22,noMC | F-fooof-aper | none | Anchor,-0.2686467259049976,-0.18594703676937832
22,noMC | F-fooof-aper | none | ICP,-0.03908065154324469,-0.28138534443275537
22,noMC | F-fooof-aper | z | ENR,-0.05604318204619907,-0.27279831856295056
22,noMC | F-fooof-aper | z | ENR+time,-0.04460171939470414,-0.26136817328819417
22,noMC | F-fooof-aper | z | SVR,-0.060449575774103925,-0.04512744180793616
22,noMC | F-fooof-aper | z | SVR+time,-0.46022955529107645,-0.041945036136173355
22,noMC | F-fooof-aper | z | Anchor,-0.1419124637866802,-0.204514633057674
22,noMC | F-fooof-aper | z | ICP,-0.03908065154324469,-0.28138534443275537
22,noMC | F-fooof-rel | none | ENR,-0.07521058860814245,-0.21224128482860333
22,noMC | F-fooof-rel | none | ENR+time,-0.1020056097399662,-0.20147649389722122
22,noMC | F-fooof-rel | none | SVR,-0.1194236737892942,-0.03658966473952269
22,noMC | F-fooof-rel | none | SVR+time,-0.060007496354933965,0.029273752507700618
22,noMC | F-fooof-rel | none | Anchor,-0.13357911852247284,-0.03089411160527893
22,noMC | F-fooof-rel | none | ICP,-0.017432175347505297,-0.1505042469854726
22,noMC | F-fooof-rel | z | ENR,-0.12208579219294724,-0.17801463203925422
22,noMC | F-fooof-rel | z | ENR+time,-0.06926486259703957,-0.2421808397422308
22,noMC | F-fooof-rel | z | SVR,-0.08070933369376898,0.04338636112730563
22,noMC | F-fooof-rel | z | SVR+time,-0.0745878090584482,0.0461271118658315
22,noMC | F-fooof-rel | z | Anchor,-0.23422057945524277,-0.18111503083323247
22,noMC | F-fooof-rel | z | ICP,-0.03737038812914473,-0.28129758786275644
22,noMC | F-fooof-asym | none | ENR,-0.09267011387938862,-0.13595459159183831
22,noMC | F-fooof-asym | none | ENR+time,-0.08306992263048052,-0.14418969578154975
22,noMC | F-fooof-asym | none | SVR,-0.1184865196921796,-0.01699256590845414
22,noMC | F-fooof-asym | none | SVR+time,-0.05951972583345366,0.04413895295680203
22,noMC | F-fooof-asym | none | Anchor,-0.226121407487623,-0.0859505178191146
22,noMC | F-fooof-asym | none | ICP,-0.03908065154324469,-0.28138534443275537
22,noMC | F-fooof-asym | z | ENR,-0.09374853193415467,-0.18592666327615495
22,noMC | F-fooof-asym | z | ENR+time,-0.09382095487689046,-0.16696466527658566
22,noMC | F-fooof-asym | z | SVR,-0.07539572040451747,0.005730146445628404
22,noMC | F-fooof-asym | z | SVR+time,-0.04325248165000195,0.016333699867586104
22,noMC | F-fooof-asym | z | Anchor,-0.14832976098203265,0.0016862381747427026
22,noMC | F-fooof-asym | z | ICP,-0.03609454905573806,-0.27060564309006585
22,noMC | F-fooof-riem | riem | ENR,-0.11153365396711079,-0.1693617986617976
22,noMC | F-fooof-riem | riem | ENR+time,-0.3801226303983729,0.09312071237760551
22,noMC | F-fooof-riem | riem | SVR,-0.5703512786194056,-0.043966191870927374
22,noMC | F-fooof-riem | riem | SVR+time,-0.37977488311159147,-0.03405887288228969
22,noMC | F-fooof-riem | riem | Anchor,-0.6154982054757518,0.0752538952484844
22,noMC | F-fooof-riem | riem | ICP,-0.10543321685484908,-0.1892079480963153
22,MC | F-fooof-full | none | ENR,-0.042011271426545704,0.06192873353574715
22,MC | F-fooof-full | none | ENR+time,-0.030475748373257838,0.08426440926443675
22,MC | F-fooof-full | none | SVR,-0.18308494968458944,-0.09588573183498761
22,MC | F-fooof-full | none | SVR+time,-0.30200447961299415,-0.09266319988338165
22,MC | F-fooof-full | none | Anchor,-0.03307795612645004,0.14572462825347343
22,MC | F-fooof-full | none | ICP,-0.04555648745465479,-0.12601474966425094
22,MC | F-fooof-full | z | ENR,-0.04134948560131546,-0.26780561670780234
22,MC | F-fooof-full | z | ENR+time,-0.10944279568797244,-0.005850402312295283
22,MC | F-fooof-full | z | SVR,-0.2525427168459631,-0.11055478700169419
22,MC | F-fooof-full | z | SVR+time,-0.36084998259565726,-0.09308513341523755
22,MC | F-fooof-full | z | Anchor,-0.09959403208664908,0.08602478720267501
22,MC | F-fooof-full | z | ICP,-0.05484004236922391,-0.21939325608210924
22,MC | F-fooof-aper | none | ENR,-0.12970786125698686,-0.2261155328245785
22,MC | F-fooof-aper | none | ENR+time,-0.12560574017260695,-0.168779710843962
22,MC | F-fooof-aper | none | SVR,-0.4351207582487442,-0.24442577298825996
22,MC | F-fooof-aper | none | SVR+time,-0.1849806287512621,-0.14379631246334798
22,MC | F-fooof-aper | none | Anchor,-0.11102292707160188,-0.23568124335657162
22,MC | F-fooof-aper | none | ICP,-0.11590116756837499,-0.23365313813879462
22,MC | F-fooof-aper | z | ENR,-0.1272415281606305,-0.11330737528036725
22,MC | F-fooof-aper | z | ENR+time,-0.03827097134108559,-0.10484990212155933
22,MC | F-fooof-aper | z | SVR,-0.17257433754149343,-0.11092559565017385
22,MC | F-fooof-aper | z | SVR+time,-0.09957850865901796,-0.09218392962874582
22,MC | F-fooof-aper | z | Anchor,-0.1826493480476672,-0.1501607504273773
22,MC | F-fooof-aper | z | ICP,-0.04319204610426475,-0.2872948474232139
22,MC | F-fooof-rel | none | ENR,-0.04889954346420344,-0.16973425070802384
22,MC | F-fooof-rel | none | ENR+time,-0.003552460660386947,0.07285096426803832
22,MC | F-fooof-rel | none | SVR,-0.15206238931695926,-0.18667310076724333
22,MC | F-fooof-rel | none | SVR+time,-0.0995532617449062,-0.02774397427666852
22,MC | F-fooof-rel | none | Anchor,-0.209784140425195,0.014487318204126187
22,MC | F-fooof-rel | none | ICP,-0.1194656765419253,-0.10634025790319976
22,MC | F-fooof-rel | z | ENR,-0.06175965149499185,-0.13489088304855495
22,MC | F-fooof-rel | z | ENR+time,-0.044248811507352936,-0.02313686413364006
22,MC | F-fooof-rel | z | SVR,-0.23202188935788337,-0.019478629915943194
22,MC | F-fooof-rel | z | SVR+time,-0.34222712309500425,-0.017759418906011376
22,MC | F-fooof-rel | z | Anchor,-0.025113566957880806,0.14419855003283838
22,MC | F-fooof-rel | z | ICP,-0.0437803565343895,-0.17292701453042902
22,MC | F-fooof-asym | none | ENR,-0.0869023301242613,-0.09783267141572602
22,MC | F-fooof-asym | none | ENR+time,-0.09068623764941197,-0.10036120577095553
22,MC | F-fooof-asym | none | SVR,-0.10743602916613448,-0.00421670262278934
22,MC | F-fooof-asym | none | SVR+time,-0.21411253359923244,-0.07082855439934788
22,MC | F-fooof-asym | none | Anchor,-0.128563554062604,0.03489395808864513
22,MC | F-fooof-asym | none | ICP,-0.04319204610426475,-0.2872948474232139
22,MC | F-fooof-asym | z | ENR,-0.15351501303001602,-0.12690826255116527
22,MC | F-fooof-asym | z | ENR+time,-0.12347243979277778,-0.06656099308327361
22,MC | F-fooof-asym | z | SVR,-0.08919605870790903,0.08505574235887278
22,MC | F-fooof-asym | z | SVR+time,-0.16013365366146814,0.06959826824204833
22,MC | F-fooof-asym | z | Anchor,-0.09635652285348195,0.11592216887275303
22,MC | F-fooof-asym | z | ICP,-0.028275219790168116,0.11550609217779817
22,MC | F-fooof-riem | riem | ENR,-0.02177195277478483,0.024597961493001946
22,MC | F-fooof-riem | riem | ENR+time,-0.058764081975459126,-0.05514783041196907
22,MC | F-fooof-riem | riem | SVR,-0.285014072971719,-0.10106032896586908
22,MC | F-fooof-riem | riem | SVR+time,-0.25265437387349654,-0.08122443505506274
22,MC | F-fooof-riem | riem | Anchor,-1.2127708925623133,0.1323718316094841
22,MC | F-fooof-riem | riem | ICP,-0.02047984744477227,-0.11371730438474395
23,noMC | F-fooof-full | none | ENR,-0.0491292266328085,-0.19481779771059637
23,noMC | F-fooof-full | none | ENR+time,-0.031172194765388683,-0.2130714769779783
23,noMC | F-fooof-full | none | SVR,-0.06406562579543928,0.034632625043188495
23,noMC | F-fooof-full | none | SVR+time,-0.1755567804852507,-0.1138121146101797
23,noMC | F-fooof-full | none | Anchor,-0.04246637404360287,0.1222974580310769
23,noMC | F-fooof-full | none | ICP,-0.02114489140382747,-0.09603868259230147
23,noMC | F-fooof-full | z | ENR,-0.03512355475133577,-0.1941180727618606
23,noMC | F-fooof-full | z | ENR+time,-0.031172194765388683,-0.2130714769779783
23,noMC | F-fooof-full | z | SVR,-0.19779259832982365,0.03959607487544491
23,noMC | F-fooof-full | z | SVR+time,-0.13889478594142468,-0.09096089043512554
23,noMC | F-fooof-full | z | Anchor,-0.176900079009773,-0.010929277879348151
23,noMC | F-fooof-full | z | ICP,-0.25165000466710175,-0.08938232372046308
23,noMC | F-fooof-aper | none | ENR,-0.15120002051667836,-0.14602012819595062
23,noMC | F-fooof-aper | none | ENR+time,-0.0580430864690511,-0.10410725252265997
23,noMC | F-fooof-aper | none | SVR,-0.2471964482335307,-0.08629353132292815
23,noMC | F-fooof-aper | none | SVR+time,-0.1805543200111237,-0.21822677461326057
23,noMC | F-fooof-aper | none | Anchor,-0.12491997359736517,0.1149870042385612
23,noMC | F-fooof-aper | none | ICP,0.01593631437333709,0.14621911759007897
23,noMC | F-fooof-aper | z | ENR,-0.03512673394870447,-0.20115786074025227
23,noMC | F-fooof-aper | z | ENR+time,-0.031172194765388683,-0.21307147697797846
23,noMC | F-fooof-aper | z | SVR,-0.10493613677332858,-0.11725952492648961
23,noMC | F-fooof-aper | z | SVR+time,-0.2053686390356324,-0.14601247479382246
23,noMC | F-fooof-aper | z | Anchor,-0.18032501008481883,-0.18144270558812625
23,noMC | F-fooof-aper | z | ICP,-0.031172194765388683,-0.2130714769779783
23,noMC | F-fooof-rel | none | ENR,-0.036672216638540034,-0.20817472501317233
23,noMC | F-fooof-rel | none | ENR+time,-0.031172194765388683,-0.2130714769779783
23,noMC | F-fooof-rel | none | SVR,-0.1479141726668063,-0.04593920703106946
23,noMC | F-fooof-rel | none | SVR+time,-0.2927593100722974,-0.1626846617182905
23,noMC | F-fooof-rel | none | Anchor,-0.17785208664517738,0.003149938972642277
23,noMC | F-fooof-rel | none | ICP,-0.04188571368898941,-0.07985083509050232
23,noMC | F-fooof-rel | z | ENR,-0.031172194765388683,-0.2130714769779783
23,noMC | F-fooof-rel | z | ENR+time,-0.031172194765388683,-0.2130714769779783
23,noMC | F-fooof-rel | z | SVR,-0.08794432066464819,-0.10914515407556347
23,noMC | F-fooof-rel | z | SVR+time,-0.1924220515115158,-0.1989205833763129
23,noMC | F-fooof-rel | z | Anchor,-2.7494815318161727,0.038411331689438714
23,noMC | F-fooof-rel | z | ICP,-0.031172194765388683,-0.2130714769779783
23,noMC | F-fooof-asym | none | ENR,-0.03553171860479076,-0.06025058870801301
23,noMC | F-fooof-asym | none | ENR+time,-0.030863726022729798,-0.2105795920223904
23,noMC | F-fooof-asym | none | SVR,-0.07877520405387317,-0.05196616016534877
23,noMC | F-fooof-asym | none | SVR+time,-0.23279270006588537,-0.20972336775203954
23,noMC | F-fooof-asym | none | Anchor,-0.07815168036924236,-0.007101575593953212
23,noMC | F-fooof-asym | none | ICP,-0.031172194765388683,-0.2130714769779783
23,noMC | F-fooof-asym | z | ENR,-0.13768906779382095,-0.011504824335680446
23,noMC | F-fooof-asym | z | ENR+time,-0.09306696433319939,0.010157087892214048
23,noMC | F-fooof-asym | z | SVR,-0.09385268403809266,-0.08059246289362998
23,noMC | F-fooof-asym | z | SVR+time,-0.3531541676719385,-0.15952113913129248
23,noMC | F-fooof-asym | z | Anchor,-0.19231945645191084,0.04239566950203122
23,noMC | F-fooof-asym | z | ICP,-0.023810324963473795,-0.20564144523768024
23,noMC | F-fooof-riem | riem | ENR,-0.14349013392610854,0.07740507639113266
23,noMC | F-fooof-riem | riem | ENR+time,-0.08669776987913957,0.0630062272221889
23,noMC | F-fooof-riem | riem | SVR,-0.4866805333276101,0.09282900925472046
23,noMC | F-fooof-riem | riem | SVR+time,-0.06715965263564705,0.10319099765934632
23,noMC | F-fooof-riem | riem | Anchor,-1.279258262856957,0.06254756196145737
23,noMC | F-fooof-riem | riem | ICP,-0.037752617671793054,-0.17170207216389494
23,MC | F-fooof-full | none | ENR,-0.043574195352949596,-0.18772039308208568
23,MC | F-fooof-full | none | ENR+time,-0.029695139660899317,-0.20706393848718982
23,MC | F-fooof-full | none | SVR,-0.13047681824045432,-0.13575282831985064
23,MC | F-fooof-full | none | SVR+time,-0.15486376960029857,-0.20112275138399788
23,MC | F-fooof-full | none | Anchor,-0.09171674264923801,-0.00231787443831309
23,MC | F-fooof-full | none | ICP,-0.026573834794714646,-0.049015608819650426
23,MC | F-fooof-full | z | ENR,-0.031895135278519504,-0.22553266076679546
23,MC | F-fooof-full | z | ENR+time,-0.02801797461289901,-0.2044971929356192
23,MC | F-fooof-full | z | SVR,-0.0849504232257916,0.018966774938735432
23,MC | F-fooof-full | z | SVR+time,-0.04673876818002243,0.0459284607397945
23,MC | F-fooof-full | z | Anchor,-0.2995870475800835,0.05072052676711426
23,MC | F-fooof-full | z | ICP,-0.007245371698585856,0.02424054066590909
23,MC | F-fooof-aper | none | ENR,-0.0558191599903457,-0.18472445555549327
23,MC | F-fooof-aper | none | ENR+time,-0.03253083333451223,-0.2123236356909989
23,MC | F-fooof-aper | none | SVR,-0.13943136282241242,-0.17039556074530227
23,MC | F-fooof-aper | none | SVR+time,-0.171518982272429,-0.24855254131147053
23,MC | F-fooof-aper | none | Anchor,-0.1293308727385225,-0.15380421521825632
23,MC | F-fooof-aper | none | ICP,-0.08079968298896612,-0.14420521603159106
23,MC | F-fooof-aper | z | ENR,-0.05767057191997038,-0.10003823336863255
23,MC | F-fooof-aper | z | ENR+time,-0.03253083333451223,-0.2123236356909989
23,MC | F-fooof-aper | z | SVR,-0.1009323216366933,-0.02514064265246696
23,MC | F-fooof-aper | z | SVR+time,-0.1891281057906673,-0.20501194288749938
23,MC | F-fooof-aper | z | Anchor,-0.15484559590200098,-0.2753904288644825
23,MC | F-fooof-aper | z | ICP,-0.06859332755643743,-0.11126806863974345
23,MC | F-fooof-rel | none | ENR,-0.02824507703996515,-0.20067082223324367
23,MC | F-fooof-rel | none | ENR+time,-0.02824507703996515,-0.20067082223324367
23,MC | F-fooof-rel | none | SVR,-0.09464917308556542,0.023479937690434265
23,MC | F-fooof-rel | none | SVR+time,-0.19307110452720044,-0.09195953286869107
23,MC | F-fooof-rel | none | Anchor,-0.3022443668822954,-0.013858106537038922
23,MC | F-fooof-rel | none | ICP,-0.09977505050592939,-0.09126214926185497
23,MC | F-fooof-rel | z | ENR,-0.044111859626454475,-0.2063914229438238
23,MC | F-fooof-rel | z | ENR+time,-0.04234290522676809,-0.23746546455770906
23,MC | F-fooof-rel | z | SVR,-0.04162685483253137,0.06811499974658555
23,MC | F-fooof-rel | z | SVR+time,-0.16540156633468217,-0.07857133745139414
23,MC | F-fooof-rel | z | Anchor,-0.2933804503812978,-0.008599743391174558
23,MC | F-fooof-rel | z | ICP,-0.046480920690062044,-0.18948970536000576
23,MC | F-fooof-asym | none | ENR,-0.05655342326077295,-0.21678339087828594
23,MC | F-fooof-asym | none | ENR+time,-0.03253083333451223,-0.2123236356909989
23,MC | F-fooof-asym | none | SVR,-0.060576413933865814,-0.00869270874220842
23,MC | F-fooof-asym | none | SVR+time,-0.10971371552194586,-0.1004344819020089
23,MC | F-fooof-asym | none | Anchor,-0.13817511654283998,-0.02091533200325664
23,MC | F-fooof-asym | none | ICP,-0.0485033372212238,-0.2913880768592765
23,MC | F-fooof-asym | z | ENR,-0.2201479697428812,-0.050609731923332686
23,MC | F-fooof-asym | z | ENR+time,-0.045517533292494194,-0.2569352776624896
23,MC | F-fooof-asym | z | SVR,-0.08583111950889877,-0.013870121912996802
23,MC | F-fooof-asym | z | SVR+time,-0.15822492909246022,-0.11102218632549156
23,MC | F-fooof-asym | z | Anchor,-0.5108971432973048,-0.008719686382496754
23,MC | F-fooof-asym | z | ICP,-0.1661298833274385,0.07222454903790124
23,MC | F-fooof-riem | riem | ENR,-0.18849548526579274,0.09595877800690379
23,MC | F-fooof-riem | riem | ENR+time,-0.0962016592086341,0.05911301042529922
23,MC | F-fooof-riem | riem | SVR,-0.06975308983970119,0.12217680250876657
23,MC | F-fooof-riem | riem | SVR+time,-0.028833108749112935,0.09510292750125326
23,MC | F-fooof-riem | riem | Anchor,-0.5508399290579997,0.10229502125043426
23,MC | F-fooof-riem | riem | ICP,-0.46686762853796093,0.1187208783872171
24,noMC | F-fooof-full | none | ENR,-0.2428211289718405,-0.4232273465291234
24,noMC | F-fooof-full | none | ENR+time,-0.2513626370177564,-0.4260648978487852
24,noMC | F-fooof-full | none | SVR,-0.15546860501679816,-0.21499337923091022
24,noMC | F-fooof-full | none | SVR+time,-0.18898813387506563,-0.2746028744298613
24,noMC | F-fooof-full | none | Anchor,-0.899954202020383,-0.3049435617455789
24,noMC | F-fooof-full | none | ICP,-0.06626957548388468,-0.2352544152795082
24,noMC | F-fooof-full | z | ENR,-0.24197613213163116,-0.3541111090858319
24,noMC | F-fooof-full | z | ENR+time,-0.12302633887748637,-0.40777193640465015
24,noMC | F-fooof-full | z | SVR,-0.2269487689445484,-0.21068572819335873
24,noMC | F-fooof-full | z | SVR+time,-0.13974939584668644,-0.1889834294812512
24,noMC | F-fooof-full | z | Anchor,-2.1248925047848486,0.08470132712175739
24,noMC | F-fooof-full | z | ICP,-0.03432258508843722,-0.11002582636164386
24,noMC | F-fooof-aper | none | ENR,-0.044938272377997635,-0.34026236225712914
24,noMC | F-fooof-aper | none | ENR+time,-0.044938272377997635,-0.34026236225712914
24,noMC | F-fooof-aper | none | SVR,-0.44494547543312946,-0.37751155665082703
24,noMC | F-fooof-aper | none | SVR+time,-0.48450756421940766,-0.4176383658408025
24,noMC | F-fooof-aper | none | Anchor,-0.32725693935132094,-0.38082714867582945
24,noMC | F-fooof-aper | none | ICP,-0.044938272377997635,-0.34026236225712914
24,noMC | F-fooof-aper | z | ENR,-0.19736608688158364,-0.355094496699703
24,noMC | F-fooof-aper | z | ENR+time,-0.20018338747402775,-0.3875923165138119
24,noMC | F-fooof-aper | z | SVR,-0.15262656525823015,-0.18744559221522136
24,noMC | F-fooof-aper | z | SVR+time,-0.19722361228397323,-0.32334830327040137
24,noMC | F-fooof-aper | z | Anchor,-0.29266654851543894,-0.3310994453560725
24,noMC | F-fooof-aper | z | ICP,-0.15455910562653807,-0.3316466750946042
24,noMC | F-fooof-rel | none | ENR,-0.1343699636044784,-0.45469783650423734
24,noMC | F-fooof-rel | none | ENR+time,-0.13804343505026306,-0.4606035219097287
24,noMC | F-fooof-rel | none | SVR,-0.2452073743837222,-0.2619325456153144
24,noMC | F-fooof-rel | none | SVR+time,-0.23236640677152431,-0.24880330332712297
24,noMC | F-fooof-rel | none | Anchor,-0.5593591867377345,-0.3118588716691824
24,noMC | F-fooof-rel | none | ICP,-0.044938272377997635,-0.34026236225712914
24,noMC | F-fooof-rel | z | ENR,-0.0802482335589838,-0.3988735621359796
24,noMC | F-fooof-rel | z | ENR+time,-0.08024823355898403,-0.3988735621359799
24,noMC | F-fooof-rel | z | SVR,-0.3837944606407444,-0.2933164702939757
24,noMC | F-fooof-rel | z | SVR+time,-0.29518210563617053,-0.32506794668478656
24,noMC | F-fooof-rel | z | Anchor,-3.54334070553307,-0.27907138892442795
24,noMC | F-fooof-rel | z | ICP,-0.1043607164403253,-0.11596661015946236
24,noMC | F-fooof-asym | none | ENR,-0.17570989854154417,-0.4882942445748024
24,noMC | F-fooof-asym | none | ENR+time,-0.19655957579124972,-0.48548105493245886
24,noMC | F-fooof-asym | none | SVR,-0.5079765102920057,-0.4587042221491183
24,noMC | F-fooof-asym | none | SVR+time,-0.5947992001043914,-0.46356011556364385
24,noMC | F-fooof-asym | none | Anchor,-0.24080616022264367,-0.4937119583400655
24,noMC | F-fooof-asym | none | ICP,-0.044938272377997635,-0.34026236225712914
24,noMC | F-fooof-asym | z | ENR,-0.17696146817457303,-0.4646954299422762
24,noMC | F-fooof-asym | z | ENR+time,-0.20138359576896314,-0.4645253490840498
24,noMC | F-fooof-asym | z | SVR,-0.14129003038728216,-0.16685290609744818
24,noMC | F-fooof-asym | z | SVR+time,-0.01986193588310936,0.11635375187747156
24,noMC | F-fooof-asym | z | Anchor,-0.2121043610138682,-0.24058975267464677
24,noMC | F-fooof-asym | z | ICP,-0.044938272377997635,-0.34026236225712914
24,noMC | F-fooof-riem | riem | ENR,-0.14245097590672784,-0.4384873030464945
24,noMC | F-fooof-riem | riem | ENR+time,-0.16406963647109274,-0.4473652905498288
24,noMC | F-fooof-riem | riem | SVR,-0.19752119553829828,-0.06896006243055802
24,noMC | F-fooof-riem | riem | SVR+time,-0.26238138371268804,-0.09830708118212976
24,noMC | F-fooof-riem | riem | Anchor,-2.621433831830341,-0.3033927182394214
24,noMC | F-fooof-riem | riem | ICP,-0.044938272377997635,-0.34026236225712914
24,MC | F-fooof-full | none | ENR,-0.06449227750936282,-0.3888118860513959
24,MC | F-fooof-full | none | ENR+time,-0.06449227750936282,-0.3888118860513959
24,MC | F-fooof-full | none | SVR,-0.3192994608506581,-0.3745826107907827
24,MC | F-fooof-full | none | SVR+time,-0.49554254111940765,-0.45042685884117445
24,MC | F-fooof-full | none | Anchor,-1.1180173956503507,-0.34590532227365667
24,MC | F-fooof-full | none | ICP,-0.15737197272402326,-0.45104943335918146
24,MC | F-fooof-full | z | ENR,-0.17497769278899122,-0.28714158074865614
24,MC | F-fooof-full | z | ENR+time,-0.11447249557224937,-0.30536001288404224
24,MC | F-fooof-full | z | SVR,-0.3677800692396065,-0.3022982396460853
24,MC | F-fooof-full | z | SVR+time,-0.3322546563418718,-0.2796624577032065
24,MC | F-fooof-full | z | Anchor,-0.8138677884978647,-0.42419104088289067
24,MC | F-fooof-full | z | ICP,-0.03279173799010082,0.11873239229976812
24,MC | F-fooof-aper | none | ENR,-0.04549081215553996,-0.3351012690707911
24,MC | F-fooof-aper | none | ENR+time,-0.04549081215553996,-0.3351012690707911
24,MC | F-fooof-aper | none | SVR,-0.3929995374031223,-0.34500202130718655
24,MC | F-fooof-aper | none | SVR+time,-0.4480454779443399,-0.35675631042697087
24,MC | F-fooof-aper | none | Anchor,-0.31136485288118965,-0.36141002440871506
24,MC | F-fooof-aper | none | ICP,-0.04549081215553996,-0.33510126907079096
24,MC | F-fooof-aper | z | ENR,-0.17437129703772514,-0.3703545184390742
24,MC | F-fooof-aper | z | ENR+time,-0.17772739278616823,-0.3976723333653166
24,MC | F-fooof-aper | z | SVR,-0.22856691862852174,-0.33375211323912524
24,MC | F-fooof-aper | z | SVR+time,-0.300963208683795,-0.4193946271138256
24,MC | F-fooof-aper | z | Anchor,-0.24510665141769516,-0.21923278534097781
24,MC | F-fooof-aper | z | ICP,-0.19456956300785966,-0.3616142845742639
24,MC | F-fooof-rel | none | ENR,-0.12255095531180493,-0.47034816067642365
24,MC | F-fooof-rel | none | ENR+time,-0.13798458336598252,-0.4782045891405493
24,MC | F-fooof-rel | none | SVR,-0.22621735229783813,-0.22712284464414728
24,MC | F-fooof-rel | none | SVR+time,-0.2572104478864288,-0.10295986679131672
24,MC | F-fooof-rel | none | Anchor,-0.7490716623612739,-0.2882357835133334
24,MC | F-fooof-rel | none | ICP,-0.04549081215553996,-0.33510126907079096
24,MC | F-fooof-rel | z | ENR,-0.13337130144538856,-0.31202280431389
24,MC | F-fooof-rel | z | ENR+time,-0.09237810864498308,0.007041195369014319
24,MC | F-fooof-rel | z | SVR,-0.2935740739577688,-0.3905123832932821
24,MC | F-fooof-rel | z | SVR+time,-0.3154209689112828,-0.38626704087450536
24,MC | F-fooof-rel | z | Anchor,-2.2870116121388278,0.04355979984876925
24,MC | F-fooof-rel | z | ICP,-0.06316993536437998,-0.1715675331380112
24,MC | F-fooof-asym | none | ENR,-0.18139828174565076,-0.5079773247903202
24,MC | F-fooof-asym | none | ENR+time,-0.2084795219255462,-0.5042943336717014
24,MC | F-fooof-asym | none | SVR,-0.5530744166400019,-0.5277581278359732
24,MC | F-fooof-asym | none | SVR+time,-0.5888952468691837,-0.4732646216187628
24,MC | F-fooof-asym | none | Anchor,-0.22952968396856677,-0.49757446719788123
24,MC | F-fooof-asym | none | ICP,-0.11685765345909638,-0.24632018323709678
24,MC | F-fooof-asym | z | ENR,-0.19168346976087447,-0.2053372599892271
24,MC | F-fooof-asym | z | ENR+time,-0.2026809152424498,-0.3188821341212824
24,MC | F-fooof-asym | z | SVR,-0.39215388274029017,-0.4647109904860961
24,MC | F-fooof-asym | z | SVR+time,-0.44992621103323116,-0.3591216285226272
24,MC | F-fooof-asym | z | Anchor,-0.47091856117411135,-0.2638193333286104
24,MC | F-fooof-asym | z | ICP,-0.08842051356472092,-0.09888945757217477
24,MC | F-fooof-riem | riem | ENR,-0.1136377518240057,-0.44332874438456227
24,MC | F-fooof-riem | riem | ENR+time,-0.0675209261767773,-0.4289516241519038
24,MC | F-fooof-riem | riem | SVR,-0.2784826514924037,-0.2680525197223698
24,MC | F-fooof-riem | riem | SVR+time,-0.27756984150563935,-0.34684735698638636
24,MC | F-fooof-riem | riem | Anchor,-1.3965654544924582,-0.36336860888019545
24,MC | F-fooof-riem | riem | ICP,-0.03768203777547252,-0.19619267218535297
25,noMC | F-fooof-full | none | ENR,-0.1199757586595318,-0.30789503874003143
25,noMC | F-fooof-full | none | ENR+time,-0.11997575865953225,-0.30789503874003166
25,noMC | F-fooof-full | none | SVR,-0.5612629914038811,-0.09206646821603931
25,noMC | F-fooof-full | none | SVR+time,-0.5489857860771661,-0.16494261069239818
25,noMC | F-fooof-full | none | Anchor,-0.24458386236525032,-0.04781790769863536
25,noMC | F-fooof-full | none | ICP,-0.07500904790907681,-0.41486794825700424
25,noMC | F-fooof-full | z | ENR,-0.2965973674942224,-0.2762436510815638
25,noMC | F-fooof-full | z | ENR+time,-0.14642716166372605,-0.31162700492342343
25,noMC | F-fooof-full | z | SVR,-0.2735952733840319,-0.1690335103541748
25,noMC | F-fooof-full | z | SVR+time,-0.20976889122217224,-0.10718987120340992
25,noMC | F-fooof-full | z | Anchor,-1.0244997264000895,-0.2846058911501498
25,noMC | F-fooof-full | z | ICP,-0.08330747282729001,-0.059833593665429674
25,noMC | F-fooof-aper | none | ENR,-0.25371952233882755,-0.3225814605294275
25,noMC | F-fooof-aper | none | ENR+time,-0.12836891136173922,-0.3060059105547943
25,noMC | F-fooof-aper | none | SVR,-0.43218431487828135,-0.3563042164219515
25,noMC | F-fooof-aper | none | SVR+time,-0.42615004125589806,-0.4026165565108598
25,noMC | F-fooof-aper | none | Anchor,-0.3064610921149127,-0.32438572224161105
25,noMC | F-fooof-aper | none | ICP,-0.25805353097464234,-0.2656106238946512
25,noMC | F-fooof-aper | z | ENR,-0.059002764783236294,-0.3965018304453173
25,noMC | F-fooof-aper | z | ENR+time,-0.06631067407665525,-0.4172998118082665
25,noMC | F-fooof-aper | z | SVR,-0.38772261017675813,-0.39098061888588675
25,noMC | F-fooof-aper | z | SVR+time,-0.269095087007597,-0.43880391200199287
25,noMC | F-fooof-aper | z | Anchor,-0.3027197417090324,-0.3351566088368707
25,noMC | F-fooof-aper | z | ICP,-0.059002764783236294,-0.3965018304453173
25,noMC | F-fooof-rel | none | ENR,-0.20377712857281138,-0.3781900344745657
25,noMC | F-fooof-rel | none | ENR+time,-0.2021742291197135,-0.3792100033427551
25,noMC | F-fooof-rel | none | SVR,-0.29312436110340245,-0.18064874662388664
25,noMC | F-fooof-rel | none | SVR+time,-0.45167356687040683,-0.03528617358105848
25,noMC | F-fooof-rel | none | Anchor,-0.2067343057300952,0.15407007041359141
25,noMC | F-fooof-rel | none | ICP,-0.059002764783236294,-0.3965018304453173
25,noMC | F-fooof-rel | z | ENR,-4.454959820595323,0.13219681192450813
25,noMC | F-fooof-rel | z | ENR+time,-0.4290303707061409,-0.3562524744898398
25,noMC | F-fooof-rel | z | SVR,-0.2551814372249952,-0.26975379702352703
25,noMC | F-fooof-rel | z | SVR+time,-0.22121036553595586,-0.19294136926922184
25,noMC | F-fooof-rel | z | Anchor,-4.676800899215806,0.22897196830511424
25,noMC | F-fooof-rel | z | ICP,-0.02899451393648711,-0.031064277042067642
25,noMC | F-fooof-asym | none | ENR,-0.21490868306806732,-0.44901690018275453
25,noMC | F-fooof-asym | none | ENR+time,-0.18866105410108447,-0.44669090775086207
25,noMC | F-fooof-asym | none | SVR,-0.5254737516926855,-0.47212017524087274
25,noMC | F-fooof-asym | none | SVR+time,-0.47851602423562767,-0.42212723847542877
25,noMC | F-fooof-asym | none | Anchor,-0.2899247830832845,-0.4489977200832016
25,noMC | F-fooof-asym | none | ICP,-0.059002764783236294,-0.3965018304453173
25,noMC | F-fooof-asym | z | ENR,-1.1641017708685237,-0.3708393368124361
25,noMC | F-fooof-asym | z | ENR+time,-0.28068194089266796,-0.43497255068515317
25,noMC | F-fooof-asym | z | SVR,-0.2925616254674408,-0.2703415109553172
25,noMC | F-fooof-asym | z | SVR+time,-0.2569332708321399,-0.22363380403242458
25,noMC | F-fooof-asym | z | Anchor,-1.4983057568722877,-0.38785703388493953
25,noMC | F-fooof-asym | z | ICP,-0.056385373616185896,-0.19999372118680003
25,noMC | F-fooof-riem | riem | ENR,-0.11107969104643534,-0.09174423939133607
25,noMC | F-fooof-riem | riem | ENR+time,-0.07252748602068393,0.0987540901786947
25,noMC | F-fooof-riem | riem | SVR,-0.5548542003654056,-0.3557625806457967
25,noMC | F-fooof-riem | riem | SVR+time,-0.3219458370550725,-0.17782571626526805
25,noMC | F-fooof-riem | riem | Anchor,-0.25930663044148683,-0.04564768442391781
25,noMC | F-fooof-riem | riem | ICP,-0.059002764783236294,-0.3965018304453173
25,MC | F-fooof-full | none | ENR,-0.12447227996230659,-0.305642506260058
25,MC | F-fooof-full | none | ENR+time,-0.12321590130323057,-0.3034608744898864
25,MC | F-fooof-full | none | SVR,-0.6273900386711746,-0.07682123594648557
25,MC | F-fooof-full | none | SVR+time,-0.4708882609796441,-0.27794122760188716
25,MC | F-fooof-full | none | Anchor,-0.6926001164576452,-0.15515012600180306
25,MC | F-fooof-full | none | ICP,-0.06170352773493315,-0.4024554265810864
25,MC | F-fooof-full | z | ENR,-0.5371953616568617,-0.35981164253916864
25,MC | F-fooof-full | z | ENR+time,-0.19648194855478995,-0.2940689635971562
25,MC | F-fooof-full | z | SVR,-0.6055055506728786,-0.23309564806463068
25,MC | F-fooof-full | z | SVR+time,-0.343944938457863,-0.2805090592750772
25,MC | F-fooof-full | z | Anchor,-1.2573772732941153,-0.2968718650688884
25,MC | F-fooof-full | z | ICP,-0.1024268131424384,-0.12993318922956312
25,MC | F-fooof-aper | none | ENR,-0.1696818113883074,-0.2911408007041668
25,MC | F-fooof-aper | none | ENR+time,-0.06341105540563352,-0.40443959458811957
25,MC | F-fooof-aper | none | SVR,-0.3496936606784511,-0.3884364877337717
25,MC | F-fooof-aper | none | SVR+time,-0.41473305702257246,-0.4019328986399601
25,MC | F-fooof-aper | none | Anchor,-0.5687400593784202,-0.32337702359595033
25,MC | F-fooof-aper | none | ICP,-0.06170352773493315,-0.4024554265810864
25,MC | F-fooof-aper | z | ENR,-0.068944427611066,-0.36282071318394676
25,MC | F-fooof-aper | z | ENR+time,-0.06725976265602607,-0.41507256108031165
25,MC | F-fooof-aper | z | SVR,-0.2691606262238275,-0.34869829782489126
25,MC | F-fooof-aper | z | SVR+time,-0.19802602230242639,-0.34819848064894365
25,MC | F-fooof-aper | z | Anchor,-0.2509353739239959,-0.28228317887373655
25,MC | F-fooof-aper | z | ICP,-0.14210422907703468,-0.4219505552133428
25,MC | F-fooof-rel | none | ENR,-0.2674181434421037,-0.26950268017070417
25,MC | F-fooof-rel | none | ENR+time,-0.1266454049601624,-0.3093949342365887
25,MC | F-fooof-rel | none | SVR,-0.2630763239147418,-0.17570374406512207
25,MC | F-fooof-rel | none | SVR+time,-0.3915507247087471,-0.25610760131828864
25,MC | F-fooof-rel | none | Anchor,-0.2199089176903477,0.04827430246642691
25,MC | F-fooof-rel | none | ICP,-0.06170352773493315,-0.4024554265810864
25,MC | F-fooof-rel | z | ENR,-0.49229490326486913,-0.3218631660973224
25,MC | F-fooof-rel | z | ENR+time,-0.4740754151596769,-0.3358816655220749
25,MC | F-fooof-rel | z | SVR,-0.6846052448531126,-0.3485622654140921
25,MC | F-fooof-rel | z | SVR+time,-0.2669601073082637,-0.3098985440674984
25,MC | F-fooof-rel | z | Anchor,-1.6086090173706271,0.0999652360131486
25,MC | F-fooof-rel | z | ICP,-0.06167284565821185,-0.4025616556644517
25,MC | F-fooof-asym | none | ENR,-0.21919940630900214,-0.48054545609693294
25,MC | F-fooof-asym | none | ENR+time,-0.1741944017354562,-0.47393302656396114
25,MC | F-fooof-asym | none | SVR,-0.388335677781787,-0.42340141157094546
25,MC | F-fooof-asym | none | SVR+time,-0.37579254720538335,-0.4678934636991751
25,MC | F-fooof-asym | none | Anchor,-0.2940329498994636,-0.46852475638186514
25,MC | F-fooof-asym | none | ICP,-0.1090630242952606,-0.3175712345720829
25,MC | F-fooof-asym | z | ENR,-0.30791236952038514,-0.42852208565196165
25,MC | F-fooof-asym | z | ENR+time,-0.24093673119680825,-0.4264646892556959
25,MC | F-fooof-asym | z | SVR,-0.3001317989135499,-0.09971952928307345
25,MC | F-fooof-asym | z | SVR+time,-0.25025209201554555,-0.13236942639755123
25,MC | F-fooof-asym | z | Anchor,-0.578199701678803,-0.1613283105005005
25,MC | F-fooof-asym | z | ICP,-0.0955594326643876,-0.148681399513216
25,MC | F-fooof-riem | riem | ENR,-0.11963100394773729,-0.21101513441338005
25,MC | F-fooof-riem | riem | ENR+time,-0.11404152630819486,-0.22859613572287396
25,MC | F-fooof-riem | riem | SVR,-0.14211808295282236,-0.10863372221020459
25,MC | F-fooof-riem | riem | SVR+time,-0.21483689129311467,-0.2348822516150704
25,MC | F-fooof-riem | riem | Anchor,-0.4076198738115202,-0.12165750441069731
25,MC | F-fooof-riem | riem | ICP,-0.06895052729102558,-0.24844830324807093
26,noMC | F-fooof-full | none | ENR,-0.12893997446816163,-0.41755792411335346
26,noMC | F-fooof-full | none | ENR+time,-0.15897380479319456,-0.45367457293853564
26,noMC | F-fooof-full | none | SVR,-0.1569111823281839,-0.044451182344428034
26,noMC | F-fooof-full | none | SVR+time,0.0658281968720702,0.26891850912150633
26,noMC | F-fooof-full | none | Anchor,-0.2372522978149818,-0.11936505173498584
26,noMC | F-fooof-full | none | ICP,-0.04510814448510181,-0.33935215331122964
26,noMC | F-fooof-full | z | ENR,-0.11247479527540727,-0.05143948560509981
26,noMC | F-fooof-full | z | ENR+time,-0.11866234946192566,-0.3910110583519796
26,noMC | F-fooof-full | z | SVR,-0.3086562142546061,-0.23111033487463845
26,noMC | F-fooof-full | z | SVR+time,-0.3293515118089747,-0.2665021468239638
26,noMC | F-fooof-full | z | Anchor,-8.609544680646804,0.08101757855957736
26,noMC | F-fooof-full | z | ICP,-0.036723883259483614,-0.1591821606023387
26,noMC | F-fooof-aper | none | ENR,-0.04510814448510181,-0.33935215331122964
26,noMC | F-fooof-aper | none | ENR+time,-0.04510814448510181,-0.33935215331122964
26,noMC | F-fooof-aper | none | SVR,-0.4579423495513506,-0.3343465339896977
26,noMC | F-fooof-aper | none | SVR+time,-0.5125952934147351,-0.36453856867738277
26,noMC | F-fooof-aper | none | Anchor,-0.06660570110684372,-0.3330437458777084
26,noMC | F-fooof-aper | none | ICP,-0.28600843319501745,-0.2610178800460564
26,noMC | F-fooof-aper | z | ENR,-0.11245133815861563,-0.13198843377572234
26,noMC | F-fooof-aper | z | ENR+time,-0.13158186510859626,-0.1987868288553815
26,noMC | F-fooof-aper | z | SVR,-0.14190386278603206,-0.017882300671249626
26,noMC | F-fooof-aper | z | SVR+time,-0.14222373105381725,-0.08572057995224067
26,noMC | F-fooof-aper | z | Anchor,-0.12717421044796895,0.01922716822046258
26,noMC | F-fooof-aper | z | ICP,-0.1914579915893826,-0.2619723407962693
26,noMC | F-fooof-rel | none | ENR,-0.06947024224333154,-0.3277585993056921
26,noMC | F-fooof-rel | none | ENR+time,-0.06947024224333154,-0.32775859930569234
26,noMC | F-fooof-rel | none | SVR,-0.35313615347397254,-0.2633389739879255
26,noMC | F-fooof-rel | none | SVR+time,-0.3677086040375348,-0.29442082696318694
26,noMC | F-fooof-rel | none | Anchor,-0.398878506116773,-0.21443210327636109
26,noMC | F-fooof-rel | none | ICP,-0.09944027372099495,-0.29379195382102363
26,noMC | F-fooof-rel | z | ENR,-0.04820576056781167,-0.2850719976520075
26,noMC | F-fooof-rel | z | ENR+time,-0.04820576056781167,-0.2850719976520075
26,noMC | F-fooof-rel | z | SVR,-0.2487485268158265,-0.10718967722327201
26,noMC | F-fooof-rel | z | SVR+time,-0.33551796817380874,-0.2083867133996537
26,noMC | F-fooof-rel | z | Anchor,-4.306499843185405,-0.1785629702528741
26,noMC | F-fooof-rel | z | ICP,-0.11940388412464875,-0.11150356719611308
26,noMC | F-fooof-asym | none | ENR,-0.22542608044540824,-0.40346596897569625
26,noMC | F-fooof-asym | none | ENR+time,-0.2526727066739045,-0.42923604052007724
26,noMC | F-fooof-asym | none | SVR,-0.6034839069865829,-0.4626226151229531
26,noMC | F-fooof-asym | none | SVR+time,-0.6711356406373803,-0.5089247996191482
26,noMC | F-fooof-asym | none | Anchor,-0.22217906666752052,-0.43598222893341515
26,noMC | F-fooof-asym | none | ICP,-0.04510814448510181,-0.33935215331122964
26,noMC | F-fooof-asym | z | ENR,-0.6158344142753509,-0.21197189947946715
26,noMC | F-fooof-asym | z | ENR+time,-0.2360985013715291,-0.4528006523661684
26,noMC | F-fooof-asym | z | SVR,-0.31826777938720663,-0.10666104560672465
26,noMC | F-fooof-asym | z | SVR+time,-0.359483902809564,-0.16091066490694267
26,noMC | F-fooof-asym | z | Anchor,-0.34853362467863347,-0.08976382388819767
26,noMC | F-fooof-asym | z | ICP,-0.15508741882086996,-0.26584128816799474
26,noMC | F-fooof-riem | riem | ENR,-0.06386874660310426,-0.23837592388364695
26,noMC | F-fooof-riem | riem | ENR+time,-0.06386874660310426,-0.23837592388364695
26,noMC | F-fooof-riem | riem | SVR,-0.018037859922761967,0.10889479587933341
26,noMC | F-fooof-riem | riem | SVR+time,-0.04771147314927404,0.09223652474687273
26,noMC | F-fooof-riem | riem | Anchor,-1.087179067367697,-0.16913892352212712
26,noMC | F-fooof-riem | riem | ICP,-0.05475423250551725,-0.20460631850055538
26,MC | F-fooof-full | none | ENR,-0.34947835378362324,-0.451597153521616
26,MC | F-fooof-full | none | ENR+time,-0.06051056145400224,-0.3460694829261811
26,MC | F-fooof-full | none | SVR,-0.508096814757258,-0.3925769738008116
26,MC | F-fooof-full | none | SVR+time,-0.3293789760937824,-0.18613438267908405
26,MC | F-fooof-full | none | Anchor,-1.4686998795567225,-0.3867176314091267
26,MC | F-fooof-full | none | ICP,-0.047522044798755214,-0.34326428971367384
26,MC | F-fooof-full | z | ENR,-0.04752204479875499,-0.34326428971367384
26,MC | F-fooof-full | z | ENR+time,-0.04752204479875499,-0.34326428971367384
26,MC | F-fooof-full | z | SVR,-0.37984597993981795,-0.3502454126844693
26,MC | F-fooof-full | z | SVR+time,-0.41094104287737965,-0.483684783409585
26,MC | F-fooof-full | z | Anchor,-0.6823377950480489,-0.46808209023392755
26,MC | F-fooof-full | z | ICP,-0.03920196182544733,0.1582960023241507
26,MC | F-fooof-aper | none | ENR,-0.047522044798755214,-0.34326428971367384
26,MC | F-fooof-aper | none | ENR+time,-0.047522044798755214,-0.34326428971367384
26,MC | F-fooof-aper | none | SVR,-0.4669956021684438,-0.36618121957170896
26,MC | F-fooof-aper | none | SVR+time,-0.46705575305662705,-0.3612062810783141
26,MC | F-fooof-aper | none | Anchor,-0.047522044798755214,-0.34326428971367384
26,MC | F-fooof-aper | none | ICP,-0.2493652652882199,-0.27549347597001717
26,MC | F-fooof-aper | z | ENR,-0.129091441181999,-0.21381776034222624
26,MC | F-fooof-aper | z | ENR+time,-0.10558502536815273,-0.26317312433716183
26,MC | F-fooof-aper | z | SVR,-0.15873739331486525,-0.15632338352337488
26,MC | F-fooof-aper | z | SVR+time,-0.16595077887277587,-0.16677989722317232
26,MC | F-fooof-aper | z | Anchor,-0.11779389795343964,-0.01895342382358209
26,MC | F-fooof-aper | z | ICP,-0.14615907855846944,-0.21821535432035338
26,MC | F-fooof-rel | none | ENR,-0.27658999712181154,-0.3912042181823283
26,MC | F-fooof-rel | none | ENR+time,-0.059145346117366326,-0.34661899519741296
26,MC | F-fooof-rel | none | SVR,-0.39437719980242814,-0.31098509047120704
26,MC | F-fooof-rel | none | SVR+time,-0.31075191984920325,-0.26584148898709703
26,MC | F-fooof-rel | none | Anchor,-0.8121407421171483,-0.37729643053207984
26,MC | F-fooof-rel | none | ICP,-0.3809774423678749,-0.26999860842161894
26,MC | F-fooof-rel | z | ENR,-0.42187663968616973,-0.3468187498700023
26,MC | F-fooof-rel | z | ENR+time,-0.34830507680721934,-0.3794626905357223
26,MC | F-fooof-rel | z | SVR,-0.5168668026850303,-0.3437851416948161
26,MC | F-fooof-rel | z | SVR+time,-0.5237484659969776,-0.3549582574612485
26,MC | F-fooof-rel | z | Anchor,-3.0637721054062013,-0.039862927311567244
26,MC | F-fooof-rel | z | ICP,-0.06703708330388003,-0.29640554043736655
26,MC | F-fooof-asym | none | ENR,-0.23470364945673272,-0.38923360403926244
26,MC | F-fooof-asym | none | ENR+time,-0.19906278723972348,-0.43679178835060795
26,MC | F-fooof-asym | none | SVR,-0.576196099615069,-0.4477838617202977
26,MC | F-fooof-asym | none | SVR+time,-0.627375271470149,-0.3789072067680478
26,MC | F-fooof-asym | none | Anchor,-0.2618985164216765,-0.33086865430356793
26,MC | F-fooof-asym | none | ICP,-0.047522044798755214,-0.34326428971367384
26,MC | F-fooof-asym | z | ENR,-0.39812850572138103,-0.2798345770969675
26,MC | F-fooof-asym | z | ENR+time,-0.22785561051810355,-0.4533366693337705
26,MC | F-fooof-asym | z | SVR,-1.0166476188423457,-0.4230391951171968
26,MC | F-fooof-asym | z | SVR+time,-0.3497459086207846,-0.33888047572251245
26,MC | F-fooof-asym | z | Anchor,-0.3606523881245971,-0.2863971600552023
26,MC | F-fooof-asym | z | ICP,-0.2535009399320336,-0.10578624559172109
26,MC | F-fooof-riem | riem | ENR,-0.11365938731669911,-0.34876458243702724
26,MC | F-fooof-riem | riem | ENR+time,-0.10128872038499526,-0.3576135701577425
26,MC | F-fooof-riem | riem | SVR,-0.22361729225110705,-0.19841364536185893
26,MC | F-fooof-riem | riem | SVR+time,-0.2525179147582639,-0.269417241895201
26,MC | F-fooof-riem | riem | Anchor,-2.670093179058591,-0.23421751470358523
26,MC | F-fooof-riem | riem | ICP,-0.044885879499537484,-0.23802074012836902
27,noMC | F-fooof-full | none | ENR,-0.11572837405817227,-0.10483572793904339
27,noMC | F-fooof-full | none | ENR+time,-0.10297320145447397,-0.08155877030087469
27,noMC | F-fooof-full | none | SVR,-0.11591116972416704,-0.0291640817386797
27,noMC | F-fooof-full | none | SVR+time,-0.2258311709729215,-0.15110968931468063
27,noMC | F-fooof-full | none | Anchor,-0.8201101068524608,-0.1610884683481193
27,noMC | F-fooof-full | none | ICP,-0.03396954165843402,-0.23749725049228787
27,noMC | F-fooof-full | z | ENR,-0.06507323248985575,-0.06853694975806707
27,noMC | F-fooof-full | z | ENR+time,-0.11284782025697204,-0.12115713664531605
27,noMC | F-fooof-full | z | SVR,-0.08651530659171858,0.01366272769355014
27,noMC | F-fooof-full | z | SVR+time,-0.08186634999528053,0.01924145576693282
27,noMC | F-fooof-full | z | Anchor,-0.08990985935014062,0.10162937617503484
27,noMC | F-fooof-full | z | ICP,-0.03820062059113494,-0.19524228906468372
27,noMC | F-fooof-aper | none | ENR,-0.4085724072249468,-0.1749775442753197
27,noMC | F-fooof-aper | none | ENR+time,-0.4121218799456927,-0.1779497194657176
27,noMC | F-fooof-aper | none | SVR,-0.4224482698056595,-0.15225976860846374
27,noMC | F-fooof-aper | none | SVR+time,-0.49405150226623595,-0.1872236178966968
27,noMC | F-fooof-aper | none | Anchor,-0.18319437025025564,-0.13025087847934386
27,noMC | F-fooof-aper | none | ICP,-0.34905901285762186,-0.18596552452392703
27,noMC | F-fooof-aper | z | ENR,-0.04542854259626905,0.18510979170519132
27,noMC | F-fooof-aper | z | ENR+time,-0.07997545980572829,0.15119634323185688
27,noMC | F-fooof-aper | z | SVR,0.040158118183776126,0.26053711295198634
27,noMC | F-fooof-aper | z | SVR+time,0.025394724061230667,0.2531757755503554
27,noMC | F-fooof-aper | z | Anchor,-0.11421996213230812,0.13653546674890996
27,noMC | F-fooof-aper | z | ICP,-0.05423508338257266,0.22288051650332114
27,noMC | F-fooof-rel | none | ENR,-0.04690523338155228,-0.15476007307381995
27,noMC | F-fooof-rel | none | ENR+time,-0.10128181594326624,-0.305861632579781
27,noMC | F-fooof-rel | none | SVR,-0.20985875811168464,-0.159954429577653
27,noMC | F-fooof-rel | none | SVR+time,-0.20189835566176706,-0.18585995833446756
27,noMC | F-fooof-rel | none | Anchor,-0.21319620784571902,-0.17149211593286612
27,noMC | F-fooof-rel | none | ICP,-0.20132436664440068,-0.21518213122604923
27,noMC | F-fooof-rel | z | ENR,-0.12402375413260636,-0.13835884045503222
27,noMC | F-fooof-rel | z | ENR+time,-0.12867756668267716,-0.4344794320415333
27,noMC | F-fooof-rel | z | SVR,-0.20433482848103557,-0.2481248410942168
27,noMC | F-fooof-rel | z | SVR+time,-0.21601256184975837,-0.3027415682672091
27,noMC | F-fooof-rel | z | Anchor,-2.0151236823676273,-0.24215453387612898
27,noMC | F-fooof-rel | z | ICP,-0.03396954165843402,-0.23749725049228787
27,noMC | F-fooof-asym | none | ENR,-0.13225003276107428,-0.42348268648817805
27,noMC | F-fooof-asym | none | ENR+time,-0.20129569177043005,-0.42798677224275117
27,noMC | F-fooof-asym | none | SVR,-0.30999179172159264,-0.31315585876527297
27,noMC | F-fooof-asym | none | SVR+time,-0.4331596579861037,-0.34595672955329193
27,noMC | F-fooof-asym | none | Anchor,-0.20216220774159566,-0.3895009416359889
27,noMC | F-fooof-asym | none | ICP,-0.03396954165843402,-0.23749725049228787
27,noMC | F-fooof-asym | z | ENR,-0.4240644219396603,-0.05984870817344219
27,noMC | F-fooof-asym | z | ENR+time,-0.3713671872409776,-0.1145691566717727
27,noMC | F-fooof-asym | z | SVR,-0.15792058566865408,-0.1739681918007854
27,noMC | F-fooof-asym | z | SVR+time,-0.32226209700743524,-0.17423683977379578
27,noMC | F-fooof-asym | z | Anchor,-0.47453856650820403,-0.10637558908205011
27,noMC | F-fooof-asym | z | ICP,-0.11574398270461761,-0.13624053186358814
27,noMC | F-fooof-riem | riem | ENR,-0.11303428937482907,-0.1950602348531531
27,noMC | F-fooof-riem | riem | ENR+time,-0.08618772204913827,-0.390310135161512
27,noMC | F-fooof-riem | riem | SVR,-0.10451980737175015,-0.047508118365599046
27,noMC | F-fooof-riem | riem | SVR+time,-0.0851660837817978,-0.018848212293945697
27,noMC | F-fooof-riem | riem | Anchor,-0.47330508054328657,-0.18385010770063534
27,noMC | F-fooof-riem | riem | ICP,-0.02591385687289649,-0.10741859179099068
27,MC | F-fooof-full | none | ENR,-0.04613175673656689,-0.2745967776868424
27,MC | F-fooof-full | none | ENR+time,-0.04876177147047711,-0.28346583350655247
27,MC | F-fooof-full | none | SVR,-0.13085139724393402,-0.13703006116239447
27,MC | F-fooof-full | none | SVR+time,-0.17089689127762475,-0.23881725852927044
27,MC | F-fooof-full | none | Anchor,-0.8035244424802903,-0.2206230217339882
27,MC | F-fooof-full | none | ICP,-0.034181688936620436,-0.23803162761639002
27,MC | F-fooof-full | z | ENR,-0.07249900983113355,-0.297728625504731
27,MC | F-fooof-full | z | ENR+time,-0.065424832675266,-0.09096532228342032
27,MC | F-fooof-full | z | SVR,-0.16546383143136323,-0.09880348409940759
27,MC | F-fooof-full | z | SVR+time,-0.189086763890145,-0.1617773526977513
27,MC | F-fooof-full | z | Anchor,-0.8449579007245849,-0.07673374414749327
27,MC | F-fooof-full | z | ICP,-0.034181688936620436,-0.23803162761639002
27,MC | F-fooof-aper | none | ENR,-0.3611080375740481,-0.1795474889495008
27,MC | F-fooof-aper | none | ENR+time,-0.1221506062873452,-0.11831838518049055
27,MC | F-fooof-aper | none | SVR,-0.47239345808034217,-0.21715240998843588
27,MC | F-fooof-aper | none | SVR+time,-0.40106801166076633,-0.2192875078767612
27,MC | F-fooof-aper | none | Anchor,-0.054825290950478944,-0.2560164551327165
27,MC | F-fooof-aper | none | ICP,-0.2956856196990658,-0.19021958933429622
27,MC | F-fooof-aper | z | ENR,-0.05161174359270726,0.04883580205938972
27,MC | F-fooof-aper | z | ENR+time,-0.03904545859239095,0.07939715293114274
27,MC | F-fooof-aper | z | SVR,-0.19172009494869147,-0.040788615298121146
27,MC | F-fooof-aper | z | SVR+time,-0.1324237098185892,-0.02520421672659763
27,MC | F-fooof-aper | z | Anchor,-0.08757380786487667,0.04552194674200619
27,MC | F-fooof-aper | z | ICP,-0.043373553437541235,0.009903250512756735
27,MC | F-fooof-rel | none | ENR,-0.06092230621335504,-0.31165221194046216
27,MC | F-fooof-rel | none | ENR+time,-0.10733247634490595,-0.4105487211809268
27,MC | F-fooof-rel | none | SVR,-0.20202260639560943,-0.21598746272281732
27,MC | F-fooof-rel | none | SVR+time,-0.19917850386633096,-0.2734063505284796
27,MC | F-fooof-rel | none | Anchor,-0.2089281631333446,-0.14222779978624145
27,MC | F-fooof-rel | none | ICP,-0.034181688936620436,-0.23803162761639002
27,MC | F-fooof-rel | z | ENR,-0.27661285751188824,-0.2812951486105177
27,MC | F-fooof-rel | z | ENR+time,-0.2400729200727616,-0.3036018515207269
27,MC | F-fooof-rel | z | SVR,-0.15694056376395116,-0.2352195928877941
27,MC | F-fooof-rel | z | SVR+time,-0.2629239745737606,-0.31060663186316745
27,MC | F-fooof-rel | z | Anchor,-1.1266320399641154,-0.30422762678634574
27,MC | F-fooof-rel | z | ICP,-0.03668177358631275,-0.22028756210223602
27,MC | F-fooof-asym | none | ENR,-0.15545538064416697,-0.4279204255443424
27,MC | F-fooof-asym | none | ENR+time,-0.19581366673488954,-0.4383007763878437
27,MC | F-fooof-asym | none | SVR,-0.33661696027467225,-0.3419822539742795
27,MC | F-fooof-asym | none | SVR+time,-0.362653462717494,-0.40444517778703737
27,MC | F-fooof-asym | none | Anchor,-0.2216875827597402,-0.3817767818583
27,MC | F-fooof-asym | none | ICP,-0.034181688936620436,-0.23803162761639002
27,MC | F-fooof-asym | z | ENR,-0.14971782522824362,-0.35057575092900334
27,MC | F-fooof-asym | z | ENR+time,-0.18697525922888247,-0.402598460151787
27,MC | F-fooof-asym | z | SVR,-0.19174456966438203,-0.28456357325422776
27,MC | F-fooof-asym | z | SVR+time,-0.14170735462590844,-0.26738457537788635
27,MC | F-fooof-asym | z | Anchor,-0.23107863940405804,-0.24598208113780884
27,MC | F-fooof-asym | z | ICP,-0.13902829545220863,-0.19174400931784857
27,MC | F-fooof-riem | riem | ENR,-0.22998957154768518,-0.18119691342545496
27,MC | F-fooof-riem | riem | ENR+time,-0.1437083800580521,-0.3114536395409512
27,MC | F-fooof-riem | riem | SVR,-0.22692257444394648,-0.10203807405433006
27,MC | F-fooof-riem | riem | SVR+time,-0.26100269906492346,-0.128480285486195
27,MC | F-fooof-riem | riem | Anchor,-1.1765665422435823,-0.17037080649561054
27,MC | F-fooof-riem | riem | ICP,-0.03567460936199862,-0.1316034773218122
28,noMC | F-fooof-full | none | ENR,-0.06173720208678035,-0.27697446035844053
28,noMC | F-fooof-full | none | ENR+time,-0.06173720208678035,-0.27697446035844053
28,noMC | F-fooof-full | none | SVR,-0.1865456289621532,0.015343564242797515
28,noMC | F-fooof-full | none | SVR+time,-0.277931091811614,-0.24057268998151451
28,noMC | F-fooof-full | none | Anchor,-0.4403141644793731,-0.10543284164442936
28,noMC | F-fooof-full | none | ICP,-0.21399176965495736,-0.2627110635139237
28,noMC | F-fooof-full | z | ENR,-0.03379724643306292,-0.22325353523189773
28,noMC | F-fooof-full | z | ENR+time,-0.03379724643306292,-0.22325353523189773
28,noMC | F-fooof-full | z | SVR,-0.20685128958890453,-0.11187486785717043
28,noMC | F-fooof-full | z | SVR+time,-0.18155487074680443,-0.11782315823735254
28,noMC | F-fooof-full | z | Anchor,-0.29069943410982435,0.02564249819267546
28,noMC | F-fooof-full | z | ICP,-0.05311883006376927,-0.22732723369694052
28,noMC | F-fooof-aper | none | ENR,-0.03379724643306292,-0.22325353523189773
28,noMC | F-fooof-aper | none | ENR+time,-0.03379724643306292,-0.22325353523189773
28,noMC | F-fooof-aper | none | SVR,-0.3241861292166126,-0.21736907646667247
28,noMC | F-fooof-aper | none | SVR+time,-0.30951290809358456,-0.2917296625125563
28,noMC | F-fooof-aper | none | Anchor,-0.04213085898284974,-0.14247648037120042
28,noMC | F-fooof-aper | none | ICP,-0.03379724643306292,-0.22325353523189773
28,noMC | F-fooof-aper | z | ENR,-0.07976610929027261,-0.07325127300895772
28,noMC | F-fooof-aper | z | ENR+time,-0.0971251782956224,-0.07887811756320058
28,noMC | F-fooof-aper | z | SVR,-0.11120272342438753,-0.01140678132210696
28,noMC | F-fooof-aper | z | SVR+time,-0.10649371759635007,0.07490760688216615
28,noMC | F-fooof-aper | z | Anchor,-0.12108732126088517,-0.06282537444007197
28,noMC | F-fooof-aper | z | ICP,-0.05877300404312602,-0.21473399595497067
28,noMC | F-fooof-rel | none | ENR,-0.06421324374997517,-0.30470755158829965
28,noMC | F-fooof-rel | none | ENR+time,-0.06421324374997517,-0.30470755158829965
28,noMC | F-fooof-rel | none | SVR,-0.5639577736658137,-0.20416155509972442
28,noMC | F-fooof-rel | none | SVR+time,-0.28222418668918126,-0.13511192906190675
28,noMC | F-fooof-rel | none | Anchor,-0.6231458819003926,-0.12004655594040488
28,noMC | F-fooof-rel | none | ICP,-0.16819958616148312,-0.26204769447864357
28,noMC | F-fooof-rel | z | ENR,-0.08613101533667322,-0.28351981859944997
28,noMC | F-fooof-rel | z | ENR+time,-0.04992852636272804,-0.2717627097547287
28,noMC | F-fooof-rel | z | SVR,-0.2033448355912264,-0.1405172823932904
28,noMC | F-fooof-rel | z | SVR+time,-0.0667761363719328,0.00905059396449459
28,noMC | F-fooof-rel | z | Anchor,-0.6298430104300856,-0.34611367910266644
28,noMC | F-fooof-rel | z | ICP,-0.19740971987005795,-0.13623277936389186
28,noMC | F-fooof-asym | none | ENR,-0.03714471586519208,-0.22613296279241582
28,noMC | F-fooof-asym | none | ENR+time,-0.03714471586519208,-0.22613296279241582
28,noMC | F-fooof-asym | none | SVR,-0.5128941316816855,-0.1509590193317375
28,noMC | F-fooof-asym | none | SVR+time,-0.45045379988182344,-0.23773482315876707
28,noMC | F-fooof-asym | none | Anchor,-0.25107611870622093,-0.32590813542992714
28,noMC | F-fooof-asym | none | ICP,-0.08334020677063458,-0.2253564552570218
28,noMC | F-fooof-asym | z | ENR,-0.041461442690921446,-0.24385285747887867
28,noMC | F-fooof-asym | z | ENR+time,-0.041461442690921446,-0.24385285747887867
28,noMC | F-fooof-asym | z | SVR,-0.11204285516555434,-0.001536021238191675
28,noMC | F-fooof-asym | z | SVR+time,-0.16063782525185988,-0.22600410139492194
28,noMC | F-fooof-asym | z | Anchor,-0.6025082524243044,-0.13868792111843856
28,noMC | F-fooof-asym | z | ICP,-0.037017796650200774,0.05451029791925959
28,noMC | F-fooof-riem | riem | ENR,-0.03949907727563895,-0.22871482632668322
28,noMC | F-fooof-riem | riem | ENR+time,-0.03821826590940791,-0.23723674767559882
28,noMC | F-fooof-riem | riem | SVR,-0.3198017648962883,-0.2247534709731523
28,noMC | F-fooof-riem | riem | SVR+time,-0.32638664568576803,-0.20175622011726768
28,noMC | F-fooof-riem | riem | Anchor,-0.7210097203637882,-0.22087600265441643
28,noMC | F-fooof-riem | riem | ICP,-0.14938538503656074,-0.15320202327001242
28,MC | F-fooof-full | none | ENR,-0.3730518916056027,-0.07154032701635059
28,MC | F-fooof-full | none | ENR+time,-0.4009608696868312,-0.06766618097705923
28,MC | F-fooof-full | none | SVR,-0.41333361551397285,-0.14574384462296336
28,MC | F-fooof-full | none | SVR+time,-0.3250401473978637,-0.14334129425640457
28,MC | F-fooof-full | none | Anchor,-0.6052997649901337,-0.1410226666182459
28,MC | F-fooof-full | none | ICP,-0.10520339458272221,-0.29131736656012
28,MC | F-fooof-full | z | ENR,-0.05506371252180098,-0.15788351920989951
28,MC | F-fooof-full | z | ENR+time,-0.05506371252180098,-0.15788351920989951
28,MC | F-fooof-full | z | SVR,-0.2601854990706709,-0.09662770760539219
28,MC | F-fooof-full | z | SVR+time,-0.1519744757228061,-0.05131187320298414
28,MC | F-fooof-full | z | Anchor,-0.26146525790846753,-0.1369981913249175
28,MC | F-fooof-full | z | ICP,-0.07763871586007998,-0.17297580558214412
28,MC | F-fooof-aper | none | ENR,-0.15173356639264424,-0.14950100911110958
28,MC | F-fooof-aper | none | ENR+time,-0.15618826671231156,-0.14814616482709556
28,MC | F-fooof-aper | none | SVR,-0.475007625388711,-0.13589142418375227
28,MC | F-fooof-aper | none | SVR+time,-0.4185924433764274,-0.24334313395356427
28,MC | F-fooof-aper | none | Anchor,-0.2312485556712296,-0.12576504892993814
28,MC | F-fooof-aper | none | ICP,-0.03868830699473258,-0.2287537624020761
28,MC | F-fooof-aper | z | ENR,-0.055063712521800756,-0.15788351920989963
28,MC | F-fooof-aper | z | ENR+time,-0.05506371252180098,-0.15788351920989951
28,MC | F-fooof-aper | z | SVR,-0.2171763301899261,0.04712275926766796
28,MC | F-fooof-aper | z | SVR+time,-0.09222333114870107,0.07431880056054856
28,MC | F-fooof-aper | z | Anchor,-0.08331991887284151,-0.08125839851981115
28,MC | F-fooof-aper | z | ICP,-0.03868830699473258,-0.2287537624020761
28,MC | F-fooof-rel | none | ENR,-0.060537496441885885,-0.30350013006056803
28,MC | F-fooof-rel | none | ENR+time,-0.04343445942685609,-0.2535704442278089
28,MC | F-fooof-rel | none | SVR,-0.20951090775199677,-0.11053085196972517
28,MC | F-fooof-rel | none | SVR+time,-0.20405002729713728,-0.14843902525490954
28,MC | F-fooof-rel | none | Anchor,-0.6642025665676763,-0.17396105052803237
28,MC | F-fooof-rel | none | ICP,-0.12488792517525082,-0.32493466162904727
28,MC | F-fooof-rel | z | ENR,-0.03868830699473258,-0.2287537624020761
28,MC | F-fooof-rel | z | ENR+time,-0.03868830699473258,-0.2287537624020761
28,MC | F-fooof-rel | z | SVR,-0.3706189326402016,-0.06724466913840073
28,MC | F-fooof-rel | z | SVR+time,-0.13156656897576458,-0.07954797112738449
28,MC | F-fooof-rel | z | Anchor,-0.5256541647124449,-0.24346806610313776
28,MC | F-fooof-rel | z | ICP,-0.07492833671300092,-0.34901636381617585
28,MC | F-fooof-asym | none | ENR,-0.1311090743393346,-0.09677664983036874
28,MC | F-fooof-asym | none | ENR+time,-0.03868830699473258,-0.2287537624020761
28,MC | F-fooof-asym | none | SVR,-0.42919180520751476,-0.19810997292117966
28,MC | F-fooof-asym | none | SVR+time,-0.20855188640474132,-0.15317150058336604
28,MC | F-fooof-asym | none | Anchor,-0.21553330763456957,-0.22456733915827598
28,MC | F-fooof-asym | none | ICP,-0.33616496557407993,-0.15567796408409873
28,MC | F-fooof-asym | z | ENR,-0.03868830699473258,-0.2287537624020761
28,MC | F-fooof-asym | z | ENR+time,-0.03868830699473258,-0.22875376240207607
28,MC | F-fooof-asym | z | SVR,-0.16266321398589811,-0.13909815232063588
28,MC | F-fooof-asym | z | SVR+time,-0.16364045001079264,-0.12771034989866575
28,MC | F-fooof-asym | z | Anchor,-0.47170238831150635,-0.2529796468734151
28,MC | F-fooof-asym | z | ICP,-0.15731783127003607,-0.07462986113956702
28,MC | F-fooof-riem | riem | ENR,-0.04396392851285369,-0.20788331995109638
28,MC | F-fooof-riem | riem | ENR+time,-0.03874241277711987,-0.2217440046060692
28,MC | F-fooof-riem | riem | SVR,-0.279176922886772,-0.20357513085279585
28,MC | F-fooof-riem | riem | SVR+time,-0.18788284381021114,-0.13009264184659583
28,MC | F-fooof-riem | riem | Anchor,-0.511128885784867,-0.12793951981764556
28,MC | F-fooof-riem | riem | ICP,-0.16957551086734246,-0.1436765874264273
29,noMC | F-fooof-full | none | ENR,-0.0702807054107264,-0.2837544270195588
29,noMC | F-fooof-full | none | ENR+time,-0.0702807054107264,-0.2837544270195588
29,noMC | F-fooof-full | none | SVR,-0.28870638076000277,-0.2607768733376251
29,noMC | F-fooof-full | none | SVR+time,-0.24188023718330087,-0.23379192588758108
29,noMC | F-fooof-full | none | Anchor,-0.6950541756266579,-0.26471024016154654
29,noMC | F-fooof-full | none | ICP,-0.15109947019633818,-0.3996521993680353
29,noMC | F-fooof-full | z | ENR,-0.0433100836900997,-0.30970857138469304
29,noMC | F-fooof-full | z | ENR+time,-0.0433100836900997,-0.30970857138469304
29,noMC | F-fooof-full | z | SVR,-0.2581410454812263,-0.2732331428489535
29,noMC | F-fooof-full | z | SVR+time,-0.23775704970784828,-0.2603162715484923
29,noMC | F-fooof-full | z | Anchor,-1.0579655295399122,-0.33182918904798675
29,noMC | F-fooof-full | z | ICP,-0.0489184007504615,-0.22930137303409748
29,noMC | F-fooof-aper | none | ENR,-0.19904267602794334,-0.2653867811728772
29,noMC | F-fooof-aper | none | ENR+time,-0.0433100836900997,-0.3097085713846931
29,noMC | F-fooof-aper | none | SVR,-0.3468486793971426,-0.06564565928803047
29,noMC | F-fooof-aper | none | SVR+time,-0.42859931784012173,-0.32587735264794926
29,noMC | F-fooof-aper | none | Anchor,-0.4169816044671468,-0.27555504475628
29,noMC | F-fooof-aper | none | ICP,-0.18759172084076958,-0.21662139424618276
29,noMC | F-fooof-aper | z | ENR,-0.09911444082666399,-0.2793028382163958
29,noMC | F-fooof-aper | z | ENR+time,-0.13159909478907128,-0.2795242600040424
29,noMC | F-fooof-aper | z | SVR,-0.08869698975324836,-0.06897514957353855
29,noMC | F-fooof-aper | z | SVR+time,-0.1047597796894415,-0.19488949133614364
29,noMC | F-fooof-aper | z | Anchor,-0.16693606558784402,-0.13362830510627272
29,noMC | F-fooof-aper | z | ICP,-0.13046788881256077,-0.2984485239713191
29,noMC | F-fooof-rel | none | ENR,-0.13318822448670686,-0.36225651176007745
29,noMC | F-fooof-rel | none | ENR+time,-0.15785575004319163,-0.37723721118718834
29,noMC | F-fooof-rel | none | SVR,-0.3147240324292835,-0.23274744491719782
29,noMC | F-fooof-rel | none | SVR+time,-0.1790620624558512,-0.14136943013666162
29,noMC | F-fooof-rel | none | Anchor,-0.19052979048754892,-0.2623180877428869
29,noMC | F-fooof-rel | none | ICP,-0.1851155701673881,-0.35847863347415065
29,noMC | F-fooof-rel | z | ENR,-0.06623313932603248,-0.3708087474376681
29,noMC | F-fooof-rel | z | ENR+time,-0.0433100836900997,-0.3097085713846931
29,noMC | F-fooof-rel | z | SVR,-0.19950506494027453,-0.24796834171774806
29,noMC | F-fooof-rel | z | SVR+time,-0.1626285173607378,-0.17416585088338557
29,noMC | F-fooof-rel | z | Anchor,-0.6780092998487872,-0.07827462739597349
29,noMC | F-fooof-rel | z | ICP,-0.05066045335033009,-0.03585503424709001
29,noMC | F-fooof-asym | none | ENR,-0.14992564714046264,-0.4240036361962508
29,noMC | F-fooof-asym | none | ENR+time,-0.18264833745767706,-0.4374109543985979
29,noMC | F-fooof-asym | none | SVR,-0.34327698723611033,-0.29009620398621017
29,noMC | F-fooof-asym | none | SVR+time,-0.4365646898343851,-0.3831131121556136
29,noMC | F-fooof-asym | none | Anchor,-0.2636257909654389,-0.4556596003995049
29,noMC | F-fooof-asym | none | ICP,-0.06147370396877494,-0.15075950118473852
29,noMC | F-fooof-asym | z | ENR,-1.9589194735645061,0.07874620140712224
29,noMC | F-fooof-asym | z | ENR+time,-1.0874672194829933,0.21138511878258226
29,noMC | F-fooof-asym | z | SVR,-0.25586971733244335,-0.015276266449981417
29,noMC | F-fooof-asym | z | SVR+time,-0.2058901852676518,-0.06882338172845964
29,noMC | F-fooof-asym | z | Anchor,-2.175164250157748,0.13479931582584556
29,noMC | F-fooof-asym | z | ICP,-0.0433100836900997,-0.3097085713846931
29,noMC | F-fooof-riem | riem | ENR,-0.09742736809214136,-0.0513171605299283
29,noMC | F-fooof-riem | riem | ENR+time,-0.07343166941379731,-0.12725437020743868
29,noMC | F-fooof-riem | riem | SVR,-0.21554505228813325,-0.07674802061117558
29,noMC | F-fooof-riem | riem | SVR+time,-0.19286435507013655,0.0312249570871962
29,noMC | F-fooof-riem | riem | Anchor,-0.4619603282578597,-0.3274929290127473
29,noMC | F-fooof-riem | riem | ICP,-0.0433100836900997,-0.3097085713846931
29,MC | F-fooof-full | none | ENR,-0.060909609267525866,-0.21266783836001568
29,MC | F-fooof-full | none | ENR+time,-0.060909609267525866,-0.21266783836001568
29,MC | F-fooof-full | none | SVR,-0.2932771276781807,-0.2798276895759641
29,MC | F-fooof-full | none | SVR+time,-0.21404717246015803,-0.2763036352462481
29,MC | F-fooof-full | none | Anchor,-0.5330785831889349,-0.21754718431321723
29,MC | F-fooof-full | none | ICP,-0.25463445837166954,-0.12194653380172255
29,MC | F-fooof-full | z | ENR,-0.22471770575214922,-0.2897110653650774
29,MC | F-fooof-full | z | ENR+time,-0.2138287563778445,-0.31890207690265465
29,MC | F-fooof-full | z | SVR,-0.4013847912627788,-0.29497524887582927
29,MC | F-fooof-full | z | SVR+time,-0.3197156762983573,-0.28209269299793993
29,MC | F-fooof-full | z | Anchor,-0.6962315879279068,-0.32078981934682466
29,MC | F-fooof-full | z | ICP,-0.1377497656594029,-0.4253754573327667
29,MC | F-fooof-aper | none | ENR,-0.1784119086114233,-0.2619157371700436
29,MC | F-fooof-aper | none | ENR+time,-0.046499110681401,-0.313017860441964
29,MC | F-fooof-aper | none | SVR,-0.387271654030394,-0.19340070533769718
29,MC | F-fooof-aper | none | SVR+time,-0.5389064003509139,-0.35328962734774677
29,MC | F-fooof-aper | none | Anchor,-0.2595760023542384,-0.24801763709694274
29,MC | F-fooof-aper | none | ICP,-0.046499110681401,-0.313017860441964
29,MC | F-fooof-aper | z | ENR,-0.046499110681401,-0.313017860441964
29,MC | F-fooof-aper | z | ENR+time,-0.046499110681401,-0.313017860441964
29,MC | F-fooof-aper | z | SVR,-0.18866370115220654,-0.25692053832166384
29,MC | F-fooof-aper | z | SVR+time,-0.16959696188277817,-0.3306881320478868
29,MC | F-fooof-aper | z | Anchor,-0.1095965359143467,-0.21747142009211734
29,MC | F-fooof-aper | z | ICP,-0.046499110681401,-0.313017860441964
29,MC | F-fooof-rel | none | ENR,-0.16332330882592916,-0.33177305033911286
29,MC | F-fooof-rel | none | ENR+time,-0.17329008623044828,-0.33407388393284726
29,MC | F-fooof-rel | none | SVR,-0.2773253871117034,-0.20209410854729798
29,MC | F-fooof-rel | none | SVR+time,-0.3021336250577644,-0.16657802776480501
29,MC | F-fooof-rel | none | Anchor,-0.24271011642057294,-0.14788042773017765
29,MC | F-fooof-rel | none | ICP,-0.24586493629637896,-0.38376060947443436
29,MC | F-fooof-rel | z | ENR,-0.12192164292252516,-0.2240244278950843
29,MC | F-fooof-rel | z | ENR+time,-0.09707654861115156,-0.24662070824588464
29,MC | F-fooof-rel | z | SVR,-0.2613151972686081,-0.31018733446479035
29,MC | F-fooof-rel | z | SVR+time,-0.2395276064133669,-0.2858457225067988
29,MC | F-fooof-rel | z | Anchor,-1.7401974224300818,0.13757796747523093
29,MC | F-fooof-rel | z | ICP,-0.0700303125347117,-0.03216514451462557
29,MC | F-fooof-asym | none | ENR,-0.14437676660188536,-0.34815923272911775
29,MC | F-fooof-asym | none | ENR+time,-0.1706948540811204,-0.39305733419957695
29,MC | F-fooof-asym | none | SVR,-0.3806047268562154,-0.39852143999288037
29,MC | F-fooof-asym | none | SVR+time,-0.45006152907182884,-0.4705821824649092
29,MC | F-fooof-asym | none | Anchor,-0.23989352000423958,-0.4685194710538717
29,MC | F-fooof-asym | none | ICP,-0.06500451286428799,-0.14616003635231284
29,MC | F-fooof-asym | z | ENR,-0.3982384777819157,0.10314355725177189
29,MC | F-fooof-asym | z | ENR+time,-0.46151403783949796,0.06175768685565339
29,MC | F-fooof-asym | z | SVR,-0.291286694676514,-0.19607446664864067
29,MC | F-fooof-asym | z | SVR+time,-0.2555176604906402,-0.1573622248170193
29,MC | F-fooof-asym | z | Anchor,-0.33770493638124544,0.05862150198467846
29,MC | F-fooof-asym | z | ICP,-0.2753097039375165,-0.30706452482804647
29,MC | F-fooof-riem | riem | ENR,-0.034572442245477175,0.03524343930639319
29,MC | F-fooof-riem | riem | ENR+time,-0.0329248019330286,0.049393632610559804
29,MC | F-fooof-riem | riem | SVR,-0.16437651013747057,-0.15606130724655565
29,MC | F-fooof-riem | riem | SVR+time,-0.1466580503701469,-0.11989124385585932
29,MC | F-fooof-riem | riem | Anchor,-0.602256727379006,-0.33023901208641104
29,MC | F-fooof-riem | riem | ICP,-0.03918640594394618,-0.1427676667920458
30,noMC | F-fooof-full | none | ENR,-0.3167348714021805,-0.0983030287060267
30,noMC | F-fooof-full | none | ENR+time,-0.08809051035677351,0.17382953700786957
30,noMC | F-fooof-full | none | SVR,-0.07469544431856057,0.029719868140049066
30,noMC | F-fooof-full | none | SVR+time,-0.05281369690953053,0.11440226764592074
30,noMC | F-fooof-full | none | Anchor,0.015494959019304977,0.3158405232111305
30,noMC | F-fooof-full | none | ICP,-0.0693938478812226,-0.24644372636485506
30,noMC | F-fooof-full | z | ENR,-0.1485881137262548,-0.3712353563284325
30,noMC | F-fooof-full | z | ENR+time,-0.10065181741209162,-0.3711536851585921
30,noMC | F-fooof-full | z | SVR,-0.3729766366968672,-0.1443077353975
30,noMC | F-fooof-full | z | SVR+time,-0.40672911514377286,-0.24287716344640944
30,noMC | F-fooof-full | z | Anchor,-7.132114550531844,0.3221001844467634
30,noMC | F-fooof-full | z | ICP,-0.1749869242383637,-0.32197231416713457
30,noMC | F-fooof-aper | none | ENR,-0.0771168324224254,0.03440958980571295
30,noMC | F-fooof-aper | none | ENR+time,-0.07116433630153085,-0.0020179439751432104
30,noMC | F-fooof-aper | none | SVR,-0.2249705696582236,-0.01276129963190575
30,noMC | F-fooof-aper | none | SVR+time,-0.20490413580285538,0.04463198540588905
30,noMC | F-fooof-aper | none | Anchor,-0.18761270322356727,0.05641777828580211
30,noMC | F-fooof-aper | none | ICP,-0.11373839470582148,0.019077380259713936
30,noMC | F-fooof-aper | z | ENR,-0.0521968065959002,-0.3108933547695836
30,noMC | F-fooof-aper | z | ENR+time,-0.13841700196596673,-0.25571599835188596
30,noMC | F-fooof-aper | z | SVR,-0.3793177870176052,-0.09729866356026565
30,noMC | F-fooof-aper | z | SVR+time,-0.4728776998969988,-0.1312856881122214
30,noMC | F-fooof-aper | z | Anchor,-0.0644090524466081,-0.299531268255676
30,noMC | F-fooof-aper | z | ICP,-0.0521968065959002,-0.3108933547695836
30,noMC | F-fooof-rel | none | ENR,-1.0007962716121783,-0.0714776808869923
30,noMC | F-fooof-rel | none | ENR+time,-0.7792963708983089,-0.06633024923152796
30,noMC | F-fooof-rel | none | SVR,-0.2698066653187281,-0.08809385376269266
30,noMC | F-fooof-rel | none | SVR+time,-0.1750994595130253,-0.10242493347013426
30,noMC | F-fooof-rel | none | Anchor,-1.0328751026367895,0.003383422681203313
30,noMC | F-fooof-rel | none | ICP,-0.168209545337201,-0.2041462635367366
30,noMC | F-fooof-rel | z | ENR,-2.464738149577028,-0.08230525624127843
30,noMC | F-fooof-rel | z | ENR+time,-0.8087246381341477,-0.07757945079202704
30,noMC | F-fooof-rel | z | SVR,-0.44426752589209584,-0.06527542827426239
30,noMC | F-fooof-rel | z | SVR+time,-0.1644035285493619,-0.020972656486524882
30,noMC | F-fooof-rel | z | Anchor,-7.287801604318057,-0.08624898242836768
30,noMC | F-fooof-rel | z | ICP,-0.20524421276614602,-0.2636471341714322
30,noMC | F-fooof-asym | none | ENR,-0.08410932893224832,-0.33754714819021114
30,noMC | F-fooof-asym | none | ENR+time,-0.14134654085180198,-0.334507634576902
30,noMC | F-fooof-asym | none | SVR,-0.3184752772804009,-0.36588700923494033
30,noMC | F-fooof-asym | none | SVR+time,-0.2464178594444697,-0.28270283907852706
30,noMC | F-fooof-asym | none | Anchor,-0.2153819868831679,-0.3280167133681987
30,noMC | F-fooof-asym | none | ICP,-0.0521968065959002,-0.3108933547695836
30,noMC | F-fooof-asym | z | ENR,-8.640195525252501,-0.36520457959022534
30,noMC | F-fooof-asym | z | ENR+time,-8.627127813325954,-0.35650143688991454
30,noMC | F-fooof-asym | z | SVR,-0.49855010378471176,-0.3309326749520361
30,noMC | F-fooof-asym | z | SVR+time,-0.6896794429777537,-0.3021058138802497
30,noMC | F-fooof-asym | z | Anchor,-5.870213341940384,-0.3464423112773697
30,noMC | F-fooof-asym | z | ICP,-0.05346574860804387,-0.04482369550366748
30,noMC | F-fooof-riem | riem | ENR,-0.3119080577873745,-0.21553987390020643
30,noMC | F-fooof-riem | riem | ENR+time,-0.2152240754477115,-0.269524887547539
30,noMC | F-fooof-riem | riem | SVR,-0.4306852011020317,-0.24360224083872722
30,noMC | F-fooof-riem | riem | SVR+time,-0.322800811693303,-0.2739841703301797
30,noMC | F-fooof-riem | riem | Anchor,-0.642101418520787,-0.1916547560034116
30,noMC | F-fooof-riem | riem | ICP,-0.0521968065959002,-0.3108933547695836
30,MC | F-fooof-full | none | ENR,0.03745006893621461,0.29050401344743443
30,MC | F-fooof-full | none | ENR+time,0.10635864593039135,0.3452560562040652
30,MC | F-fooof-full | none | SVR,0.027069195140629554,0.29172500891265324
30,MC | F-fooof-full | none | SVR+time,0.02251751727173046,0.32003784185041906
30,MC | F-fooof-full | none | Anchor,-0.022738274851617835,0.25529383016900226
30,MC | F-fooof-full | none | ICP,-0.16468860770439475,-0.35234527328828313
30,MC | F-fooof-full | z | ENR,-0.20881330950369592,-0.35349534182186115
30,MC | F-fooof-full | z | ENR+time,-0.9415204328515883,-0.22856283536102046
30,MC | F-fooof-full | z | SVR,-0.3729692365210928,-0.2993357827365358
30,MC | F-fooof-full | z | SVR+time,-0.3565903826660366,-0.2809692959972887
30,MC | F-fooof-full | z | Anchor,-0.6772498892808216,-0.3011363073586672
30,MC | F-fooof-full | z | ICP,-0.22055510053011917,-0.36048122550595346
30,MC | F-fooof-aper | none | ENR,-0.09344003685687774,-0.02086472237824144
30,MC | F-fooof-aper | none | ENR+time,-0.070729811042888,0.08176045563535828
30,MC | F-fooof-aper | none | SVR,-0.17713123449445445,-0.031853083535533566
30,MC | F-fooof-aper | none | SVR+time,-0.19465363597406493,0.09321546866901514
30,MC | F-fooof-aper | none | Anchor,-0.19122806467195685,-0.035215473096965016
30,MC | F-fooof-aper | none | ICP,-0.15776703331520991,-0.08374948151881298
30,MC | F-fooof-aper | z | ENR,-0.05819036999632465,-0.3167433189718154
30,MC | F-fooof-aper | z | ENR+time,-0.06537074518974717,-0.313836957492801
30,MC | F-fooof-aper | z | SVR,-0.17061659196345036,-0.03826411394939526
30,MC | F-fooof-aper | z | SVR+time,-0.328314809881197,-0.11471155910255132
30,MC | F-fooof-aper | z | Anchor,-0.14151232079361065,-0.38966743536649695
30,MC | F-fooof-aper | z | ICP,-0.05819036999632465,-0.3167433189718154
30,MC | F-fooof-rel | none | ENR,-0.7708444007633737,-0.02839508495620506
30,MC | F-fooof-rel | none | ENR+time,-0.4989154332893897,-0.032249980367316376
30,MC | F-fooof-rel | none | SVR,-0.1759192638234579,0.05701047151027745
30,MC | F-fooof-rel | none | SVR+time,-0.2467814595077682,0.030802671008434715
30,MC | F-fooof-rel | none | Anchor,-0.8574039106563758,0.04558668808890491
30,MC | F-fooof-rel | none | ICP,-0.15781943210961247,-0.2579564842928752
30,MC | F-fooof-rel | z | ENR,-0.41972102306141257,-0.3648882600642525
30,MC | F-fooof-rel | z | ENR+time,-0.2047095030024657,-0.3775188363564126
30,MC | F-fooof-rel | z | SVR,-0.9305669539752714,-0.2895820824479374
30,MC | F-fooof-rel | z | SVR+time,-0.9060777409009853,-0.327967711533811
30,MC | F-fooof-rel | z | Anchor,-3.6079902793665832,-0.11255234938062521
30,MC | F-fooof-rel | z | ICP,-0.07279845403620433,-0.11628444862961762
30,MC | F-fooof-asym | none | ENR,-0.10232435682479002,-0.3821843533664465
30,MC | F-fooof-asym | none | ENR+time,-0.13243111604696178,-0.3497667538948496
30,MC | F-fooof-asym | none | SVR,-0.2677677100265874,-0.3554341198612049
30,MC | F-fooof-asym | none | SVR+time,-0.2412032614188544,-0.33628200007318854
30,MC | F-fooof-asym | none | Anchor,-0.37967548474018487,-0.36467928733428584
30,MC | F-fooof-asym | none | ICP,-0.11366064026621592,-0.24314177038675008
30,MC | F-fooof-asym | z | ENR,-2.5514664674563043,-0.3878746777754847
30,MC | F-fooof-asym | z | ENR+time,-2.1584404034385294,-0.3929899448197271
30,MC | F-fooof-asym | z | SVR,-0.26875214501325795,-0.2905820463468691
30,MC | F-fooof-asym | z | SVR+time,-0.32140137345443964,-0.3505630438328249
30,MC | F-fooof-asym | z | Anchor,-2.2702425983454497,-0.43584990369069276
30,MC | F-fooof-asym | z | ICP,-0.16199674368215988,-0.16460705956960972
30,MC | F-fooof-riem | riem | ENR,-0.0645856735330117,-0.3293060317464466
30,MC | F-fooof-riem | riem | ENR+time,-0.1043133586094176,-0.16462456644844475
30,MC | F-fooof-riem | riem | SVR,-0.2856494152126421,-0.32463672987924097
30,MC | F-fooof-riem | riem | SVR+time,-0.3763769093219256,-0.35873383635581135
30,MC | F-fooof-riem | riem | Anchor,-0.6635907143270807,-0.2644613571246155
30,MC | F-fooof-riem | riem | ICP,-0.1814452231441852,-0.2903836546327119
31,noMC | F-fooof-full | none | ENR,-0.13156788572980993,-0.4641604757299129
31,noMC | F-fooof-full | none | ENR+time,-0.12793074655406134,-0.4713314965808695
31,noMC | F-fooof-full | none | SVR,-0.35487415987420534,-0.41546916192818417
31,noMC | F-fooof-full | none | SVR+time,-0.2564861584420184,-0.3624660915291563
31,noMC | F-fooof-full | none | Anchor,-0.26220185834786935,-0.2513350814424802
31,noMC | F-fooof-full | none | ICP,-0.08283602320283556,-0.30382516452251
31,noMC | F-fooof-full | z | ENR,-0.0687800210320424,-0.4354047850979841
31,noMC | F-fooof-full | z | ENR+time,-0.0687800210320424,-0.4354047850979841
31,noMC | F-fooof-full | z | SVR,-0.3487032053575596,-0.24319807884367123
31,noMC | F-fooof-full | z | SVR+time,-0.3587108298437527,-0.23860830050409104
31,noMC | F-fooof-full | z | Anchor,-0.44788663332490763,-0.29126351812281964
31,noMC | F-fooof-full | z | ICP,-0.2453453565763637,-0.1581321554879328
31,noMC | F-fooof-aper | none | ENR,-0.12442954085898039,-0.2929543897949253
31,noMC | F-fooof-aper | none | ENR+time,-0.1218799071672263,-0.29613685035905696
31,noMC | F-fooof-aper | none | SVR,-0.2766974350369247,-0.3628397979385901
31,noMC | F-fooof-aper | none | SVR+time,-0.4618980491395246,-0.39224117856626184
31,noMC | F-fooof-aper | none | Anchor,-0.374932905479191,-0.24707607802148152
31,noMC | F-fooof-aper | none | ICP,-0.13770157261461047,-0.2713071511796563
31,noMC | F-fooof-aper | z | ENR,-0.06732600911069464,-0.44207273783505663
31,noMC | F-fooof-aper | z | ENR+time,-0.06573384561946827,-0.44435983485979236
31,noMC | F-fooof-aper | z | SVR,-0.3063569760392708,-0.329418950014338
31,noMC | F-fooof-aper | z | SVR+time,-0.29311245400799346,-0.2443727112086857
31,noMC | F-fooof-aper | z | Anchor,-0.2410245233711037,-0.414621628525253
31,noMC | F-fooof-aper | z | ICP,-0.06573384561946827,-0.44435983485979225
31,noMC | F-fooof-rel | none | ENR,-0.07457551942841545,-0.36904424676137454
31,noMC | F-fooof-rel | none | ENR+time,-0.07457551942841545,-0.36904424676137454
31,noMC | F-fooof-rel | none | SVR,-0.3065037876059893,-0.38505343793087177
31,noMC | F-fooof-rel | none | SVR+time,-0.2890968648810528,-0.326932149671391
31,noMC | F-fooof-rel | none | Anchor,-0.16581653046092604,-0.134922356718926
31,noMC | F-fooof-rel | none | ICP,-0.06573384561946827,-0.44435983485979225
31,noMC | F-fooof-rel | z | ENR,-0.06573384561946827,-0.4443598348597923
31,noMC | F-fooof-rel | z | ENR+time,-0.06573384561946827,-0.44435983485979225
31,noMC | F-fooof-rel | z | SVR,-0.2704847439872349,-0.2579130380069337
31,noMC | F-fooof-rel | z | SVR+time,-0.18284862582201455,-0.263664275548456
31,noMC | F-fooof-rel | z | Anchor,-0.47954836226907704,0.0005408208865297186
31,noMC | F-fooof-rel | z | ICP,-0.09115573742877836,-0.30030830359066674
31,noMC | F-fooof-asym | none | ENR,-0.17391111442854013,-0.4124895224584563
31,noMC | F-fooof-asym | none | ENR+time,-0.13956666322318712,-0.42006366768752856
31,noMC | F-fooof-asym | none | SVR,-0.4559838659040152,-0.41532699501862236
31,noMC | F-fooof-asym | none | SVR+time,-0.48262835471894516,-0.37787489052168916
31,noMC | F-fooof-asym | none | Anchor,-0.3924551942101635,-0.45732726481395103
31,noMC | F-fooof-asym | none | ICP,-0.06573384561946827,-0.44435983485979225
31,noMC | F-fooof-asym | z | ENR,-1.5175808020849715,-0.42816486407288135
31,noMC | F-fooof-asym | z | ENR+time,-0.08972260578504465,-0.46245673411224386
31,noMC | F-fooof-asym | z | SVR,-0.23029136083962531,-0.3396322553359049
31,noMC | F-fooof-asym | z | SVR+time,-0.16025019251495376,-0.18648672908650896
31,noMC | F-fooof-asym | z | Anchor,-0.14916855864478062,0.00805023292179739
31,noMC | F-fooof-asym | z | ICP,-0.027248069641924832,-0.01549398029517584
31,noMC | F-fooof-riem | riem | ENR,-0.2191496737774361,-0.28225300433500605
31,noMC | F-fooof-riem | riem | ENR+time,-0.2191496737774361,-0.28225300433500605
31,noMC | F-fooof-riem | riem | SVR,-0.3949193663443715,-0.37171411341619176
31,noMC | F-fooof-riem | riem | SVR+time,-0.3969220642150444,-0.3404103590963386
31,noMC | F-fooof-riem | riem | Anchor,-0.3947489111868894,-0.2652020537597416
31,noMC | F-fooof-riem | riem | ICP,-0.07010864059635913,-0.4398200955157079
31,MC | F-fooof-full | none | ENR,-0.16236754581953106,-0.41916947082333533
31,MC | F-fooof-full | none | ENR+time,-0.12628120295997847,-0.4334173657687663
31,MC | F-fooof-full | none | SVR,-0.3596765271156932,-0.5003893379057986
31,MC | F-fooof-full | none | SVR+time,-0.2575837191226933,-0.4313708410061966
31,MC | F-fooof-full | none | Anchor,-0.44893715143215207,-0.37278596660904556
31,MC | F-fooof-full | none | ICP,-0.2067957988462985,-0.31025703917374853
31,MC | F-fooof-full | z | ENR,-0.09855124272488536,-0.4037354750416585
31,MC | F-fooof-full | z | ENR+time,-0.09855124272488536,-0.4037354750416585
31,MC | F-fooof-full | z | SVR,-0.647170686910906,-0.40589522308910225
31,MC | F-fooof-full | z | SVR+time,-0.4562659237865556,-0.427575028780788
31,MC | F-fooof-full | z | Anchor,-0.5311113778134493,-0.17373475204252256
31,MC | F-fooof-full | z | ICP,-0.0734359809476739,-0.44845734599494613
31,MC | F-fooof-aper | none | ENR,-0.14914007489443692,-0.2825176590690379
31,MC | F-fooof-aper | none | ENR+time,-0.0734359809476739,-0.44845734599494613
31,MC | F-fooof-aper | none | SVR,-0.19352820999403342,-0.3761479952284789
31,MC | F-fooof-aper | none | SVR+time,-0.22944214127863516,-0.39157548984704343
31,MC | F-fooof-aper | none | Anchor,-0.15262783475204333,-0.2799332178102286
31,MC | F-fooof-aper | none | ICP,-0.1744164953688283,-0.2634549088416757
31,MC | F-fooof-aper | z | ENR,-0.0734359809476739,-0.44845734599494613
31,MC | F-fooof-aper | z | ENR+time,-0.0734359809476739,-0.44845734599494613
31,MC | F-fooof-aper | z | SVR,-0.16582980257687185,-0.4271658494687208
31,MC | F-fooof-aper | z | SVR+time,-0.211250076345449,-0.4406791704703401
31,MC | F-fooof-aper | z | Anchor,-0.2363686236319349,-0.3818720492046322
31,MC | F-fooof-aper | z | ICP,-0.0734359809476739,-0.44845734599494613
31,MC | F-fooof-rel | none | ENR,-0.13724040649926095,-0.3173120855013578
31,MC | F-fooof-rel | none | ENR+time,-0.11910091750136509,-0.3660347715028239
31,MC | F-fooof-rel | none | SVR,-0.3173727824538435,-0.4156313970371823
31,MC | F-fooof-rel | none | SVR+time,-0.25336424153973813,-0.3361357150915314
31,MC | F-fooof-rel | none | Anchor,-0.25481326119806447,-0.15861656410668834
31,MC | F-fooof-rel | none | ICP,-0.17453722415112938,-0.223200174361649
31,MC | F-fooof-rel | z | ENR,-0.0734359809476739,-0.44845734599494613
31,MC | F-fooof-rel | z | ENR+time,-0.0734359809476739,-0.44845734599494613
31,MC | F-fooof-rel | z | SVR,-0.32751909523874856,-0.2964413969532375
31,MC | F-fooof-rel | z | SVR+time,-0.2879171376209768,-0.4138967472246885
31,MC | F-fooof-rel | z | Anchor,-0.8358129740845199,-0.008710409103742222
31,MC | F-fooof-rel | z | ICP,-0.07488739864016214,-0.4359378964805085
31,MC | F-fooof-asym | none | ENR,-0.13925020787981635,-0.3479115666486482
31,MC | F-fooof-asym | none | ENR+time,-0.13925020787981635,-0.3479115666486482
31,MC | F-fooof-asym | none | SVR,-0.5064830317593303,-0.4060968618290397
31,MC | F-fooof-asym | none | SVR+time,-0.2427743647383347,-0.37222443567801633
31,MC | F-fooof-asym | none | Anchor,-0.2218117269851707,-0.2592220943749098
31,MC | F-fooof-asym | none | ICP,-0.14515762112524255,-0.3189840064059914
31,MC | F-fooof-asym | z | ENR,-0.34424647688039056,-0.2980151448356194
31,MC | F-fooof-asym | z | ENR+time,-0.32297301215174157,-0.3537420643410647
31,MC | F-fooof-asym | z | SVR,-0.3361546050628097,-0.23648993855073586
31,MC | F-fooof-asym | z | SVR+time,-0.2241705687677189,-0.14553952461510714
31,MC | F-fooof-asym | z | Anchor,-0.23817932078854387,-0.03727531304068946
31,MC | F-fooof-asym | z | ICP,-0.11748841101920915,-0.288967830105946
31,MC | F-fooof-riem | riem | ENR,-0.1900549483828302,-0.42788141227025317
31,MC | F-fooof-riem | riem | ENR+time,-0.14446681322475596,-0.4214830504330327
31,MC | F-fooof-riem | riem | SVR,-0.26625348028019946,-0.33854999197574337
31,MC | F-fooof-riem | riem | SVR+time,-0.29521663773326723,-0.30647811759532584
31,MC | F-fooof-riem | riem | Anchor,-0.2438662915470473,-0.12943431957067952
31,MC | F-fooof-riem | riem | ICP,-0.0734359809476739,-0.44845734599494613
32,noMC | F-fooof-full | none | ENR,-0.06537691846421967,-0.3998230255946617
32,noMC | F-fooof-full | none | ENR+time,-0.05337880816044738,-0.34405316635938027
32,noMC | F-fooof-full | none | SVR,-0.19284974164394275,-0.29813510106403435
32,noMC | F-fooof-full | none | SVR+time,-0.2242580666400611,-0.26427774238925034
32,noMC | F-fooof-full | none | Anchor,-1.3563419577104612,-0.3932502481315588
32,noMC | F-fooof-full | none | ICP,-0.1630773524339597,-0.25180299010654317
32,noMC | F-fooof-full | z | ENR,-0.07643102535048918,-0.3506501572526357
32,noMC | F-fooof-full | z | ENR+time,-0.04828536654492832,-0.3160599600992416
32,noMC | F-fooof-full | z | SVR,0.0033141913742441576,0.11567210771799225
32,noMC | F-fooof-full | z | SVR+time,-0.046646503586257326,-0.04507942815354215
32,noMC | F-fooof-full | z | Anchor,-3.5909999633566807,-0.15083830957230238
32,noMC | F-fooof-full | z | ICP,-0.05806427566215633,-0.2545604802714362
32,noMC | F-fooof-aper | none | ENR,-0.04445179764891449,-0.2908410479100073
32,noMC | F-fooof-aper | none | ENR+time,-0.04445179764891449,-0.2908410479100073
32,noMC | F-fooof-aper | none | SVR,-0.4988086638835485,-0.3615197109324346
32,noMC | F-fooof-aper | none | SVR+time,-0.47880210926236977,-0.3362022531702478
32,noMC | F-fooof-aper | none | Anchor,-0.24432263100084106,-0.47025749368499903
32,noMC | F-fooof-aper | none | ICP,-0.33205644856371275,-0.23563676410467416
32,noMC | F-fooof-aper | z | ENR,-0.24473971966110608,-0.23392334444107485
32,noMC | F-fooof-aper | z | ENR+time,-0.18912708611608453,-0.2859586000683182
32,noMC | F-fooof-aper | z | SVR,-0.4435234273977473,-0.22312447874527996
32,noMC | F-fooof-aper | z | SVR+time,-0.3640975334110996,-0.13783730307003356
32,noMC | F-fooof-aper | z | Anchor,-0.4321118132881425,-0.16297792202507078
32,noMC | F-fooof-aper | z | ICP,-0.5232187348856776,-0.21500594851204913
32,noMC | F-fooof-rel | none | ENR,-0.11636324482395355,-0.26542767106748766
32,noMC | F-fooof-rel | none | ENR+time,-0.09258234145499755,-0.2737695531686301
32,noMC | F-fooof-rel | none | SVR,-0.3280422982041906,-0.2689099400991328
32,noMC | F-fooof-rel | none | SVR+time,-0.4308893070271407,-0.3684334443774871
32,noMC | F-fooof-rel | none | Anchor,-0.605606604866312,-0.27653382832602225
32,noMC | F-fooof-rel | none | ICP,-0.13959029641246867,-0.33228540345958774
32,noMC | F-fooof-rel | z | ENR,-0.1327171360559598,-0.3079665013771675
32,noMC | F-fooof-rel | z | ENR+time,-0.049520850042832354,-0.3156124641910843
32,noMC | F-fooof-rel | z | SVR,-0.05811121960355603,0.04628702075392334
32,noMC | F-fooof-rel | z | SVR+time,-0.10098707656252759,-0.09115555994304808
32,noMC | F-fooof-rel | z | Anchor,-3.005602268280641,-0.2340870633696844
32,noMC | F-fooof-rel | z | ICP,-0.07126809726395522,-0.062230739323955314
32,noMC | F-fooof-asym | none | ENR,-0.1543637042508501,-0.4002823406692973
32,noMC | F-fooof-asym | none | ENR+time,-0.17815899209467534,-0.4140405704012632
32,noMC | F-fooof-asym | none | SVR,-0.4598084713518016,-0.30836922617849594
32,noMC | F-fooof-asym | none | SVR+time,-0.4089133457403622,-0.3965204936629997
32,noMC | F-fooof-asym | none | Anchor,-0.16109039441515272,-0.301546488401689
32,noMC | F-fooof-asym | none | ICP,-0.04445179764891449,-0.2908410479100073
32,noMC | F-fooof-asym | z | ENR,-0.1536376644097721,-0.34638219843671303
32,noMC | F-fooof-asym | z | ENR+time,-0.1821887302722156,-0.40810538084640435
32,noMC | F-fooof-asym | z | SVR,-0.3540878993882095,-0.30868346168300015
32,noMC | F-fooof-asym | z | SVR+time,-0.3158975077266699,-0.3153155178164795
32,noMC | F-fooof-asym | z | Anchor,-1.4925630281064817,-0.24531456023302317
32,noMC | F-fooof-asym | z | ICP,-0.3250778019643221,-0.1898115016558486
32,noMC | F-fooof-riem | riem | ENR,-0.0540386960065411,-0.30609324994261133
32,noMC | F-fooof-riem | riem | ENR+time,-0.0540386960065411,-0.30609324994261133
32,noMC | F-fooof-riem | riem | SVR,-0.09703934674535009,-0.08402137005642846
32,noMC | F-fooof-riem | riem | SVR+time,-0.07349141914667778,-0.073016241007714
32,noMC | F-fooof-riem | riem | Anchor,-0.941560054903108,-0.17932495032017298
32,noMC | F-fooof-riem | riem | ICP,-0.05626301663061839,-0.22329730839861178
32,MC | F-fooof-full | none | ENR,-0.09804071791007907,-0.453887960744056
32,MC | F-fooof-full | none | ENR+time,-0.05469416470740618,-0.3203058280228531
32,MC | F-fooof-full | none | SVR,-0.15289409904450157,-0.23471584299175738
32,MC | F-fooof-full | none | SVR+time,-0.5064921466188634,-0.3648042318452294
32,MC | F-fooof-full | none | Anchor,-2.7426225641233732,-0.3563119168842409
32,MC | F-fooof-full | none | ICP,-0.047114765319876906,-0.2877300297758405
32,MC | F-fooof-full | z | ENR,-0.09324049055035166,-0.360984567431091
32,MC | F-fooof-full | z | ENR+time,-0.06338912481561443,-0.3580992500308047
32,MC | F-fooof-full | z | SVR,-0.18490998350580634,-0.12480811868795609
32,MC | F-fooof-full | z | SVR+time,-0.12166428363763049,-0.1644310068660701
32,MC | F-fooof-full | z | Anchor,-3.21314458192394,-0.08239261344476746
32,MC | F-fooof-full | z | ICP,-0.05098997220796675,-0.0278628113751396
32,MC | F-fooof-aper | none | ENR,-0.047114765319876906,-0.2877300297758406
32,MC | F-fooof-aper | none | ENR+time,-0.047114765319876906,-0.2877300297758406
32,MC | F-fooof-aper | none | SVR,-0.4801289256372554,-0.32739817110893454
32,MC | F-fooof-aper | none | SVR+time,-0.49067070504827703,-0.33746146905769625
32,MC | F-fooof-aper | none | Anchor,-0.3754950115985951,-0.21929122776753862
32,MC | F-fooof-aper | none | ICP,-0.33139336226305693,-0.22887967944661214
32,MC | F-fooof-aper | z | ENR,-0.24235112125359315,-0.18798853985856295
32,MC | F-fooof-aper | z | ENR+time,-0.0977583395533872,-0.1451917191632941
32,MC | F-fooof-aper | z | SVR,-0.5079910211339984,-0.36452560057574307
32,MC | F-fooof-aper | z | SVR+time,-0.374137878427105,-0.21815385903995788
32,MC | F-fooof-aper | z | Anchor,-0.3461488871913114,-0.17707581118482563
32,MC | F-fooof-aper | z | ICP,-0.0111832208240219,0.09072091225547088
32,MC | F-fooof-rel | none | ENR,-0.12798864091014073,-0.2635646554106771
32,MC | F-fooof-rel | none | ENR+time,-0.12798864091014073,-0.2635646554106771
32,MC | F-fooof-rel | none | SVR,-0.27851214568483207,-0.23177715602462412
32,MC | F-fooof-rel | none | SVR+time,-0.36159427005447986,-0.3226822665209564
32,MC | F-fooof-rel | none | Anchor,-0.7169646376450003,-0.3090651587269547
32,MC | F-fooof-rel | none | ICP,-0.047114765319876906,-0.2877300297758405
32,MC | F-fooof-rel | z | ENR,-0.06867352213375266,-0.3001004962690208
32,MC | F-fooof-rel | z | ENR+time,-0.06867352213375266,-0.3001004962690208
32,MC | F-fooof-rel | z | SVR,-0.15402963257724567,-0.07078397116311468
32,MC | F-fooof-rel | z | SVR+time,-0.16172769108298213,-0.15229524377057638
32,MC | F-fooof-rel | z | Anchor,-2.945712118209545,-0.30726135635091145
32,MC | F-fooof-rel | z | ICP,-0.1504214151774914,-0.1711550180964767
32,MC | F-fooof-asym | none | ENR,-0.167437872893208,-0.3912567754699514
32,MC | F-fooof-asym | none | ENR+time,-0.2025341604202695,-0.41813202819360373
32,MC | F-fooof-asym | none | SVR,-0.4022107947066689,-0.381469628344111
32,MC | F-fooof-asym | none | SVR+time,-0.4316011740012844,-0.432979228757026
32,MC | F-fooof-asym | none | Anchor,-0.20460311669995535,-0.14718907326704958
32,MC | F-fooof-asym | none | ICP,-0.047114765319876906,-0.2877300297758405
32,MC | F-fooof-asym | z | ENR,-0.15615374787997927,-0.2660164014509805
32,MC | F-fooof-asym | z | ENR+time,-0.1765089927675194,-0.437146347284383
32,MC | F-fooof-asym | z | SVR,-0.31715617549082076,-0.40304491745074883
32,MC | F-fooof-asym | z | SVR+time,-0.36435022557977703,-0.3982698935946256
32,MC | F-fooof-asym | z | Anchor,-0.46980202564644635,-0.29910580046235125
32,MC | F-fooof-asym | z | ICP,-0.21741603913396568,-0.16810896355791952
32,MC | F-fooof-riem | riem | ENR,-0.12502706376808304,-0.23733333995983663
32,MC | F-fooof-riem | riem | ENR+time,-0.06060158980981756,-0.31765856653554975
32,MC | F-fooof-riem | riem | SVR,-0.1493127133417982,-0.11429245799118515
32,MC | F-fooof-riem | riem | SVR+time,-0.10244405831656245,-0.0885011100834345
32,MC | F-fooof-riem | riem | Anchor,-0.9061250524093263,-0.25342457364632004
32,MC | F-fooof-riem | riem | ICP,-0.05775749675871222,-0.1994794796586119
33,noMC | F-fooof-full | none | ENR,-0.1438973118115494,-0.12091079388337717
33,noMC | F-fooof-full | none | ENR+time,-0.14084368258049706,-0.11788761555703592
33,noMC | F-fooof-full | none | SVR,-0.2509405293053142,-0.14716041599429253
33,noMC | F-fooof-full | none | SVR+time,-0.14458165625495134,-0.134081591899034
33,noMC | F-fooof-full | none | Anchor,-0.14967728813822156,0.10259552587305733
33,noMC | F-fooof-full | none | ICP,-0.1005494713206958,-0.31599221646422565
33,noMC | F-fooof-full | z | ENR,-0.18835728982249944,-0.1936346515056523
33,noMC | F-fooof-full | z | ENR+time,-0.18835728982249944,-0.1936346515056523
33,noMC | F-fooof-full | z | SVR,-0.23947027223481654,-0.2537160875499159
33,noMC | F-fooof-full | z | SVR+time,-0.17985649866281994,-0.1251197295563402
33,noMC | F-fooof-full | z | Anchor,-6.5909158593098045,-0.31193184936055435
33,noMC | F-fooof-full | z | ICP,-0.059869822147432084,-0.07627124635284299
33,noMC | F-fooof-aper | none | ENR,-0.11781094018522564,-0.2899954469178765
33,noMC | F-fooof-aper | none | ENR+time,-0.11781094018522564,-0.2899954469178765
33,noMC | F-fooof-aper | none | SVR,-0.33396903966063385,-0.3036135927958171
33,noMC | F-fooof-aper | none | SVR+time,-0.36555137723450093,-0.29374060131742286
33,noMC | F-fooof-aper | none | Anchor,-0.3684445305859678,-0.2766776430540236
33,noMC | F-fooof-aper | none | ICP,-0.1379123835203362,-0.3029710428579482
33,noMC | F-fooof-aper | z | ENR,-0.05950446222392114,-0.4046537451940686
33,noMC | F-fooof-aper | z | ENR+time,-0.05950446222392114,-0.4046537451940686
33,noMC | F-fooof-aper | z | SVR,-0.20712508115302297,-0.2572112719269264
33,noMC | F-fooof-aper | z | SVR+time,-0.2899957742248691,-0.12146412690092163
33,noMC | F-fooof-aper | z | Anchor,-0.32542913641982274,-0.43243110924306655
33,noMC | F-fooof-aper | z | ICP,-0.05950446222392114,-0.4046537451940686
33,noMC | F-fooof-rel | none | ENR,-0.01792337790161258,0.11678372607787971
33,noMC | F-fooof-rel | none | ENR+time,-0.0171761570516491,0.11805001702593534
33,noMC | F-fooof-rel | none | SVR,-0.16640091841753857,-0.1303475339510563
33,noMC | F-fooof-rel | none | SVR+time,-0.15291215155717053,-0.11486722256893361
33,noMC | F-fooof-rel | none | Anchor,-0.038642609520573856,0.2081492216120455
33,noMC | F-fooof-rel | none | ICP,-0.05950446222392114,-0.4046537451940686
33,noMC | F-fooof-rel | z | ENR,-0.2390924960645846,-0.20217907147548247
33,noMC | F-fooof-rel | z | ENR+time,-0.2755711869304478,-0.12432985948750482
33,noMC | F-fooof-rel | z | SVR,-0.015837690647154012,0.09130029967371522
33,noMC | F-fooof-rel | z | SVR+time,-0.01435655358938459,0.09845834122526073
33,noMC | F-fooof-rel | z | Anchor,-2.2713690166168736,0.11915080195709296
33,noMC | F-fooof-rel | z | ICP,-0.08043943605597925,-0.2516549808093478
33,noMC | F-fooof-asym | none | ENR,-0.2246768955608509,-0.2648820792445352
33,noMC | F-fooof-asym | none | ENR+time,-0.17108177676763203,-0.2589990241430087
33,noMC | F-fooof-asym | none | SVR,-0.31799879289335253,-0.2677868783115773
33,noMC | F-fooof-asym | none | SVR+time,-0.2354077847955085,-0.2636092281403306
33,noMC | F-fooof-asym | none | Anchor,-0.27684142961125513,-0.2583740155380028
33,noMC | F-fooof-asym | none | ICP,-0.05950446222392114,-0.4046537451940686
33,noMC | F-fooof-asym | z | ENR,-5.963950100098326,-0.33976913784787466
33,noMC | F-fooof-asym | z | ENR+time,-6.940730302309521,-0.33431744213984993
33,noMC | F-fooof-asym | z | SVR,-0.037185206472057475,0.05493367748971857
33,noMC | F-fooof-asym | z | SVR+time,-0.11141547089754678,-0.03223128461817048
33,noMC | F-fooof-asym | z | Anchor,-2.0136908511260545,-0.19397288604190033
33,noMC | F-fooof-asym | z | ICP,-0.05950446222392114,-0.4046537451940686
33,noMC | F-fooof-riem | riem | ENR,-0.24507456322617305,-0.19954972605683485
33,noMC | F-fooof-riem | riem | ENR+time,-0.16840190424792212,-0.28784382457011604
33,noMC | F-fooof-riem | riem | SVR,-0.20527137659049632,-0.13683055031725622
33,noMC | F-fooof-riem | riem | SVR+time,-0.2082105924286659,-0.12983155289001658
33,noMC | F-fooof-riem | riem | Anchor,-1.1299677716478245,0.03567157625014945
33,noMC | F-fooof-riem | riem | ICP,-0.030582852333250088,-0.187573073575297
33,MC | F-fooof-full | none | ENR,-0.04968215203204518,-0.1918942010277333
33,MC | F-fooof-full | none | ENR+time,-0.04968215203204518,-0.1918942010277333
33,MC | F-fooof-full | none | SVR,-0.2589569108551071,-0.31130885625278637
33,MC | F-fooof-full | none | SVR+time,-0.22869242613989882,-0.2686420151379191
33,MC | F-fooof-full | none | Anchor,-0.12904347909047442,0.09707539753336153
33,MC | F-fooof-full | none | ICP,-0.07769267982251749,-0.1699257859168395
33,MC | F-fooof-full | z | ENR,-0.08172479449582148,-0.2829252885594893
33,MC | F-fooof-full | z | ENR+time,-0.08172479449582148,-0.2829252885594893
33,MC | F-fooof-full | z | SVR,-0.22323994363937105,-0.19499593500734203
33,MC | F-fooof-full | z | SVR+time,-0.21039519416892172,-0.19200166106794098
33,MC | F-fooof-full | z | Anchor,-0.17818755747747916,-0.02557073008691527
33,MC | F-fooof-full | z | ICP,-0.036232248934749745,0.03731767772783363
33,MC | F-fooof-aper | none | ENR,-0.12734733348311034,-0.3058670868794494
33,MC | F-fooof-aper | none | ENR+time,-0.12353935055194909,-0.30941011956832665
33,MC | F-fooof-aper | none | SVR,-0.18510212353900846,-0.376955877354066
33,MC | F-fooof-aper | none | SVR+time,-0.27586810618450786,-0.39723805078886937
33,MC | F-fooof-aper | none | Anchor,-0.1443056669597631,-0.29258021922063904
33,MC | F-fooof-aper | none | ICP,-0.18701789647275868,-0.2706201765160672
33,MC | F-fooof-aper | z | ENR,-0.11945523382748391,-0.4662300904097382
33,MC | F-fooof-aper | z | ENR+time,-0.06258503831237694,-0.4120331663329495
33,MC | F-fooof-aper | z | SVR,-0.34451911476321806,-0.2989150245361899
33,MC | F-fooof-aper | z | SVR+time,-0.35033554089705254,-0.21716474017161969
33,MC | F-fooof-aper | z | Anchor,-0.27431592678067696,-0.44520900306216
33,MC | F-fooof-aper | z | ICP,-0.06258503831237694,-0.4120331663329495
33,MC | F-fooof-rel | none | ENR,-0.008869662359817232,0.07458526826970988
33,MC | F-fooof-rel | none | ENR+time,-0.008869662359817232,0.07458526826970988
33,MC | F-fooof-rel | none | SVR,-0.21396522962190923,-0.22588861331372362
33,MC | F-fooof-rel | none | SVR+time,-0.20233603354249285,-0.22191752777970436
33,MC | F-fooof-rel | none | Anchor,-0.10618410542190349,0.15682545092257857
33,MC | F-fooof-rel | none | ICP,-0.06504970458032888,-0.30458201708155075
33,MC | F-fooof-rel | z | ENR,-0.0894514846809662,-0.05095689973646522
33,MC | F-fooof-rel | z | ENR+time,-0.08878164738329763,-0.05030122906262016
33,MC | F-fooof-rel | z | SVR,-0.04604613784785583,0.03681888718650378
33,MC | F-fooof-rel | z | SVR+time,-0.1444338104033922,-0.023229307195273413
33,MC | F-fooof-rel | z | Anchor,-0.3618168781876103,-0.043484958457622666
33,MC | F-fooof-rel | z | ICP,-0.06258503831237694,-0.4120331663329495
33,MC | F-fooof-asym | none | ENR,-0.22651736741710238,-0.2823014815858816
33,MC | F-fooof-asym | none | ENR+time,-0.14228578954766924,-0.25192439960597657
33,MC | F-fooof-asym | none | SVR,-0.20631613199220578,-0.17205893718415355
33,MC | F-fooof-asym | none | SVR+time,-0.14091549866732933,-0.22637194741379238
33,MC | F-fooof-asym | none | Anchor,-0.2551059004979095,-0.19617785028222226
33,MC | F-fooof-asym | none | ICP,-0.12092498648589745,-0.32824998912403924
33,MC | F-fooof-asym | z | ENR,-0.9649335728909483,-0.38466396564842575
33,MC | F-fooof-asym | z | ENR+time,-1.0706647442624866,-0.40268867988733403
33,MC | F-fooof-asym | z | SVR,-0.03556672387293003,0.2017038296358583
33,MC | F-fooof-asym | z | SVR+time,-0.20701557326787956,-0.16055208074699398
33,MC | F-fooof-asym | z | Anchor,-0.2174474140320113,0.002114585148241928
33,MC | F-fooof-asym | z | ICP,-0.07297670972689896,-0.28058158644465786
33,MC | F-fooof-riem | riem | ENR,-0.17007480228998406,-0.18333816653722337
33,MC | F-fooof-riem | riem | ENR+time,-0.17007480228998406,-0.18333816653722337
33,MC | F-fooof-riem | riem | SVR,-0.22807755023181908,-0.020016990362322296
33,MC | F-fooof-riem | riem | SVR+time,-0.1813294994434218,-0.14120865966194063
33,MC | F-fooof-riem | riem | Anchor,-0.3850793767965528,0.03596457977969869
33,MC | F-fooof-riem | riem | ICP,-0.03390059192572892,-0.20580860236297666
34,noMC | F-fooof-full | none | ENR,-0.03704433112396477,-0.11348285692496819
34,noMC | F-fooof-full | none | ENR+time,-0.042354878195580925,-0.12088377112426793
34,noMC | F-fooof-full | none | SVR,-0.24638572867068564,-0.163587999014985
34,noMC | F-fooof-full | none | SVR+time,-0.21514870066203562,-0.15809995859514203
34,noMC | F-fooof-full | none | Anchor,-0.366410783770732,-0.3990482803359379
34,noMC | F-fooof-full | none | ICP,-0.03916604216274289,-0.14398548403796746
34,noMC | F-fooof-full | z | ENR,-0.10648715994819957,-0.34080166026924064
34,noMC | F-fooof-full | z | ENR+time,-0.10648715994819957,-0.34080166026924064
34,noMC | F-fooof-full | z | SVR,-0.10437181787522953,-0.12236887864510787
34,noMC | F-fooof-full | z | SVR+time,-0.1281755321432858,-0.2224638321743008
34,noMC | F-fooof-full | z | Anchor,-0.5366148198197482,-0.20047432398512632
34,noMC | F-fooof-full | z | ICP,-0.2267967625829581,-0.22424671869541615
34,noMC | F-fooof-aper | none | ENR,-0.0787627504245314,-0.12219540590325918
34,noMC | F-fooof-aper | none | ENR+time,-0.038267708305036896,-0.13089657976601765
34,noMC | F-fooof-aper | none | SVR,-0.13697418618878054,-0.12015926045392947
34,noMC | F-fooof-aper | none | SVR+time,-0.1791651575527149,-0.17129091799126142
34,noMC | F-fooof-aper | none | Anchor,-0.23794452085024664,-0.1799072141952897
34,noMC | F-fooof-aper | none | ICP,-0.0763449950888393,-0.08565991096883896
34,noMC | F-fooof-aper | z | ENR,-0.03249111149105599,-0.22444171340295271
34,noMC | F-fooof-aper | z | ENR+time,-0.03249111149105599,-0.22444171340295271
34,noMC | F-fooof-aper | z | SVR,-0.23981113055601955,-0.3030881446622698
34,noMC | F-fooof-aper | z | SVR+time,-0.28675914180386464,-0.33551161924097334
34,noMC | F-fooof-aper | z | Anchor,-0.18627140185533064,-0.306993166871685
34,noMC | F-fooof-aper | z | ICP,-0.03249111149105599,-0.22444171340295255
34,noMC | F-fooof-rel | none | ENR,-0.04394756577295622,-0.1384891662270757
34,noMC | F-fooof-rel | none | ENR+time,-0.04447758215255626,-0.1535300402966727
34,noMC | F-fooof-rel | none | SVR,-0.030564379571145883,0.027455274219390584
34,noMC | F-fooof-rel | none | SVR+time,-0.06355279574275707,-0.04128027522776475
34,noMC | F-fooof-rel | none | Anchor,-0.07100080822578292,0.02520829614599169
34,noMC | F-fooof-rel | none | ICP,-0.044780185837100195,-0.1149623616806983
34,noMC | F-fooof-rel | z | ENR,-0.10907243472970829,-0.28530200900389646
34,noMC | F-fooof-rel | z | ENR+time,-0.06059147494520345,-0.2682703857168375
34,noMC | F-fooof-rel | z | SVR,-0.0858181006370815,-0.24474586623070374
34,noMC | F-fooof-rel | z | SVR+time,-0.10735911379546392,-0.27212217958978324
34,noMC | F-fooof-rel | z | Anchor,-1.7361123468003208,0.03474636025956675
34,noMC | F-fooof-rel | z | ICP,-0.01764406931940332,-0.07833862051514617
34,noMC | F-fooof-asym | none | ENR,-0.037110569664122295,-0.10724907276939516
34,noMC | F-fooof-asym | none | ENR+time,-0.052596221194377346,-0.16131876365337489
34,noMC | F-fooof-asym | none | SVR,-0.11246792598835786,-0.08582606436185904
34,noMC | F-fooof-asym | none | SVR+time,-0.10696367539689766,-0.1401624923462636
34,noMC | F-fooof-asym | none | Anchor,-0.15900242910982954,-0.08354167602379892
34,noMC | F-fooof-asym | none | ICP,-0.03249111149105599,-0.22444171340295255
34,noMC | F-fooof-asym | z | ENR,-0.03665759463230578,-0.15013687614717025
34,noMC | F-fooof-asym | z | ENR+time,-0.03877570408484132,-0.2466315235434334
34,noMC | F-fooof-asym | z | SVR,-0.15224435031103134,0.02265584264254686
34,noMC | F-fooof-asym | z | SVR+time,-0.03670560004556078,-0.11917332802058189
34,noMC | F-fooof-asym | z | Anchor,-0.23542117284640307,0.08294274797077232
34,noMC | F-fooof-asym | z | ICP,-0.027474015513335504,-0.22616841485900946
34,noMC | F-fooof-riem | riem | ENR,-0.03249111149105599,-0.22444171340295255
34,noMC | F-fooof-riem | riem | ENR+time,-0.03249111149105599,-0.22444171340295255
34,noMC | F-fooof-riem | riem | SVR,-0.10170320380325903,-0.20894459816620117
34,noMC | F-fooof-riem | riem | SVR+time,-0.09311303121734049,-0.2056783353859536
34,noMC | F-fooof-riem | riem | Anchor,-0.7817863560909746,-0.05264765513710333
34,noMC | F-fooof-riem | riem | ICP,-0.03249111149105599,-0.22444171340295255
34,MC | F-fooof-full | none | ENR,-0.11733235855474011,-0.14749298340742772
34,MC | F-fooof-full | none | ENR+time,-0.11656913079527009,-0.1625653176547512
34,MC | F-fooof-full | none | SVR,-0.12298350710782002,-0.15839698335375618
34,MC | F-fooof-full | none | SVR+time,-0.11580012131967221,-0.13746678644412214
34,MC | F-fooof-full | none | Anchor,-0.3876502884697095,0.014288721304301389
34,MC | F-fooof-full | none | ICP,-0.04138457637089665,-0.00038064916879546745
34,MC | F-fooof-full | z | ENR,-0.03394533561476076,-0.22129709477870785
34,MC | F-fooof-full | z | ENR+time,-0.03394533561476076,-0.22129709477870785
34,MC | F-fooof-full | z | SVR,-0.13978879860214555,-0.2511010097561878
34,MC | F-fooof-full | z | SVR+time,-0.11835924218042049,-0.18410234623718774
34,MC | F-fooof-full | z | Anchor,-0.7346754044269048,0.08960332747156963
34,MC | F-fooof-full | z | ICP,-0.04680591772302134,-0.0608802710711237
34,MC | F-fooof-aper | none | ENR,-0.10314545101179728,-0.16968192709144536
34,MC | F-fooof-aper | none | ENR+time,-0.10707224811520821,-0.18320749870702924
34,MC | F-fooof-aper | none | SVR,-0.10161017021297059,-0.07714946871583928
34,MC | F-fooof-aper | none | SVR+time,-0.1319624713185179,-0.1736332882022014
34,MC | F-fooof-aper | none | Anchor,-0.034882903867879955,0.09378176064591374
34,MC | F-fooof-aper | none | ICP,-0.14687255688052336,-0.196753141526273
34,MC | F-fooof-aper | z | ENR,-0.03394533561476076,-0.22129709477870785
34,MC | F-fooof-aper | z | ENR+time,-0.03394533561476076,-0.22129709477870785
34,MC | F-fooof-aper | z | SVR,-0.2655805309317074,-0.12633209293002945
34,MC | F-fooof-aper | z | SVR+time,-0.2359457570543333,-0.1733197445926974
34,MC | F-fooof-aper | z | Anchor,-0.03394533561476076,-0.22129709477870785
34,MC | F-fooof-aper | z | ICP,-0.03611246070979046,-0.12300844134476104
34,MC | F-fooof-rel | none | ENR,-0.04321240667456849,-0.06027467389335839
34,MC | F-fooof-rel | none | ENR+time,-0.04730415707200408,-0.17747987018276884
34,MC | F-fooof-rel | none | SVR,0.003269513613429864,0.14456583630735534
34,MC | F-fooof-rel | none | SVR+time,-0.10827042824066657,-0.0699883391626559
34,MC | F-fooof-rel | none | Anchor,-0.3047194434244578,0.08308202793230757
34,MC | F-fooof-rel | none | ICP,-0.028102005705245237,0.03674488965519264
34,MC | F-fooof-rel | z | ENR,-0.29530427923651326,-0.13286328668642916
34,MC | F-fooof-rel | z | ENR+time,-0.381420501403706,-0.13164749191705227
34,MC | F-fooof-rel | z | SVR,-0.025662403747485962,0.0942596627040981
34,MC | F-fooof-rel | z | SVR+time,-0.05999859348597614,-0.056651477499840446
34,MC | F-fooof-rel | z | Anchor,-0.67111085764555,-0.11954404062320646
34,MC | F-fooof-rel | z | ICP,-0.0505477519534312,-0.2951492778867002
34,MC | F-fooof-asym | none | ENR,-0.04077667447174149,-0.12116021296762616
34,MC | F-fooof-asym | none | ENR+time,-0.05306982347852984,-0.19172062545145685
34,MC | F-fooof-asym | none | SVR,-0.09227806598280908,0.03326325344518185
34,MC | F-fooof-asym | none | SVR+time,-0.1339147200436892,-0.01742768252557502
34,MC | F-fooof-asym | none | Anchor,-0.1286565026797808,7.66217306145782e-06
34,MC | F-fooof-asym | none | ICP,-0.03394533561476076,-0.22129709477870785
34,MC | F-fooof-asym | z | ENR,-0.7376887005948831,-0.13306926100926186
34,MC | F-fooof-asym | z | ENR+time,-0.04797782603625045,-0.21358402866638548
34,MC | F-fooof-asym | z | SVR,-1.0861665413519503,-0.39117005160950247
34,MC | F-fooof-asym | z | SVR+time,-0.20581892423875559,-0.2943067198000332
34,MC | F-fooof-asym | z | Anchor,-0.31587889719534634,-0.022140254967949986
34,MC | F-fooof-asym | z | ICP,-0.009450454564227773,-0.0025723898374720444
34,MC | F-fooof-riem | riem | ENR,-0.05457546369326827,-0.2501305305785507
34,MC | F-fooof-riem | riem | ENR+time,-0.04198906305073957,-0.23009899701727118
34,MC | F-fooof-riem | riem | SVR,-0.07198411527912096,-0.21420058553955854
34,MC | F-fooof-riem | riem | SVR+time,-0.08678829248330033,-0.2287842757632595
34,MC | F-fooof-riem | riem | Anchor,-0.4328977000210288,-0.015420158048889264
34,MC | F-fooof-riem | riem | ICP,-0.10176794532102185,0.16479580809125002
35,noMC | F-fooof-full | none | ENR,-0.03972892736608369,-0.2911977812786709
35,noMC | F-fooof-full | none | ENR+time,-0.03972892736608369,-0.2911977812786709
35,noMC | F-fooof-full | none | SVR,-0.23039925713744291,-0.24363310614213976
35,noMC | F-fooof-full | none | SVR+time,-0.25731256171907213,-0.2782127031929845
35,noMC | F-fooof-full | none | Anchor,-0.660410922367058,-0.36299733087862024
35,noMC | F-fooof-full | none | ICP,-0.0399492313670784,-0.21175858219899057
35,noMC | F-fooof-full | z | ENR,-0.1526780504425571,-0.16721795859365501
35,noMC | F-fooof-full | z | ENR+time,-0.1478150314370581,-0.16621134444506697
35,noMC | F-fooof-full | z | SVR,-0.23689787202623647,-0.28721345612240873
35,noMC | F-fooof-full | z | SVR+time,-0.21992650164895267,-0.19644955542235465
35,noMC | F-fooof-full | z | Anchor,-0.08986651435721305,0.019488957816117022
35,noMC | F-fooof-full | z | ICP,-0.051383677427837116,-0.08923867789466525
35,noMC | F-fooof-aper | none | ENR,-0.03972892736608369,-0.2911977812786709
35,noMC | F-fooof-aper | none | ENR+time,-0.03972892736608369,-0.2911977812786709
35,noMC | F-fooof-aper | none | SVR,-0.39442788571544285,-0.3274611844685875
35,noMC | F-fooof-aper | none | SVR+time,-0.3710295526685825,-0.3471974459911602
35,noMC | F-fooof-aper | none | Anchor,-0.33428037085530615,-0.31174579051989887
35,noMC | F-fooof-aper | none | ICP,-0.2589452814971194,-0.27790666705585193
35,noMC | F-fooof-aper | z | ENR,-0.061579807661018116,-0.07858047942136072
35,noMC | F-fooof-aper | z | ENR+time,-0.08160954013577015,-0.14357614752878828
35,noMC | F-fooof-aper | z | SVR,-0.12729623117330013,-0.05075950076112314
35,noMC | F-fooof-aper | z | SVR+time,-0.3361602124653291,-0.14699018010171871
35,noMC | F-fooof-aper | z | Anchor,-0.15057262035885977,-0.11779760970357653
35,noMC | F-fooof-aper | z | ICP,-0.06524980460975094,-0.033998881792814906
35,noMC | F-fooof-rel | none | ENR,-0.11678955838639316,-0.3026831637472931
35,noMC | F-fooof-rel | none | ENR+time,-0.10981124307796342,-0.31143062972327396
35,noMC | F-fooof-rel | none | SVR,-0.255694335559284,-0.15475533862876562
35,noMC | F-fooof-rel | none | SVR+time,-0.1894899217589907,-0.13566773671361204
35,noMC | F-fooof-rel | none | Anchor,-0.1982673464107636,-0.2090555430583202
35,noMC | F-fooof-rel | none | ICP,-0.05053592575867638,-0.22178353665956718
35,noMC | F-fooof-rel | z | ENR,-0.18966970428460872,-0.15648506970326728
35,noMC | F-fooof-rel | z | ENR+time,-0.1175450381649914,-0.15300428422829496
35,noMC | F-fooof-rel | z | SVR,-0.020946969295261963,0.1979101061493594
35,noMC | F-fooof-rel | z | SVR+time,-0.04283028954632373,0.11332988613024533
35,noMC | F-fooof-rel | z | Anchor,-0.9328387790341426,-0.150628644757887
35,noMC | F-fooof-rel | z | ICP,-0.033878064732499436,-0.05757647269160032
35,noMC | F-fooof-asym | none | ENR,-0.09726510584450287,-0.19273319781645426
35,noMC | F-fooof-asym | none | ENR+time,-0.24340436926247677,-0.23325949017964415
35,noMC | F-fooof-asym | none | SVR,-0.2805786545081541,-0.1646768197862362
35,noMC | F-fooof-asym | none | SVR+time,-0.10613626197190795,-0.023208995175535832
35,noMC | F-fooof-asym | none | Anchor,-0.12796796959764212,-0.08050173167544564
35,noMC | F-fooof-asym | none | ICP,-0.03972892736608369,-0.2911977812786709
35,noMC | F-fooof-asym | z | ENR,-0.17945387089220155,-0.25974173656544075
35,noMC | F-fooof-asym | z | ENR+time,-0.2168412659294121,-0.21201086353483906
35,noMC | F-fooof-asym | z | SVR,-0.11204788429063894,0.006652178383176333
35,noMC | F-fooof-asym | z | SVR+time,-0.10900897593892256,-0.03794903754857038
35,noMC | F-fooof-asym | z | Anchor,-0.13691181877081693,-0.1710274295254735
35,noMC | F-fooof-asym | z | ICP,-0.03972892736608369,-0.2911977812786709
35,noMC | F-fooof-riem | riem | ENR,-0.02582202620476437,-0.04567089438377306
35,noMC | F-fooof-riem | riem | ENR+time,-0.03703040067057173,-0.10329136514517642
35,noMC | F-fooof-riem | riem | SVR,-0.26524851050241516,-0.21338711788579118
35,noMC | F-fooof-riem | riem | SVR+time,-0.32936271701965314,-0.14791181985750984
35,noMC | F-fooof-riem | riem | Anchor,-0.14715158176848675,0.10553496408921803
35,noMC | F-fooof-riem | riem | ICP,-0.03986759180575716,-0.23279702929402496
35,MC | F-fooof-full | none | ENR,-0.050538180053413484,-0.31892473793525616
35,MC | F-fooof-full | none | ENR+time,-0.050538180053413484,-0.31892473793525616
35,MC | F-fooof-full | none | SVR,-0.2679671991982915,-0.21940406449376276
35,MC | F-fooof-full | none | SVR+time,-0.2777101442130019,-0.14367624022291378
35,MC | F-fooof-full | none | Anchor,-0.1079783351140653,-0.05778765402366652
35,MC | F-fooof-full | none | ICP,-0.061937339811535264,-0.1477802579714952
35,MC | F-fooof-full | z | ENR,-0.20143964230814082,0.1471123395039654
35,MC | F-fooof-full | z | ENR+time,-0.07613095807727688,-0.10953382935754924
35,MC | F-fooof-full | z | SVR,-0.3370198955753039,0.015672773022241036
35,MC | F-fooof-full | z | SVR+time,-0.3969269441674679,-0.0034842529962708715
35,MC | F-fooof-full | z | Anchor,-0.8777797880551244,0.13999196702548922
35,MC | F-fooof-full | z | ICP,-0.8265275501286227,0.10269271233593619
35,MC | F-fooof-aper | none | ENR,-0.041714863292866555,-0.28984325939436173
35,MC | F-fooof-aper | none | ENR+time,-0.041714863292866555,-0.28984325939436173
35,MC | F-fooof-aper | none | SVR,-0.39828598527315595,-0.32222887947015627
35,MC | F-fooof-aper | none | SVR+time,-0.40940013146557663,-0.3109477261869673
35,MC | F-fooof-aper | none | Anchor,-0.2007925016171943,-0.24635468390312212
35,MC | F-fooof-aper | none | ICP,-0.041714863292866555,-0.28984325939436173
35,MC | F-fooof-aper | z | ENR,-0.06502806135821637,-0.12380173411631062
35,MC | F-fooof-aper | z | ENR+time,-0.11920899624536219,-0.12011709446425423
35,MC | F-fooof-aper | z | SVR,-0.030242797022855594,0.13505210053599942
35,MC | F-fooof-aper | z | SVR+time,-0.16582728229833976,-0.04553507464811908
35,MC | F-fooof-aper | z | Anchor,-0.07030488094546339,-0.05135244642912906
35,MC | F-fooof-aper | z | ICP,-0.05045651008234975,-0.09781493268329672
35,MC | F-fooof-rel | none | ENR,-0.10346928712354031,-0.31731714314583537
35,MC | F-fooof-rel | none | ENR+time,-0.09748895102599398,-0.33087887840011476
35,MC | F-fooof-rel | none | SVR,-0.12055851903771475,-0.06654139004911201
35,MC | F-fooof-rel | none | SVR+time,-0.10587070058426917,-0.014904848354699709
35,MC | F-fooof-rel | none | Anchor,-0.2661358350994527,-0.10945982169389218
35,MC | F-fooof-rel | none | ICP,-0.08070060261876866,-0.05470177535992939
35,MC | F-fooof-rel | z | ENR,-0.20173656746195,-0.12816497850437633
35,MC | F-fooof-rel | z | ENR+time,-0.2272038145180495,-0.10112196374245871
35,MC | F-fooof-rel | z | SVR,-0.09959699872952199,0.09984786776530594
35,MC | F-fooof-rel | z | SVR+time,-0.07414200147900774,0.02658678245273867
35,MC | F-fooof-rel | z | Anchor,-0.4924105063622406,-0.04865748367391013
35,MC | F-fooof-rel | z | ICP,-0.06154507280757793,-0.21579972878809045
35,MC | F-fooof-asym | none | ENR,-0.09278319626185261,-0.13181144094842678
35,MC | F-fooof-asym | none | ENR+time,-0.14197007579656873,-0.09433033894291074
35,MC | F-fooof-asym | none | SVR,-0.2588763810358188,-0.12335645444795333
35,MC | F-fooof-asym | none | SVR+time,-0.062159230849860414,0.051648034827444636
35,MC | F-fooof-asym | none | Anchor,-0.14777388455819107,-0.0409458185139395
35,MC | F-fooof-asym | none | ICP,-0.04601781512756786,-0.07010118978974413
35,MC | F-fooof-asym | z | ENR,-0.17148245018955754,-0.2181877057648555
35,MC | F-fooof-asym | z | ENR+time,-0.186871035205477,-0.21122896035980096
35,MC | F-fooof-asym | z | SVR,-0.11179204902815032,0.08368443460514596
35,MC | F-fooof-asym | z | SVR+time,-0.18195364900798316,0.020834571110260554
35,MC | F-fooof-asym | z | Anchor,-0.1988141470355378,-0.17650086224855466
35,MC | F-fooof-asym | z | ICP,-0.04423244238981505,0.16124193971734924
35,MC | F-fooof-riem | riem | ENR,0.03530740312210301,0.2833968758792954
35,MC | F-fooof-riem | riem | ENR+time,0.030983242260656962,0.24492213354107395
35,MC | F-fooof-riem | riem | SVR,-0.29220527260877427,-0.17920775203084185
35,MC | F-fooof-riem | riem | SVR+time,-0.25695242314294875,-0.09118691890886102
35,MC | F-fooof-riem | riem | Anchor,-0.7033855828797617,0.16200159837653327
35,MC | F-fooof-riem | riem | ICP,-0.050496713516516856,-0.23322992131286888
36,noMC | F-fooof-full | none | ENR,-0.0625255923612702,-0.40128135958744526
36,noMC | F-fooof-full | none | ENR+time,-0.0625255923612702,-0.4012813595874453
36,noMC | F-fooof-full | none | SVR,-0.27187686839252256,-0.28867141034208343
36,noMC | F-fooof-full | none | SVR+time,-0.4041985223881335,-0.38283183104073165
36,noMC | F-fooof-full | none | Anchor,-0.775769661763503,-0.32068037942735106
36,noMC | F-fooof-full | none | ICP,-0.3129576377507379,-0.3688847077165221
36,noMC | F-fooof-full | z | ENR,-0.2599748730403013,-0.37118576505043177
36,noMC | F-fooof-full | z | ENR+time,-0.18727196482739794,-0.43120921808431883
36,noMC | F-fooof-full | z | SVR,-0.254709441877893,-0.2042984434461999
36,noMC | F-fooof-full | z | SVR+time,-0.23528087512117835,-0.21904178061853163
36,noMC | F-fooof-full | z | Anchor,-0.5124201041456067,0.013097710894404507
36,noMC | F-fooof-full | z | ICP,-0.08214932601643765,-0.23001144361697334
36,noMC | F-fooof-aper | none | ENR,-0.04402209092939868,-0.3320305172659447
36,noMC | F-fooof-aper | none | ENR+time,-0.04402209092939868,-0.3320305172659447
36,noMC | F-fooof-aper | none | SVR,-0.46569094355393204,-0.36096976166498995
36,noMC | F-fooof-aper | none | SVR+time,-0.4723833611646875,-0.3750580656762694
36,noMC | F-fooof-aper | none | Anchor,-0.2743839862206754,-0.28734761980383894
36,noMC | F-fooof-aper | none | ICP,-0.194819733939402,-0.28148743323533554
36,noMC | F-fooof-aper | z | ENR,-0.20852580045969993,-0.3949954242070527
36,noMC | F-fooof-aper | z | ENR+time,-0.20877358856964978,-0.3791763830120697
36,noMC | F-fooof-aper | z | SVR,-0.1935473812948667,-0.2870151800764992
36,noMC | F-fooof-aper | z | SVR+time,-0.25004242627996676,-0.3062575541932105
36,noMC | F-fooof-aper | z | Anchor,-0.24924069305768937,-0.31570040325180615
36,noMC | F-fooof-aper | z | ICP,-0.20534883359190292,-0.3812897664804904
36,noMC | F-fooof-rel | none | ENR,-0.13763637984519383,-0.44258764411535423
36,noMC | F-fooof-rel | none | ENR+time,-0.1439939308422693,-0.4503998361722357
36,noMC | F-fooof-rel | none | SVR,-0.22268724034788545,-0.20204503581367736
36,noMC | F-fooof-rel | none | SVR+time,-0.25696990202307424,-0.23052342391407563
36,noMC | F-fooof-rel | none | Anchor,-0.48774412724508664,-0.22912129143688248
36,noMC | F-fooof-rel | none | ICP,-0.16873100738379532,-0.42066772374117795
36,noMC | F-fooof-rel | z | ENR,-0.1637754769728248,-0.28349103839150636
36,noMC | F-fooof-rel | z | ENR+time,-0.18104228039645132,-0.3751323011231624
36,noMC | F-fooof-rel | z | SVR,-0.12290566498519095,0.00770758773253246
36,noMC | F-fooof-rel | z | SVR+time,-0.21447794381634178,0.03308203340121287
36,noMC | F-fooof-rel | z | Anchor,-0.6283850494263659,-0.15169286267213444
36,noMC | F-fooof-rel | z | ICP,-0.17912993910910435,-0.1711317519682709
36,noMC | F-fooof-asym | none | ENR,-0.1970520479561626,-0.48331188745876486
36,noMC | F-fooof-asym | none | ENR+time,-0.1978795042238477,-0.4840183015156961
36,noMC | F-fooof-asym | none | SVR,-0.5598390976613785,-0.4817505357496019
36,noMC | F-fooof-asym | none | SVR+time,-0.5025666599734901,-0.4541682102531102
36,noMC | F-fooof-asym | none | Anchor,-0.2204077134107476,-0.44506544433964706
36,noMC | F-fooof-asym | none | ICP,-0.04402209092939868,-0.3320305172659447
36,noMC | F-fooof-asym | z | ENR,-0.149769263671107,-0.3457716938659946
36,noMC | F-fooof-asym | z | ENR+time,-0.21967449264511307,-0.4619178338109099
36,noMC | F-fooof-asym | z | SVR,-0.5375484089640261,-0.06554734195201908
36,noMC | F-fooof-asym | z | SVR+time,-0.34484536231344953,0.04409434508279511
36,noMC | F-fooof-asym | z | Anchor,-0.9300641271086454,-0.25700829889322463
36,noMC | F-fooof-asym | z | ICP,-0.07803520952721255,-0.25283393648129393
36,noMC | F-fooof-riem | riem | ENR,-0.04402209092939868,-0.3320305172659447
36,noMC | F-fooof-riem | riem | ENR+time,-0.04402209092939868,-0.3320305172659447
36,noMC | F-fooof-riem | riem | SVR,-0.35340644246596775,-0.16242361271350092
36,noMC | F-fooof-riem | riem | SVR+time,-0.375668461197012,-0.17053159973303936
36,noMC | F-fooof-riem | riem | Anchor,-0.8685857193348561,-0.3490374202019968
36,noMC | F-fooof-riem | riem | ICP,-0.04268327365901481,-0.2568281223336798
36,MC | F-fooof-full | none | ENR,-0.14115911444269158,-0.49715889975740535
36,MC | F-fooof-full | none | ENR+time,-0.07040839433319745,-0.37077185219303677
36,MC | F-fooof-full | none | SVR,-0.27151109806883356,-0.22178350844209888
36,MC | F-fooof-full | none | SVR+time,-0.31829679623692964,-0.32996817345871954
36,MC | F-fooof-full | none | Anchor,-1.326692565416022,-0.273577958920201
36,MC | F-fooof-full | none | ICP,-0.04684972995656733,-0.3343160114380157
36,MC | F-fooof-full | z | ENR,-0.35062262216102913,-0.3908035385841252
36,MC | F-fooof-full | z | ENR+time,-0.34326670167754236,-0.39721396687908106
36,MC | F-fooof-full | z | SVR,-0.4832719173979825,-0.337902304032002
36,MC | F-fooof-full | z | SVR+time,-0.42793154903466246,-0.3705950512032937
36,MC | F-fooof-full | z | Anchor,-0.5765979485846999,-0.3833909360263655
36,MC | F-fooof-full | z | ICP,-0.07407083482495458,0.12903052102938928
36,MC | F-fooof-aper | none | ENR,-0.04684972995656733,-0.3343160114380157
36,MC | F-fooof-aper | none | ENR+time,-0.04684972995656733,-0.3343160114380157
36,MC | F-fooof-aper | none | SVR,-0.4620701571656527,-0.331815190515546
36,MC | F-fooof-aper | none | SVR+time,-0.3808443988876091,-0.2861898612844749
36,MC | F-fooof-aper | none | Anchor,-0.17104332104761255,-0.2256582928332635
36,MC | F-fooof-aper | none | ICP,-0.04684972995656733,-0.3343160114380157
36,MC | F-fooof-aper | z | ENR,-0.17530120705813013,-0.3661662510828002
36,MC | F-fooof-aper | z | ENR+time,-0.13131222411171772,-0.4095846217601909
36,MC | F-fooof-aper | z | SVR,-0.37791576624780565,-0.30196007682862314
36,MC | F-fooof-aper | z | SVR+time,-0.3638642398707579,-0.39829079735304707
36,MC | F-fooof-aper | z | Anchor,-0.25113072874512854,-0.20649622576333762
36,MC | F-fooof-aper | z | ICP,-0.16576277685749852,-0.39741103176354087
36,MC | F-fooof-rel | none | ENR,-0.12489074833159508,-0.4687824890890463
36,MC | F-fooof-rel | none | ENR+time,-0.13002784093835285,-0.47626725614088655
36,MC | F-fooof-rel | none | SVR,-0.2331189527902906,-0.1810991463504917
36,MC | F-fooof-rel | none | SVR+time,-0.2816344274763307,-0.25895468832092056
36,MC | F-fooof-rel | none | Anchor,-0.5631859787598035,-0.274925718001915
36,MC | F-fooof-rel | none | ICP,-0.1712533290848557,-0.4453542909739481
36,MC | F-fooof-rel | z | ENR,-0.14198500083326504,0.20782818644035736
36,MC | F-fooof-rel | z | ENR+time,-0.10770287663272748,-0.10165042162512872
36,MC | F-fooof-rel | z | SVR,-0.21300850379397196,-0.19105077282734947
36,MC | F-fooof-rel | z | SVR+time,-0.29148672412938725,-0.18989047775816195
36,MC | F-fooof-rel | z | Anchor,-1.8136428905576278,0.1392356334786533
36,MC | F-fooof-rel | z | ICP,-0.11662669256676939,-0.16672334304260955
36,MC | F-fooof-asym | none | ENR,-0.20372207006369036,-0.5126589653333822
36,MC | F-fooof-asym | none | ENR+time,-0.2078207055831005,-0.5129023904755575
36,MC | F-fooof-asym | none | SVR,-0.547215256050515,-0.512836717443237
36,MC | F-fooof-asym | none | SVR+time,-0.4886861096927042,-0.5242579529906555
36,MC | F-fooof-asym | none | Anchor,-0.2274173152349721,-0.4648017142924403
36,MC | F-fooof-asym | none | ICP,-0.06777210428645875,-0.256931228793136
36,MC | F-fooof-asym | z | ENR,-0.2466738690354926,-0.3855691345649249
36,MC | F-fooof-asym | z | ENR+time,-0.27487436298488066,-0.468142582168699
36,MC | F-fooof-asym | z | SVR,-0.31484339810978956,-0.1590693098277916
36,MC | F-fooof-asym | z | SVR+time,-0.2584965953912164,-0.0599922209058336
36,MC | F-fooof-asym | z | Anchor,-0.5979509477714176,-0.31709892984420496
36,MC | F-fooof-asym | z | ICP,-0.11958721466386413,-0.2001987061670787
36,MC | F-fooof-riem | riem | ENR,-0.0555223979332482,-0.32428022788333943
36,MC | F-fooof-riem | riem | ENR+time,-0.0555223979332482,-0.32428022788333943
36,MC | F-fooof-riem | riem | SVR,-0.2927045859870774,-0.18254127178610538
36,MC | F-fooof-riem | riem | SVR+time,-0.4161455702380099,-0.17677643066316007
36,MC | F-fooof-riem | riem | Anchor,-0.8888662155620697,-0.32202218458606485
36,MC | F-fooof-riem | riem | ICP,-0.04339444808277304,-0.2008886494658078
37,noMC | F-fooof-full | none | ENR,-0.06032113123333116,-0.23739770087278494
37,noMC | F-fooof-full | none | ENR+time,-0.08206251103582596,-0.23303883777303155
37,noMC | F-fooof-full | none | SVR,-0.17178811467915955,-0.08366969397243078
37,noMC | F-fooof-full | none | SVR+time,-0.22578804875544312,-0.20143820231889825
37,noMC | F-fooof-full | none | Anchor,-0.26696102779715347,-0.23482517524712992
37,noMC | F-fooof-full | none | ICP,-0.0739127058777529,-0.17945016514651196
37,noMC | F-fooof-full | z | ENR,-0.058296237034807685,-0.21886508281909758
37,noMC | F-fooof-full | z | ENR+time,-0.046023783214008906,-0.2373201775240747
37,noMC | F-fooof-full | z | SVR,-0.20989631266722686,-0.10464611432335064
37,noMC | F-fooof-full | z | SVR+time,-0.11423866331540666,-0.010987606716365783
37,noMC | F-fooof-full | z | Anchor,-0.3613029529687455,-0.10071798090598005
37,noMC | F-fooof-full | z | ICP,-0.0787772641552762,-0.02430172855390506
37,noMC | F-fooof-aper | none | ENR,-0.03510421002606323,-0.24365948564825388
37,noMC | F-fooof-aper | none | ENR+time,-0.03510421002606323,-0.24365948564825388
37,noMC | F-fooof-aper | none | SVR,-0.27477190764973347,-0.196172140709991
37,noMC | F-fooof-aper | none | SVR+time,-0.25379731321023047,-0.27911853508540263
37,noMC | F-fooof-aper | none | Anchor,-0.2346447455461178,-0.23840752855563735
37,noMC | F-fooof-aper | none | ICP,-0.03510421002606323,-0.2436594856482539
37,noMC | F-fooof-aper | z | ENR,-0.04804778961111844,-0.2383025275692416
37,noMC | F-fooof-aper | z | ENR+time,-0.03797587795000168,-0.24391581818601782
37,noMC | F-fooof-aper | z | SVR,-0.18057987255425068,-0.12064311606692835
37,noMC | F-fooof-aper | z | SVR+time,-0.17908711746999617,-0.20236030763420945
37,noMC | F-fooof-aper | z | Anchor,-0.10295233174810448,-0.17820817168528408
37,noMC | F-fooof-aper | z | ICP,-0.05962610296249049,-0.23250378107261352
37,noMC | F-fooof-rel | none | ENR,-0.08542490582724738,-0.2766603421819731
37,noMC | F-fooof-rel | none | ENR+time,-0.08369622391279408,-0.2773545302933853
37,noMC | F-fooof-rel | none | SVR,-0.23781478227653352,-0.08482811307185886
37,noMC | F-fooof-rel | none | SVR+time,-0.14667703737417348,0.04868100246851471
37,noMC | F-fooof-rel | none | Anchor,-0.43385129944997125,-0.11306571180608119
37,noMC | F-fooof-rel | none | ICP,-0.11110628731511563,-0.2674074145211537
37,noMC | F-fooof-rel | z | ENR,-0.11009186700536411,-0.12375448414339406
37,noMC | F-fooof-rel | z | ENR+time,-0.05788177294469543,-0.1929382387279964
37,noMC | F-fooof-rel | z | SVR,-0.21803291157377602,0.04575424536622468
37,noMC | F-fooof-rel | z | SVR+time,-0.1863826937694535,-0.03902786115763311
37,noMC | F-fooof-rel | z | Anchor,-0.6965674114263194,-0.07112739956362245
37,noMC | F-fooof-rel | z | ICP,-0.05711935368054921,-0.0977665809982346
37,noMC | F-fooof-asym | none | ENR,-0.2917566005632515,-0.2586155436364585
37,noMC | F-fooof-asym | none | ENR+time,-0.1443855097350073,-0.22810917222660465
37,noMC | F-fooof-asym | none | SVR,-0.2873715056575239,-0.18056170039896788
37,noMC | F-fooof-asym | none | SVR+time,-0.293582044768919,-0.17277002870518246
37,noMC | F-fooof-asym | none | Anchor,-0.5935417915735304,-0.22665162593263843
37,noMC | F-fooof-asym | none | ICP,-0.03510421002606323,-0.2436594856482539
37,noMC | F-fooof-asym | z | ENR,-0.37877949304793157,-0.08436396188404667
37,noMC | F-fooof-asym | z | ENR+time,-0.28723845646950075,-0.09199525147095416
37,noMC | F-fooof-asym | z | SVR,-0.07223086815758162,0.02191353848814354
37,noMC | F-fooof-asym | z | SVR+time,-0.12352982878282903,-0.023029522372716084
37,noMC | F-fooof-asym | z | Anchor,-0.21115863641993782,-0.19708168955473282
37,noMC | F-fooof-asym | z | ICP,-0.03510421002606323,-0.2436594856482539
37,noMC | F-fooof-riem | riem | ENR,-0.04847506999438811,-0.13696345787405023
37,noMC | F-fooof-riem | riem | ENR+time,-0.04847506999438811,-0.13696345787405023
37,noMC | F-fooof-riem | riem | SVR,-0.2869666368682646,-0.23650382752742288
37,noMC | F-fooof-riem | riem | SVR+time,-0.2829561506668117,-0.22926317495660448
37,noMC | F-fooof-riem | riem | Anchor,-0.3507607798442425,-0.1449129988562888
37,noMC | F-fooof-riem | riem | ICP,-0.03510421002606323,-0.2436594856482539
37,MC | F-fooof-full | none | ENR,-0.10029862500566789,-0.21709002754991286
37,MC | F-fooof-full | none | ENR+time,-0.09854556894299504,-0.21955052234553166
37,MC | F-fooof-full | none | SVR,-0.08925430530435352,0.05583383198547581
37,MC | F-fooof-full | none | SVR+time,-0.19475765489591823,-0.06625078361310882
37,MC | F-fooof-full | none | Anchor,-0.44249001935152577,-0.0743467955123789
37,MC | F-fooof-full | none | ICP,-0.027038389160833676,-0.0774302520189525
37,MC | F-fooof-full | z | ENR,-0.07839883553339422,-0.19354430036292486
37,MC | F-fooof-full | z | ENR+time,-0.07531939239550378,-0.19620396893860698
37,MC | F-fooof-full | z | SVR,-0.1354569976631137,0.07312790193287448
37,MC | F-fooof-full | z | SVR+time,-0.11173204600065034,-0.01298626266123782
37,MC | F-fooof-full | z | Anchor,-0.6612572422825973,-0.046285451274098104
37,MC | F-fooof-full | z | ICP,-0.1415604071021428,-0.09022978717019683
37,MC | F-fooof-aper | none | ENR,-0.0366481571427093,-0.2440909740823587
37,MC | F-fooof-aper | none | ENR+time,-0.0366481571427093,-0.2440909740823587
37,MC | F-fooof-aper | none | SVR,-0.27428596199982125,-0.21499868011678896
37,MC | F-fooof-aper | none | SVR+time,-0.25236454853114365,-0.29589517841434787
37,MC | F-fooof-aper | none | Anchor,-0.2712268711859611,-0.24478746480275076
37,MC | F-fooof-aper | none | ICP,-0.14727027731591003,-0.2367042556079269
37,MC | F-fooof-aper | z | ENR,-0.0366481571427093,-0.2440909740823587
37,MC | F-fooof-aper | z | ENR+time,-0.0366481571427093,-0.2440909740823587
37,MC | F-fooof-aper | z | SVR,-0.08720152535068659,-0.005990937226865861
37,MC | F-fooof-aper | z | SVR+time,-0.18969627432573843,-0.18787469027288978
37,MC | F-fooof-aper | z | Anchor,-0.07187182602951703,-0.16918325339044515
37,MC | F-fooof-aper | z | ICP,-0.0366481571427093,-0.2440909740823587
37,MC | F-fooof-rel | none | ENR,-0.14863839982068972,-0.19523590522344694
37,MC | F-fooof-rel | none | ENR+time,-0.08594653294123722,-0.2649189031035397
37,MC | F-fooof-rel | none | SVR,-0.14597888969811268,-0.029423657214960902
37,MC | F-fooof-rel | none | SVR+time,-0.13156646107181436,-0.007990950721138389
37,MC | F-fooof-rel | none | Anchor,-0.564791045958871,-0.0599355218392016
37,MC | F-fooof-rel | none | ICP,-0.11370569213486559,-0.26352461899397817
37,MC | F-fooof-rel | z | ENR,-0.24030911018669965,-0.0865103742326026
37,MC | F-fooof-rel | z | ENR+time,-0.12810041401418637,-0.10969798563956014
37,MC | F-fooof-rel | z | SVR,-0.23054595007765544,-0.025450014266122086
37,MC | F-fooof-rel | z | SVR+time,-0.1718682669618774,-0.11659427762488485
37,MC | F-fooof-rel | z | Anchor,-0.4769670620791868,-0.08179878097366705
37,MC | F-fooof-rel | z | ICP,-0.07811684293106791,-0.14976705410181998
37,MC | F-fooof-asym | none | ENR,-0.1468948285424112,-0.24406160811279498
37,MC | F-fooof-asym | none | ENR+time,-0.10945268058072144,-0.24220149474233788
37,MC | F-fooof-asym | none | SVR,-0.2789318986088991,-0.15079083849305736
37,MC | F-fooof-asym | none | SVR+time,-0.13489462861942658,-0.12951498056651023
37,MC | F-fooof-asym | none | Anchor,-0.20225384312384587,-0.1587238021681201
37,MC | F-fooof-asym | none | ICP,-0.0366481571427093,-0.2440909740823587
37,MC | F-fooof-asym | z | ENR,-0.15003943811589937,-0.18254679012323602
37,MC | F-fooof-asym | z | ENR+time,-0.13296774396957445,-0.1933786196083414
37,MC | F-fooof-asym | z | SVR,-0.03064452306321086,0.13515481351234276
37,MC | F-fooof-asym | z | SVR+time,-0.07324293534026816,0.0012594684294659209
37,MC | F-fooof-asym | z | Anchor,-0.24334983101381136,-0.18291996610285066
37,MC | F-fooof-asym | z | ICP,-0.0820395337688169,-0.007183703251986272
37,MC | F-fooof-riem | riem | ENR,-0.08632576699751349,-0.16000201734866745
37,MC | F-fooof-riem | riem | ENR+time,-0.0652484020093036,-0.17094259298988573
37,MC | F-fooof-riem | riem | SVR,-0.3005258454060171,-0.2149605556932469
37,MC | F-fooof-riem | riem | SVR+time,-0.3045478086936728,-0.20681168729407984
37,MC | F-fooof-riem | riem | Anchor,-0.6949526121740737,-0.007266030924280943
37,MC | F-fooof-riem | riem | ICP,-0.11666735061628142,-0.12548830195010122
38,noMC | F-fooof-full | none | ENR,-0.037527301154160364,-0.26746568097935985
38,noMC | F-fooof-full | none | ENR+time,-0.037527301154160364,-0.26746568097935985
38,noMC | F-fooof-full | none | SVR,-0.3732442719148257,-0.27699806934169374
38,noMC | F-fooof-full | none | SVR+time,-0.32709458505562816,-0.281906077154471
38,noMC | F-fooof-full | none | Anchor,-0.8440322459838006,-0.3046481331544947
38,noMC | F-fooof-full | none | ICP,-0.15864240725157797,-0.2535273840735568
38,noMC | F-fooof-full | z | ENR,-0.03956718450225338,-0.26713647649036876
38,noMC | F-fooof-full | z | ENR+time,-0.03956718450225338,-0.26713647649036876
38,noMC | F-fooof-full | z | SVR,-0.1545135220546452,-0.20439661149287477
38,noMC | F-fooof-full | z | SVR+time,-0.09978024665938401,-0.10240359039131602
38,noMC | F-fooof-full | z | Anchor,-0.46581769219332014,-0.09169265701120562
38,noMC | F-fooof-full | z | ICP,-0.07941007236702102,-0.2266151812686985
38,noMC | F-fooof-aper | none | ENR,-0.037527301154160364,-0.26746568097935985
38,noMC | F-fooof-aper | none | ENR+time,-0.037527301154160364,-0.26746568097935985
38,noMC | F-fooof-aper | none | SVR,-0.2880534988254473,-0.2458219218862033
38,noMC | F-fooof-aper | none | SVR+time,-0.2939030036211563,-0.26322883409492337
38,noMC | F-fooof-aper | none | Anchor,-0.0656236414923208,-0.2935892940909376
38,noMC | F-fooof-aper | none | ICP,-0.037527301154160364,-0.26746568097935985
38,noMC | F-fooof-aper | z | ENR,-0.09688590174006251,-0.1851967432565887
38,noMC | F-fooof-aper | z | ENR+time,-0.10289939447040708,-0.16869294848584945
38,noMC | F-fooof-aper | z | SVR,-0.0967960000475514,-0.07614507669859798
38,noMC | F-fooof-aper | z | SVR+time,-0.12060291865812811,-0.11803170222100666
38,noMC | F-fooof-aper | z | Anchor,-0.1332822635522415,-0.1531741613313518
38,noMC | F-fooof-aper | z | ICP,-0.037527301154160364,-0.26746568097935985
38,noMC | F-fooof-rel | none | ENR,-0.8233085690970123,-0.2601136880219793
38,noMC | F-fooof-rel | none | ENR+time,-0.6486101652203682,-0.26157323528356935
38,noMC | F-fooof-rel | none | SVR,-0.6614998714404285,-0.2577543828445478
38,noMC | F-fooof-rel | none | SVR+time,-0.6700877741089115,-0.29066144929694665
38,noMC | F-fooof-rel | none | Anchor,-1.1798758902836015,-0.21418874128377974
38,noMC | F-fooof-rel | none | ICP,-0.08988212863576228,-0.27189719274527524
38,noMC | F-fooof-rel | z | ENR,-0.0827548119128716,-0.10983088086370571
38,noMC | F-fooof-rel | z | ENR+time,-0.08077173480711841,-0.111367206315656
38,noMC | F-fooof-rel | z | SVR,-0.22705055202875823,-0.2998984385717738
38,noMC | F-fooof-rel | z | SVR+time,-0.24934343257248237,-0.3207393839826222
38,noMC | F-fooof-rel | z | Anchor,-0.9934629885271213,-0.08841251358637975
38,noMC | F-fooof-rel | z | ICP,-0.469982127107446,-0.23983799097614572
38,noMC | F-fooof-asym | none | ENR,-0.8590871781680636,-0.25880264905372385
38,noMC | F-fooof-asym | none | ENR+time,-0.7492010912927638,-0.25920666245389196
38,noMC | F-fooof-asym | none | SVR,-0.7671555252374533,-0.181211750172807
38,noMC | F-fooof-asym | none | SVR+time,-0.8334441411253568,-0.25799137207613265
38,noMC | F-fooof-asym | none | Anchor,-1.220508117410898,-0.27097068942040814
38,noMC | F-fooof-asym | none | ICP,-0.037527301154160364,-0.26746568097935985
38,noMC | F-fooof-asym | z | ENR,-0.07051783771987408,-0.1948787728604488
38,noMC | F-fooof-asym | z | ENR+time,-0.06533028367523896,-0.19460599162744197
38,noMC | F-fooof-asym | z | SVR,-0.06459445812669617,0.028737371564611505
38,noMC | F-fooof-asym | z | SVR+time,-0.8288876222542951,0.048914538431029726
38,noMC | F-fooof-asym | z | Anchor,-0.42481723233702295,0.06621158070074046
38,noMC | F-fooof-asym | z | ICP,-0.037527301154160364,-0.26746568097935985
38,noMC | F-fooof-riem | riem | ENR,-0.138756598938643,-0.16829080065973412
38,noMC | F-fooof-riem | riem | ENR+time,-0.12318638550639216,-0.1552201145890234
38,noMC | F-fooof-riem | riem | SVR,-0.3035919826559088,-0.19367956887019566
38,noMC | F-fooof-riem | riem | SVR+time,-0.306169972863612,-0.25870288638553973
38,noMC | F-fooof-riem | riem | Anchor,-0.49770314305622776,-0.07281384884743967
38,noMC | F-fooof-riem | riem | ICP,-0.23440217453229817,-0.2500387214948756
38,MC | F-fooof-full | none | ENR,-0.040506006266117334,-0.2619129354361041
38,MC | F-fooof-full | none | ENR+time,-0.040506006266117334,-0.2619129354361041
38,MC | F-fooof-full | none | SVR,-0.30103863852491086,-0.20140138352851353
38,MC | F-fooof-full | none | SVR+time,-0.3566859581910633,-0.2701584917197912
38,MC | F-fooof-full | none | Anchor,-0.7737403115506274,-0.12983725477970423
38,MC | F-fooof-full | none | ICP,-0.18058121761902401,-0.21801920126237123
38,MC | F-fooof-full | z | ENR,-0.06728216617522742,-0.15704071765550487
38,MC | F-fooof-full | z | ENR+time,-0.040506006266117334,-0.261912935436104
38,MC | F-fooof-full | z | SVR,-0.33311051803233216,-0.21941551155408495
38,MC | F-fooof-full | z | SVR+time,-0.1700523456105436,-0.037158852143478
38,MC | F-fooof-full | z | Anchor,-0.6672927251499143,-0.17867329268049328
38,MC | F-fooof-full | z | ICP,-0.09468159217878291,-0.15801233555115157
38,MC | F-fooof-aper | none | ENR,-0.040506006266117334,-0.26191293543610417
38,MC | F-fooof-aper | none | ENR+time,-0.040506006266117334,-0.26191293543610417
38,MC | F-fooof-aper | none | SVR,-0.3790302440335698,-0.26186622803876825
38,MC | F-fooof-aper | none | SVR+time,-0.39656057769050324,-0.2689304302074863
38,MC | F-fooof-aper | none | Anchor,-0.04878318078272237,-0.20584563228295594
38,MC | F-fooof-aper | none | ICP,-0.040506006266117334,-0.26191293543610417
38,MC | F-fooof-aper | z | ENR,-0.040506006266117334,-0.261912935436104
38,MC | F-fooof-aper | z | ENR+time,-0.040506006266117334,-0.261912935436104
38,MC | F-fooof-aper | z | SVR,-0.08340444656259272,0.04895508517747194
38,MC | F-fooof-aper | z | SVR+time,-0.08443831768618715,0.019278680578286512
38,MC | F-fooof-aper | z | Anchor,-0.13718851726562842,-0.026021369535418115
38,MC | F-fooof-aper | z | ICP,-0.040506006266117334,-0.26191293543610417
38,MC | F-fooof-rel | none | ENR,-0.5296057392345421,-0.24204704636362345
38,MC | F-fooof-rel | none | ENR+time,-0.34869780194829403,-0.24496494123109458
38,MC | F-fooof-rel | none | SVR,-0.5735297687611864,-0.24268797359480224
38,MC | F-fooof-rel | none | SVR+time,-0.5360807003617656,-0.2586084130535165
38,MC | F-fooof-rel | none | Anchor,-0.906883455273618,-0.23078675235374635
38,MC | F-fooof-rel | none | ICP,-0.1401037632411899,-0.30723579986982363
38,MC | F-fooof-rel | z | ENR,-0.1869888585626116,-0.1404385678924751
38,MC | F-fooof-rel | z | ENR+time,-0.1849251042987936,-0.13872047642467517
38,MC | F-fooof-rel | z | SVR,-0.23430546585883993,-0.21972760180391776
38,MC | F-fooof-rel | z | SVR+time,-0.27800525696722866,-0.2916963296423297
38,MC | F-fooof-rel | z | Anchor,-0.8273720950037149,-0.14936655068783383
38,MC | F-fooof-rel | z | ICP,-0.040506006266117334,-0.26191293543610417
38,MC | F-fooof-asym | none | ENR,-0.6081021401968121,-0.2412152298659479
38,MC | F-fooof-asym | none | ENR+time,-0.26541097990575135,-0.25010305880890854
38,MC | F-fooof-asym | none | SVR,-0.4260917984790218,-0.213535707863046
38,MC | F-fooof-asym | none | SVR+time,-0.468138143539093,-0.2864818953380672
38,MC | F-fooof-asym | none | Anchor,-0.21951293961264184,-0.17573239543631025
38,MC | F-fooof-asym | none | ICP,-0.040506006266117334,-0.26191293543610417
38,MC | F-fooof-asym | z | ENR,-0.13646137834060879,-0.06540684388499235
38,MC | F-fooof-asym | z | ENR+time,-0.14892183146334248,-0.05215176874013028
38,MC | F-fooof-asym | z | SVR,-0.14806350526568846,-0.07039265556055066
38,MC | F-fooof-asym | z | SVR+time,-0.1666430657124114,-0.12398161312268416
38,MC | F-fooof-asym | z | Anchor,-0.2185691363551503,-0.12911918823319582
38,MC | F-fooof-asym | z | ICP,-0.040506006266117334,-0.26191293543610417
38,MC | F-fooof-riem | riem | ENR,-0.34926478981036957,-0.2379571954588141
38,MC | F-fooof-riem | riem | ENR+time,-0.08180879484584525,-0.2655102629723942
38,MC | F-fooof-riem | riem | SVR,-0.30719963615570967,-0.2548387497696013
38,MC | F-fooof-riem | riem | SVR+time,-0.3282758507272492,-0.2821645603282306
38,MC | F-fooof-riem | riem | Anchor,-0.6416982767475425,-0.0893789166635732
38,MC | F-fooof-riem | riem | ICP,-0.041842342029195345,-0.2917277137820767
39,noMC | F-fooof-full | none | ENR,-0.4162008724733752,-0.17957030891701398
39,noMC | F-fooof-full | none | ENR+time,-0.3525693599891264,-0.17089481139126425
39,noMC | F-fooof-full | none | SVR,-0.19637813784404945,-0.08216051395944965
39,noMC | F-fooof-full | none | SVR+time,-0.21382050448712908,-0.10648025783904543
39,noMC | F-fooof-full | none | Anchor,-0.40463474002131283,-0.07784383035510263
39,noMC | F-fooof-full | none | ICP,-0.08343995017058137,-0.23205192447775774
39,noMC | F-fooof-full | z | ENR,-0.09966985059104805,-0.025038856957587445
39,noMC | F-fooof-full | z | ENR+time,-0.11550315791714327,-0.050128679572506885
39,noMC | F-fooof-full | z | SVR,-0.28327375621348505,-0.14312451257042244
39,noMC | F-fooof-full | z | SVR+time,-0.4050011884903366,-0.16073607578353574
39,noMC | F-fooof-full | z | Anchor,-0.16716727841657764,0.18378654577929704
39,noMC | F-fooof-full | z | ICP,-1.7620152616764475,-0.12419650627329404
39,noMC | F-fooof-aper | none | ENR,-0.41881325512260514,-0.20543530853118663
39,noMC | F-fooof-aper | none | ENR+time,-0.39575954378488043,-0.20672904941127146
39,noMC | F-fooof-aper | none | SVR,-0.3899148641868817,-0.14854219769943555
39,noMC | F-fooof-aper | none | SVR+time,-0.385227013825586,-0.17147218151280216
39,noMC | F-fooof-aper | none | Anchor,-0.5942818144469486,-0.2144464192579143
39,noMC | F-fooof-aper | none | ICP,-0.3007681701973228,-0.19822434690343316
39,noMC | F-fooof-aper | z | ENR,0.12163606968443674,0.3535774108830683
39,noMC | F-fooof-aper | z | ENR+time,0.10199552779994858,0.32720508340022825
39,noMC | F-fooof-aper | z | SVR,0.026138049747840952,0.24386714941359078
39,noMC | F-fooof-aper | z | SVR+time,0.027600832242750895,0.24015040365360557
39,noMC | F-fooof-aper | z | Anchor,0.005500632915645287,0.17957084518386263
39,noMC | F-fooof-aper | z | ICP,-0.06153407204599559,-0.24048914811511374
39,noMC | F-fooof-rel | none | ENR,-0.04731945241852098,-0.2995750499434892
39,noMC | F-fooof-rel | none | ENR+time,-0.04155903694057983,-0.2794428857414586
39,noMC | F-fooof-rel | none | SVR,-0.2326867851316876,-0.14722987397371398
39,noMC | F-fooof-rel | none | SVR+time,-0.2080083877552461,-0.09525149158818788
39,noMC | F-fooof-rel | none | Anchor,-0.5717452607247417,-0.17999955667896303
39,noMC | F-fooof-rel | none | ICP,-0.03479492815982255,-0.24361646572693924
39,noMC | F-fooof-rel | z | ENR,-0.03479492815982255,-0.24361646572693924
39,noMC | F-fooof-rel | z | ENR+time,-0.03479492815982255,-0.24361646572693924
39,noMC | F-fooof-rel | z | SVR,-0.1416764300341551,-0.06175573397381745
39,noMC | F-fooof-rel | z | SVR+time,-0.2647799746450612,-0.08095886111175304
39,noMC | F-fooof-rel | z | Anchor,-0.5699943173911959,-0.2283681791281584
39,noMC | F-fooof-rel | z | ICP,-0.050811212350482915,-0.23013656497569318
39,noMC | F-fooof-asym | none | ENR,-0.052390045461135015,-0.24638324475388093
39,noMC | F-fooof-asym | none | ENR+time,-0.04482907783982992,-0.26309432300788577
39,noMC | F-fooof-asym | none | SVR,-0.32763356926563136,-0.07436755430531572
39,noMC | F-fooof-asym | none | SVR+time,-0.49922557131119527,-0.11073598359938801
39,noMC | F-fooof-asym | none | Anchor,-0.5837942972046135,-0.149065935408169
39,noMC | F-fooof-asym | none | ICP,-0.03724124875272783,-0.12127617944557076
39,noMC | F-fooof-asym | z | ENR,-0.06576313470091089,-0.23157539790002207
39,noMC | F-fooof-asym | z | ENR+time,-0.04357200608728773,-0.25118545435875206
39,noMC | F-fooof-asym | z | SVR,-0.21820092421627457,-0.13878334792838512
39,noMC | F-fooof-asym | z | SVR+time,-0.1823457089423126,-0.10003170298896825
39,noMC | F-fooof-asym | z | Anchor,-0.10618410919287014,-0.20129117643255062
39,noMC | F-fooof-asym | z | ICP,-0.03479492815982255,-0.24361646572693924
39,noMC | F-fooof-riem | riem | ENR,-1.5675122251097209,-0.15672492294228513
39,noMC | F-fooof-riem | riem | ENR+time,-1.5654492224719432,-0.15687952822301343
39,noMC | F-fooof-riem | riem | SVR,-0.39505724938672215,-0.11418733390688839
39,noMC | F-fooof-riem | riem | SVR+time,-0.4399867494826182,-0.10440455936640017
39,noMC | F-fooof-riem | riem | Anchor,-0.6402824457326888,0.16855571407280595
39,noMC | F-fooof-riem | riem | ICP,-0.09063883669354622,-0.10774066672447981
39,MC | F-fooof-full | none | ENR,-0.12751788835534983,-0.1220949587490411
39,MC | F-fooof-full | none | ENR+time,-0.12089383503553042,-0.09484623709780507
39,MC | F-fooof-full | none | SVR,-0.10734923118255213,-0.07980443718009718
39,MC | F-fooof-full | none | SVR+time,-0.08667621127585123,-0.03258396578414864
39,MC | F-fooof-full | none | Anchor,-0.3997281910087964,0.08615038356676337
39,MC | F-fooof-full | none | ICP,-0.1794057139595986,-0.2161349251609722
39,MC | F-fooof-full | z | ENR,-0.0034988204011852098,0.2063617731471863
39,MC | F-fooof-full | z | ENR+time,-0.021422265944018193,0.18854333341890572
39,MC | F-fooof-full | z | SVR,-0.2837957278813905,0.10315660464518227
39,MC | F-fooof-full | z | SVR+time,-0.293181956392506,0.07443875029630127
39,MC | F-fooof-full | z | Anchor,-0.44272736480546393,0.17216672496716667
39,MC | F-fooof-full | z | ICP,-0.14837129782702552,-0.11563460046795526
39,MC | F-fooof-aper | none | ENR,-0.3713504095873976,-0.20525850447889715
39,MC | F-fooof-aper | none | ENR+time,-0.14816202056073902,-0.15953254671193973
39,MC | F-fooof-aper | none | SVR,-0.39098387391400835,-0.16618028287604597
39,MC | F-fooof-aper | none | SVR+time,-0.3343835006240148,-0.17600176934492617
39,MC | F-fooof-aper | none | Anchor,-0.22071122810065136,-0.157521249056161
39,MC | F-fooof-aper | none | ICP,-0.2753304613725249,-0.20852876134725923
39,MC | F-fooof-aper | z | ENR,0.09559523526580727,0.32452166194762155
39,MC | F-fooof-aper | z | ENR+time,0.06711126045848759,0.27643456130367194
39,MC | F-fooof-aper | z | SVR,0.056871659818906184,0.29980166178386547
39,MC | F-fooof-aper | z | SVR+time,-0.009230321179122036,0.16239411505017015
39,MC | F-fooof-aper | z | Anchor,0.02444406010753286,0.20019692959486884
39,MC | F-fooof-aper | z | ICP,0.03001185363350567,0.1826615588170256
39,MC | F-fooof-rel | none | ENR,-0.0808096945517951,-0.36904917166172535
39,MC | F-fooof-rel | none | ENR+time,-0.07152639380661996,-0.35665540841337384
39,MC | F-fooof-rel | none | SVR,-0.19648485397710158,-0.20470568761232721
39,MC | F-fooof-rel | none | SVR+time,-0.19786885289959422,-0.15711980705119877
39,MC | F-fooof-rel | none | Anchor,-0.41501564880966435,-0.1253905476066451
39,MC | F-fooof-rel | none | ICP,-0.015217290024596375,-0.010758086001272656
39,MC | F-fooof-rel | z | ENR,-0.03909441827239135,-0.26494580169157855
39,MC | F-fooof-rel | z | ENR+time,-0.03815449777752544,-0.2593731038437338
39,MC | F-fooof-rel | z | SVR,-0.18906844566274583,-0.1374711449255489
39,MC | F-fooof-rel | z | SVR+time,-0.18177849503841137,-0.12615172045085257
39,MC | F-fooof-rel | z | Anchor,-0.14543821062390028,0.012919695067419808
39,MC | F-fooof-rel | z | ICP,-0.04303220135381203,-0.24041825695823224
39,MC | F-fooof-asym | none | ENR,-0.035776575475896744,-0.24900332991861104
39,MC | F-fooof-asym | none | ENR+time,-0.035776575475896744,-0.24900332991861102
39,MC | F-fooof-asym | none | SVR,-0.231085599741075,-0.2115952117658862
39,MC | F-fooof-asym | none | SVR+time,-0.2776243807501648,-0.12047937011620927
39,MC | F-fooof-asym | none | Anchor,-0.18596333469144555,-0.08203959333682036
39,MC | F-fooof-asym | none | ICP,-0.036128011386017844,-0.24515490423360398
39,MC | F-fooof-asym | z | ENR,-0.062220160293400495,-0.24856368139988105
39,MC | F-fooof-asym | z | ENR+time,-0.06172727302109293,-0.2654667601392788
39,MC | F-fooof-asym | z | SVR,-0.14016744749591026,-0.12495046495565987
39,MC | F-fooof-asym | z | SVR+time,-0.12915245291771127,0.014047074597833201
39,MC | F-fooof-asym | z | Anchor,-0.3177815606064214,0.040629604039604444
39,MC | F-fooof-asym | z | ICP,-0.04958933561931134,-0.028783537639528636
39,MC | F-fooof-riem | riem | ENR,-0.19410794847925694,-0.21137280170456424
39,MC | F-fooof-riem | riem | ENR+time,-0.07025011652793256,-0.23355131392397876
39,MC | F-fooof-riem | riem | SVR,-0.056614715514059055,0.06550582539171051
39,MC | F-fooof-riem | riem | SVR+time,-0.23859402926108797,-0.021470945555187835
39,MC | F-fooof-riem | riem | Anchor,-0.2571649833141463,0.09589685567990003
39,MC | F-fooof-riem | riem | ICP,-0.13211733281747695,-0.13885499596557066
40,noMC | F-fooof-full | none | ENR,-0.05301253359813218,-0.2858173231350547
40,noMC | F-fooof-full | none | ENR+time,-0.03885547759595265,-0.2710019513489045
40,noMC | F-fooof-full | none | SVR,-0.15489352834585035,-0.11914052712568138
40,noMC | F-fooof-full | none | SVR+time,-0.17266515210044542,-0.18484415371043011
40,noMC | F-fooof-full | none | Anchor,-0.33660031100886934,-0.22712468255721066
40,noMC | F-fooof-full | none | ICP,-0.15086651676530627,-0.24456122617576947
40,noMC | F-fooof-full | z | ENR,-0.1225119727540267,-0.20308516488029704
40,noMC | F-fooof-full | z | ENR+time,-0.11945069911930939,-0.2245752596379766
40,noMC | F-fooof-full | z | SVR,-0.11697893836367945,-0.0182959923542904
40,noMC | F-fooof-full | z | SVR+time,-0.13238824261397175,-0.09640675560715717
40,noMC | F-fooof-full | z | Anchor,-0.40738179215671244,-0.16805277225313797
40,noMC | F-fooof-full | z | ICP,-0.14112577334996046,-0.16955212300399225
40,noMC | F-fooof-aper | none | ENR,-0.05738936219819424,-0.28634993050387336
40,noMC | F-fooof-aper | none | ENR+time,-0.03885547759595265,-0.2710019513489045
40,noMC | F-fooof-aper | none | SVR,-0.21564212341597888,-0.23609136824147217
40,noMC | F-fooof-aper | none | SVR+time,-0.21326921731552373,-0.24639005496079153
40,noMC | F-fooof-aper | none | Anchor,-0.2447390465808441,-0.2953243539620407
40,noMC | F-fooof-aper | none | ICP,-0.14525340515952512,-0.2397988471152439
40,noMC | F-fooof-aper | z | ENR,-0.107781267719262,-0.17308059266042264
40,noMC | F-fooof-aper | z | ENR+time,-0.03885547759595265,-0.2710019513489045
40,noMC | F-fooof-aper | z | SVR,-0.14077589629694942,-0.2579803996997356
40,noMC | F-fooof-aper | z | SVR+time,-0.14378530640373044,-0.2604684299516993
40,noMC | F-fooof-aper | z | Anchor,-0.12521731356466947,-0.08191679423511511
40,noMC | F-fooof-aper | z | ICP,-0.03885547759595265,-0.2710019513489045
40,noMC | F-fooof-rel | none | ENR,-0.03885547759595265,-0.2710019513489045
40,noMC | F-fooof-rel | none | ENR+time,-0.03885547759595265,-0.2710019513489045
40,noMC | F-fooof-rel | none | SVR,-0.20763619193888938,-0.13003871551878482
40,noMC | F-fooof-rel | none | SVR+time,-0.16681059116687003,-0.20743394742158447
40,noMC | F-fooof-rel | none | Anchor,-0.17914870902360458,-0.15885694918743426
40,noMC | F-fooof-rel | none | ICP,-0.07863317068105857,-0.1981659395239028
40,noMC | F-fooof-rel | z | ENR,-0.11590438362715183,-0.13487662414249046
40,noMC | F-fooof-rel | z | ENR+time,-0.121819405884531,-0.1304243837982886
40,noMC | F-fooof-rel | z | SVR,-0.12643660695548142,-0.04567253107965691
40,noMC | F-fooof-rel | z | SVR+time,-0.29683683050210186,-0.11440249483565745
40,noMC | F-fooof-rel | z | Anchor,-1.0083753455640987,-0.11477894478109335
40,noMC | F-fooof-rel | z | ICP,-0.05038737035847829,-0.25736289424993997
40,noMC | F-fooof-asym | none | ENR,-0.08703465271157085,-0.19640749940642177
40,noMC | F-fooof-asym | none | ENR+time,-0.06499220069903511,-0.26807410347365246
40,noMC | F-fooof-asym | none | SVR,-0.4183881382085901,-0.23094659667544748
40,noMC | F-fooof-asym | none | SVR+time,-0.5413221589845039,-0.20440514945355892
40,noMC | F-fooof-asym | none | Anchor,-0.7354057036701338,-0.22591722175617346
40,noMC | F-fooof-asym | none | ICP,-0.03885547759595265,-0.2710019513489045
40,noMC | F-fooof-asym | z | ENR,-0.35745018874783563,-0.21938053810799918
40,noMC | F-fooof-asym | z | ENR+time,-0.2693328334677503,-0.22284488009237283
40,noMC | F-fooof-asym | z | SVR,-0.1730547384595411,-0.06064286861489533
40,noMC | F-fooof-asym | z | SVR+time,-0.1853049867458867,-0.1577699949150418
40,noMC | F-fooof-asym | z | Anchor,-0.4576123655984554,-0.2303768761100363
40,noMC | F-fooof-asym | z | ICP,-0.03885547759595265,-0.2710019513489045
40,noMC | F-fooof-riem | riem | ENR,-0.013390365564006412,0.134112675412865
40,noMC | F-fooof-riem | riem | ENR+time,-0.007763079114386118,0.1323640894487159
40,noMC | F-fooof-riem | riem | SVR,-0.09607245097871764,-0.09606950989267127
40,noMC | F-fooof-riem | riem | SVR+time,-0.1387843290380082,-0.09034299165606217
40,noMC | F-fooof-riem | riem | Anchor,-0.26870196513864686,0.036387633523291836
40,noMC | F-fooof-riem | riem | ICP,-0.04253587299440342,-0.1942088579750404
40,MC | F-fooof-full | none | ENR,-0.09351221003923982,-0.25333140257838593
40,MC | F-fooof-full | none | ENR+time,-0.08244333009259774,-0.20292007125862754
40,MC | F-fooof-full | none | SVR,-0.1284092255984488,-0.0322316855207481
40,MC | F-fooof-full | none | SVR+time,-0.1787377333591358,-0.14600113219723276
40,MC | F-fooof-full | none | Anchor,-0.20289171934142458,-0.01893825370095692
40,MC | F-fooof-full | none | ICP,-0.08919446720683522,-0.1709368472449514
40,MC | F-fooof-full | z | ENR,0.0003928349961270783,0.09693964780226827
40,MC | F-fooof-full | z | ENR+time,0.0009276236907544977,0.09725247989225502
40,MC | F-fooof-full | z | SVR,-0.025718104379905515,0.05250429744452365
40,MC | F-fooof-full | z | SVR+time,-0.05077344878409451,-0.052487453319101984
40,MC | F-fooof-full | z | Anchor,-0.31740126814901126,0.053516322130178276
40,MC | F-fooof-full | z | ICP,-0.05503483999492076,0.06839656761709331
40,MC | F-fooof-aper | none | ENR,-0.12473233739242451,-0.2768468374245308
40,MC | F-fooof-aper | none | ENR+time,-0.0945743444083933,-0.28323291030571474
40,MC | F-fooof-aper | none | SVR,-0.22018899332897157,-0.15178452917246818
40,MC | F-fooof-aper | none | SVR+time,-0.3071342193769393,-0.26789535283811505
40,MC | F-fooof-aper | none | Anchor,-0.19903160464870884,-0.26365621270496753
40,MC | F-fooof-aper | none | ICP,-0.03786854088375535,-0.26514484775523556
40,MC | F-fooof-aper | z | ENR,-0.039265020272151174,-0.0720775085493081
40,MC | F-fooof-aper | z | ENR+time,-0.05140227970305333,-0.2293578850418368
40,MC | F-fooof-aper | z | SVR,-0.06084156297162968,-0.034472133402143376
40,MC | F-fooof-aper | z | SVR+time,-0.09463005890240961,-0.06570546928483335
40,MC | F-fooof-aper | z | Anchor,-0.04462034984033547,-0.00398618788772491
40,MC | F-fooof-aper | z | ICP,-0.03786854088375535,-0.26514484775523556
40,MC | F-fooof-rel | none | ENR,-0.03574165987880207,-0.2605880504273272
40,MC | F-fooof-rel | none | ENR+time,-0.03574165987880207,-0.2605880504273272
40,MC | F-fooof-rel | none | SVR,-0.2727842972681709,-0.14196460316063395
40,MC | F-fooof-rel | none | SVR+time,-0.22500615064406215,-0.17449277806284558
40,MC | F-fooof-rel | none | Anchor,-0.20984024054489314,-0.02665480129151495
40,MC | F-fooof-rel | none | ICP,-0.0355019766438911,0.028626481391919426
40,MC | F-fooof-rel | z | ENR,-0.03703236109579744,-0.18887271616397167
40,MC | F-fooof-rel | z | ENR+time,-0.04020504755091592,-0.242113036966303
40,MC | F-fooof-rel | z | SVR,-0.1799546395624998,-0.14688142089180478
40,MC | F-fooof-rel | z | SVR+time,-0.2131111059020656,-0.19371621183320512
40,MC | F-fooof-rel | z | Anchor,-0.28134295100456597,-0.026773906209987982
40,MC | F-fooof-rel | z | ICP,-0.06008420885426147,-0.20541570424960692
40,MC | F-fooof-asym | none | ENR,-0.41146672022980857,-0.1971867176255217
40,MC | F-fooof-asym | none | ENR+time,-0.3366689935155849,-0.1981780468585005
40,MC | F-fooof-asym | none | SVR,-0.5246638022605212,-0.25791746686029815
40,MC | F-fooof-asym | none | SVR+time,-0.5505851335702181,-0.23010751706563948
40,MC | F-fooof-asym | none | Anchor,-0.613144324518756,-0.23781055693719905
40,MC | F-fooof-asym | none | ICP,-0.05015970496725064,-0.1597889547097525
40,MC | F-fooof-asym | z | ENR,-0.17684353280179876,-0.2235245178588733
40,MC | F-fooof-asym | z | ENR+time,-0.12116567285218571,-0.1996241248168948
40,MC | F-fooof-asym | z | SVR,-0.14621632423948916,-0.08070980914211859
40,MC | F-fooof-asym | z | SVR+time,-0.24608519772448267,-0.17606043635778085
40,MC | F-fooof-asym | z | Anchor,-0.19494524883622533,-0.18783791063064073
40,MC | F-fooof-asym | z | ICP,-0.015603543857560798,0.09837741695925267
40,MC | F-fooof-riem | riem | ENR,-0.03801914109702209,0.020543772087574658
40,MC | F-fooof-riem | riem | ENR+time,-0.011339315559734775,0.03824902474473231
40,MC | F-fooof-riem | riem | SVR,-0.12417588148865288,-0.06540912424423496
40,MC | F-fooof-riem | riem | SVR+time,-0.1768831369640811,-0.19943223274958566
40,MC | F-fooof-riem | riem | Anchor,-0.527681545127032,0.05745287379262378
40,MC | F-fooof-riem | riem | ICP,-0.003987878638270104,0.019140017094875922
41,noMC | F-fooof-full | none | ENR,-0.07378460121369201,-0.23472610782734116
41,noMC | F-fooof-full | none | ENR+time,-0.0429718350470194,-0.26341108733193963
41,noMC | F-fooof-full | none | SVR,-0.17443770696762373,-0.16219774192859168
41,noMC | F-fooof-full | none | SVR+time,-0.19699792189699106,-0.254563300228876
41,noMC | F-fooof-full | none | Anchor,-0.15534752231926174,-0.24604241478112682
41,noMC | F-fooof-full | none | ICP,-0.0338375810617646,-0.23613105500639295
41,noMC | F-fooof-full | z | ENR,-0.04692323010526667,-0.2528143658231093
41,noMC | F-fooof-full | z | ENR+time,-0.051075326149030875,-0.2602751710692034
41,noMC | F-fooof-full | z | SVR,-0.10869585957510064,-0.020394875987982126
41,noMC | F-fooof-full | z | SVR+time,-0.07517218660634883,-0.057594605883700176
41,noMC | F-fooof-full | z | Anchor,-0.29167284027097673,-0.1601219287054829
41,noMC | F-fooof-full | z | ICP,-0.11733808915230548,-0.11811199834181521
41,noMC | F-fooof-aper | none | ENR,-0.03828392967268579,-0.256721205282561
41,noMC | F-fooof-aper | none | ENR+time,-0.04333329397677588,-0.2780647223530222
41,noMC | F-fooof-aper | none | SVR,-0.3158036816867451,-0.25380866338041697
41,noMC | F-fooof-aper | none | SVR+time,-0.33684973776288163,-0.275617392085344
41,noMC | F-fooof-aper | none | Anchor,-0.2581144071016266,-0.2283098241164688
41,noMC | F-fooof-aper | none | ICP,-0.03828392967268579,-0.256721205282561
41,noMC | F-fooof-aper | z | ENR,-0.09774822771458935,-0.1422277278423827
41,noMC | F-fooof-aper | z | ENR+time,-0.11301438638426742,-0.1639026204652856
41,noMC | F-fooof-aper | z | SVR,-0.14311991972603755,-0.05514603726125231
41,noMC | F-fooof-aper | z | SVR+time,-0.14499512540019643,-0.03520576947781756
41,noMC | F-fooof-aper | z | Anchor,-0.19981055058293706,-0.14475201782585784
41,noMC | F-fooof-aper | z | ICP,-0.06694765822114213,-0.24352375910665183
41,noMC | F-fooof-rel | none | ENR,-0.08333367716156426,-0.28671658685813983
41,noMC | F-fooof-rel | none | ENR+time,-0.09267791973756578,-0.2829672365108007
41,noMC | F-fooof-rel | none | SVR,-0.2652315367477318,-0.1851698859134382
41,noMC | F-fooof-rel | none | SVR+time,-0.25106425436246727,-0.2719795498977246
41,noMC | F-fooof-rel | none | Anchor,-0.5415451427407114,-0.3160261064785773
41,noMC | F-fooof-rel | none | ICP,-0.11487758810387994,-0.27348161064230625
41,noMC | F-fooof-rel | z | ENR,-0.0717683484729903,-0.2747362583475776
41,noMC | F-fooof-rel | z | ENR+time,-0.04440088088747185,-0.26984677069095625
41,noMC | F-fooof-rel | z | SVR,-0.16583018135232486,-0.16830729753016485
41,noMC | F-fooof-rel | z | SVR+time,-0.04259071325850239,-0.02157003079652479
41,noMC | F-fooof-rel | z | Anchor,-1.2300282957298676,-0.09741210483757817
41,noMC | F-fooof-rel | z | ICP,-0.15180645054519393,-0.20708481261207962
41,noMC | F-fooof-asym | none | ENR,-0.06194125459773869,-0.2983689915239303
41,noMC | F-fooof-asym | none | ENR+time,-0.1838218737916788,-0.2814425399346089
41,noMC | F-fooof-asym | none | SVR,-0.24472445377837326,-0.21061543753096307
41,noMC | F-fooof-asym | none | SVR+time,-0.24971878028987438,-0.23866727498367846
41,noMC | F-fooof-asym | none | Anchor,-0.6303395056269472,-0.24044118113642848
41,noMC | F-fooof-asym | none | ICP,-0.03828392967268579,-0.256721205282561
41,noMC | F-fooof-asym | z | ENR,-0.561274653448107,-0.0984582855842421
41,noMC | F-fooof-asym | z | ENR+time,-0.5017862299432481,-0.10207255205260615
41,noMC | F-fooof-asym | z | SVR,-0.4634743127683041,-0.060825575655850936
41,noMC | F-fooof-asym | z | SVR+time,-0.17757447219160882,-0.24699010623399262
41,noMC | F-fooof-asym | z | Anchor,-0.22172761253397866,-0.21292755930462362
41,noMC | F-fooof-asym | z | ICP,-0.03828392967268579,-0.256721205282561
41,noMC | F-fooof-riem | riem | ENR,-0.07790469836688563,-0.15777100463614707
41,noMC | F-fooof-riem | riem | ENR+time,-0.05870455705477973,-0.17892451306451554
41,noMC | F-fooof-riem | riem | SVR,-0.23216961226808808,-0.20764045251930396
41,noMC | F-fooof-riem | riem | SVR+time,-0.1164732219205531,-0.07221540199117644
41,noMC | F-fooof-riem | riem | Anchor,-0.41156906306206475,-0.15038335385542595
41,noMC | F-fooof-riem | riem | ICP,-0.08498534927480628,-0.15030042253119297
41,MC | F-fooof-full | none | ENR,-0.0721179689117386,-0.22593579331228572
41,MC | F-fooof-full | none | ENR+time,-0.11901632427817743,-0.18885020657267845
41,MC | F-fooof-full | none | SVR,-0.006360718258496378,0.15248683675510993
41,MC | F-fooof-full | none | SVR+time,-0.13871936510152527,-0.1009076804215987
41,MC | F-fooof-full | none | Anchor,-0.1215022855734913,0.04316251786826141
41,MC | F-fooof-full | none | ICP,-0.013897446872991326,-0.04474023367274979
41,MC | F-fooof-full | z | ENR,-0.09304776105730261,-0.2044848190813851
41,MC | F-fooof-full | z | ENR+time,-0.1185696473537472,-0.21158629799749762
41,MC | F-fooof-full | z | SVR,-0.024617961111924158,0.14980695343539668
41,MC | F-fooof-full | z | SVR+time,-0.04193388926196362,0.061043784395660564
41,MC | F-fooof-full | z | Anchor,-0.651091003538987,0.009254564819060168
41,MC | F-fooof-full | z | ICP,-0.1493168801944893,-0.14968963370394486
41,MC | F-fooof-aper | none | ENR,-0.03963778654902672,-0.256468370227519
41,MC | F-fooof-aper | none | ENR+time,-0.04192778074827186,-0.27246919493680566
41,MC | F-fooof-aper | none | SVR,-0.2916677786689592,-0.24782486899198075
41,MC | F-fooof-aper | none | SVR+time,-0.3866891718021088,-0.2427995496531562
41,MC | F-fooof-aper | none | Anchor,-0.22885188767349174,-0.18888555504448706
41,MC | F-fooof-aper | none | ICP,-0.07135209856155744,-0.14771854511041363
41,MC | F-fooof-aper | z | ENR,-0.10899273428286604,-0.26505062157524983
41,MC | F-fooof-aper | z | ENR+time,-0.07180731558278941,-0.21002428264925485
41,MC | F-fooof-aper | z | SVR,-0.20922263511558148,-0.04691435698780394
41,MC | F-fooof-aper | z | SVR+time,-0.07216125823894526,0.034364473450347925
41,MC | F-fooof-aper | z | Anchor,-0.18316021545862093,-0.10554092758845618
41,MC | F-fooof-aper | z | ICP,-0.03963778654902672,-0.256468370227519
41,MC | F-fooof-rel | none | ENR,-0.07813131645140947,-0.28655827973900133
41,MC | F-fooof-rel | none | ENR+time,-0.046020323611599245,-0.2864201934545507
41,MC | F-fooof-rel | none | SVR,-0.16844655986901258,-0.003468912703835288
41,MC | F-fooof-rel | none | SVR+time,-0.19709991299013785,-0.18311836820196936
41,MC | F-fooof-rel | none | Anchor,-0.5808863335190226,-0.2820353804260195
41,MC | F-fooof-rel | none | ICP,-0.1131491265250002,-0.24135834835541492
41,MC | F-fooof-rel | z | ENR,-0.03963778654902672,-0.256468370227519
41,MC | F-fooof-rel | z | ENR+time,-0.04693553607049217,-0.2875682718369987
41,MC | F-fooof-rel | z | SVR,-0.2465376917377724,-0.11586874253991339
41,MC | F-fooof-rel | z | SVR+time,-0.05654567466310301,0.0497459192043817
41,MC | F-fooof-rel | z | Anchor,-0.42893001986432533,-0.15698737076906089
41,MC | F-fooof-rel | z | ICP,-0.23875404345363394,-0.19161116880408235
41,MC | F-fooof-asym | none | ENR,-0.0481281697749667,-0.2964914342620508
41,MC | F-fooof-asym | none | ENR+time,-0.20137145792944522,-0.25545441478285535
41,MC | F-fooof-asym | none | SVR,-0.2162523240040195,-0.2081875630358081
41,MC | F-fooof-asym | none | SVR+time,-0.4027058717355749,-0.17679151265206533
41,MC | F-fooof-asym | none | Anchor,-0.21528084659845903,-0.23122885510615665
41,MC | F-fooof-asym | none | ICP,-0.03963778654902672,-0.256468370227519
41,MC | F-fooof-asym | z | ENR,-0.21494564523769077,-0.1862763569935073
41,MC | F-fooof-asym | z | ENR+time,-0.1964642841779416,-0.2028469418817903
41,MC | F-fooof-asym | z | SVR,-0.1297291725314973,0.05179425386731852
41,MC | F-fooof-asym | z | SVR+time,-0.11615085371923994,-0.06265584715601495
41,MC | F-fooof-asym | z | Anchor,-0.2541306081789536,-0.19396282121718858
41,MC | F-fooof-asym | z | ICP,-0.18280979717877077,-0.052059228002093345
41,MC | F-fooof-riem | riem | ENR,-0.08140619628174162,-0.16505993974103336
41,MC | F-fooof-riem | riem | ENR+time,-0.046020323611599245,-0.2864201934545507
41,MC | F-fooof-riem | riem | SVR,-0.18360481117961913,-0.15530832565918337
41,MC | F-fooof-riem | riem | SVR+time,-0.08860709706002012,-0.008205963783525231
41,MC | F-fooof-riem | riem | Anchor,-0.3157790034971186,-0.01595494910807156
41,MC | F-fooof-riem | riem | ICP,-0.10541314419509651,-0.14106380658331036
42,noMC | F-fooof-full | none | ENR,-0.2734580713793189,-0.3161997603315522
42,noMC | F-fooof-full | none | ENR+time,-0.31774918271144803,-0.33251537518886776
42,noMC | F-fooof-full | none | SVR,-0.42553027012223454,-0.2644812561790989
42,noMC | F-fooof-full | none | SVR+time,-0.47064458511261686,-0.28124653529855204
42,noMC | F-fooof-full | none | Anchor,-0.35279876622506423,-0.19868825318285385
42,noMC | F-fooof-full | none | ICP,-0.062045266633254936,-0.3813624810657673
42,noMC | F-fooof-full | z | ENR,-0.09949119463819578,-0.3490788674433756
42,noMC | F-fooof-full | z | ENR+time,-0.100139637176069,-0.3565776557922058
42,noMC | F-fooof-full | z | SVR,-0.18753364729617394,-0.13320611435460017
42,noMC | F-fooof-full | z | SVR+time,-0.140324981694248,-0.06517740408960244
42,noMC | F-fooof-full | z | Anchor,-0.7722468052489786,-0.23493667826200565
42,noMC | F-fooof-full | z | ICP,-0.06107494476880104,-0.07886323494343478
42,noMC | F-fooof-aper | none | ENR,-0.13376829988461036,-0.25799894493168474
42,noMC | F-fooof-aper | none | ENR+time,-0.18071271810653822,-0.282931606856004
42,noMC | F-fooof-aper | none | SVR,-0.21800969318035457,-0.14005747729977314
42,noMC | F-fooof-aper | none | SVR+time,-0.23915599335233861,-0.16304208739134737
42,noMC | F-fooof-aper | none | Anchor,-0.30797696487505277,-0.2320967734051292
42,noMC | F-fooof-aper | none | ICP,-0.08404855725753513,-0.27493112253713614
42,noMC | F-fooof-aper | z | ENR,-0.06380554800252569,-0.38348659667076634
42,noMC | F-fooof-aper | z | ENR+time,-0.08406352068279599,-0.2821754965483624
42,noMC | F-fooof-aper | z | SVR,-0.1902398242139598,-0.3864342156879526
42,noMC | F-fooof-aper | z | SVR+time,-0.24820840700095093,-0.23903311935034588
42,noMC | F-fooof-aper | z | Anchor,-0.2885378362178297,-0.3731324021922353
42,noMC | F-fooof-aper | z | ICP,-0.062045266633254936,-0.3813624810657673
42,noMC | F-fooof-rel | none | ENR,-0.19289864778244237,-0.3527203994820421
42,noMC | F-fooof-rel | none | ENR+time,-0.07594958240636096,-0.36581449170163655
42,noMC | F-fooof-rel | none | SVR,-0.23384783764196415,-0.24036713845234947
42,noMC | F-fooof-rel | none | SVR+time,-0.23141136519616023,-0.14339389768944155
42,noMC | F-fooof-rel | none | Anchor,-0.9607032125067554,-0.0592601543233538
42,noMC | F-fooof-rel | none | ICP,-0.062045266633254936,-0.3813624810657673
42,noMC | F-fooof-rel | z | ENR,-0.624321140864539,-0.35783493439650227
42,noMC | F-fooof-rel | z | ENR+time,-0.6278915536934522,-0.365083849115154
42,noMC | F-fooof-rel | z | SVR,-0.013048870988620731,0.19662277086199234
42,noMC | F-fooof-rel | z | SVR+time,-0.0425082183207246,0.18939438366121794
42,noMC | F-fooof-rel | z | Anchor,-3.912351035405205,0.043183339605813206
42,noMC | F-fooof-rel | z | ICP,-0.062045266633254936,-0.3813624810657673
42,noMC | F-fooof-asym | none | ENR,-0.20184240635598205,-0.35250128653192203
42,noMC | F-fooof-asym | none | ENR+time,-0.22773495290990864,-0.38918538398871466
42,noMC | F-fooof-asym | none | SVR,-0.4453909607589126,-0.34360837968358093
42,noMC | F-fooof-asym | none | SVR+time,-0.2653079956943991,-0.31919803669112984
42,noMC | F-fooof-asym | none | Anchor,-0.23883921515651063,-0.32639108602487205
42,noMC | F-fooof-asym | none | ICP,-0.062045266633254936,-0.3813624810657673
42,noMC | F-fooof-asym | z | ENR,-0.19116050427753506,-0.26037630043515064
42,noMC | F-fooof-asym | z | ENR+time,-0.1770091615433329,-0.23190520377685508
42,noMC | F-fooof-asym | z | SVR,-0.01942217512013711,0.17698538691035282
42,noMC | F-fooof-asym | z | SVR+time,-0.014262971475220265,0.163876319969475
42,noMC | F-fooof-asym | z | Anchor,-0.6249567580488822,-0.32993696990682414
42,noMC | F-fooof-asym | z | ICP,-0.07455410378902405,-0.2361889288476386
42,noMC | F-fooof-riem | riem | ENR,-0.5428936175988817,-0.3510828202344816
42,noMC | F-fooof-riem | riem | ENR+time,-0.7341327839729377,-0.35658474971659015
42,noMC | F-fooof-riem | riem | SVR,-0.2562091412911389,0.04174601040090177
42,noMC | F-fooof-riem | riem | SVR+time,-0.23764290095203466,-0.08625347140477191
42,noMC | F-fooof-riem | riem | Anchor,-0.6927079104422373,-0.20097409319893061
42,noMC | F-fooof-riem | riem | ICP,-0.062045266633254936,-0.3813624810657673
42,MC | F-fooof-full | none | ENR,-0.3179617874224394,-0.31677170392799564
42,MC | F-fooof-full | none | ENR+time,-0.3455711758879767,-0.33486214397011854
42,MC | F-fooof-full | none | SVR,-0.302523395622059,-0.22777776720388762
42,MC | F-fooof-full | none | SVR+time,-0.38914543946016344,-0.29033145703168345
42,MC | F-fooof-full | none | Anchor,-0.6721527470113098,-0.2813896959461534
42,MC | F-fooof-full | none | ICP,-0.06489650991861051,-0.3836922446215912
42,MC | F-fooof-full | z | ENR,-0.14551042997946428,-0.36167878766210293
42,MC | F-fooof-full | z | ENR+time,-0.27306034483560215,-0.28950796359247466
42,MC | F-fooof-full | z | SVR,-0.305131460689007,-0.13789441445347794
42,MC | F-fooof-full | z | SVR+time,-0.33752772307775336,-0.19451624775126408
42,MC | F-fooof-full | z | Anchor,-0.4469906094002791,-0.2650733370217098
42,MC | F-fooof-full | z | ICP,-0.044500525509463706,-0.05741917039135394
42,MC | F-fooof-aper | none | ENR,-0.14156525080279203,-0.26401322880305594
42,MC | F-fooof-aper | none | ENR+time,-0.20442343904819427,-0.2802560803354657
42,MC | F-fooof-aper | none | SVR,-0.2217691057043878,-0.24295413924886652
42,MC | F-fooof-aper | none | SVR+time,-0.25690290610088695,-0.24626029163943355
42,MC | F-fooof-aper | none | Anchor,-0.17884940226884516,-0.2462309459868729
42,MC | F-fooof-aper | none | ICP,-0.19295267116431125,-0.2383079678734108
42,MC | F-fooof-aper | z | ENR,-0.06489650991861051,-0.3836922446215912
42,MC | F-fooof-aper | z | ENR+time,-0.08613694394872518,-0.3072190904794021
42,MC | F-fooof-aper | z | SVR,-0.21618201468080733,-0.3416731174649049
42,MC | F-fooof-aper | z | SVR+time,-0.19218405491345836,-0.21899826321280236
42,MC | F-fooof-aper | z | Anchor,-0.18960162734743968,-0.38911098491027774
42,MC | F-fooof-aper | z | ICP,-0.06489650991861051,-0.3836922446215912
42,MC | F-fooof-rel | none | ENR,-0.021095756031589863,0.013717170335541096
42,MC | F-fooof-rel | none | ENR+time,-0.02341901065832519,-0.015379042173401053
42,MC | F-fooof-rel | none | SVR,-0.36066325890601014,-0.33467365404797556
42,MC | F-fooof-rel | none | SVR+time,-0.2278548909167688,-0.1809947996561188
42,MC | F-fooof-rel | none | Anchor,-0.7991123712004127,-0.2511928680134472
42,MC | F-fooof-rel | none | ICP,-0.06482427639734545,-0.2935464185179141
42,MC | F-fooof-rel | z | ENR,-0.8169454781187957,-0.3598550842521724
42,MC | F-fooof-rel | z | ENR+time,-0.8461507417464456,-0.365167581201735
42,MC | F-fooof-rel | z | SVR,-0.15860658826746699,-0.045647513796525825
42,MC | F-fooof-rel | z | SVR+time,-0.2641180595714532,-0.1174574014178956
42,MC | F-fooof-rel | z | Anchor,-1.2605585973050926,-0.06503664730393839
42,MC | F-fooof-rel | z | ICP,-0.06661552647957913,-0.3807977725799729
42,MC | F-fooof-asym | none | ENR,-0.1761521014058256,-0.3506101911632376
42,MC | F-fooof-asym | none | ENR+time,-0.16876174341698613,-0.38404960890629747
42,MC | F-fooof-asym | none | SVR,-0.3840798287756042,-0.39185661430720997
42,MC | F-fooof-asym | none | SVR+time,-0.4051309523891271,-0.39215483386351946
42,MC | F-fooof-asym | none | Anchor,-0.286275228841959,-0.28189995786554933
42,MC | F-fooof-asym | none | ICP,-0.06489650991861051,-0.3836922446215912
42,MC | F-fooof-asym | z | ENR,-0.48460299086576075,-0.3892626430023375
42,MC | F-fooof-asym | z | ENR+time,-0.4152733974607059,-0.39280116277092814
42,MC | F-fooof-asym | z | SVR,-0.051149973040812924,0.15232486344545507
42,MC | F-fooof-asym | z | SVR+time,-0.0930222798432414,-0.036533165430744106
42,MC | F-fooof-asym | z | Anchor,-0.33050955255687087,-0.19031360136454856
42,MC | F-fooof-asym | z | ICP,0.0025678357690805953,0.1240511643717001
42,MC | F-fooof-riem | riem | ENR,-0.06857979224753508,-0.11367143167267121
42,MC | F-fooof-riem | riem | ENR+time,-0.09179987864686656,-0.17785833403448734
42,MC | F-fooof-riem | riem | SVR,-0.17457113402559088,0.07826778067437071
42,MC | F-fooof-riem | riem | SVR+time,-0.27952440631981745,-0.05290326607741116
42,MC | F-fooof-riem | riem | Anchor,-0.4604575794610113,-0.24052166764784283
42,MC | F-fooof-riem | riem | ICP,-0.06489650991861051,-0.3836922446215912
43,noMC | F-fooof-full | none | ENR,-0.17996097352429796,-0.019207441807321216
43,noMC | F-fooof-full | none | ENR+time,-0.22308003568278578,-0.07189800063815949
43,noMC | F-fooof-full | none | SVR,-0.3337273708509054,-0.1167451949727002
43,noMC | F-fooof-full | none | SVR+time,-0.40793155944135817,-0.20222537058919537
43,noMC | F-fooof-full | none | Anchor,-0.039778551242007465,0.1973398361359909
43,noMC | F-fooof-full | none | ICP,-0.08677192462236594,-0.14640996989789773
43,noMC | F-fooof-full | z | ENR,-0.12128311022911853,-0.23982708533631436
43,noMC | F-fooof-full | z | ENR+time,-0.07946574128686357,-0.24665286422684146
43,noMC | F-fooof-full | z | SVR,-0.2848739530045328,-0.16043021151738818
43,noMC | F-fooof-full | z | SVR+time,-0.16846344281536796,-0.19231944103745124
43,noMC | F-fooof-full | z | Anchor,-1.1143943074601608,-0.18152689662554441
43,noMC | F-fooof-full | z | ICP,-0.08022526607679081,-0.15440708528660943
43,noMC | F-fooof-aper | none | ENR,-0.11011418683254237,-0.24932014488174659
43,noMC | F-fooof-aper | none | ENR+time,-0.1676833349574003,-0.20203568278658776
43,noMC | F-fooof-aper | none | SVR,-0.26728758083943904,-0.2596256831763731
43,noMC | F-fooof-aper | none | SVR+time,-0.31462496697719855,-0.2728299291662011
43,noMC | F-fooof-aper | none | Anchor,-0.1181873251111496,-0.2424097020530045
43,noMC | F-fooof-aper | none | ICP,-0.05442642173019263,-0.3506009417351204
43,noMC | F-fooof-aper | z | ENR,-0.05442642173019263,-0.3506009417351204
43,noMC | F-fooof-aper | z | ENR+time,-0.05442642173019263,-0.3506009417351204
43,noMC | F-fooof-aper | z | SVR,-0.19173120572392444,-0.3451588513818185
43,noMC | F-fooof-aper | z | SVR+time,-0.28009241956663633,-0.29217345113277193
43,noMC | F-fooof-aper | z | Anchor,-0.2482459234234613,-0.3674562029909746
43,noMC | F-fooof-aper | z | ICP,-0.05442642173019263,-0.3506009417351204
43,noMC | F-fooof-rel | none | ENR,-0.021739051722508673,0.19267302847463808
43,noMC | F-fooof-rel | none | ENR+time,-0.0019066692450746547,0.20318760156335186
43,noMC | F-fooof-rel | none | SVR,-0.2002702142918269,-0.05887686406755777
43,noMC | F-fooof-rel | none | SVR+time,-0.31701849626806844,-0.14861350875078105
43,noMC | F-fooof-rel | none | Anchor,-0.019313338632427568,0.195522656246796
43,noMC | F-fooof-rel | none | ICP,-0.05442642173019263,-0.3506009417351204
43,noMC | F-fooof-rel | z | ENR,-0.106688859562591,-0.15318410790706896
43,noMC | F-fooof-rel | z | ENR+time,-0.6352406291047761,-0.15752998545245173
43,noMC | F-fooof-rel | z | SVR,-0.1359821567040449,-0.06385255806491409
43,noMC | F-fooof-rel | z | SVR+time,-0.12119794574755716,-0.16866220115334443
43,noMC | F-fooof-rel | z | Anchor,-1.8015573341282725,0.08660672924221668
43,noMC | F-fooof-rel | z | ICP,-0.07249036154849131,-0.01708996460981498
43,noMC | F-fooof-asym | none | ENR,-0.11120561003390783,-0.19007171216235783
43,noMC | F-fooof-asym | none | ENR+time,-0.22485846624493755,-0.1564887031136943
43,noMC | F-fooof-asym | none | SVR,-0.349611164071876,-0.33292362846790824
43,noMC | F-fooof-asym | none | SVR+time,-0.2585627718694614,-0.17337054011012448
43,noMC | F-fooof-asym | none | Anchor,-0.22972647094121945,-0.23645026094889116
43,noMC | F-fooof-asym | none | ICP,-0.05442642173019263,-0.3506009417351204
43,noMC | F-fooof-asym | z | ENR,-0.26144918836640696,-0.16509192167384612
43,noMC | F-fooof-asym | z | ENR+time,-0.25313772891505093,-0.19747736259480334
43,noMC | F-fooof-asym | z | SVR,-0.06922819306592265,0.005335186078021602
43,noMC | F-fooof-asym | z | SVR+time,-0.1951960760741831,-0.05765007977855638
43,noMC | F-fooof-asym | z | Anchor,0.04647346031762656,0.2662918638947771
43,noMC | F-fooof-asym | z | ICP,-0.06065215848343741,-0.1888949608191138
43,noMC | F-fooof-riem | riem | ENR,-0.3261324268256276,-0.22305053094804594
43,noMC | F-fooof-riem | riem | ENR+time,-0.3606945672380364,-0.2505221635235557
43,noMC | F-fooof-riem | riem | SVR,-0.28213112030449894,-0.16745951525100272
43,noMC | F-fooof-riem | riem | SVR+time,-0.2595571274225874,-0.2250969282213048
43,noMC | F-fooof-riem | riem | Anchor,-0.2238383130738395,0.006819972061139691
43,noMC | F-fooof-riem | riem | ICP,-0.05442642173019263,-0.3506009417351204
43,MC | F-fooof-full | none | ENR,-0.09873357734809662,-0.11231384895059135
43,MC | F-fooof-full | none | ENR+time,-0.1141783637635847,-0.13581870767117876
43,MC | F-fooof-full | none | SVR,-0.28737063089932313,-0.10644123527588899
43,MC | F-fooof-full | none | SVR+time,-0.3892432641144119,-0.09804460388888836
43,MC | F-fooof-full | none | Anchor,-0.2568873687468287,0.09374908509480084
43,MC | F-fooof-full | none | ICP,-0.06552087189761946,-0.3566122444099563
43,MC | F-fooof-full | z | ENR,-0.586655768901059,-0.2509995593590403
43,MC | F-fooof-full | z | ENR+time,-0.5025368866938924,-0.2542852309576001
43,MC | F-fooof-full | z | SVR,-0.37141093077791476,-0.19787207426928152
43,MC | F-fooof-full | z | SVR+time,-0.6188243120029497,-0.21753879072741644
43,MC | F-fooof-full | z | Anchor,-0.7078232330247329,-0.23033321530510614
43,MC | F-fooof-full | z | ICP,-0.06356023754412132,-0.35865325088531963
43,MC | F-fooof-aper | none | ENR,-0.13487818012401664,-0.19117574782885435
43,MC | F-fooof-aper | none | ENR+time,-0.11741179718138706,-0.09681633517335057
43,MC | F-fooof-aper | none | SVR,-0.2367822606501815,-0.18649752276370019
43,MC | F-fooof-aper | none | SVR+time,-0.30082184577408033,-0.12745217664350214
43,MC | F-fooof-aper | none | Anchor,-0.19797614259077823,-0.17335334532089505
43,MC | F-fooof-aper | none | ICP,-0.21765534877761916,-0.18630667935523276
43,MC | F-fooof-aper | z | ENR,-0.06356023754412132,-0.35865325088531963
43,MC | F-fooof-aper | z | ENR+time,-0.10263493992532435,-0.2669697671851999
43,MC | F-fooof-aper | z | SVR,-0.15594166211810045,-0.37027179788885367
43,MC | F-fooof-aper | z | SVR+time,-0.1804072572556752,-0.1970669063368835
43,MC | F-fooof-aper | z | Anchor,-0.2066163752268979,-0.32833418287231003
43,MC | F-fooof-aper | z | ICP,-0.06356023754412132,-0.35865325088531963
43,MC | F-fooof-rel | none | ENR,-0.21758641514671306,0.0789304199786075
43,MC | F-fooof-rel | none | ENR+time,-0.1140991778954783,0.08385001110631772
43,MC | F-fooof-rel | none | SVR,-0.10163672107001753,0.06373036761400172
43,MC | F-fooof-rel | none | SVR+time,-0.17955236263204855,0.018179126407182285
43,MC | F-fooof-rel | none | Anchor,-0.28555357776973267,0.11374002865130885
43,MC | F-fooof-rel | none | ICP,-0.12569178096952616,-0.17607481787202006
43,MC | F-fooof-rel | z | ENR,-0.0801092135225201,-0.3032082387309384
43,MC | F-fooof-rel | z | ENR+time,-0.10692445855547184,-0.08536544070609724
43,MC | F-fooof-rel | z | SVR,-0.19925950042009855,-0.12230438878426499
43,MC | F-fooof-rel | z | SVR+time,-0.16714002140156614,-0.16386663113661887
43,MC | F-fooof-rel | z | Anchor,-2.7232075120006556,0.07480391119687363
43,MC | F-fooof-rel | z | ICP,-0.06416446756400229,-0.358329718156415
43,MC | F-fooof-asym | none | ENR,-0.1600476667872841,-0.31786873805491517
43,MC | F-fooof-asym | none | ENR+time,-0.10312671223859105,-0.14592178631740094
43,MC | F-fooof-asym | none | SVR,-0.3432670161637468,-0.32906119177409054
43,MC | F-fooof-asym | none | SVR+time,-0.26727162287257245,-0.04114114777727258
43,MC | F-fooof-asym | none | Anchor,-0.2706792529425299,-0.21075320602589792
43,MC | F-fooof-asym | none | ICP,-0.10061009940488708,-0.21631286888106888
43,MC | F-fooof-asym | z | ENR,-0.3234851876305107,-0.3440628503768982
43,MC | F-fooof-asym | z | ENR+time,-0.11514615127474648,-0.14096998028608432
43,MC | F-fooof-asym | z | SVR,-0.16476337772548466,-0.01756061796054371
43,MC | F-fooof-asym | z | SVR+time,-0.05311437456787549,0.05482950462947864
43,MC | F-fooof-asym | z | Anchor,-0.21402098836083527,-0.07383564274701604
43,MC | F-fooof-asym | z | ICP,-0.06356023754412132,-0.35865325088531963
43,MC | F-fooof-riem | riem | ENR,-0.1041932918142694,-0.35197065387551935
43,MC | F-fooof-riem | riem | ENR+time,-0.1224446132643866,-0.1771413899881454
43,MC | F-fooof-riem | riem | SVR,-0.16321553832838998,-0.08273912385160388
43,MC | F-fooof-riem | riem | SVR+time,-0.5518260776914408,-0.30094088402960506
43,MC | F-fooof-riem | riem | Anchor,-0.4646712644293818,-0.027290887446678666
43,MC | F-fooof-riem | riem | ICP,-0.0747768998437679,-0.2301773498919567
44,noMC | F-fooof-full | none | ENR,-0.037968553719388565,-0.2656158470435855
44,noMC | F-fooof-full | none | ENR+time,-0.037968553719388565,-0.2656158470435855
44,noMC | F-fooof-full | none | SVR,-0.250988488926557,-0.10509917546416336
44,noMC | F-fooof-full | none | SVR+time,-0.1864033300569361,-0.23701966196888885
44,noMC | F-fooof-full | none | Anchor,-0.2640881011131422,-0.3158076680756192
44,noMC | F-fooof-full | none | ICP,-0.06913043812421105,-0.026617117271460718
44,noMC | F-fooof-full | z | ENR,-0.037968553719388565,-0.2656158470435855
44,noMC | F-fooof-full | z | ENR+time,-0.05226908505857253,-0.26754569843728493
44,noMC | F-fooof-full | z | SVR,-0.25518858073517614,-0.04105135060460054
44,noMC | F-fooof-full | z | SVR+time,-0.22895053201283333,-0.05336557406161726
44,noMC | F-fooof-full | z | Anchor,-0.7045890181677124,-0.285113542792701
44,noMC | F-fooof-full | z | ICP,-0.050373448807226495,-0.1498443853632363
44,noMC | F-fooof-aper | none | ENR,-0.037968553719388565,-0.2656158470435855
44,noMC | F-fooof-aper | none | ENR+time,-0.039309139420801165,-0.2761087668102454
44,noMC | F-fooof-aper | none | SVR,-0.4434088507503726,-0.254466908579733
44,noMC | F-fooof-aper | none | SVR+time,-0.3829078529335095,-0.24221757291220583
44,noMC | F-fooof-aper | none | Anchor,-0.19849805250394081,-0.24871846393024505
44,noMC | F-fooof-aper | none | ICP,-0.037968553719388565,-0.2656158470435855
44,noMC | F-fooof-aper | z | ENR,-0.14147957104820374,-0.24098929537679198
44,noMC | F-fooof-aper | z | ENR+time,-0.10225686091682018,-0.24797824298239463
44,noMC | F-fooof-aper | z | SVR,-0.07803552126534985,-0.029455071847177862
44,noMC | F-fooof-aper | z | SVR+time,-0.22382663151628956,-0.23363651540697117
44,noMC | F-fooof-aper | z | Anchor,-0.2278521115123442,-0.19301952923832721
44,noMC | F-fooof-aper | z | ICP,-0.16665960268062174,-0.22394559809025266
44,noMC | F-fooof-rel | none | ENR,-0.037968553719388565,-0.2656158470435855
44,noMC | F-fooof-rel | none | ENR+time,-0.2154509149218844,-0.3933368609441882
44,noMC | F-fooof-rel | none | SVR,-0.14438499680133932,-0.09369784851564887
44,noMC | F-fooof-rel | none | SVR+time,-0.19070586145856705,-0.1740389934577731
44,noMC | F-fooof-rel | none | Anchor,-0.3356852900085572,-0.30068911829269435
44,noMC | F-fooof-rel | none | ICP,-0.037968553719388565,-0.2656158470435855
44,noMC | F-fooof-rel | z | ENR,-0.07777078553136496,-0.26049316481615736
44,noMC | F-fooof-rel | z | ENR+time,-0.04474155567690108,-0.29750482897303
44,noMC | F-fooof-rel | z | SVR,-0.19974011199564146,-0.19276533775959104
44,noMC | F-fooof-rel | z | SVR+time,-0.0977198011865561,-0.06844720628674862
44,noMC | F-fooof-rel | z | Anchor,-2.4527225730980398,-0.26820625165206113
44,noMC | F-fooof-rel | z | ICP,-0.034332298900701996,-0.08896017839205067
44,noMC | F-fooof-asym | none | ENR,-0.10295051710085956,-0.2953753929137535
44,noMC | F-fooof-asym | none | ENR+time,-0.12821768638196107,-0.28709242241671473
44,noMC | F-fooof-asym | none | SVR,-0.18267607088243598,-0.23478346982059956
44,noMC | F-fooof-asym | none | SVR+time,-0.2530366319991002,-0.282514846721153
44,noMC | F-fooof-asym | none | Anchor,-0.13307771968821314,-0.2491178704422571
44,noMC | F-fooof-asym | none | ICP,-0.037968553719388565,-0.2656158470435855
44,noMC | F-fooof-asym | z | ENR,-0.19646331277163753,0.014912401090257623
44,noMC | F-fooof-asym | z | ENR+time,-0.04509657745757112,-0.30485287889275603
44,noMC | F-fooof-asym | z | SVR,-0.1140019303363684,-0.17957008312176928
44,noMC | F-fooof-asym | z | SVR+time,-0.14473319942726004,-0.19336017313616743
44,noMC | F-fooof-asym | z | Anchor,-0.2632149213407944,-0.262610768733563
44,noMC | F-fooof-asym | z | ICP,-0.04052183760128125,-0.24436468391442767
44,noMC | F-fooof-riem | riem | ENR,-0.05505759117888487,-0.22210054911050986
44,noMC | F-fooof-riem | riem | ENR+time,-0.06386675344316961,-0.27460511233474805
44,noMC | F-fooof-riem | riem | SVR,-0.16974576309354572,-0.07840154745555614
44,noMC | F-fooof-riem | riem | SVR+time,-0.07778556179261509,0.04043009280740695
44,noMC | F-fooof-riem | riem | Anchor,-0.3142040958192762,-0.1633195287191169
44,noMC | F-fooof-riem | riem | ICP,-0.041267740460261715,-0.18207028178652393
44,MC | F-fooof-full | none | ENR,-0.04319214010523287,-0.28336197438081806
44,MC | F-fooof-full | none | ENR+time,-0.12350436764861428,-0.1822600923674323
44,MC | F-fooof-full | none | SVR,-0.2531724133428619,-0.10341592919151335
44,MC | F-fooof-full | none | SVR+time,-0.13225776548711488,-0.03423578066353576
44,MC | F-fooof-full | none | Anchor,-0.18248436752817843,-0.022001247021629255
44,MC | F-fooof-full | none | ICP,-0.061668376681763615,-0.027813572497857986
44,MC | F-fooof-full | z | ENR,-0.05377980309513242,-0.18126343582768692
44,MC | F-fooof-full | z | ENR+time,-0.061569717375598465,-0.25968394049517735
44,MC | F-fooof-full | z | SVR,-0.4117189015213778,-0.11940256244961721
44,MC | F-fooof-full | z | SVR+time,-0.25680772082083525,0.009007413457656897
44,MC | F-fooof-full | z | Anchor,-2.2325540730339766,0.07106853322912488
44,MC | F-fooof-full | z | ICP,-0.006106079213073823,0.07160474711792811
44,MC | F-fooof-aper | none | ENR,-0.039531992475936306,-0.2661278146658783
44,MC | F-fooof-aper | none | ENR+time,-0.04226269842064023,-0.28611753251544364
44,MC | F-fooof-aper | none | SVR,-0.3790695829811168,-0.24659274772145376
44,MC | F-fooof-aper | none | SVR+time,-0.33966322730465914,-0.2449701967481638
44,MC | F-fooof-aper | none | Anchor,-0.28550313555966156,-0.25088193085460564
44,MC | F-fooof-aper | none | ICP,-0.10414685872685814,-0.26720654085807755
44,MC | F-fooof-aper | z | ENR,-0.1588731168638391,-0.11701026913094101
44,MC | F-fooof-aper | z | ENR+time,-0.1429252002825443,-0.269476854974846
44,MC | F-fooof-aper | z | SVR,-0.20964241141406448,-0.018778332127400196
44,MC | F-fooof-aper | z | SVR+time,-0.1339163592739525,-0.22071324287070138
44,MC | F-fooof-aper | z | Anchor,-0.17928320557155408,-0.08761895369830472
44,MC | F-fooof-aper | z | ICP,-0.059055823133951746,-0.05292345475507617
44,MC | F-fooof-rel | none | ENR,-0.048311625054826335,-0.258242017320796
44,MC | F-fooof-rel | none | ENR+time,-0.05346782105054082,-0.31014243985384704
44,MC | F-fooof-rel | none | SVR,-0.1779404174227288,-0.1442651551315416
44,MC | F-fooof-rel | none | SVR+time,-0.22354719436522186,-0.17332805569044413
44,MC | F-fooof-rel | none | Anchor,-0.30024569220652486,-0.31962948208208936
44,MC | F-fooof-rel | none | ICP,-0.008277320844883418,0.016271538299949158
44,MC | F-fooof-rel | z | ENR,-0.039531992475936306,-0.2661278146658783
44,MC | F-fooof-rel | z | ENR+time,-0.05253258514755599,-0.30671974931514434
44,MC | F-fooof-rel | z | SVR,-0.18919273542362092,-0.18968991003315427
44,MC | F-fooof-rel | z | SVR+time,-0.1667646569192478,-0.1419398238138101
44,MC | F-fooof-rel | z | Anchor,-0.6597329306814619,-0.28986768813265557
44,MC | F-fooof-rel | z | ICP,-0.05999058390772882,-0.24419424051000616
44,MC | F-fooof-asym | none | ENR,-0.12316478624316773,-0.276926915588129
44,MC | F-fooof-asym | none | ENR+time,-0.06604453971342195,-0.31104713466146006
44,MC | F-fooof-asym | none | SVR,-0.31029209117260703,-0.26634948154376037
44,MC | F-fooof-asym | none | SVR+time,-0.43250448302740274,-0.2228180724960667
44,MC | F-fooof-asym | none | Anchor,-0.23612330203345255,-0.22571276412890484
44,MC | F-fooof-asym | none | ICP,-0.039531992475936306,-0.2661278146658783
44,MC | F-fooof-asym | z | ENR,-0.11580748397740837,-0.23800529246528576
44,MC | F-fooof-asym | z | ENR+time,-0.10582029146054661,-0.27986919184746367
44,MC | F-fooof-asym | z | SVR,-0.12360852261755428,-0.09207141447030552
44,MC | F-fooof-asym | z | SVR+time,-0.08021699701104046,-0.030266033561088923
44,MC | F-fooof-asym | z | Anchor,-0.22081573545509436,-0.18174104470467609
44,MC | F-fooof-asym | z | ICP,-0.0560323400594025,0.08224116635332554
44,MC | F-fooof-riem | riem | ENR,-0.004198647863739913,0.04190872093220088
44,MC | F-fooof-riem | riem | ENR+time,-0.04967923365067772,-0.09807437054469051
44,MC | F-fooof-riem | riem | SVR,-0.10955021472305049,0.029811976106189297
44,MC | F-fooof-riem | riem | SVR+time,-0.0775127178363122,0.091507531822348
44,MC | F-fooof-riem | riem | Anchor,-0.2720021336277194,-0.11940994703161237
44,MC | F-fooof-riem | riem | ICP,-0.042571933901783376,-0.195076188101627
45,noMC | F-fooof-full | none | ENR,-0.12334110910977603,-0.20343976141975464
45,noMC | F-fooof-full | none | ENR+time,-0.10273118026471462,-0.07636566118321984
45,noMC | F-fooof-full | none | SVR,-0.06424057160622931,0.05036469763167032
45,noMC | F-fooof-full | none | SVR+time,-0.11136846250447552,-0.0338516885249884
45,noMC | F-fooof-full | none | Anchor,-0.09429928551038169,0.09487166554933636
45,noMC | F-fooof-full | none | ICP,-0.03170277655609244,-0.1640786821493444
45,noMC | F-fooof-full | z | ENR,-0.015396103391192018,0.04767170306317553
45,noMC | F-fooof-full | z | ENR+time,-0.01751161717569283,0.0889555774917699
45,noMC | F-fooof-full | z | SVR,-0.14096585227562541,-0.1487689927207576
45,noMC | F-fooof-full | z | SVR+time,-0.10092000474261931,-0.11447830925633845
45,noMC | F-fooof-full | z | Anchor,-0.09359042874564794,0.1209328286404241
45,noMC | F-fooof-full | z | ICP,-0.09506216191952532,-0.1789645713049933
45,noMC | F-fooof-aper | none | ENR,-0.09536949379021054,-0.19410011852861225
45,noMC | F-fooof-aper | none | ENR+time,-0.09568285255990006,-0.08305647986979871
45,noMC | F-fooof-aper | none | SVR,-0.2621153373760887,-0.1710998534445129
45,noMC | F-fooof-aper | none | SVR+time,-0.14756673709160184,-0.05211967248731697
45,noMC | F-fooof-aper | none | Anchor,-0.17992707398909902,-0.18243759527120207
45,noMC | F-fooof-aper | none | ICP,-0.07027727626654068,-0.11427786970892151
45,noMC | F-fooof-aper | z | ENR,-0.03249073139739456,-0.11413287406195685
45,noMC | F-fooof-aper | z | ENR+time,-0.03422479085789809,-0.23433454093829853
45,noMC | F-fooof-aper | z | SVR,-0.2706805624163158,-0.1303779534408687
45,noMC | F-fooof-aper | z | SVR+time,-0.2465991146422697,-0.06249028138975608
45,noMC | F-fooof-aper | z | Anchor,-0.13342143922429206,-0.2645252216375754
45,noMC | F-fooof-aper | z | ICP,-0.11581573113503008,-0.11402852437831226
45,noMC | F-fooof-rel | none | ENR,-0.06182622487214884,-0.19740301854100378
45,noMC | F-fooof-rel | none | ENR+time,-0.030850404088909267,0.12524829554535177
45,noMC | F-fooof-rel | none | SVR,-0.08641689540721154,0.11163972542241024
45,noMC | F-fooof-rel | none | SVR+time,0.07903383380325801,0.285448508117635
45,noMC | F-fooof-rel | none | Anchor,-0.033626891745724974,0.07085239878606849
45,noMC | F-fooof-rel | none | ICP,-6.326763936947977e-05,0.07474317470877666
45,noMC | F-fooof-rel | z | ENR,-0.052057284483082444,-0.06023958284110645
45,noMC | F-fooof-rel | z | ENR+time,-0.02623353910395898,0.07740756837741812
45,noMC | F-fooof-rel | z | SVR,-0.021830571432120305,0.0750995506867603
45,noMC | F-fooof-rel | z | SVR+time,-0.0033411573537001082,0.12385804890308483
45,noMC | F-fooof-rel | z | Anchor,-0.46643711710906777,0.14571468242256436
45,noMC | F-fooof-rel | z | ICP,-0.03230505963823216,-0.23378160734237113
45,noMC | F-fooof-asym | none | ENR,0.03750265214610338,0.20691027583705343
45,noMC | F-fooof-asym | none | ENR+time,0.06399071184912808,0.2675624204934033
45,noMC | F-fooof-asym | none | SVR,0.010639676909071416,0.23078143133515205
45,noMC | F-fooof-asym | none | SVR+time,-0.007390177210458093,0.17659957289794562
45,noMC | F-fooof-asym | none | Anchor,0.0515919473583889,0.2552685699154572
45,noMC | F-fooof-asym | none | ICP,0.023538594533538792,0.1626901367330545
45,noMC | F-fooof-asym | z | ENR,-0.017226225939358297,0.059586704470581946
45,noMC | F-fooof-asym | z | ENR+time,-0.021517642703660744,0.1225734237915557
45,noMC | F-fooof-asym | z | SVR,0.019813145557404654,0.22301728779981658
45,noMC | F-fooof-asym | z | SVR+time,0.03406246925126244,0.24112095273487194
45,noMC | F-fooof-asym | z | Anchor,0.008787583383718656,0.3643165991191316
45,noMC | F-fooof-asym | z | ICP,-0.03230505963823216,-0.23378160734237113
45,noMC | F-fooof-riem | riem | ENR,-0.18747494273260057,-0.0462653640015316
45,noMC | F-fooof-riem | riem | ENR+time,-0.15137455140192047,-0.04694678589567916
45,noMC | F-fooof-riem | riem | SVR,-0.1772409547503344,-0.001216194430982722
45,noMC | F-fooof-riem | riem | SVR+time,-0.10951780498047348,0.05707527528261479
45,noMC | F-fooof-riem | riem | Anchor,-0.4205248080127293,-0.025885493471526227
45,noMC | F-fooof-riem | riem | ICP,-0.04672151443712269,-0.22585348047034887
45,MC | F-fooof-full | none | ENR,-0.057943755319943335,0.02040860483763007
45,MC | F-fooof-full | none | ENR+time,-0.025655248312553836,0.12057628080747389
45,MC | F-fooof-full | none | SVR,-0.038517086947920554,0.09470767376886995
45,MC | F-fooof-full | none | SVR+time,-0.03762887287888517,0.09319136332416258
45,MC | F-fooof-full | none | Anchor,-0.13620270471054008,0.11208739444515958
45,MC | F-fooof-full | none | ICP,0.03529586721567657,0.1996197231428266
45,MC | F-fooof-full | z | ENR,-0.07744118702231795,0.11967107288613278
45,MC | F-fooof-full | z | ENR+time,-0.0973946005291384,0.11546833844221713
45,MC | F-fooof-full | z | SVR,-0.08436674978292857,0.007507934601684568
45,MC | F-fooof-full | z | SVR+time,-0.04155482634862917,0.0580886211973894
45,MC | F-fooof-full | z | Anchor,-0.3454784919071423,0.0649843959826838
45,MC | F-fooof-full | z | ICP,-0.0017902637021733891,0.06818921672713589
45,MC | F-fooof-aper | none | ENR,-0.015588383194898414,0.073050296014801
45,MC | F-fooof-aper | none | ENR+time,-0.00574104754410798,0.0940069206984984
45,MC | F-fooof-aper | none | SVR,-0.124422497808649,-0.02996385228008276
45,MC | F-fooof-aper | none | SVR+time,-0.06751299126772659,0.038765859873061366
45,MC | F-fooof-aper | none | Anchor,-0.043212058940430786,0.12971174838248278
45,MC | F-fooof-aper | none | ICP,-0.08119554245245264,0.03598828456502569
45,MC | F-fooof-aper | z | ENR,-0.0364497238537671,-0.2363038608316937
45,MC | F-fooof-aper | z | ENR+time,-0.0364497238537671,-0.23630386083169358
45,MC | F-fooof-aper | z | SVR,-0.29091981195976024,-0.10952846039734343
45,MC | F-fooof-aper | z | SVR+time,-0.151870167576585,-0.045520980723461286
45,MC | F-fooof-aper | z | Anchor,-0.12022200164620367,-0.3266648134711303
45,MC | F-fooof-aper | z | ICP,-0.1170465743172675,-0.11117447099444794
45,MC | F-fooof-rel | none | ENR,-0.03242037149521204,-0.05237258115508829
45,MC | F-fooof-rel | none | ENR+time,-0.05498009558638772,-0.17941335252181193
45,MC | F-fooof-rel | none | SVR,-0.04652444122344135,0.06526621911258124
45,MC | F-fooof-rel | none | SVR+time,-0.012239685099705522,0.13874398990140116
45,MC | F-fooof-rel | none | Anchor,-0.0012376840167911407,0.16664401541119367
45,MC | F-fooof-rel | none | ICP,0.004609573136226897,0.11558438777310531
45,MC | F-fooof-rel | z | ENR,-0.035705710612616404,-0.12160276892005352
45,MC | F-fooof-rel | z | ENR+time,-0.04520807818335748,-0.14813634408629436
45,MC | F-fooof-rel | z | SVR,-0.05196081243680628,-0.04764284657169647
45,MC | F-fooof-rel | z | SVR+time,-0.0014205257987280895,0.09750542161893941
45,MC | F-fooof-rel | z | Anchor,-0.1179471376358705,0.017995166278416075
45,MC | F-fooof-rel | z | ICP,-0.03451504171119546,-0.23562425988281743
45,MC | F-fooof-asym | none | ENR,0.0023132351983790045,0.14912217439838246
45,MC | F-fooof-asym | none | ENR+time,-0.04339498696502142,0.011338513085159995
45,MC | F-fooof-asym | none | SVR,0.010656656141917353,0.1944701243959901
45,MC | F-fooof-asym | none | SVR+time,0.0013766308961279394,0.18040057374310664
45,MC | F-fooof-asym | none | Anchor,0.009898272939282249,0.20001884661396713
45,MC | F-fooof-asym | none | ICP,-0.03926602635969134,0.15046550020566035
45,MC | F-fooof-asym | z | ENR,-0.031316695091008206,0.010933938579763911
45,MC | F-fooof-asym | z | ENR+time,-0.03557942174112738,0.005457461849329128
45,MC | F-fooof-asym | z | SVR,0.04884280539536556,0.25718206207979244
45,MC | F-fooof-asym | z | SVR+time,0.039919401223351914,0.22077127526516782
45,MC | F-fooof-asym | z | Anchor,0.05412079421834659,0.26354406879791226
45,MC | F-fooof-asym | z | ICP,0.005771271510278342,0.14150833993100098
45,MC | F-fooof-riem | riem | ENR,-0.20927305555869746,-0.05112075580046446
45,MC | F-fooof-riem | riem | ENR+time,-0.22299079956993384,-0.04248389491815169
45,MC | F-fooof-riem | riem | SVR,-0.05188417429550274,0.06222471838230832
45,MC | F-fooof-riem | riem | SVR+time,-0.005750549763132495,0.13441215217019575
45,MC | F-fooof-riem | riem | Anchor,-0.36488257728633133,0.04550333156379431
45,MC | F-fooof-riem | riem | ICP,-0.051663488074461084,-0.22769561962305207
46,noMC | F-fooof-full | none | ENR,-0.03265405484286221,-0.22889322869626166
46,noMC | F-fooof-full | none | ENR+time,-0.03265405484286221,-0.22889322869626166
46,noMC | F-fooof-full | none | SVR,-0.07145428706464663,-0.033498397073188683
46,noMC | F-fooof-full | none | SVR+time,-0.08429278124882811,-0.07885948568721185
46,noMC | F-fooof-full | none | Anchor,-0.021517932410135554,0.10069753481416757
46,noMC | F-fooof-full | none | ICP,-0.05320855418416026,-0.13653189263849183
46,noMC | F-fooof-full | z | ENR,-0.04442754377801217,-0.26577041792143746
46,noMC | F-fooof-full | z | ENR+time,-0.04442754377801217,-0.26577041792143746
46,noMC | F-fooof-full | z | SVR,-0.3618984605144244,-0.21830915170487822
46,noMC | F-fooof-full | z | SVR+time,-0.3910590438812336,-0.25235897755196285
46,noMC | F-fooof-full | z | Anchor,-0.2616495021922902,-0.2236163680940978
46,noMC | F-fooof-full | z | ICP,-0.09884440808689332,-0.15086584897797753
46,noMC | F-fooof-aper | none | ENR,-0.044183077018165484,-0.30787063900431505
46,noMC | F-fooof-aper | none | ENR+time,-0.03294132880991185,-0.2256990283024861
46,noMC | F-fooof-aper | none | SVR,-0.34900199180014413,-0.1873727579364473
46,noMC | F-fooof-aper | none | SVR+time,-0.18523603287807822,-0.19756864489942827
46,noMC | F-fooof-aper | none | Anchor,-0.09356771263134211,-0.06181720435802612
46,noMC | F-fooof-aper | none | ICP,-0.03284564911832999,-0.22779254081245953
46,noMC | F-fooof-aper | z | ENR,-0.03284564911832999,-0.22779254081245953
46,noMC | F-fooof-aper | z | ENR+time,-0.03284564911832999,-0.22779254081245953
46,noMC | F-fooof-aper | z | SVR,-0.18523668144376115,-0.3141848775705728
46,noMC | F-fooof-aper | z | SVR+time,-0.18011445616851707,-0.3292606415441434
46,noMC | F-fooof-aper | z | Anchor,-0.26723125100974077,-0.24510792317643545
46,noMC | F-fooof-aper | z | ICP,-0.1622332617429365,-0.2448907509882932
46,noMC | F-fooof-rel | none | ENR,-0.04011944515639443,-0.15023024694203974
46,noMC | F-fooof-rel | none | ENR+time,-0.040618737293198315,-0.25108510783043986
46,noMC | F-fooof-rel | none | SVR,0.009886929535894096,0.1802766968655234
46,noMC | F-fooof-rel | none | SVR+time,0.018023199318488725,0.15968590086879078
46,noMC | F-fooof-rel | none | Anchor,0.014170015240614009,0.18668190140796928
46,noMC | F-fooof-rel | none | ICP,-0.034701603699527794,-0.20151506103366779
46,noMC | F-fooof-rel | z | ENR,-0.0486139064364568,-0.1156622014338948
46,noMC | F-fooof-rel | z | ENR+time,-0.03641414645027363,-0.16851595757005372
46,noMC | F-fooof-rel | z | SVR,-0.07907344351876433,0.020300305514362044
46,noMC | F-fooof-rel | z | SVR+time,-0.05056789339725065,-0.05187278590719811
46,noMC | F-fooof-rel | z | Anchor,-0.41220661372064327,0.1874721640203731
46,noMC | F-fooof-rel | z | ICP,-0.03284564911832999,-0.22779254081245953
46,noMC | F-fooof-asym | none | ENR,0.011690479427188483,0.12939575433817313
46,noMC | F-fooof-asym | none | ENR+time,-0.02427644310280619,-0.03407922836248482
46,noMC | F-fooof-asym | none | SVR,-0.004585384440733975,0.1512020860192983
46,noMC | F-fooof-asym | none | SVR+time,-0.03615558013765208,0.0890686394087528
46,noMC | F-fooof-asym | none | Anchor,-0.05247659925449799,0.07441873113766728
46,noMC | F-fooof-asym | none | ICP,-0.03284564911832999,-0.22779254081245953
46,noMC | F-fooof-asym | z | ENR,0.0414835970276628,0.21318998343612233
46,noMC | F-fooof-asym | z | ENR+time,-0.052438513368705975,-0.23512085451960424
46,noMC | F-fooof-asym | z | SVR,-0.04105674993462993,0.020983505816387166
46,noMC | F-fooof-asym | z | SVR+time,-0.005319373547426842,0.12836779535836598
46,noMC | F-fooof-asym | z | Anchor,0.0432633949793626,0.24735092778323026
46,noMC | F-fooof-asym | z | ICP,-0.03500597719523957,-0.17220737639885061
46,noMC | F-fooof-riem | riem | ENR,-0.06472716287171831,-0.18588580283463058
46,noMC | F-fooof-riem | riem | ENR+time,-0.03704030479060272,-0.2477395313980251
46,noMC | F-fooof-riem | riem | SVR,-0.09631921112197794,0.041508555261956424
46,noMC | F-fooof-riem | riem | SVR+time,-0.14525161685724708,-0.039856337440754536
46,noMC | F-fooof-riem | riem | Anchor,-0.5601882283662978,0.18133121063137067
46,noMC | F-fooof-riem | riem | ICP,-0.056724750560238624,-0.21849779810363584
46,MC | F-fooof-full | none | ENR,-0.05488716927192949,-0.23757753144464144
46,MC | F-fooof-full | none | ENR+time,-0.04672293820176687,-0.23976513764640248
46,MC | F-fooof-full | none | SVR,-0.10297703570007988,-0.018901493939243397
46,MC | F-fooof-full | none | SVR+time,-0.1737910641733187,-0.13764589718059306
46,MC | F-fooof-full | none | Anchor,0.03957523849236433,0.27782338111720556
46,MC | F-fooof-full | none | ICP,-0.061442849598922544,-0.1528583145742625
46,MC | F-fooof-full | z | ENR,-0.12250389356612468,-0.16076991052704429
46,MC | F-fooof-full | z | ENR+time,-0.13755436327027204,-0.1588402742830949
46,MC | F-fooof-full | z | SVR,-0.15503566072086672,-0.258652498114692
46,MC | F-fooof-full | z | SVR+time,-0.19414823614296983,-0.29432551114273875
46,MC | F-fooof-full | z | Anchor,-0.13494854610855245,0.06311432040994057
46,MC | F-fooof-full | z | ICP,-0.06945306034937127,-0.149499325049482
46,MC | F-fooof-aper | none | ENR,-0.033151238793480475,-0.22128521674083865
46,MC | F-fooof-aper | none | ENR+time,-0.033151238793480475,-0.22128521674083865
46,MC | F-fooof-aper | none | SVR,-0.3710324464830166,-0.22821498655915998
46,MC | F-fooof-aper | none | SVR+time,-0.2226232665452228,-0.27533478026562663
46,MC | F-fooof-aper | none | Anchor,-0.10558834658441651,-0.2559309587505868
46,MC | F-fooof-aper | none | ICP,-0.09879812888857442,-0.25637802248561153
46,MC | F-fooof-aper | z | ENR,-0.05234085701145097,-0.2913208638198853
46,MC | F-fooof-aper | z | ENR+time,-0.033151238793480475,-0.22128521674083865
46,MC | F-fooof-aper | z | SVR,-0.2894982600775675,-0.36738698861696506
46,MC | F-fooof-aper | z | SVR+time,-0.30812951273499434,-0.3995587703216852
46,MC | F-fooof-aper | z | Anchor,-0.25544027156112814,-0.27147128092300354
46,MC | F-fooof-aper | z | ICP,-0.15820505137653895,-0.2793011721716727
46,MC | F-fooof-rel | none | ENR,-0.034481491975834944,-0.10973415872666858
46,MC | F-fooof-rel | none | ENR+time,-0.027055727575594934,-0.10815965573192692
46,MC | F-fooof-rel | none | SVR,-0.07252722341770035,0.0070319612145016
46,MC | F-fooof-rel | none | SVR+time,-0.0577460385680022,0.014658559841659532
46,MC | F-fooof-rel | none | Anchor,0.00389935404948738,0.14900495921756574
46,MC | F-fooof-rel | none | ICP,0.04947548222519782,0.23609838987514686
46,MC | F-fooof-rel | z | ENR,-0.017719210206214253,0.0159954699597415
46,MC | F-fooof-rel | z | ENR+time,-0.017553338670399654,-0.014583129503754809
46,MC | F-fooof-rel | z | SVR,-0.13490383565056208,-0.17536395695326779
46,MC | F-fooof-rel | z | SVR+time,-0.09647118380621023,-0.1110843168109202
46,MC | F-fooof-rel | z | Anchor,-0.24317674741315431,0.08808769803366606
46,MC | F-fooof-rel | z | ICP,-0.033151238793480475,-0.22128521674083865
46,MC | F-fooof-asym | none | ENR,-0.06846915409431231,-0.12596915673808726
46,MC | F-fooof-asym | none | ENR+time,-0.07633381760806568,-0.2744927601191115
46,MC | F-fooof-asym | none | SVR,-0.1043993163432444,-0.03025010415342025
46,MC | F-fooof-asym | none | SVR+time,-0.10580802141485668,-0.08034903652649521
46,MC | F-fooof-asym | none | Anchor,-0.12568685748799235,-0.00530565817982233
46,MC | F-fooof-asym | none | ICP,-0.033151238793480475,-0.22128521674083865
46,MC | F-fooof-asym | z | ENR,-0.03607187828022962,-0.035648382418703266
46,MC | F-fooof-asym | z | ENR+time,-0.08439114884467536,-0.24932147951433575
46,MC | F-fooof-asym | z | SVR,-0.009436057619701899,0.0891841887608393
46,MC | F-fooof-asym | z | SVR+time,-0.0522527634537282,-0.040324333603883204
46,MC | F-fooof-asym | z | Anchor,-0.04260229807180638,0.08118981353312116
46,MC | F-fooof-asym | z | ICP,-0.024391858210519146,-0.22008834317984588
46,MC | F-fooof-riem | riem | ENR,-0.03463510983826201,-0.0827135810739467
46,MC | F-fooof-riem | riem | ENR+time,-0.0348450130031599,-0.17865996502236955
46,MC | F-fooof-riem | riem | SVR,-0.051907250398346205,0.10277502467130697
46,MC | F-fooof-riem | riem | SVR+time,-0.07251137671340024,0.0772707254378656
46,MC | F-fooof-riem | riem | Anchor,-0.6796539452814621,0.22803113264557542
46,MC | F-fooof-riem | riem | ICP,-0.03451754297989673,-0.13961146104313088
47,noMC | F-fooof-full | none | ENR,-0.07977513848063866,-0.13997828507717366
47,noMC | F-fooof-full | none | ENR+time,-0.1639780384572469,-0.3373051022209089
47,noMC | F-fooof-full | none | SVR,-0.3279563836206303,-0.2852142265647224
47,noMC | F-fooof-full | none | SVR+time,-0.2388973156143337,-0.2361988962498622
47,noMC | F-fooof-full | none | Anchor,-0.2852510657916687,-0.140435323091317
47,noMC | F-fooof-full | none | ICP,-0.06963626587788552,0.022566914525822303
47,noMC | F-fooof-full | z | ENR,-0.11994040594041389,-0.3953558697314795
47,noMC | F-fooof-full | z | ENR+time,-0.11994040594041389,-0.3953558697314795
47,noMC | F-fooof-full | z | SVR,-0.27689578647728696,-0.2614800998242953
47,noMC | F-fooof-full | z | SVR+time,-0.28418503493143144,-0.29674067518281333
47,noMC | F-fooof-full | z | Anchor,-0.27665801258548073,-0.15008823674930583
47,noMC | F-fooof-full | z | ICP,-0.21032903297941874,-0.3967959727456063
47,noMC | F-fooof-aper | none | ENR,-0.06118907294290388,-0.1074738768585079
47,noMC | F-fooof-aper | none | ENR+time,-0.052488517546527724,-0.12974498634810677
47,noMC | F-fooof-aper | none | SVR,-0.26783413182242466,-0.15714076167333696
47,noMC | F-fooof-aper | none | SVR+time,-0.3363775155510038,-0.21140580676345713
47,noMC | F-fooof-aper | none | Anchor,-0.13947548444653735,0.05799017143971581
47,noMC | F-fooof-aper | none | ICP,-0.10537649746216382,0.032554918365290425
47,noMC | F-fooof-aper | z | ENR,-0.04800776882542013,-0.3452289985339104
47,noMC | F-fooof-aper | z | ENR+time,-0.04800776882542013,-0.3452289985339104
47,noMC | F-fooof-aper | z | SVR,-0.2028733361670665,-0.2818574271732707
47,noMC | F-fooof-aper | z | SVR+time,-0.3223590020744014,-0.17400712997036233
47,noMC | F-fooof-aper | z | Anchor,-0.1687213860138166,-0.33318661749577816
47,noMC | F-fooof-aper | z | ICP,-0.04800776882542013,-0.3452289985339104
47,noMC | F-fooof-rel | none | ENR,-0.1429223143177074,-0.30051557704886245
47,noMC | F-fooof-rel | none | ENR+time,-0.13603045085205467,-0.29883962601412495
47,noMC | F-fooof-rel | none | SVR,-0.372844625825423,-0.20928519643853313
47,noMC | F-fooof-rel | none | SVR+time,-0.39501998858168696,-0.17339615818799464
47,noMC | F-fooof-rel | none | Anchor,-0.5769523361277447,-0.01680343404686262
47,noMC | F-fooof-rel | none | ICP,-0.16099436214652596,-0.22971072269029963
47,noMC | F-fooof-rel | z | ENR,-0.09547603709850261,-0.37524189794356805
47,noMC | F-fooof-rel | z | ENR+time,-0.4909820218431753,-0.20462559848593345
47,noMC | F-fooof-rel | z | SVR,-0.19052856883609492,-0.23814060727304287
47,noMC | F-fooof-rel | z | SVR+time,-0.3210512889173447,-0.2941852401308453
47,noMC | F-fooof-rel | z | Anchor,-3.9850261719893956,-0.10155494228591351
47,noMC | F-fooof-rel | z | ICP,-0.1132093363829374,-0.12668850201428603
47,noMC | F-fooof-asym | none | ENR,-0.11798098757350206,-0.39798333814602616
47,noMC | F-fooof-asym | none | ENR+time,-0.12917485377781435,-0.41088451836284806
47,noMC | F-fooof-asym | none | SVR,-0.2625392313353596,-0.3629761230748947
47,noMC | F-fooof-asym | none | SVR+time,-0.2632875963136172,-0.33387468690735966
47,noMC | F-fooof-asym | none | Anchor,-0.19026651352031476,-0.33750224698534903
47,noMC | F-fooof-asym | none | ICP,-0.04800776882542013,-0.3452289985339104
47,noMC | F-fooof-asym | z | ENR,-0.28574276692490685,-0.2018029725065293
47,noMC | F-fooof-asym | z | ENR+time,-0.23317398354650543,-0.2371052572109426
47,noMC | F-fooof-asym | z | SVR,-0.29926528662878904,-0.21288791992191763
47,noMC | F-fooof-asym | z | SVR+time,-0.29978393827330696,-0.21695742173639096
47,noMC | F-fooof-asym | z | Anchor,-0.35188005942376943,-0.16871341813600796
47,noMC | F-fooof-asym | z | ICP,-0.02643768288041448,0.054126348909342085
47,noMC | F-fooof-riem | riem | ENR,-0.04996547092615056,-0.34313431361313207
47,noMC | F-fooof-riem | riem | ENR+time,-0.04996547092615056,-0.34313431361313207
47,noMC | F-fooof-riem | riem | SVR,-0.31385858249667575,-0.3792236710244401
47,noMC | F-fooof-riem | riem | SVR+time,-0.3108113124949621,-0.3325849415487596
47,noMC | F-fooof-riem | riem | Anchor,-0.6852278432431829,-0.3897504462496445
47,noMC | F-fooof-riem | riem | ICP,-0.06486885227354677,-0.3012375986420852
47,MC | F-fooof-full | none | ENR,-0.08948431204641794,-0.40101551421100234
47,MC | F-fooof-full | none | ENR+time,-0.08948431204641794,-0.40101551421100234
47,MC | F-fooof-full | none | SVR,-0.13757333171277186,0.0659381186121924
47,MC | F-fooof-full | none | SVR+time,-0.21900760866120006,-0.022691403247575438
47,MC | F-fooof-full | none | Anchor,-0.3305824620421749,-0.1278140744985019
47,MC | F-fooof-full | none | ICP,-0.23344426242846605,-0.35210845813269914
47,MC | F-fooof-full | z | ENR,-0.16555500986687233,-0.4032933259404248
47,MC | F-fooof-full | z | ENR+time,-0.1507157599925486,-0.40551455560264416
47,MC | F-fooof-full | z | SVR,-0.4627382484396869,-0.25883991624887837
47,MC | F-fooof-full | z | SVR+time,-0.4400739135786307,-0.35472851738544875
47,MC | F-fooof-full | z | Anchor,-0.27560862782711637,-0.3755699781138365
47,MC | F-fooof-full | z | ICP,-0.21285279782250943,-0.3747500218869176
47,MC | F-fooof-aper | none | ENR,-0.07759150336204335,-0.14600260952083055
47,MC | F-fooof-aper | none | ENR+time,-0.05271750978454448,-0.32046374438852554
47,MC | F-fooof-aper | none | SVR,-0.24942862058322235,-0.17045003711437315
47,MC | F-fooof-aper | none | SVR+time,-0.30215338357913546,-0.13277491467776614
47,MC | F-fooof-aper | none | Anchor,-0.08286710059442304,-0.1353259304417383
47,MC | F-fooof-aper | none | ICP,-0.10237775000015148,-0.10997722640879001
47,MC | F-fooof-aper | z | ENR,-0.058766178756085585,-0.09780744344647174
47,MC | F-fooof-aper | z | ENR+time,-0.05157436457330622,-0.3543424118467944
47,MC | F-fooof-aper | z | SVR,-0.23464015825143703,-0.07603046586298218
47,MC | F-fooof-aper | z | SVR+time,-0.16820780222325982,-0.08739395828807046
47,MC | F-fooof-aper | z | Anchor,-0.14340472963776452,-0.2901686861806758
47,MC | F-fooof-aper | z | ICP,-0.05157436457330622,-0.35434241184679444
47,MC | F-fooof-rel | none | ENR,-0.12309446712944849,-0.3369952096200354
47,MC | F-fooof-rel | none | ENR+time,-0.12309446712944849,-0.3369952096200354
47,MC | F-fooof-rel | none | SVR,-0.2685845040148509,-0.14616658399380317
47,MC | F-fooof-rel | none | SVR+time,-0.3258329460927114,-0.21649223794127231
47,MC | F-fooof-rel | none | Anchor,-0.2552761014403593,0.044257513368533355
47,MC | F-fooof-rel | none | ICP,-0.14031314190481559,-0.2856232738933405
47,MC | F-fooof-rel | z | ENR,-0.05157436457330622,-0.3543424118467943
47,MC | F-fooof-rel | z | ENR+time,-0.05157436457330622,-0.3543424118467943
47,MC | F-fooof-rel | z | SVR,-0.3514517670536501,-0.4166576723788554
47,MC | F-fooof-rel | z | SVR+time,-0.3556124843638697,-0.3982239925135591
47,MC | F-fooof-rel | z | Anchor,-1.2339056773623986,-0.18551230439576716
47,MC | F-fooof-rel | z | ICP,-0.05652517546345592,-0.3565655986596309
47,MC | F-fooof-asym | none | ENR,-0.07067340485733054,-0.3230020932967417
47,MC | F-fooof-asym | none | ENR+time,-0.05157436457330622,-0.35434241184679444
47,MC | F-fooof-asym | none | SVR,-0.4851808797638424,-0.44319272227614714
47,MC | F-fooof-asym | none | SVR+time,-0.26380292241716896,-0.39062106400885266
47,MC | F-fooof-asym | none | Anchor,-0.14541673920014886,-0.26545929690801423
47,MC | F-fooof-asym | none | ICP,-0.1098270688325993,-0.27308156013616386
47,MC | F-fooof-asym | z | ENR,-0.22249521946892314,-0.2815545894189113
47,MC | F-fooof-asym | z | ENR+time,-0.05157436457330622,-0.35434241184679444
47,MC | F-fooof-asym | z | SVR,-0.21847407008570796,-0.030390750920783548
47,MC | F-fooof-asym | z | SVR+time,-0.27695456894584436,-0.35713547129602685
47,MC | F-fooof-asym | z | Anchor,-0.4314485219276165,-0.2944415844659406
47,MC | F-fooof-asym | z | ICP,-0.034134241617977956,-0.21760250315172597
47,MC | F-fooof-riem | riem | ENR,-0.05372071035485804,-0.3522691256388367
47,MC | F-fooof-riem | riem | ENR+time,-0.05372071035485804,-0.3522691256388367
47,MC | F-fooof-riem | riem | SVR,-0.36565600871312287,-0.39412056709198495
47,MC | F-fooof-riem | riem | SVR+time,-0.36158746993273505,-0.4098958942938654
47,MC | F-fooof-riem | riem | Anchor,-0.6141782469170776,-0.3011596723214406
47,MC | F-fooof-riem | riem | ICP,-0.2925352823355676,-0.3692770274219163
48,noMC | F-fooof-full | none | ENR,-0.14464877894275108,-0.07077341169462664
48,noMC | F-fooof-full | none | ENR+time,-0.7972516717269429,-0.250110102713167
48,noMC | F-fooof-full | none | SVR,-0.1613222804955039,-0.14526067156387265
48,noMC | F-fooof-full | none | SVR+time,-0.1679290202356465,-0.16764828151777417
48,noMC | F-fooof-full | none | Anchor,-0.3771024374587366,0.060683386438754025
48,noMC | F-fooof-full | none | ICP,-0.10965373205208717,-0.142563109683184
48,noMC | F-fooof-full | z | ENR,-0.3151598667127651,-0.17374589089947404
48,noMC | F-fooof-full | z | ENR+time,-0.05859250674210936,-0.25319230609217
48,noMC | F-fooof-full | z | SVR,-0.20923846927921708,-0.2711656728054188
48,noMC | F-fooof-full | z | SVR+time,-0.16876370185330436,-0.17329371891797735
48,noMC | F-fooof-full | z | Anchor,-6.322382425512229,-0.21168975506245485
48,noMC | F-fooof-full | z | ICP,-0.17926558670125736,-0.14590572318557982
48,noMC | F-fooof-aper | none | ENR,-0.17582597702177982,-0.058341711394529386
48,noMC | F-fooof-aper | none | ENR+time,-0.24603106564923616,-0.14004432290532562
48,noMC | F-fooof-aper | none | SVR,-0.4437260018545177,-0.19994287481467343
48,noMC | F-fooof-aper | none | SVR+time,-0.21705477320811717,-0.231795854755009
48,noMC | F-fooof-aper | none | Anchor,-0.26309227654510026,-0.08771612886205415
48,noMC | F-fooof-aper | none | ICP,0.13647825328965058,0.3818510466108157
48,noMC | F-fooof-aper | z | ENR,-0.03501760618886407,-0.025559537640243636
48,noMC | F-fooof-aper | z | ENR+time,-0.05208376841677187,-0.3052847114128727
48,noMC | F-fooof-aper | z | SVR,-0.24795772386392412,-0.25440424180697796
48,noMC | F-fooof-aper | z | SVR+time,-0.2506067077556091,-0.28534873336856337
48,noMC | F-fooof-aper | z | Anchor,-0.19218546713862072,-0.3155169712779814
48,noMC | F-fooof-aper | z | ICP,-0.04801191133850735,-0.36367594468688214
48,noMC | F-fooof-rel | none | ENR,-0.07808873045534548,-0.22193144757713837
48,noMC | F-fooof-rel | none | ENR+time,-0.11081995253498333,-0.30772902221726717
48,noMC | F-fooof-rel | none | SVR,-0.1867594947215503,-0.20089216299442336
48,noMC | F-fooof-rel | none | SVR+time,-0.10894275855375346,-0.06289055430899367
48,noMC | F-fooof-rel | none | Anchor,-0.10997359898654402,0.192608137781402
48,noMC | F-fooof-rel | none | ICP,0.010747004141976713,0.13715447526005023
48,noMC | F-fooof-rel | z | ENR,-0.08818882894468638,-0.1721297909186204
48,noMC | F-fooof-rel | z | ENR+time,-0.1748552218973125,-0.22413584812000562
48,noMC | F-fooof-rel | z | SVR,-0.08176003747469829,-0.022050688286334164
48,noMC | F-fooof-rel | z | SVR+time,-0.05239516461402727,0.04475607053417731
48,noMC | F-fooof-rel | z | Anchor,-0.5322557935786854,0.131249100785185
48,noMC | F-fooof-rel | z | ICP,-0.046188514924716095,-0.235627283019058
48,noMC | F-fooof-asym | none | ENR,-0.07838156567383825,-0.0796521709895021
48,noMC | F-fooof-asym | none | ENR+time,-0.08246271252307924,-0.06852785459351171
48,noMC | F-fooof-asym | none | SVR,-0.08993995174730829,0.004850597681289804
48,noMC | F-fooof-asym | none | SVR+time,-0.05694755875290047,0.033868208320835924
48,noMC | F-fooof-asym | none | Anchor,-0.16310038809169058,-0.07350918854067745
48,noMC | F-fooof-asym | none | ICP,-0.04801191133850735,-0.36367594468688214
48,noMC | F-fooof-asym | z | ENR,-0.053342621835243964,0.03503899024261115
48,noMC | F-fooof-asym | z | ENR+time,-0.05550866930476772,0.029678233174922134
48,noMC | F-fooof-asym | z | SVR,-0.06998068061500295,0.22666699928286432
48,noMC | F-fooof-asym | z | SVR+time,-0.031835851121234215,0.1964769255933967
48,noMC | F-fooof-asym | z | Anchor,-0.18677732451487183,0.1533678088930004
48,noMC | F-fooof-asym | z | ICP,-0.024527141276799114,-0.2188098743496108
48,noMC | F-fooof-riem | riem | ENR,-0.06803593897729376,-0.30822612424857954
48,noMC | F-fooof-riem | riem | ENR+time,-0.11385576414478726,-0.24660000925317688
48,noMC | F-fooof-riem | riem | SVR,-0.20051610841355805,-0.1503289841149553
48,noMC | F-fooof-riem | riem | SVR+time,-0.05695705187428568,0.004150774714103911
48,noMC | F-fooof-riem | riem | Anchor,-0.5432625695870095,-0.325260718281581
48,noMC | F-fooof-riem | riem | ICP,-0.04801191133850735,-0.36367594468688214
48,MC | F-fooof-full | none | ENR,-0.14245346936879932,-0.07509315367588905
48,MC | F-fooof-full | none | ENR+time,-0.31479098402618555,-0.1926299935569219
48,MC | F-fooof-full | none | SVR,-0.2528296743915033,-0.194112162515495
48,MC | F-fooof-full | none | SVR+time,-0.18045739642244918,-0.2190444800785673
48,MC | F-fooof-full | none | Anchor,-0.279967141880086,0.09030957805111384
48,MC | F-fooof-full | none | ICP,-0.12987857083033671,-0.20470728139209218
48,MC | F-fooof-full | z | ENR,-0.1164714566438807,-0.08301916848967694
48,MC | F-fooof-full | z | ENR+time,-0.1605039913276627,-0.10402007418059592
48,MC | F-fooof-full | z | SVR,-0.20774649185677352,-0.1880736820414396
48,MC | F-fooof-full | z | SVR+time,-0.18005339598987335,-0.18936417855727988
48,MC | F-fooof-full | z | Anchor,-0.15842679119031722,0.24744403818767396
48,MC | F-fooof-full | z | ICP,-0.06422912009456772,-0.05375304887488229
48,MC | F-fooof-aper | none | ENR,-0.1461043904343715,-0.16169914502064994
48,MC | F-fooof-aper | none | ENR+time,-0.1381649384058028,-0.16845782385066926
48,MC | F-fooof-aper | none | SVR,-0.19548888769663475,-0.19353785132274653
48,MC | F-fooof-aper | none | SVR+time,-0.1617211508157963,-0.2071023665721923
48,MC | F-fooof-aper | none | Anchor,-0.13512307298638215,-0.22167924209900702
48,MC | F-fooof-aper | none | ICP,-0.18761612906190872,-0.263138704211087
48,MC | F-fooof-aper | z | ENR,-0.07143726018268426,-0.04001391075356258
48,MC | F-fooof-aper | z | ENR+time,-0.04851664967187452,-0.2974037374677001
48,MC | F-fooof-aper | z | SVR,-0.23938521367807497,-0.25020062068898297
48,MC | F-fooof-aper | z | SVR+time,-0.32337607935769297,-0.31327812510953373
48,MC | F-fooof-aper | z | Anchor,-0.19029742830081764,-0.31134806577183594
48,MC | F-fooof-aper | z | ICP,-0.21109931239017365,-0.1729596382466681
48,MC | F-fooof-rel | none | ENR,-0.059991053327504096,-0.11319326571893207
48,MC | F-fooof-rel | none | ENR+time,-0.08516593607283096,-0.13544995874649263
48,MC | F-fooof-rel | none | SVR,-0.29852270531896896,-0.2932194363942019
48,MC | F-fooof-rel | none | SVR+time,-0.0890918877881055,-0.03761409990315662
48,MC | F-fooof-rel | none | Anchor,-0.01176938205121636,0.23045454588514538
48,MC | F-fooof-rel | none | ICP,-0.003694241135922649,0.0730731602546314
48,MC | F-fooof-rel | z | ENR,-0.0534120264116662,-0.021878433976359635
48,MC | F-fooof-rel | z | ENR+time,-0.05613118373690429,-0.10526982518881992
48,MC | F-fooof-rel | z | SVR,-0.11141996027857837,-0.0666895547408122
48,MC | F-fooof-rel | z | SVR+time,-0.06271043257515196,0.056048076708738556
48,MC | F-fooof-rel | z | Anchor,-0.22445221811474858,-0.009389311176415754
48,MC | F-fooof-rel | z | ICP,-0.05063896488370867,-0.3668655368758811
48,MC | F-fooof-asym | none | ENR,-0.08560169200704149,-0.08807212356656383
48,MC | F-fooof-asym | none | ENR+time,-0.09174869028741162,-0.07127794526674042
48,MC | F-fooof-asym | none | SVR,-0.10291010042735116,-0.060837265301043414
48,MC | F-fooof-asym | none | SVR+time,-0.04033693676402339,0.039768241641307586
48,MC | F-fooof-asym | none | Anchor,-0.10291045243070807,-0.05821580179534731
48,MC | F-fooof-asym | none | ICP,-0.05063896488370867,-0.3668655368758811
48,MC | F-fooof-asym | z | ENR,-0.2258124338275287,-0.1122106180695058
48,MC | F-fooof-asym | z | ENR+time,-0.23527736491608575,-0.13296775388713133
48,MC | F-fooof-asym | z | SVR,0.017178152957613935,0.24632288094658833
48,MC | F-fooof-asym | z | SVR+time,-0.06033498956250072,0.10469207372571021
48,MC | F-fooof-asym | z | Anchor,-0.4465043666407482,0.045676293872695665
48,MC | F-fooof-asym | z | ICP,-0.3255324493984182,-0.2566945671920179
48,MC | F-fooof-riem | riem | ENR,-0.10305605156377418,-0.26409950269856036
48,MC | F-fooof-riem | riem | ENR+time,-0.10747359496235065,-0.1751885273503901
48,MC | F-fooof-riem | riem | SVR,-0.21053727885496953,-0.1443191962596732
48,MC | F-fooof-riem | riem | SVR+time,-0.1668798264871505,-0.13351723089622508
48,MC | F-fooof-riem | riem | Anchor,-0.39862891301948933,-0.14315276497601787
48,MC | F-fooof-riem | riem | ICP,-0.07911855064579565,-0.2658859956531908
49,noMC | F-fooof-full | none | ENR,-0.05605777033078807,0.020649103280551195
49,noMC | F-fooof-full | none | ENR+time,-0.1059799395713974,-0.08858871116081105
49,noMC | F-fooof-full | none | SVR,-0.13777747858651423,0.0033478516266694097
49,noMC | F-fooof-full | none | SVR+time,-0.10814639412184923,0.0025397438465648674
49,noMC | F-fooof-full | none | Anchor,-0.08494296642590049,0.13747109081680614
49,noMC | F-fooof-full | none | ICP,-0.03005284551987719,-0.10221628445547642
49,noMC | F-fooof-full | z | ENR,-0.05889072625222158,-0.19330132555180707
49,noMC | F-fooof-full | z | ENR+time,-0.05889072625222158,-0.19330132555180707
49,noMC | F-fooof-full | z | SVR,-0.41792635879609064,0.042074992985803014
49,noMC | F-fooof-full | z | SVR+time,-0.38184983436639985,0.02514058154238414
49,noMC | F-fooof-full | z | Anchor,-0.12592602301789957,-0.002967713326983628
49,noMC | F-fooof-full | z | ICP,-0.1247971636722418,-0.1322919249647241
49,noMC | F-fooof-aper | none | ENR,-0.053145188494251316,-0.21009291659254858
49,noMC | F-fooof-aper | none | ENR+time,-0.049384592740552735,-0.2130668501757541
49,noMC | F-fooof-aper | none | SVR,-0.15306580245971557,-0.14827288119027543
49,noMC | F-fooof-aper | none | SVR+time,-0.15940420932181398,-0.1712639205037088
49,noMC | F-fooof-aper | none | Anchor,-0.21724243009557442,-0.11784918881444022
49,noMC | F-fooof-aper | none | ICP,-0.03283403016288,-0.0020464128272202516
49,noMC | F-fooof-aper | z | ENR,-0.047027469294621094,-0.3304988371842491
49,noMC | F-fooof-aper | z | ENR+time,-0.04540029326674322,-0.3257983699413603
49,noMC | F-fooof-aper | z | SVR,-1.0526104070654618,-0.11853697708226016
49,noMC | F-fooof-aper | z | SVR+time,-0.28502352889311044,-0.3014409693304023
49,noMC | F-fooof-aper | z | Anchor,-0.16751252188744892,-0.23058703726711519
49,noMC | F-fooof-aper | z | ICP,-0.04540029326674322,-0.3257983699413603
49,noMC | F-fooof-rel | none | ENR,-0.0967720779917991,0.03028413773839421
49,noMC | F-fooof-rel | none | ENR+time,-0.06255498723110442,0.07570733142212101
49,noMC | F-fooof-rel | none | SVR,0.015279028779643267,0.19668611885536247
49,noMC | F-fooof-rel | none | SVR+time,-0.08495301576453151,0.20216416528025238
49,noMC | F-fooof-rel | none | Anchor,-0.10779261129558138,0.12340234130372188
49,noMC | F-fooof-rel | none | ICP,-0.17851448131145187,-0.19429533040128066
49,noMC | F-fooof-rel | z | ENR,-0.22478722584716415,-0.06461031058405148
49,noMC | F-fooof-rel | z | ENR+time,-0.2183091611095711,-0.05973746710765828
49,noMC | F-fooof-rel | z | SVR,-0.17167014734362884,0.14872565830037127
49,noMC | F-fooof-rel | z | SVR+time,0.038032665081278005,0.2786497928205229
49,noMC | F-fooof-rel | z | Anchor,-1.2751082945709151,-0.033830719183568364
49,noMC | F-fooof-rel | z | ICP,-0.04540029326674322,-0.3257983699413603
49,noMC | F-fooof-asym | none | ENR,-0.13247414684140146,-0.014981510438659005
49,noMC | F-fooof-asym | none | ENR+time,-0.14818582329555974,-0.0716266224238544
49,noMC | F-fooof-asym | none | SVR,-0.17004155874497484,-0.01103343789635345
49,noMC | F-fooof-asym | none | SVR+time,-0.13163847732936373,0.021381451089411044
49,noMC | F-fooof-asym | none | Anchor,-0.15530750112948355,-0.06351699580450454
49,noMC | F-fooof-asym | none | ICP,-0.04540029326674322,-0.3257983699413603
49,noMC | F-fooof-asym | z | ENR,-3.8707677491560633,-0.106731398129703
49,noMC | F-fooof-asym | z | ENR+time,-3.7529412510987026,-0.12271739927370517
49,noMC | F-fooof-asym | z | SVR,-0.14664754503771382,0.08771694523841253
49,noMC | F-fooof-asym | z | SVR+time,-0.17575451692956445,0.02735084921665229
49,noMC | F-fooof-asym | z | Anchor,-3.442612793653706,-0.07395210529727539
49,noMC | F-fooof-asym | z | ICP,-0.05242831586732821,-0.3789877668962053
49,noMC | F-fooof-riem | riem | ENR,-0.11129701187823549,-0.14561787707925147
49,noMC | F-fooof-riem | riem | ENR+time,-0.1324595107204789,-0.16779510377852286
49,noMC | F-fooof-riem | riem | SVR,-0.28614430111259503,-0.0806479488837881
49,noMC | F-fooof-riem | riem | SVR+time,-0.21849027088225004,-0.0656966318763302
49,noMC | F-fooof-riem | riem | Anchor,-0.3473126964572699,0.021391262357762456
49,noMC | F-fooof-riem | riem | ICP,-0.02906947926543002,-0.17307723522696417
49,MC | F-fooof-full | none | ENR,-0.04509780470847358,0.09457739096189526
49,MC | F-fooof-full | none | ENR+time,-0.09140670104279724,-0.0377697121558905
49,MC | F-fooof-full | none | SVR,-0.18483755518807232,0.0033718008031795206
49,MC | F-fooof-full | none | SVR+time,-0.1231966617765956,0.017944064172782527
49,MC | F-fooof-full | none | Anchor,-6.483289825687244e-05,0.2725399587185925
49,MC | F-fooof-full | none | ICP,-0.06921939703940594,-0.12423537254549698
49,MC | F-fooof-full | z | ENR,-0.11257564008431875,-0.0286563568385721
49,MC | F-fooof-full | z | ENR+time,-0.10465190356178966,-0.027644043559978022
49,MC | F-fooof-full | z | SVR,-0.1363530414890599,-0.031268882837059864
49,MC | F-fooof-full | z | SVR+time,-0.11459032039282624,-0.03544451592901184
49,MC | F-fooof-full | z | Anchor,-0.27592255527098275,0.07403105937502051
49,MC | F-fooof-full | z | ICP,-0.015546230857839127,0.06932282798793506
49,MC | F-fooof-aper | none | ENR,-0.05046431640310334,-0.31776327526334724
49,MC | F-fooof-aper | none | ENR+time,-0.12654241055816984,-0.2551848891437507
49,MC | F-fooof-aper | none | SVR,-0.42007964096280137,-0.24731574608822007
49,MC | F-fooof-aper | none | SVR+time,-0.17570425392831668,-0.24803614956612163
49,MC | F-fooof-aper | none | Anchor,-0.20610238367389333,-0.23593785896159042
49,MC | F-fooof-aper | none | ICP,-0.11005539701720402,-0.2696254969304307
49,MC | F-fooof-aper | z | ENR,-0.11324658688659883,-0.22745156570166836
49,MC | F-fooof-aper | z | ENR+time,-0.05887245363794724,-0.33878297198254603
49,MC | F-fooof-aper | z | SVR,-0.36387110378555176,-0.01323012460498985
49,MC | F-fooof-aper | z | SVR+time,-0.4202864471490173,-0.09165384188596248
49,MC | F-fooof-aper | z | Anchor,-0.18527206750002767,-0.23971031888013333
49,MC | F-fooof-aper | z | ICP,-0.05046431640310334,-0.31776327526334713
49,MC | F-fooof-rel | none | ENR,-0.13397753418048253,-0.07559875006802101
49,MC | F-fooof-rel | none | ENR+time,-0.11498618977959985,-0.0694763889854996
49,MC | F-fooof-rel | none | SVR,-0.07246968030350254,0.22376887428801276
49,MC | F-fooof-rel | none | SVR+time,-0.11767664501746133,0.08474061133080399
49,MC | F-fooof-rel | none | Anchor,-0.2841368884993303,0.020838913178654113
49,MC | F-fooof-rel | none | ICP,-0.1361840674319319,0.04608260316770944
49,MC | F-fooof-rel | z | ENR,-0.058891952061482344,-0.06863458511845359
49,MC | F-fooof-rel | z | ENR+time,-0.0667365555892947,-0.08440664691122382
49,MC | F-fooof-rel | z | SVR,-0.19494382074913297,-0.05749592778322428
49,MC | F-fooof-rel | z | SVR+time,-0.13574117928400176,-0.034063277461001185
49,MC | F-fooof-rel | z | Anchor,-1.5695489888816705,-0.15562875181887376
49,MC | F-fooof-rel | z | ICP,-0.06642243327078301,-0.2744416405530603
49,MC | F-fooof-asym | none | ENR,-0.1736818863820111,-0.11794968330218944
49,MC | F-fooof-asym | none | ENR+time,-0.18434692084558235,-0.10567958400270686
49,MC | F-fooof-asym | none | SVR,-0.20250864657633127,-0.1002041521892033
49,MC | F-fooof-asym | none | SVR+time,-0.2297991503025616,-0.13719533696158062
49,MC | F-fooof-asym | none | Anchor,-0.21149455308242593,-0.09178409759990185
49,MC | F-fooof-asym | none | ICP,-0.05046431640310334,-0.31776327526334713
49,MC | F-fooof-asym | z | ENR,-1.1712720724223362,-0.14771841346890685
49,MC | F-fooof-asym | z | ENR+time,-1.555225945139738,-0.15436998419323014
49,MC | F-fooof-asym | z | SVR,-0.17499846567374844,0.008133181742942773
49,MC | F-fooof-asym | z | SVR+time,-0.09603150940489225,0.007519043780045108
49,MC | F-fooof-asym | z | Anchor,-0.33820621951155094,0.0014808134506069867
49,MC | F-fooof-asym | z | ICP,-0.044233560073306144,-0.3241702411739616
49,MC | F-fooof-riem | riem | ENR,-0.03596486626309936,0.09619896534179045
49,MC | F-fooof-riem | riem | ENR+time,-0.0481847977011749,0.014567428291265182
49,MC | F-fooof-riem | riem | SVR,-0.19445583355022156,-0.06864893438872839
49,MC | F-fooof-riem | riem | SVR+time,-0.20333048970953405,-0.1006550847442326
49,MC | F-fooof-riem | riem | Anchor,-0.4309717274297282,0.10308928110006807
49,MC | F-fooof-riem | riem | ICP,0.011430661453920798,0.1253955737038419
50,noMC | F-fooof-full | none | ENR,-0.13368391726742757,-0.06554898087665192
50,noMC | F-fooof-full | none | ENR+time,-0.19498585895213938,-0.11208422399661355
50,noMC | F-fooof-full | none | SVR,-0.11896476293307567,0.07151037445970021
50,noMC | F-fooof-full | none | SVR+time,-0.14228069454820225,0.08348158843646532
50,noMC | F-fooof-full | none | Anchor,0.07476188524408467,0.3164451686709224
50,noMC | F-fooof-full | none | ICP,-0.11306329600808818,-0.29685309786486824
50,noMC | F-fooof-full | z | ENR,-1.2753756073997806,-0.32587680556775256
50,noMC | F-fooof-full | z | ENR+time,-0.2327359924436867,-0.2104488803689537
50,noMC | F-fooof-full | z | SVR,-0.292588042649345,-0.22234778188637933
50,noMC | F-fooof-full | z | SVR+time,-0.31687176785209403,-0.18101941251142578
50,noMC | F-fooof-full | z | Anchor,-2.832614627135147,-0.2532233369290037
50,noMC | F-fooof-full | z | ICP,-0.07419274248744223,-0.42129720515936747
50,noMC | F-fooof-aper | none | ENR,-0.1407469953630287,-0.2614948650704941
50,noMC | F-fooof-aper | none | ENR+time,-0.1306129757455634,-0.025905991077251597
50,noMC | F-fooof-aper | none | SVR,-0.34739209385160197,-0.2174647939197353
50,noMC | F-fooof-aper | none | SVR+time,-0.28965048824307793,-0.08930664957587818
50,noMC | F-fooof-aper | none | Anchor,-0.40230237698280713,-0.17528962255172623
50,noMC | F-fooof-aper | none | ICP,-0.10149687546850705,-0.3088884664527765
50,noMC | F-fooof-aper | z | ENR,-0.07419274248744223,-0.42129720515936747
50,noMC | F-fooof-aper | z | ENR+time,-0.021752229645305654,0.03126153866779778
50,noMC | F-fooof-aper | z | SVR,-0.28613658560714206,-0.19109453234326326
50,noMC | F-fooof-aper | z | SVR+time,-0.23909378822925031,-0.04719878626494848
50,noMC | F-fooof-aper | z | Anchor,-0.44588220488687846,-0.3558018060185606
50,noMC | F-fooof-aper | z | ICP,-0.07419274248744223,-0.42129720515936747
50,noMC | F-fooof-rel | none | ENR,-0.19359086895356237,-0.09346046150361853
50,noMC | F-fooof-rel | none | ENR+time,-0.4400497473822538,0.03679802112573019
50,noMC | F-fooof-rel | none | SVR,-0.19444569501605313,0.006376413325330441
50,noMC | F-fooof-rel | none | SVR+time,-0.16190232994387177,0.08702223374493535
50,noMC | F-fooof-rel | none | Anchor,-0.8170305352381679,0.10737999632029804
50,noMC | F-fooof-rel | none | ICP,-0.14027048020792177,-0.30505751992017227
50,noMC | F-fooof-rel | z | ENR,-0.7426098428088244,-0.29530811437676696
50,noMC | F-fooof-rel | z | ENR+time,-0.2579641768215908,-0.1885926945761399
50,noMC | F-fooof-rel | z | SVR,-0.30082046542594676,-0.1717932745959651
50,noMC | F-fooof-rel | z | SVR+time,-0.10176803060178718,-0.00509087407527533
50,noMC | F-fooof-rel | z | Anchor,-7.0448613661183455,0.018396875963184994
50,noMC | F-fooof-rel | z | ICP,-0.13846115101764123,-0.02625837324889187
50,noMC | F-fooof-asym | none | ENR,-0.4609205501768727,-0.3520675598731996
50,noMC | F-fooof-asym | none | ENR+time,-0.3961747145704284,-0.3487912608509157
50,noMC | F-fooof-asym | none | SVR,-0.5801096879705239,-0.3443698997452391
50,noMC | F-fooof-asym | none | SVR+time,-0.309890641329154,-0.10660263761665628
50,noMC | F-fooof-asym | none | Anchor,-0.462659456813892,-0.33773601031747535
50,noMC | F-fooof-asym | none | ICP,-0.07419274248744223,-0.42129720515936747
50,noMC | F-fooof-asym | z | ENR,-12.294139667332322,-0.35330395142483684
50,noMC | F-fooof-asym | z | ENR+time,-8.670176662691206,-0.3201903208055218
50,noMC | F-fooof-asym | z | SVR,0.023824992793206712,0.3356377507552965
50,noMC | F-fooof-asym | z | SVR+time,0.029091824736666272,0.2950114276246372
50,noMC | F-fooof-asym | z | Anchor,-10.267789413354553,-0.3162582425910061
50,noMC | F-fooof-asym | z | ICP,-0.059126283862825035,-0.13943301758767504
50,noMC | F-fooof-riem | riem | ENR,-0.22150088002751778,-0.1363453659773272
50,noMC | F-fooof-riem | riem | ENR+time,-0.22411924241303915,-0.1387648852419924
50,noMC | F-fooof-riem | riem | SVR,-0.4965787969597799,-0.19757605821715818
50,noMC | F-fooof-riem | riem | SVR+time,-0.06788507049195203,0.10557356267120671
50,noMC | F-fooof-riem | riem | Anchor,-0.4473054661990248,0.009857877088937789
50,noMC | F-fooof-riem | riem | ICP,-0.08326356861233375,-0.025745256793666408
50,MC | F-fooof-full | none | ENR,-0.263864327851812,-0.22800295541519133
50,MC | F-fooof-full | none | ENR+time,-0.3684715943629686,-0.265554501671927
50,MC | F-fooof-full | none | SVR,-0.008678176889487021,0.14784727614945012
50,MC | F-fooof-full | none | SVR+time,-0.0628778045955658,0.12021466319436798
50,MC | F-fooof-full | none | Anchor,-0.19395520014584755,0.19080683032065943
50,MC | F-fooof-full | none | ICP,-0.08911640614859184,-0.18118168155647635
50,MC | F-fooof-full | z | ENR,-0.4211953868397904,-0.40290392126408636
50,MC | F-fooof-full | z | ENR+time,-0.38355641961774634,-0.31444855130167826
50,MC | F-fooof-full | z | SVR,-0.3931268374158008,-0.2640999486264414
50,MC | F-fooof-full | z | SVR+time,-0.36100566377545396,-0.19595653966545729
50,MC | F-fooof-full | z | Anchor,-1.2950615002127934,-0.21964231579941837
50,MC | F-fooof-full | z | ICP,-0.07832280771750733,-0.21225208234446985
50,MC | F-fooof-aper | none | ENR,-0.1486447040342045,-0.27768049414805257
50,MC | F-fooof-aper | none | ENR+time,-0.09283583668578776,-0.1034242898642927
50,MC | F-fooof-aper | none | SVR,-0.2966325050499603,-0.2631016730665831
50,MC | F-fooof-aper | none | SVR+time,-0.25385707544658564,-0.04235864641758101
50,MC | F-fooof-aper | none | Anchor,-0.18828115772156506,-0.288678385920977
50,MC | F-fooof-aper | none | ICP,-0.07829696738221315,-0.42917567899310627
50,MC | F-fooof-aper | z | ENR,-0.07829696738221315,-0.42917567899310627
50,MC | F-fooof-aper | z | ENR+time,-0.03381114481676817,-0.00024123793852229292
50,MC | F-fooof-aper | z | SVR,-0.2397900152394068,-0.15509434111820414
50,MC | F-fooof-aper | z | SVR+time,-0.1567853662798775,-0.0807656768635322
50,MC | F-fooof-aper | z | Anchor,-0.3534019992319608,-0.31182248678431446
50,MC | F-fooof-aper | z | ICP,-0.07829696738221315,-0.42917567899310627
50,MC | F-fooof-rel | none | ENR,-0.12803673217668843,-0.01895651025274401
50,MC | F-fooof-rel | none | ENR+time,-0.12237995319416495,0.004246291299365792
50,MC | F-fooof-rel | none | SVR,-0.19286796094097802,-0.008686845628449461
50,MC | F-fooof-rel | none | SVR+time,-0.16967452909482716,-0.013154845114737163
50,MC | F-fooof-rel | none | Anchor,-0.375412160890761,0.11058926318321352
50,MC | F-fooof-rel | none | ICP,-0.07310799634803744,-0.1659744231144258
50,MC | F-fooof-rel | z | ENR,-0.7167470609229494,-0.3194298008198724
50,MC | F-fooof-rel | z | ENR+time,-0.7417109157492767,-0.2867141044141095
50,MC | F-fooof-rel | z | SVR,-0.16511491758514074,-0.13095858086094225
50,MC | F-fooof-rel | z | SVR+time,-0.1790655255868725,-0.08265137082114847
50,MC | F-fooof-rel | z | Anchor,-2.453117128239788,-0.015889769293042175
50,MC | F-fooof-rel | z | ICP,-0.07827787108838291,-0.3411141061389875
50,MC | F-fooof-asym | none | ENR,-0.52556428134628,-0.37240924239014017
50,MC | F-fooof-asym | none | ENR+time,-0.3897006243962906,-0.3188964657081186
50,MC | F-fooof-asym | none | SVR,-0.5505516618370281,-0.398414915148396
50,MC | F-fooof-asym | none | SVR+time,-0.4191367506488446,-0.273406059035162
50,MC | F-fooof-asym | none | Anchor,-0.5715019786098499,-0.40924649395176393
50,MC | F-fooof-asym | none | ICP,-0.07829696738221315,-0.42917567899310627
50,MC | F-fooof-asym | z | ENR,-3.5695909679545474,-0.3728575397765069
50,MC | F-fooof-asym | z | ENR+time,-3.4590754409603788,-0.35620376012225585
50,MC | F-fooof-asym | z | SVR,-1.4353943253007229,-0.2186001024068183
50,MC | F-fooof-asym | z | SVR+time,-0.5802948383120918,-0.1348176065738406
50,MC | F-fooof-asym | z | Anchor,-4.368359121294556,-0.3497980888936563
50,MC | F-fooof-asym | z | ICP,-0.11252194835714247,0.04195688230427866
50,MC | F-fooof-riem | riem | ENR,-0.03588835007594837,0.06725230204908819
50,MC | F-fooof-riem | riem | ENR+time,-0.05601662734576096,0.02603729653913243
50,MC | F-fooof-riem | riem | SVR,-3.446346626637226,-0.3530242836763404
50,MC | F-fooof-riem | riem | SVR+time,-0.1720166071046747,-0.06366191468467793
50,MC | F-fooof-riem | riem | Anchor,-0.22433903985525783,0.12238734769899248
50,MC | F-fooof-riem | riem | ICP,-0.07755486629555297,-0.1651497700310163
51,noMC | F-fooof-full | none | ENR,-0.23606177464029665,-0.2605878640299867
51,noMC | F-fooof-full | none | ENR+time,-0.08526743117349,-0.2782155076166781
51,noMC | F-fooof-full | none | SVR,-0.26176120127581615,-0.14955637918030346
51,noMC | F-fooof-full | none | SVR+time,-0.22888934912915793,-0.09139516909451409
51,noMC | F-fooof-full | none | Anchor,-0.7917235244000485,-0.02020196981326194
51,noMC | F-fooof-full | none | ICP,-0.029997109530531363,-0.02298363724358405
51,noMC | F-fooof-full | z | ENR,-0.15950639180228898,-0.24147280144933986
51,noMC | F-fooof-full | z | ENR+time,-0.14298814937780024,-0.24733949276488232
51,noMC | F-fooof-full | z | SVR,-0.18971764388262558,-0.025150301988345634
51,noMC | F-fooof-full | z | SVR+time,-0.10551526256263144,0.017038364802781727
51,noMC | F-fooof-full | z | Anchor,-5.602327623630754,-0.3653851345039454
51,noMC | F-fooof-full | z | ICP,-0.04797768873062358,-0.08458310507150688
51,noMC | F-fooof-aper | none | ENR,-0.11182120490835956,-0.32242541803442065
51,noMC | F-fooof-aper | none | ENR+time,-0.17392545151767114,-0.3504005121324619
51,noMC | F-fooof-aper | none | SVR,-0.4637955942827541,-0.2749008865825199
51,noMC | F-fooof-aper | none | SVR+time,-0.4506496352449121,-0.324223610291048
51,noMC | F-fooof-aper | none | Anchor,-0.391400553743642,-0.30640626321606995
51,noMC | F-fooof-aper | none | ICP,-0.20826862054197903,-0.25225556799682514
51,noMC | F-fooof-aper | z | ENR,-0.22988500221182484,-0.4103131871313529
51,noMC | F-fooof-aper | z | ENR+time,-0.28840646343115606,-0.37379467474381683
51,noMC | F-fooof-aper | z | SVR,-0.17510113931952787,-0.3208603028626227
51,noMC | F-fooof-aper | z | SVR+time,-0.1881436557348537,-0.31792913823171937
51,noMC | F-fooof-aper | z | Anchor,-0.24656557166155357,-0.3894777868751921
51,noMC | F-fooof-aper | z | ICP,-0.22423899134973957,-0.4134084121155004
51,noMC | F-fooof-rel | none | ENR,-0.1360988199534412,-0.18600502866454172
51,noMC | F-fooof-rel | none | ENR+time,-0.06537951056634261,0.23021865358461513
51,noMC | F-fooof-rel | none | SVR,-0.20371587878776154,-0.0839340394080332
51,noMC | F-fooof-rel | none | SVR+time,-0.13427080577777817,0.035782078540926035
51,noMC | F-fooof-rel | none | Anchor,-0.0847270717409041,0.08428819566354757
51,noMC | F-fooof-rel | none | ICP,-0.11176287032496823,-0.4732368285745133
51,noMC | F-fooof-rel | z | ENR,-0.1950325734050442,-0.2024722054576531
51,noMC | F-fooof-rel | z | ENR+time,-0.165329657200324,-0.19567184410945626
51,noMC | F-fooof-rel | z | SVR,-0.03864814291689478,0.08242581211511663
51,noMC | F-fooof-rel | z | SVR+time,0.0013458580669342135,0.15687599487559548
51,noMC | F-fooof-rel | z | Anchor,-0.913024641166819,0.06576539993693434
51,noMC | F-fooof-rel | z | ICP,-0.02075582914177332,-0.08137975657326565
51,noMC | F-fooof-asym | none | ENR,-0.11431949056189206,-0.39492560438446
51,noMC | F-fooof-asym | none | ENR+time,-0.12131007505418423,-0.41423076630513234
51,noMC | F-fooof-asym | none | SVR,-0.3162477703738975,-0.2939284802001281
51,noMC | F-fooof-asym | none | SVR+time,-0.24725952223377412,-0.26547767850123405
51,noMC | F-fooof-asym | none | Anchor,-0.17842423699968402,-0.395430345947714
51,noMC | F-fooof-asym | none | ICP,-0.04996216004367704,-0.37080912644142033
51,noMC | F-fooof-asym | z | ENR,-1.0090990940095717,0.14222746977913764
51,noMC | F-fooof-asym | z | ENR+time,-0.7393859665681051,0.17574817666067802
51,noMC | F-fooof-asym | z | SVR,-0.07228765684625338,0.10415289092353769
51,noMC | F-fooof-asym | z | SVR+time,-0.2892634464128554,0.033650746618529355
51,noMC | F-fooof-asym | z | Anchor,-0.7882939313485922,0.21409722018782595
51,noMC | F-fooof-asym | z | ICP,-0.04927607770460041,-0.37573890415013433
51,noMC | F-fooof-riem | riem | ENR,-0.16707664898935826,-0.2532786954332249
51,noMC | F-fooof-riem | riem | ENR+time,-0.18091554227280637,-0.24612758299933557
51,noMC | F-fooof-riem | riem | SVR,-0.15963813766917268,-0.010483558341857095
51,noMC | F-fooof-riem | riem | SVR+time,-0.07577655489595703,0.09400046080323707
51,noMC | F-fooof-riem | riem | Anchor,-0.8727963863572821,-0.2662054024369851
51,noMC | F-fooof-riem | riem | ICP,-0.05482028293668595,-0.37684330746746736
51,MC | F-fooof-full | none | ENR,-0.07393725037978083,-0.2791089803568992
51,MC | F-fooof-full | none | ENR+time,-0.07224808054226273,-0.2854672368283
51,MC | F-fooof-full | none | SVR,-0.2523170748509176,-0.15547761232442492
51,MC | F-fooof-full | none | SVR+time,-0.23866465369627154,-0.08708684191135471
51,MC | F-fooof-full | none | Anchor,-0.7702982285150535,-0.06272255852240374
51,MC | F-fooof-full | none | ICP,-0.02026334026283272,-0.021068728759499434
51,MC | F-fooof-full | z | ENR,-0.2781106487011664,-0.21290307480826115
51,MC | F-fooof-full | z | ENR+time,-0.16941905750334763,-0.23310417213164564
51,MC | F-fooof-full | z | SVR,-0.3088375726846684,-0.11287084936940837
51,MC | F-fooof-full | z | SVR+time,-0.2088265399943121,-0.018625725605575322
51,MC | F-fooof-full | z | Anchor,-4.521659980316908,-0.05707358895311827
51,MC | F-fooof-full | z | ICP,0.0708707771842021,0.2716063930120878
51,MC | F-fooof-aper | none | ENR,-0.1288067355575766,-0.3142461989805004
51,MC | F-fooof-aper | none | ENR+time,-0.052187647680072446,-0.37126298580286776
51,MC | F-fooof-aper | none | SVR,-0.4533426512397978,-0.19895333810600846
51,MC | F-fooof-aper | none | SVR+time,-0.3151471423780603,-0.18982636063513603
51,MC | F-fooof-aper | none | Anchor,-0.4252312058457133,-0.2661725940292605
51,MC | F-fooof-aper | none | ICP,-0.14478319331913503,-0.3069520548871865
51,MC | F-fooof-aper | z | ENR,-0.16780894656506873,-0.41744322506411236
51,MC | F-fooof-aper | z | ENR+time,-0.16489715786909853,-0.3616874071181135
51,MC | F-fooof-aper | z | SVR,-0.26782132637201306,-0.38031051496064716
51,MC | F-fooof-aper | z | SVR+time,-0.2060044280088158,-0.31684805100247226
51,MC | F-fooof-aper | z | Anchor,-0.29502616144712146,-0.33112582571406113
51,MC | F-fooof-aper | z | ICP,-0.1680414063803528,-0.41741751548153927
51,MC | F-fooof-rel | none | ENR,-0.30222154216725294,-0.22646085517953002
51,MC | F-fooof-rel | none | ENR+time,-0.1532724144505797,-0.24498975487358002
51,MC | F-fooof-rel | none | SVR,-0.15270195948457954,-0.06300557912049433
51,MC | F-fooof-rel | none | SVR+time,-0.22762780607903776,-0.06268844012580803
51,MC | F-fooof-rel | none | Anchor,-0.11693665629865668,0.04796962742890078
51,MC | F-fooof-rel | none | ICP,-0.1629833736011188,-0.3452883822726011
51,MC | F-fooof-rel | z | ENR,-0.21196624552060483,-0.1956893828544411
51,MC | F-fooof-rel | z | ENR+time,-0.1941640517113783,-0.19465681323956646
51,MC | F-fooof-rel | z | SVR,-0.10883067593432583,0.009253289048019765
51,MC | F-fooof-rel | z | SVR+time,-0.030856447419233435,0.10594252114141622
51,MC | F-fooof-rel | z | Anchor,-0.6310386054717982,-0.16886701889943576
51,MC | F-fooof-rel | z | ICP,-0.049401837085531364,-0.361736458096657
51,MC | F-fooof-asym | none | ENR,-0.13886118006445836,-0.42368716227713704
51,MC | F-fooof-asym | none | ENR+time,-0.16446707830536567,-0.4964705486805755
51,MC | F-fooof-asym | none | SVR,-0.31696072643101547,-0.36938131152018605
51,MC | F-fooof-asym | none | SVR+time,-0.34560329014443436,-0.4151118809529006
51,MC | F-fooof-asym | none | Anchor,-0.17422953905942729,-0.3707622143434718
51,MC | F-fooof-asym | none | ICP,-0.0975578585053829,-0.32156004183496284
51,MC | F-fooof-asym | z | ENR,-0.21099275589192334,0.0371316634755203
51,MC | F-fooof-asym | z | ENR+time,-0.32698131118812257,-0.09776521681242441
51,MC | F-fooof-asym | z | SVR,-0.45468333783908355,-0.11539062829453388
51,MC | F-fooof-asym | z | SVR+time,-0.09585541140898823,0.08189887829893852
51,MC | F-fooof-asym | z | Anchor,-0.45147515819363426,-0.00342517427511628
51,MC | F-fooof-asym | z | ICP,-0.10700332834178417,-0.06592583213092257
51,MC | F-fooof-riem | riem | ENR,-0.1817030235618029,-0.32437202403802545
51,MC | F-fooof-riem | riem | ENR+time,-0.17499382503717942,-0.31840365347895994
51,MC | F-fooof-riem | riem | SVR,-0.18096026140278698,-0.06135253957141508
51,MC | F-fooof-riem | riem | SVR+time,-0.20251131269930434,-0.01797492098019928
51,MC | F-fooof-riem | riem | Anchor,-1.231142679602355,-0.29318708653983205
51,MC | F-fooof-riem | riem | ICP,-0.05503862111054603,-0.23961894350796686
52,noMC | F-fooof-full | none | ENR,-0.15451488819883608,0.0009617157953811656
52,noMC | F-fooof-full | none | ENR+time,-0.2027532417824025,-0.08139990915674744
52,noMC | F-fooof-full | none | SVR,-0.20517928954406828,-0.29442446217128976
52,noMC | F-fooof-full | none | SVR+time,-0.3439437455264469,-0.3425157203564133
52,noMC | F-fooof-full | none | Anchor,-1.5399137954662026,-0.1693540306999941
52,noMC | F-fooof-full | none | ICP,-0.1887667485121196,-0.2367161442656521
52,noMC | F-fooof-full | z | ENR,-0.05096005572164497,-0.23893999123775744
52,noMC | F-fooof-full | z | ENR+time,-0.12787209241474384,-0.29077440879372873
52,noMC | F-fooof-full | z | SVR,-0.10456165264651784,-0.1741956232452396
52,noMC | F-fooof-full | z | SVR+time,-0.11649264008951388,-0.05727194181463649
52,noMC | F-fooof-full | z | Anchor,-0.3049651615386122,-0.0020042659652506345
52,noMC | F-fooof-full | z | ICP,-0.13351486178787741,-0.17104308831475357
52,noMC | F-fooof-aper | none | ENR,-0.06155150721872693,-0.3685759961382765
52,noMC | F-fooof-aper | none | ENR+time,-0.07869503630053432,-0.40985135824833546
52,noMC | F-fooof-aper | none | SVR,-0.3273891903865589,-0.32099858923444996
52,noMC | F-fooof-aper | none | SVR+time,-0.33053634451032665,-0.31916963516282165
52,noMC | F-fooof-aper | none | Anchor,-0.2013924873689521,-0.43433157602804007
52,noMC | F-fooof-aper | none | ICP,-0.20334292468935544,-0.2458121088718052
52,noMC | F-fooof-aper | z | ENR,-0.07759977915882899,-0.16290363477038552
52,noMC | F-fooof-aper | z | ENR+time,-0.053480885787727805,-0.35624083297532194
52,noMC | F-fooof-aper | z | SVR,-0.19378543798484227,-0.1422364670943333
52,noMC | F-fooof-aper | z | SVR+time,-0.2077259306286332,-0.08188367325688381
52,noMC | F-fooof-aper | z | Anchor,-0.24636157673021253,-0.1558737962286993
52,noMC | F-fooof-aper | z | ICP,-0.035865685120404,-0.25624448970403313
52,noMC | F-fooof-rel | none | ENR,-0.41380742800183334,-0.22408462652922617
52,noMC | F-fooof-rel | none | ENR+time,-0.5344311604062177,-0.2588737050396601
52,noMC | F-fooof-rel | none | SVR,-0.4065148518190367,-0.18087992106036968
52,noMC | F-fooof-rel | none | SVR+time,-0.416424839816981,-0.19334284426678763
52,noMC | F-fooof-rel | none | Anchor,-0.6267340240868853,-0.07012985638152269
52,noMC | F-fooof-rel | none | ICP,-0.16699944884551776,-0.263819081942247
52,noMC | F-fooof-rel | z | ENR,-0.16360895498675632,-0.2628381793730528
52,noMC | F-fooof-rel | z | ENR+time,-0.6555873470591327,-0.2366558235632854
52,noMC | F-fooof-rel | z | SVR,-0.5231741055206907,-0.17939209799314887
52,noMC | F-fooof-rel | z | SVR+time,-0.426217481435057,-0.11581329814965559
52,noMC | F-fooof-rel | z | Anchor,-2.065779084321147,-0.0809069066476705
52,noMC | F-fooof-rel | z | ICP,-0.07591694987572994,-0.13317370250868887
52,noMC | F-fooof-asym | none | ENR,-0.1991240016877689,-0.2392626241600716
52,noMC | F-fooof-asym | none | ENR+time,-0.2878033441441308,-0.28243984564067276
52,noMC | F-fooof-asym | none | SVR,-0.47220915796894336,-0.20150132366404677
52,noMC | F-fooof-asym | none | SVR+time,-0.837186757352617,-0.26179014420480284
52,noMC | F-fooof-asym | none | Anchor,-0.9460379302726558,-0.22662345048923804
52,noMC | F-fooof-asym | none | ICP,-0.035865685120404,-0.25624448970403313
52,noMC | F-fooof-asym | z | ENR,-0.47386714037098354,0.007636014812501507
52,noMC | F-fooof-asym | z | ENR+time,-0.6705478725267817,-0.016545255219513815
52,noMC | F-fooof-asym | z | SVR,-0.18730657395890704,-0.22137437532857734
52,noMC | F-fooof-asym | z | SVR+time,-0.36614670737361155,-0.08649420930134258
52,noMC | F-fooof-asym | z | Anchor,-0.2137899203106206,-0.25078272329195056
52,noMC | F-fooof-asym | z | ICP,-0.035865685120404,-0.25624448970403313
52,noMC | F-fooof-riem | riem | ENR,-0.08382747584890571,-0.28156624530925284
52,noMC | F-fooof-riem | riem | ENR+time,-1.6122565315758086,-0.17680279459027337
52,noMC | F-fooof-riem | riem | SVR,-0.3328116077046599,-0.20638294359444942
52,noMC | F-fooof-riem | riem | SVR+time,-0.28946748790768884,-0.20850372672816928
52,noMC | F-fooof-riem | riem | Anchor,-0.2949377161212654,0.0015814818589850212
52,noMC | F-fooof-riem | riem | ICP,-0.30027693679009704,-0.2724213777135289
52,MC | F-fooof-full | none | ENR,-0.11843739051094926,-0.2703781254421254
52,MC | F-fooof-full | none | ENR+time,-0.15904190871179336,-0.3335935672698964
52,MC | F-fooof-full | none | SVR,-0.36529679614243027,-0.28509342018911726
52,MC | F-fooof-full | none | SVR+time,-0.43685956388778435,-0.34701226663275786
52,MC | F-fooof-full | none | Anchor,-1.5852096191382432,-0.1524330455541102
52,MC | F-fooof-full | none | ICP,-0.25000087549346306,-0.13946565397624885
52,MC | F-fooof-full | z | ENR,-0.11085929958341145,-0.19937532772082464
52,MC | F-fooof-full | z | ENR+time,-0.16593514487669792,-0.2684812938035606
52,MC | F-fooof-full | z | SVR,-0.13405562002113114,0.018719218533454318
52,MC | F-fooof-full | z | SVR+time,-0.14616517026619436,-0.04611229377276499
52,MC | F-fooof-full | z | Anchor,-0.3355431459948628,-0.2628631144231097
52,MC | F-fooof-full | z | ICP,-0.056977489547465066,-0.2569341516508402
52,MC | F-fooof-aper | none | ENR,-0.11660207350104246,-0.435546340164502
52,MC | F-fooof-aper | none | ENR+time,-0.16891211070489343,-0.44609880664953333
52,MC | F-fooof-aper | none | SVR,-0.32557934455823934,-0.3682434344096057
52,MC | F-fooof-aper | none | SVR+time,-0.3508930722727386,-0.3941743787414296
52,MC | F-fooof-aper | none | Anchor,-0.2941746150068274,-0.46378707352048454
52,MC | F-fooof-aper | none | ICP,-0.3242404061015718,-0.4278348774259117
52,MC | F-fooof-aper | z | ENR,-0.03716771073058878,-0.25195049937058234
52,MC | F-fooof-aper | z | ENR+time,-0.03716771073058878,-0.25195049937058234
52,MC | F-fooof-aper | z | SVR,-0.23411775496576182,-0.1896899447593255
52,MC | F-fooof-aper | z | SVR+time,-0.19663722258870897,-0.23161005442422278
52,MC | F-fooof-aper | z | Anchor,-0.11908825307694104,-0.15837265319257807
52,MC | F-fooof-aper | z | ICP,-0.03716771073058878,-0.25195049937058234
52,MC | F-fooof-rel | none | ENR,-0.5419888759367621,-0.21176099491068046
52,MC | F-fooof-rel | none | ENR+time,-0.6703067486286745,-0.21316937260560637
52,MC | F-fooof-rel | none | SVR,-0.6130895940569137,-0.27309324155554804
52,MC | F-fooof-rel | none | SVR+time,-0.5331408765377745,-0.2194379219441365
52,MC | F-fooof-rel | none | Anchor,-0.6540795755517259,-0.08293643038660986
52,MC | F-fooof-rel | none | ICP,-0.15944823994615231,-0.0728074028800354
52,MC | F-fooof-rel | z | ENR,-0.5781257577449526,-0.16206464084115732
52,MC | F-fooof-rel | z | ENR+time,-0.5114708616366943,-0.14703685101289055
52,MC | F-fooof-rel | z | SVR,-0.2539158343717778,-0.2263354270957686
52,MC | F-fooof-rel | z | SVR+time,-0.2544878150641896,-0.12254760093486007
52,MC | F-fooof-rel | z | Anchor,-0.9519943745123154,-0.1694094147335157
52,MC | F-fooof-rel | z | ICP,-1.2137474336511804,-0.1952081591202436
52,MC | F-fooof-asym | none | ENR,-0.13180451883884126,-0.19992074119348813
52,MC | F-fooof-asym | none | ENR+time,-0.20670480841232108,-0.24884593949944422
52,MC | F-fooof-asym | none | SVR,-0.4770489650366445,-0.19218951218311098
52,MC | F-fooof-asym | none | SVR+time,-0.44312947229250366,-0.27723260229399277
52,MC | F-fooof-asym | none | Anchor,-0.19450744776452678,-0.14192059682427044
52,MC | F-fooof-asym | none | ICP,-0.03716771073058878,-0.25195049937058234
52,MC | F-fooof-asym | z | ENR,-0.4321614140815577,-0.060115782580049286
52,MC | F-fooof-asym | z | ENR+time,-0.7405247373292718,-0.04903347420278837
52,MC | F-fooof-asym | z | SVR,-0.48502280025357525,-0.1152433332425719
52,MC | F-fooof-asym | z | SVR+time,-0.5253890960816725,-0.12377600826810835
52,MC | F-fooof-asym | z | Anchor,-0.3749688208397841,-0.32246838716312876
52,MC | F-fooof-asym | z | ICP,-0.03716771073058878,-0.25195049937058234
52,MC | F-fooof-riem | riem | ENR,-0.07047843637202611,-0.2470577259289416
52,MC | F-fooof-riem | riem | ENR+time,-0.13778016665867976,-0.24832122163249692
52,MC | F-fooof-riem | riem | SVR,-0.21997771662958954,-0.11278974938909514
52,MC | F-fooof-riem | riem | SVR+time,-0.17536511271589705,-0.1237370903422248
52,MC | F-fooof-riem | riem | Anchor,-0.7594451196207375,-0.1881790130845641
52,MC | F-fooof-riem | riem | ICP,-0.20565385047829388,-0.23166380802549658
53,noMC | F-fooof-full | none | ENR,-0.04719494188998841,-0.3381712753358659
53,noMC | F-fooof-full | none | ENR+time,-0.04719494188998841,-0.3381712753358659
53,noMC | F-fooof-full | none | SVR,-0.40225289708112055,-0.3054467430766796
53,noMC | F-fooof-full | none | SVR+time,-0.35943908687346937,-0.34835925457270583
53,noMC | F-fooof-full | none | Anchor,-0.4631817512007359,-0.2190779161706657
53,noMC | F-fooof-full | none | ICP,-0.1289749965968161,-0.22237430844439643
53,noMC | F-fooof-full | z | ENR,-0.2333519363431953,-0.2988717966601834
53,noMC | F-fooof-full | z | ENR+time,-0.05014345326038505,-0.28719911447729607
53,noMC | F-fooof-full | z | SVR,-0.16743011236815675,-0.24233086679784793
53,noMC | F-fooof-full | z | SVR+time,-0.15851741265912422,-0.1825966116181735
53,noMC | F-fooof-full | z | Anchor,-0.5319437643803169,-0.16739313826186653
53,noMC | F-fooof-full | z | ICP,-0.20710212227154767,-0.1137081007461131
53,noMC | F-fooof-aper | none | ENR,-0.07403045851914736,-0.17419543456181316
53,noMC | F-fooof-aper | none | ENR+time,-0.22245538041984902,-0.24992806778071538
53,noMC | F-fooof-aper | none | SVR,-0.3539472741451506,-0.25114978107921654
53,noMC | F-fooof-aper | none | SVR+time,-0.4142834090437304,-0.3818186400871761
53,noMC | F-fooof-aper | none | Anchor,-0.3166638038644689,-0.19098983372863773
53,noMC | F-fooof-aper | none | ICP,-0.08932433554084884,-0.06587071404512121
53,noMC | F-fooof-aper | z | ENR,-0.04719494188998841,-0.338171275335866
53,noMC | F-fooof-aper | z | ENR+time,-0.04719494188998841,-0.338171275335866
53,noMC | F-fooof-aper | z | SVR,-0.19167985554758138,-0.2508568484843534
53,noMC | F-fooof-aper | z | SVR+time,-0.26431739619787553,-0.18153071926385483
53,noMC | F-fooof-aper | z | Anchor,-0.15101851739447825,-0.331036941995435
53,noMC | F-fooof-aper | z | ICP,-0.04719494188998841,-0.33817127533586594
53,noMC | F-fooof-rel | none | ENR,-0.04956946774560134,-0.21905815771460777
53,noMC | F-fooof-rel | none | ENR+time,-0.04956946774560134,-0.21905815771460777
53,noMC | F-fooof-rel | none | SVR,-0.2218319788509624,-0.17200132800970666
53,noMC | F-fooof-rel | none | SVR+time,-0.20935962025577148,-0.18645992064751485
53,noMC | F-fooof-rel | none | Anchor,-0.17189086181757363,-0.010034704135880312
53,noMC | F-fooof-rel | none | ICP,-0.058507796786961164,-0.1223937046663443
53,noMC | F-fooof-rel | z | ENR,-0.20792056849138918,-0.2479943503760639
53,noMC | F-fooof-rel | z | ENR+time,-0.051531787385899364,-0.26159174245080286
53,noMC | F-fooof-rel | z | SVR,-0.112828281942841,-0.19422983891200224
53,noMC | F-fooof-rel | z | SVR+time,-0.14910497858060956,-0.25995117441014015
53,noMC | F-fooof-rel | z | Anchor,-2.2272172123806233,0.06550784121276337
53,noMC | F-fooof-rel | z | ICP,-0.10284499599104957,-0.21663986852240255
53,noMC | F-fooof-asym | none | ENR,-0.04719494188998841,-0.33817127533586594
53,noMC | F-fooof-asym | none | ENR+time,-0.04719494188998841,-0.33817127533586594
53,noMC | F-fooof-asym | none | SVR,-0.2201709736121864,-0.2962459280259424
53,noMC | F-fooof-asym | none | SVR+time,-0.1757218139659933,-0.2425546806393094
53,noMC | F-fooof-asym | none | Anchor,-0.15793623959093073,-0.1547508512082615
53,noMC | F-fooof-asym | none | ICP,-0.04719494188998841,-0.33817127533586594
53,noMC | F-fooof-asym | z | ENR,-0.05874803889319069,-0.06453021783083691
53,noMC | F-fooof-asym | z | ENR+time,-0.05086240065310643,-0.2705840655175076
53,noMC | F-fooof-asym | z | SVR,-0.0027780561608039545,0.16272200504268516
53,noMC | F-fooof-asym | z | SVR+time,-0.04291980463584455,0.07395725881199709
53,noMC | F-fooof-asym | z | Anchor,0.05671483606067873,0.2985313151040884
53,noMC | F-fooof-asym | z | ICP,-0.03608829064784036,-0.15889946881227615
53,noMC | F-fooof-riem | riem | ENR,-0.08442210675311479,-0.2874232990869141
53,noMC | F-fooof-riem | riem | ENR+time,-0.08486356979526577,-0.2791232330700173
53,noMC | F-fooof-riem | riem | SVR,-0.12277268518068962,-0.02565531678735563
53,noMC | F-fooof-riem | riem | SVR+time,-0.21219562341504417,-0.1959791912432468
53,noMC | F-fooof-riem | riem | Anchor,-0.8367172136697194,0.05432869672687101
53,noMC | F-fooof-riem | riem | ICP,-0.08270162028153027,-0.052202513301405
53,MC | F-fooof-full | none | ENR,-0.10230091613212777,-0.22301596904430415
53,MC | F-fooof-full | none | ENR+time,-0.050443316347477785,-0.3409083719957224
53,MC | F-fooof-full | none | SVR,-0.232472638435256,-0.23289387916298804
53,MC | F-fooof-full | none | SVR+time,-0.2999711625781125,-0.3298111196155436
53,MC | F-fooof-full | none | Anchor,-0.676487508800272,-0.14571745962782165
53,MC | F-fooof-full | none | ICP,-0.06679354890445754,-0.017935088858623896
53,MC | F-fooof-full | z | ENR,-0.09015355623077292,-0.16481729533316591
53,MC | F-fooof-full | z | ENR+time,-0.06678060124035756,-0.2783953819148264
53,MC | F-fooof-full | z | SVR,-0.17150454794737824,-0.1485155742657603
53,MC | F-fooof-full | z | SVR+time,-0.25221846328320496,-0.15446134577287873
53,MC | F-fooof-full | z | Anchor,-0.34817460664996003,-0.024466028033311146
53,MC | F-fooof-full | z | ICP,-0.0728382722323524,-0.16007157488415844
53,MC | F-fooof-aper | none | ENR,-0.15140427172954762,-0.18133717674436545
53,MC | F-fooof-aper | none | ENR+time,-0.17144369002620152,-0.18340002984349893
53,MC | F-fooof-aper | none | SVR,-0.23190806674235054,-0.24168755529318497
53,MC | F-fooof-aper | none | SVR+time,-0.23813041877256325,-0.31049668361841093
53,MC | F-fooof-aper | none | Anchor,-0.14650424488666203,-0.17695480798279822
53,MC | F-fooof-aper | none | ICP,-0.15465574975478003,-0.18374758034563599
53,MC | F-fooof-aper | z | ENR,-0.05426322581328913,-0.35634905092400315
53,MC | F-fooof-aper | z | ENR+time,-0.050443316347477785,-0.34090837199572227
53,MC | F-fooof-aper | z | SVR,-0.1774525509629259,-0.20899345895116503
53,MC | F-fooof-aper | z | SVR+time,-0.23046702382348694,-0.1364156665338847
53,MC | F-fooof-aper | z | Anchor,-0.10333433719255858,-0.3190559086409628
53,MC | F-fooof-aper | z | ICP,-0.18157487595335264,-0.06356554269457639
53,MC | F-fooof-rel | none | ENR,-0.051188786343235426,-0.24136036288687895
53,MC | F-fooof-rel | none | ENR+time,-0.051188786343235426,-0.24136036288687895
53,MC | F-fooof-rel | none | SVR,-0.19946927428996197,-0.20081497428849
53,MC | F-fooof-rel | none | SVR+time,-0.18438162410318393,-0.22595916745804734
53,MC | F-fooof-rel | none | Anchor,-0.41297359146462753,-0.06966782126339637
53,MC | F-fooof-rel | none | ICP,-0.10995810265547212,-0.19353251396425408
53,MC | F-fooof-rel | z | ENR,-0.05461684287256219,-0.32884222380924166
53,MC | F-fooof-rel | z | ENR+time,-0.048691547532833335,-0.34112821651239106
53,MC | F-fooof-rel | z | SVR,-0.1022363904623318,-0.14215636575259827
53,MC | F-fooof-rel | z | SVR+time,-0.15537450964152155,-0.2196354592928904
53,MC | F-fooof-rel | z | Anchor,-0.4372020281526361,0.03259909909644528
53,MC | F-fooof-rel | z | ICP,-0.052852527419634976,-0.30049893165785235
53,MC | F-fooof-asym | none | ENR,-0.13026053080115063,-0.24243879425713885
53,MC | F-fooof-asym | none | ENR+time,-0.07967025767899671,-0.28056541262101375
53,MC | F-fooof-asym | none | SVR,-0.10423155207269974,-0.13386295286953578
53,MC | F-fooof-asym | none | SVR+time,-0.12939865935902217,-0.20987830201384952
53,MC | F-fooof-asym | none | Anchor,-0.18256194350923338,-0.13521740616514577
53,MC | F-fooof-asym | none | ICP,-0.06310032549928613,-0.22969970172805626
53,MC | F-fooof-asym | z | ENR,-0.16601636369881656,-0.21422611233734384
53,MC | F-fooof-asym | z | ENR+time,-0.02540835391586338,-0.06606186413052398
53,MC | F-fooof-asym | z | SVR,-0.04804592186639045,0.07170064046142866
53,MC | F-fooof-asym | z | SVR+time,0.01887122278066833,0.1504499469994326
53,MC | F-fooof-asym | z | Anchor,-0.04404046587640842,0.11757671467864891
53,MC | F-fooof-asym | z | ICP,-0.06148654768320294,-0.1811522604080625
53,MC | F-fooof-riem | riem | ENR,-0.11230130084830958,-0.038164839336481855
53,MC | F-fooof-riem | riem | ENR+time,-0.11644296028103263,-0.038435569648394306
53,MC | F-fooof-riem | riem | SVR,-0.10315049303891932,-0.027973484818885383
53,MC | F-fooof-riem | riem | SVR+time,-0.1601484642149893,-0.1811119635353829
53,MC | F-fooof-riem | riem | Anchor,-0.33426806549991905,0.04547430490163858
53,MC | F-fooof-riem | riem | ICP,-0.06013462630302113,-0.2671371809305356
54,noMC | F-fooof-full | none | ENR,-0.09751612935309861,-0.23399481456175014
54,noMC | F-fooof-full | none | ENR+time,-0.10174599543918594,-0.24008367651359216
54,noMC | F-fooof-full | none | SVR,-0.11256936808383022,0.008385201382981565
54,noMC | F-fooof-full | none | SVR+time,-0.13788598075313585,-0.0549779979234154
54,noMC | F-fooof-full | none | Anchor,-0.04329127813126821,0.13004631997677968
54,noMC | F-fooof-full | none | ICP,-0.03734274091815215,-0.16595355827987873
54,noMC | F-fooof-full | z | ENR,-0.18980420187988334,-0.043610016974978516
54,noMC | F-fooof-full | z | ENR+time,-0.18587553298955561,-0.055308748057002775
54,noMC | F-fooof-full | z | SVR,-0.45797171463282127,-0.019457521372233014
54,noMC | F-fooof-full | z | SVR+time,-0.4179488516942875,-0.004981258452123216
54,noMC | F-fooof-full | z | Anchor,-0.8868825661631887,-0.06469442470914266
54,noMC | F-fooof-full | z | ICP,-0.09945541554355164,-0.059634310367518775
54,noMC | F-fooof-aper | none | ENR,-0.10477091604284072,-0.2588153345813145
54,noMC | F-fooof-aper | none | ENR+time,-0.12144725752661922,-0.28401898372810575
54,noMC | F-fooof-aper | none | SVR,-0.2703622248416184,-0.2358857855769978
54,noMC | F-fooof-aper | none | SVR+time,-0.2804190979222769,-0.29838125592912695
54,noMC | F-fooof-aper | none | Anchor,-0.33277937402431945,-0.27150476640529364
54,noMC | F-fooof-aper | none | ICP,-0.0426016925761481,-0.28973946656042265
54,noMC | F-fooof-aper | z | ENR,-0.0426016925761481,-0.28973946656042265
54,noMC | F-fooof-aper | z | ENR+time,-0.0426016925761481,-0.28973946656042265
54,noMC | F-fooof-aper | z | SVR,-0.43101299414295946,-0.12157115117147049
54,noMC | F-fooof-aper | z | SVR+time,-0.21795391252156548,-0.12137963788851874
54,noMC | F-fooof-aper | z | Anchor,-0.19268505720676643,-0.2752011464528537
54,noMC | F-fooof-aper | z | ICP,-0.0426016925761481,-0.28973946656042265
54,noMC | F-fooof-rel | none | ENR,-0.11317780193754512,-0.2108508948216348
54,noMC | F-fooof-rel | none | ENR+time,-0.10371099562739072,-0.27823032996664765
54,noMC | F-fooof-rel | none | SVR,-0.00913693151546191,0.16010512293114845
54,noMC | F-fooof-rel | none | SVR+time,-0.05401507180746701,0.054644021321496344
54,noMC | F-fooof-rel | none | Anchor,-0.1170138101367062,-0.05783137190913522
54,noMC | F-fooof-rel | none | ICP,-0.08915630914801431,-0.16395567624679708
54,noMC | F-fooof-rel | z | ENR,-0.8047726054865285,-0.19893623970887106
54,noMC | F-fooof-rel | z | ENR+time,-0.16467065536406933,-0.09630825602641427
54,noMC | F-fooof-rel | z | SVR,-0.19997622765486245,0.01868674918268262
54,noMC | F-fooof-rel | z | SVR+time,-0.1579584876087463,0.048337178258851726
54,noMC | F-fooof-rel | z | Anchor,-0.35358725704787286,0.04399123519570499
54,noMC | F-fooof-rel | z | ICP,-0.03562719402909975,-0.22029062635750046
54,noMC | F-fooof-asym | none | ENR,-0.0006014772104447896,0.13879921464864864
54,noMC | F-fooof-asym | none | ENR+time,-0.1279938932859941,-0.2423855920543816
54,noMC | F-fooof-asym | none | SVR,-0.09058154494044746,0.09583921074609522
54,noMC | F-fooof-asym | none | SVR+time,-0.10578506504664364,0.061356092578868315
54,noMC | F-fooof-asym | none | Anchor,-0.07952932532350676,0.09255723579707055
54,noMC | F-fooof-asym | none | ICP,-0.052004336133603335,-0.20565853250412638
54,noMC | F-fooof-asym | z | ENR,-0.1424022226795374,0.3267511347583939
54,noMC | F-fooof-asym | z | ENR+time,0.027103650819715885,0.26943762254742665
54,noMC | F-fooof-asym | z | SVR,0.024903789462007886,0.3076301413366678
54,noMC | F-fooof-asym | z | SVR+time,-0.24959360790222784,0.23104837026686303
54,noMC | F-fooof-asym | z | Anchor,-0.636538364224934,0.3108845173462752
54,noMC | F-fooof-asym | z | ICP,-0.03651112878542939,-0.27652662042926135
54,noMC | F-fooof-riem | riem | ENR,0.025443875849359254,0.2791618723564853
54,noMC | F-fooof-riem | riem | ENR+time,0.028917658776321575,0.21304364224029945
54,noMC | F-fooof-riem | riem | SVR,-0.2675432190499709,0.017916484687054278
54,noMC | F-fooof-riem | riem | SVR+time,-0.1297059137652572,-0.07329550317907912
54,noMC | F-fooof-riem | riem | Anchor,-1.7316304596260812,0.24803950754659776
54,noMC | F-fooof-riem | riem | ICP,-0.02134024047901617,-0.12484546691407963
54,MC | F-fooof-full | none | ENR,-0.037544999531187395,-0.041182255971329296
54,MC | F-fooof-full | none | ENR+time,-0.03725857864826154,-0.03926143303206298
54,MC | F-fooof-full | none | SVR,-0.1432205679904397,0.03876377891654468
54,MC | F-fooof-full | none | SVR+time,-0.36250074698650137,-0.034818582697003816
54,MC | F-fooof-full | none | Anchor,-0.23350323307636822,0.28831607013649785
54,MC | F-fooof-full | none | ICP,0.0012631496372439432,0.08849187763188535
54,MC | F-fooof-full | z | ENR,-0.05008244528712402,0.023901002341912406
54,MC | F-fooof-full | z | ENR+time,-0.07169994378614142,-0.02863395230130283
54,MC | F-fooof-full | z | SVR,-0.13857701725313443,0.04665229178871806
54,MC | F-fooof-full | z | SVR+time,-0.16600124684823014,0.04291407075600304
54,MC | F-fooof-full | z | Anchor,0.009583479537837114,0.2533533032880009
54,MC | F-fooof-full | z | ICP,-0.039739123123737174,-0.15222862451687297
54,MC | F-fooof-aper | none | ENR,-0.12021508111118062,-0.24404525603803393
54,MC | F-fooof-aper | none | ENR+time,-0.04219180994021632,-0.2678455488424271
54,MC | F-fooof-aper | none | SVR,-0.18602640356980338,-0.2070704188274488
54,MC | F-fooof-aper | none | SVR+time,-0.20558005499379783,-0.2553079563840938
54,MC | F-fooof-aper | none | Anchor,-0.14674724289082364,-0.1839878144677483
54,MC | F-fooof-aper | none | ICP,-0.11215902818161205,-0.2849014030704498
54,MC | F-fooof-aper | z | ENR,-0.04377600265522141,-0.29036069773096285
54,MC | F-fooof-aper | z | ENR+time,-0.04377600265522141,-0.29036069773096285
54,MC | F-fooof-aper | z | SVR,-0.5362321419968876,-0.08751739180864096
54,MC | F-fooof-aper | z | SVR+time,-0.19468894734942266,-0.3290121323537514
54,MC | F-fooof-aper | z | Anchor,-0.43276507914348694,-0.294565085100269
54,MC | F-fooof-aper | z | ICP,-0.04377600265522141,-0.29036069773096285
54,MC | F-fooof-rel | none | ENR,-0.044196269183857995,-0.24558125229640126
54,MC | F-fooof-rel | none | ENR+time,-0.044196269183857995,-0.24558125229640126
54,MC | F-fooof-rel | none | SVR,-0.017470776850436964,0.1694799852496868
54,MC | F-fooof-rel | none | SVR+time,-0.008280459340898494,0.16151351248265017
54,MC | F-fooof-rel | none | Anchor,-0.08937002666552196,0.09863063696375927
54,MC | F-fooof-rel | none | ICP,-0.04661647913823641,-0.022997561349929238
54,MC | F-fooof-rel | z | ENR,-0.046897105135458306,-0.08128620980710506
54,MC | F-fooof-rel | z | ENR+time,-0.052835510084016324,-0.10639998100702974
54,MC | F-fooof-rel | z | SVR,-0.13315697937124638,0.044518007207219955
54,MC | F-fooof-rel | z | SVR+time,-0.1335926979290487,0.01730641260132578
54,MC | F-fooof-rel | z | Anchor,-1.1431315515657627,0.20401221851564866
54,MC | F-fooof-rel | z | ICP,-0.050306839712700446,-0.1791185330208268
54,MC | F-fooof-asym | none | ENR,0.012860522984772915,0.1407549577149439
54,MC | F-fooof-asym | none | ENR+time,-0.10735894361593723,-0.19136897793136373
54,MC | F-fooof-asym | none | SVR,-0.043285528962689,0.13991284467555354
54,MC | F-fooof-asym | none | SVR+time,-0.03128444878671721,0.1386121188156508
54,MC | F-fooof-asym | none | Anchor,-0.0716362704280904,0.1145709080174966
54,MC | F-fooof-asym | none | ICP,-0.027394075699150866,0.03574457389808252
54,MC | F-fooof-asym | z | ENR,0.04078860684348151,0.21792370828957358
54,MC | F-fooof-asym | z | ENR+time,-0.06378232729226196,-0.14942851045828728
54,MC | F-fooof-asym | z | SVR,0.008099816759403522,0.22512674240064606
54,MC | F-fooof-asym | z | SVR+time,0.0372289445965478,0.21916557284530258
54,MC | F-fooof-asym | z | Anchor,0.013030415777728455,0.19522221680817348
54,MC | F-fooof-asym | z | ICP,-0.015574527121602566,0.11711132995060969
54,MC | F-fooof-riem | riem | ENR,-0.07586061990401594,0.28554175300424117
54,MC | F-fooof-riem | riem | ENR+time,-0.11091219067479208,0.24317007934341398
54,MC | F-fooof-riem | riem | SVR,-0.07448027876073349,0.14679510867282566
54,MC | F-fooof-riem | riem | SVR+time,-0.16965457172448684,-0.05365769860791211
54,MC | F-fooof-riem | riem | Anchor,-2.019391441070648,0.2884803382124998
54,MC | F-fooof-riem | riem | ICP,-0.021759731276703054,-0.14640106212978754
55,noMC | F-fooof-full | none | ENR,-0.28799630342245774,-0.18046897006775134
55,noMC | F-fooof-full | none | ENR+time,-0.3018900062895784,-0.16147001485346724
55,noMC | F-fooof-full | none | SVR,-0.1561157312514203,-0.047151656459997
55,noMC | F-fooof-full | none | SVR+time,-0.2085583796335282,-0.1840200531005825
55,noMC | F-fooof-full | none | Anchor,-0.9389952866113964,-0.23388686978701326
55,noMC | F-fooof-full | none | ICP,-0.04499636717663957,-0.3349613769416019
55,noMC | F-fooof-full | z | ENR,-0.04499636717663957,-0.3349613769416019
55,noMC | F-fooof-full | z | ENR+time,-0.04499636717663957,-0.3349613769416019
55,noMC | F-fooof-full | z | SVR,-0.1547020076893646,-0.2208432222224256
55,noMC | F-fooof-full | z | SVR+time,-0.17896785070412013,-0.3090907643037621
55,noMC | F-fooof-full | z | Anchor,-0.6259071853827034,-0.0077715016077869545
55,noMC | F-fooof-full | z | ICP,-0.0881454122939973,-0.2669514546621398
55,noMC | F-fooof-aper | none | ENR,-0.04499636717663957,-0.3349613769416019
55,noMC | F-fooof-aper | none | ENR+time,-0.04499636717663957,-0.3349613769416019
55,noMC | F-fooof-aper | none | SVR,-0.4413107985190272,-0.24814999363202064
55,noMC | F-fooof-aper | none | SVR+time,-0.5496240583561485,-0.5176405992406999
55,noMC | F-fooof-aper | none | Anchor,-0.22975577385771406,-0.4067831144167672
55,noMC | F-fooof-aper | none | ICP,-0.19265743914523537,-0.25126305351085665
55,noMC | F-fooof-aper | z | ENR,-0.11618143182612117,-0.21273648811214096
55,noMC | F-fooof-aper | z | ENR+time,-0.08422949731535434,-0.17946576165068556
55,noMC | F-fooof-aper | z | SVR,-0.25362863467321795,-0.2680200681953231
55,noMC | F-fooof-aper | z | SVR+time,-0.42922689109026146,-0.43340878822609485
55,noMC | F-fooof-aper | z | Anchor,-0.14479432760442457,-0.05539917172398699
55,noMC | F-fooof-aper | z | ICP,-0.09807725606343265,-0.22270943961133358
55,noMC | F-fooof-rel | none | ENR,-0.20874805379078065,-0.2420423602649353
55,noMC | F-fooof-rel | none | ENR+time,-0.20167954565828783,-0.2370418886354942
55,noMC | F-fooof-rel | none | SVR,-0.48976879292198583,-0.1057325733295277
55,noMC | F-fooof-rel | none | SVR+time,-0.17831699348314012,-0.13582813685477632
55,noMC | F-fooof-rel | none | Anchor,-0.38421345223166803,-0.1592771511145043
55,noMC | F-fooof-rel | none | ICP,-0.04612322965438698,-0.21428810469114656
55,noMC | F-fooof-rel | z | ENR,-0.052510868338678574,-0.3265451412012942
55,noMC | F-fooof-rel | z | ENR+time,-0.051146002866461204,-0.3290762803983362
55,noMC | F-fooof-rel | z | SVR,-0.23940085144098888,-0.05698218367118381
55,noMC | F-fooof-rel | z | SVR+time,-0.369992100728076,-0.17298347169619405
55,noMC | F-fooof-rel | z | Anchor,-1.3635757941034528,-0.13968742511893034
55,noMC | F-fooof-rel | z | ICP,-0.0744352473182679,-0.10884353342563528
55,noMC | F-fooof-asym | none | ENR,-0.1309698355719231,-0.11224115005185913
55,noMC | F-fooof-asym | none | ENR+time,-0.10491582982673253,-0.1895897142027983
55,noMC | F-fooof-asym | none | SVR,-0.27430716679985623,-0.0986620568496187
55,noMC | F-fooof-asym | none | SVR+time,-0.17089025819621395,-0.2247249068589178
55,noMC | F-fooof-asym | none | Anchor,-0.7012713761901688,-0.1681971668617957
55,noMC | F-fooof-asym | none | ICP,-0.028809638467889753,-0.03343119029721324
55,noMC | F-fooof-asym | z | ENR,-0.31469756931388204,0.06156755456384284
55,noMC | F-fooof-asym | z | ENR+time,-0.25438118042395397,0.05032686150351795
55,noMC | F-fooof-asym | z | SVR,-0.07747775988290728,-0.02883336367109757
55,noMC | F-fooof-asym | z | SVR+time,-0.2632572543590648,-0.2916809138603588
55,noMC | F-fooof-asym | z | Anchor,-0.1695792066313715,-0.07941514571390032
55,noMC | F-fooof-asym | z | ICP,-0.04499636717663957,-0.3349613769416019
55,noMC | F-fooof-riem | riem | ENR,-0.058693899629346014,-0.2359922638077656
55,noMC | F-fooof-riem | riem | ENR+time,-0.058693899629346014,-0.2359922638077656
55,noMC | F-fooof-riem | riem | SVR,-0.2604207376466441,-0.2832191075444035
55,noMC | F-fooof-riem | riem | SVR+time,-0.2625095696526685,-0.30159157173446605
55,noMC | F-fooof-riem | riem | Anchor,-0.3998615673031263,-0.13609140028217265
55,noMC | F-fooof-riem | riem | ICP,-0.06135107998468947,-0.27186089542494973
55,MC | F-fooof-full | none | ENR,-0.28464215365968304,-0.22437416670028382
55,MC | F-fooof-full | none | ENR+time,-0.2740470877932757,-0.22289915547670403
55,MC | F-fooof-full | none | SVR,-0.14896239918216891,-0.12399884847832549
55,MC | F-fooof-full | none | SVR+time,-0.24351585686244626,-0.27425058253090256
55,MC | F-fooof-full | none | Anchor,-1.0137118354451045,-0.2556305750707869
55,MC | F-fooof-full | none | ICP,-0.04679198428521958,-0.3353060159577472
55,MC | F-fooof-full | z | ENR,-0.0467919842852198,-0.33530601595774734
55,MC | F-fooof-full | z | ENR+time,-0.0467919842852198,-0.33530601595774734
55,MC | F-fooof-full | z | SVR,-0.1637382304402415,-0.1832453362531409
55,MC | F-fooof-full | z | SVR+time,-0.2230223693690383,-0.1593987923274601
55,MC | F-fooof-full | z | Anchor,-0.980251710083581,-0.06993872968475306
55,MC | F-fooof-full | z | ICP,-0.0877756460724437,-0.036571687719595916
55,MC | F-fooof-aper | none | ENR,-0.04679198428521958,-0.33530601595774734
55,MC | F-fooof-aper | none | ENR+time,-0.04679198428521958,-0.33530601595774734
55,MC | F-fooof-aper | none | SVR,-0.3719838409023257,-0.4297972376096931
55,MC | F-fooof-aper | none | SVR+time,-0.43088361662653285,-0.5183529864657588
55,MC | F-fooof-aper | none | Anchor,-0.22397025469918574,-0.42489004908553846
55,MC | F-fooof-aper | none | ICP,-0.18848981935716402,-0.2500502021609035
55,MC | F-fooof-aper | z | ENR,-0.10294132224104402,-0.2978464694053862
55,MC | F-fooof-aper | z | ENR+time,-0.0467919842852198,-0.33530601595774734
55,MC | F-fooof-aper | z | SVR,-0.3087040774086829,-0.3212812781752422
55,MC | F-fooof-aper | z | SVR+time,-0.4781449812644416,-0.43846683817701293
55,MC | F-fooof-aper | z | Anchor,-0.10069476422660073,-0.045393406854657065
55,MC | F-fooof-aper | z | ICP,-0.08045633458916668,-0.2302319420736701
55,MC | F-fooof-rel | none | ENR,-0.25083364599956903,-0.2048767204236785
55,MC | F-fooof-rel | none | ENR+time,-0.2496434037288806,-0.1960995165302113
55,MC | F-fooof-rel | none | SVR,-0.21620683149353503,-0.09106672195928513
55,MC | F-fooof-rel | none | SVR+time,-0.25099941135944137,-0.18585343545089153
55,MC | F-fooof-rel | none | Anchor,-0.5347591758626367,-0.13772282138181854
55,MC | F-fooof-rel | none | ICP,-0.04680780610608348,-0.27110718239817994
55,MC | F-fooof-rel | z | ENR,-0.09829694346387097,-0.2185355604028672
55,MC | F-fooof-rel | z | ENR+time,-0.09829694346387097,-0.2185355604028672
55,MC | F-fooof-rel | z | SVR,-0.3365893633312296,-0.114472829779357
55,MC | F-fooof-rel | z | SVR+time,-0.33832506967109066,-0.17114115756869083
55,MC | F-fooof-rel | z | Anchor,-0.5291850378440819,0.10768332775044961
55,MC | F-fooof-rel | z | ICP,-0.05586401927447793,-0.2962892080443764
55,MC | F-fooof-asym | none | ENR,-0.10926968256263647,-0.047913723820952756
55,MC | F-fooof-asym | none | ENR+time,-0.0978910894080276,-0.1010909847456743
55,MC | F-fooof-asym | none | SVR,-0.1930047144961009,-0.07293757670070153
55,MC | F-fooof-asym | none | SVR+time,-0.26580636945686953,-0.17196368987602154
55,MC | F-fooof-asym | none | Anchor,-0.15540734922502453,-0.01948447890357683
55,MC | F-fooof-asym | none | ICP,-0.01122803707966713,0.04615268417141907
55,MC | F-fooof-asym | z | ENR,-0.18332396934923478,0.012470942403633861
55,MC | F-fooof-asym | z | ENR+time,-0.14057344321483356,-0.051225166828354325
55,MC | F-fooof-asym | z | SVR,-0.0575565284739874,0.11573732804657333
55,MC | F-fooof-asym | z | SVR+time,-0.25529237039543706,-0.2853433763930172
55,MC | F-fooof-asym | z | Anchor,-0.35114748296841847,-0.2344132479435486
55,MC | F-fooof-asym | z | ICP,-0.05512465815600276,-0.30514041447522444
55,MC | F-fooof-riem | riem | ENR,-0.07664348819056843,-0.2844546990434068
55,MC | F-fooof-riem | riem | ENR+time,-0.07664348819056843,-0.2844546990434068
55,MC | F-fooof-riem | riem | SVR,-0.19183930380430625,-0.2357563632898111
55,MC | F-fooof-riem | riem | SVR+time,-0.26859409851861216,-0.24676684095593987
55,MC | F-fooof-riem | riem | Anchor,-0.26291131947698143,-0.20933273689753557
55,MC | F-fooof-riem | riem | ICP,-0.04305393537273572,-0.24100898329657405
56,noMC | F-fooof-full | none | ENR,-0.1416884675810286,-0.1352624969205767
56,noMC | F-fooof-full | none | ENR+time,-0.08072164158199957,-0.11320206597230457
56,noMC | F-fooof-full | none | SVR,-0.16699518223604715,-0.10724171561663526
56,noMC | F-fooof-full | none | SVR+time,-0.15478667182110217,-0.08551565625100996
56,noMC | F-fooof-full | none | Anchor,-0.24450998181689032,-0.07187614853269575
56,noMC | F-fooof-full | none | ICP,-0.07465238977994071,-0.17562693732020443
56,noMC | F-fooof-full | z | ENR,-0.09885008692054775,0.017907873106211405
56,noMC | F-fooof-full | z | ENR+time,-0.11407407282040127,-0.02888300861409082
56,noMC | F-fooof-full | z | SVR,-0.20103830993751615,0.04636162444861372
56,noMC | F-fooof-full | z | SVR+time,-0.09073449894010288,-0.09259286628048376
56,noMC | F-fooof-full | z | Anchor,-0.2732126318576824,0.1506930431420168
56,noMC | F-fooof-full | z | ICP,-0.17795081976175342,-0.01705840641793311
56,noMC | F-fooof-aper | none | ENR,-0.04217219878952405,-0.24237257762323985
56,noMC | F-fooof-aper | none | ENR+time,-0.04639895290182161,-0.25540665993988176
56,noMC | F-fooof-aper | none | SVR,-0.29780102106277373,-0.18262597802290975
56,noMC | F-fooof-aper | none | SVR+time,-0.3027310543328108,-0.1640475748116776
56,noMC | F-fooof-aper | none | Anchor,-0.04866640654571874,-0.15734113125417876
56,noMC | F-fooof-aper | none | ICP,-0.039970814599694204,-0.25046539905421805
56,noMC | F-fooof-aper | z | ENR,-0.058402473885094563,-0.018893308674300804
56,noMC | F-fooof-aper | z | ENR+time,-0.0932325291625189,-0.0618344754295
56,noMC | F-fooof-aper | z | SVR,-0.23747090660888936,0.09249152697566901
56,noMC | F-fooof-aper | z | SVR+time,-0.1293350114476408,-0.06723710953136063
56,noMC | F-fooof-aper | z | Anchor,-0.13164686517223512,0.07189479264872019
56,noMC | F-fooof-aper | z | ICP,-0.17953004508993264,-0.11089986553442292
56,noMC | F-fooof-rel | none | ENR,-0.08858814179109631,-0.27251302499206687
56,noMC | F-fooof-rel | none | ENR+time,-0.10033082830230655,-0.28443833653604356
56,noMC | F-fooof-rel | none | SVR,-0.27524894906903374,-0.24031313765737544
56,noMC | F-fooof-rel | none | SVR+time,-0.26937371152484,-0.18852527434154082
56,noMC | F-fooof-rel | none | Anchor,-0.7322285686664471,-0.15045912368138256
56,noMC | F-fooof-rel | none | ICP,-0.10428202075074577,-0.25496220964179417
56,noMC | F-fooof-rel | z | ENR,-0.04864682250566532,-0.2691343699437908
56,noMC | F-fooof-rel | z | ENR+time,-0.06441106830534604,-0.24927501342922345
56,noMC | F-fooof-rel | z | SVR,-0.43806959395811007,-0.15076422189714284
56,noMC | F-fooof-rel | z | SVR+time,-0.14275872593936634,-0.01274649320425256
56,noMC | F-fooof-rel | z | Anchor,-1.8196924558794336,-0.04086411296200728
56,noMC | F-fooof-rel | z | ICP,-0.039970814599694204,-0.25046539905421805
56,noMC | F-fooof-asym | none | ENR,-0.6229035769214095,-0.15935244450125213
56,noMC | F-fooof-asym | none | ENR+time,-0.41935731381576136,-0.1671709604921996
56,noMC | F-fooof-asym | none | SVR,-0.6027660677407889,-0.1966182172103027
56,noMC | F-fooof-asym | none | SVR+time,-0.2881590754927843,-0.18075893507738428
56,noMC | F-fooof-asym | none | Anchor,-0.8192540484199917,-0.21041149793835373
56,noMC | F-fooof-asym | none | ICP,-0.039970814599694204,-0.25046539905421805
56,noMC | F-fooof-asym | z | ENR,-0.039970814599694204,-0.25046539905421805
56,noMC | F-fooof-asym | z | ENR+time,-0.7912671186187228,0.022187163213422973
56,noMC | F-fooof-asym | z | SVR,-0.19959503074845064,-0.2857758577791912
56,noMC | F-fooof-asym | z | SVR+time,-0.3134518762606162,-0.1418497082280492
56,noMC | F-fooof-asym | z | Anchor,-0.20548139842703894,-0.18881217128346417
56,noMC | F-fooof-asym | z | ICP,-0.039970814599694204,-0.25046539905421805
56,noMC | F-fooof-riem | riem | ENR,-0.0563884046140013,-0.0568162968039912
56,noMC | F-fooof-riem | riem | ENR+time,-0.11385402298792546,-0.07579007442499834
56,noMC | F-fooof-riem | riem | SVR,-0.21632596335584564,-0.0146321459580241
56,noMC | F-fooof-riem | riem | SVR+time,-0.011806543493197985,0.1317175603526305
56,noMC | F-fooof-riem | riem | Anchor,-0.3915005261772109,-0.09838191438984359
56,noMC | F-fooof-riem | riem | ICP,-0.051037750297129314,-0.0436449155051859
56,MC | F-fooof-full | none | ENR,-0.09649323152307487,-0.0573391976893172
56,MC | F-fooof-full | none | ENR+time,-0.10079816845598288,-0.08772912342387726
56,MC | F-fooof-full | none | SVR,-0.08421627780136776,0.11550259540119862
56,MC | F-fooof-full | none | SVR+time,-0.06458980783255441,0.06226848929957758
56,MC | F-fooof-full | none | Anchor,-0.18207870777657487,0.02734048657400097
56,MC | F-fooof-full | none | ICP,-0.16980410882596697,-0.23048098346745363
56,MC | F-fooof-full | z | ENR,-0.046413791551297656,-0.20187938814799528
56,MC | F-fooof-full | z | ENR+time,-0.06125659066785749,-0.085065878846845
56,MC | F-fooof-full | z | SVR,-0.07670733919512052,0.12740786306252452
56,MC | F-fooof-full | z | SVR+time,-0.08042695063794447,-0.03809425738137883
56,MC | F-fooof-full | z | Anchor,-1.2133484995990989,0.02539008142099005
56,MC | F-fooof-full | z | ICP,-0.11801003020505685,-0.12976084357556752
56,MC | F-fooof-aper | none | ENR,-0.14353742678757397,-0.13986688925822005
56,MC | F-fooof-aper | none | ENR+time,-0.1566222085710416,-0.15298430173325683
56,MC | F-fooof-aper | none | SVR,-0.4002496661932433,-0.17983418496352033
56,MC | F-fooof-aper | none | SVR+time,-0.2950293723729214,-0.23856134533025894
56,MC | F-fooof-aper | none | Anchor,-0.15755424467992674,-0.12919993259999535
56,MC | F-fooof-aper | none | ICP,-0.04264220508323757,-0.2547453435336732
56,MC | F-fooof-aper | z | ENR,-0.08809876742907163,-0.21665645832255592
56,MC | F-fooof-aper | z | ENR+time,-0.01360449518630591,0.0904953290880386
56,MC | F-fooof-aper | z | SVR,-0.1670930541101887,-0.07446474822949156
56,MC | F-fooof-aper | z | SVR+time,-0.17662255815397288,-0.09836229491050476
56,MC | F-fooof-aper | z | Anchor,-0.20278747821488552,-0.08924390497906358
56,MC | F-fooof-aper | z | ICP,-0.04264220508323757,-0.2547453435336732
56,MC | F-fooof-rel | none | ENR,-0.04264220508323757,-0.2547453435336732
56,MC | F-fooof-rel | none | ENR+time,-0.10261220051180331,-0.28013442715907755
56,MC | F-fooof-rel | none | SVR,-0.2856200644508946,-0.2703805490444209
56,MC | F-fooof-rel | none | SVR+time,-0.24866979442442005,-0.181352391372126
56,MC | F-fooof-rel | none | Anchor,-0.5268007256613261,-0.2091017629719198
56,MC | F-fooof-rel | none | ICP,-0.13702475682586535,-0.2311602706867458
56,MC | F-fooof-rel | z | ENR,-0.04264220508323757,-0.2547453435336732
56,MC | F-fooof-rel | z | ENR+time,-0.04233075188674329,-0.16545578607613892
56,MC | F-fooof-rel | z | SVR,-0.31832155384124916,-0.1635613792864543
56,MC | F-fooof-rel | z | SVR+time,-0.18394163501120353,-0.06187297901515676
56,MC | F-fooof-rel | z | Anchor,-0.6173700030513296,-0.13506561062253458
56,MC | F-fooof-rel | z | ICP,-0.08188831412141795,-0.18254275799337988
56,MC | F-fooof-asym | none | ENR,-0.04264220508323757,-0.2547453435336732
56,MC | F-fooof-asym | none | ENR+time,-0.04686529285619234,-0.26895578082075616
56,MC | F-fooof-asym | none | SVR,-0.20715388642280552,-0.21406008818499134
56,MC | F-fooof-asym | none | SVR+time,-0.2242404823248545,-0.13927385395685926
56,MC | F-fooof-asym | none | Anchor,-0.1105090196630567,-0.20480468756861975
56,MC | F-fooof-asym | none | ICP,-0.04264220508323757,-0.2547453435336732
56,MC | F-fooof-asym | z | ENR,-0.04264220508323757,-0.2547453435336732
56,MC | F-fooof-asym | z | ENR+time,-0.13362172366907932,-0.24625986028331004
56,MC | F-fooof-asym | z | SVR,-0.014247480939220791,0.1578675926476255
56,MC | F-fooof-asym | z | SVR+time,-0.004990137805169326,0.178707806769656
56,MC | F-fooof-asym | z | Anchor,-0.3864593685350246,-0.24314002070577306
56,MC | F-fooof-asym | z | ICP,-0.15759291303861023,-0.13988566569003993
56,MC | F-fooof-riem | riem | ENR,-0.05286844211193853,-0.20321635415482497
56,MC | F-fooof-riem | riem | ENR+time,-0.1329143978352081,-0.1645555136319758
56,MC | F-fooof-riem | riem | SVR,-0.011955570342046196,0.09373987118652168
56,MC | F-fooof-riem | riem | SVR+time,-0.034487488128845056,0.06791455700845299
56,MC | F-fooof-riem | riem | Anchor,-0.3549390467076199,-0.052325543439722344
56,MC | F-fooof-riem | riem | ICP,-0.11989544680254793,-0.11862667562085263
57,noMC | F-fooof-full | none | ENR,-0.021087526775140475,0.07603443075260698
57,noMC | F-fooof-full | none | ENR+time,-0.02750596996051846,0.06529946493260455
57,noMC | F-fooof-full | none | SVR,-0.18184551096245927,0.0629238555651028
57,noMC | F-fooof-full | none | SVR+time,-0.07768136123962677,0.09577308294567888
57,noMC | F-fooof-full | none | Anchor,-0.08822727014849585,0.18671080719465621
57,noMC | F-fooof-full | none | ICP,-0.05168056354914574,-0.3384532237611363
57,noMC | F-fooof-full | z | ENR,-0.17390937713590526,-0.0835863747396393
57,noMC | F-fooof-full | z | ENR+time,-0.1806485864588543,-0.09467074329169937
57,noMC | F-fooof-full | z | SVR,-0.12348074558853539,0.015484660377579618
57,noMC | F-fooof-full | z | SVR+time,-0.18073628809392672,-0.006887757398258783
57,noMC | F-fooof-full | z | Anchor,-0.36533456449605706,0.004044728349076553
57,noMC | F-fooof-full | z | ICP,-0.040161529028375664,0.03974472813545477
57,noMC | F-fooof-aper | none | ENR,-0.1260871873361693,-0.28666476736921803
57,noMC | F-fooof-aper | none | ENR+time,-0.12131731877879104,-0.2904728449619579
57,noMC | F-fooof-aper | none | SVR,-0.3724315444684212,-0.2254818110565951
57,noMC | F-fooof-aper | none | SVR+time,-0.4046317753797859,-0.31432559503373103
57,noMC | F-fooof-aper | none | Anchor,-0.4182817785485071,-0.24451934260971775
57,noMC | F-fooof-aper | none | ICP,-0.17229913362992844,-0.26147467563992643
57,noMC | F-fooof-aper | z | ENR,-0.05607443500279086,-0.33793431355559644
57,noMC | F-fooof-aper | z | ENR+time,-0.05168056354914574,-0.3384532237611363
57,noMC | F-fooof-aper | z | SVR,-0.34538405494038793,-0.26102412160706223
57,noMC | F-fooof-aper | z | SVR+time,-0.17352800681584513,-0.3824076638333334
57,noMC | F-fooof-aper | z | Anchor,-0.2479692151424837,-0.3324154835197594
57,noMC | F-fooof-aper | z | ICP,-0.18907425347691986,-0.3599980860279995
57,noMC | F-fooof-rel | none | ENR,-0.030579033445588877,0.29443340009805197
57,noMC | F-fooof-rel | none | ENR+time,-0.09615594711392195,0.29188154175314174
57,noMC | F-fooof-rel | none | SVR,-0.02858617076698655,0.19841271878434277
57,noMC | F-fooof-rel | none | SVR+time,-0.014102126263919379,0.1958004121796119
57,noMC | F-fooof-rel | none | Anchor,-0.011085082853223405,0.2168176843126201
57,noMC | F-fooof-rel | none | ICP,-0.05168056354914574,-0.3384532237611363
57,noMC | F-fooof-rel | z | ENR,-0.27498501054671043,-0.07512597692028823
57,noMC | F-fooof-rel | z | ENR+time,-0.26934835647590205,-0.019371249092782573
57,noMC | F-fooof-rel | z | SVR,-0.09666792462382556,0.13502000654540539
57,noMC | F-fooof-rel | z | SVR+time,-0.04153042785336747,0.13437245490560734
57,noMC | F-fooof-rel | z | Anchor,-3.690026003239251,0.2147313731236531
57,noMC | F-fooof-rel | z | ICP,-0.029706918758109824,-0.05876827842304251
57,noMC | F-fooof-asym | none | ENR,-0.10323306219603201,-0.18724838190892454
57,noMC | F-fooof-asym | none | ENR+time,-0.10779869719417712,-0.22563885826120716
57,noMC | F-fooof-asym | none | SVR,-0.30846153618374905,-0.2565227600628357
57,noMC | F-fooof-asym | none | SVR+time,-0.19340335736824632,-0.2199686655381125
57,noMC | F-fooof-asym | none | Anchor,-0.20359149470487647,-0.37327470463472245
57,noMC | F-fooof-asym | none | ICP,-0.11121862903577728,0.007938104120251838
57,noMC | F-fooof-asym | z | ENR,-2.6370033311276306,0.34937237083243433
57,noMC | F-fooof-asym | z | ENR+time,-2.443242112746607,0.33926642765754644
57,noMC | F-fooof-asym | z | SVR,-0.23070401076109603,0.18419665284844144
57,noMC | F-fooof-asym | z | SVR+time,-0.17809717838385009,0.15420794794039006
57,noMC | F-fooof-asym | z | Anchor,-0.5622137437357448,0.36059233601799384
57,noMC | F-fooof-asym | z | ICP,-0.03740951021651484,-0.16447561957483992
57,noMC | F-fooof-riem | riem | ENR,-0.09988560629634824,-0.06139586011579448
57,noMC | F-fooof-riem | riem | ENR+time,-0.11157656822622908,-0.11685930353586178
57,noMC | F-fooof-riem | riem | SVR,-0.12058022440088911,0.12498559716526508
57,noMC | F-fooof-riem | riem | SVR+time,-0.18401995315795094,0.058045359703369694
57,noMC | F-fooof-riem | riem | Anchor,-0.5405378614989322,0.15653447832813253
57,noMC | F-fooof-riem | riem | ICP,-0.05943575089899955,-0.054608213892788735
57,MC | F-fooof-full | none | ENR,-0.01137697893781664,0.10732439570730093
57,MC | F-fooof-full | none | ENR+time,-0.0397206048522909,0.02072792336011311
57,MC | F-fooof-full | none | SVR,-0.1482751735114034,0.009979090070046433
57,MC | F-fooof-full | none | SVR+time,-0.18336920787853606,-0.05495838551642927
57,MC | F-fooof-full | none | Anchor,-0.19406240969162858,0.1830936667229868
57,MC | F-fooof-full | none | ICP,-0.05449975058040413,-0.3421340308272591
57,MC | F-fooof-full | z | ENR,-0.15842475675676004,-0.18393708889428267
57,MC | F-fooof-full | z | ENR+time,-0.16836071833445354,-0.20359810463537398
57,MC | F-fooof-full | z | SVR,-0.19362572070338802,0.002654376676730151
57,MC | F-fooof-full | z | SVR+time,-0.20344263049512712,-0.043603792573557495
57,MC | F-fooof-full | z | Anchor,-0.3439090087698622,0.031102014030710563
57,MC | F-fooof-full | z | ICP,0.0018420971143535692,0.15301377082678513
57,MC | F-fooof-aper | none | ENR,-0.13179693479929244,-0.2781284600612264
57,MC | F-fooof-aper | none | ENR+time,-0.12364262596213815,-0.30433832720058274
57,MC | F-fooof-aper | none | SVR,-0.3422364856455762,-0.29600943205647157
57,MC | F-fooof-aper | none | SVR+time,-0.3229341756935906,-0.2987480579106082
57,MC | F-fooof-aper | none | Anchor,-0.14212799954627764,-0.21536250120546546
57,MC | F-fooof-aper | none | ICP,-0.05449975058040413,-0.3421340308272591
57,MC | F-fooof-aper | z | ENR,-0.05449975058040413,-0.3421340308272591
57,MC | F-fooof-aper | z | ENR+time,-0.05449975058040413,-0.3421340308272591
57,MC | F-fooof-aper | z | SVR,-0.29307423877082894,-0.26621848032711465
57,MC | F-fooof-aper | z | SVR+time,-0.2110289429816703,-0.3360305842641754
57,MC | F-fooof-aper | z | Anchor,-0.18263381766880893,-0.2758324231456329
57,MC | F-fooof-aper | z | ICP,-0.05449975058040413,-0.3421340308272591
57,MC | F-fooof-rel | none | ENR,-0.029742603609175244,0.07477900459685698
57,MC | F-fooof-rel | none | ENR+time,-0.04085548168387998,0.01954578027918736
57,MC | F-fooof-rel | none | SVR,-0.06327620385689903,0.1663510864275365
57,MC | F-fooof-rel | none | SVR+time,-0.018958266899575804,0.16907166330444756
57,MC | F-fooof-rel | none | Anchor,-0.04871375875126316,0.2536763700778192
57,MC | F-fooof-rel | none | ICP,-0.05449975058040413,-0.3421340308272591
57,MC | F-fooof-rel | z | ENR,-0.2503146527832649,-0.15938740192845885
57,MC | F-fooof-rel | z | ENR+time,-0.2436164623660504,-0.14383747073370967
57,MC | F-fooof-rel | z | SVR,-0.15446178163147173,0.03600784917787346
57,MC | F-fooof-rel | z | SVR+time,-0.11162372624384398,0.08784913520378199
57,MC | F-fooof-rel | z | Anchor,-0.6240055159613975,0.0736208525145966
57,MC | F-fooof-rel | z | ICP,-0.050854629065322454,-0.3106045743023801
57,MC | F-fooof-asym | none | ENR,-0.1346159188563576,-0.3394004712706224
57,MC | F-fooof-asym | none | ENR+time,-0.15130021552447537,-0.3356400261117956
57,MC | F-fooof-asym | none | SVR,-0.24927715474181134,-0.30159697161925536
57,MC | F-fooof-asym | none | SVR+time,-0.21500834230616794,-0.31949598433870685
57,MC | F-fooof-asym | none | Anchor,-0.24548366241985975,-0.28803640333077696
57,MC | F-fooof-asym | none | ICP,-0.09396941255866431,-0.29910818513532983
57,MC | F-fooof-asym | z | ENR,0.11833801338546945,0.35907833827008606
57,MC | F-fooof-asym | z | ENR+time,0.06387503062569388,0.27669237930314067
57,MC | F-fooof-asym | z | SVR,-0.004824743947869248,0.1411611792274547
57,MC | F-fooof-asym | z | SVR+time,-0.0034093532121224346,0.0993610638196655
57,MC | F-fooof-asym | z | Anchor,0.0790339748757426,0.327025469781529
57,MC | F-fooof-asym | z | ICP,-0.15981674768332588,-0.11843679212069269
57,MC | F-fooof-riem | riem | ENR,-0.07898900428432354,-0.0719128562091956
57,MC | F-fooof-riem | riem | ENR+time,-0.289329510076926,-0.13460587537858246
57,MC | F-fooof-riem | riem | SVR,-0.2868702207406868,-0.03446643913765257
57,MC | F-fooof-riem | riem | SVR+time,-0.3842254342453417,-0.06731024064431021
57,MC | F-fooof-riem | riem | Anchor,-0.41088580895688454,0.09312055316483936
57,MC | F-fooof-riem | riem | ICP,-0.017640965411265253,0.031102984380685025
58,noMC | F-fooof-full | none | ENR,-0.16890855858975473,-0.11939805119742025
58,noMC | F-fooof-full | none | ENR+time,-0.1306220928521724,-0.10755994393571858
58,noMC | F-fooof-full | none | SVR,-0.18509601454752334,-0.07906390834843643
58,noMC | F-fooof-full | none | SVR+time,-0.15760290000871957,-0.14763426968477783
58,noMC | F-fooof-full | none | Anchor,-0.5492220906740584,-0.11684236466585216
58,noMC | F-fooof-full | none | ICP,-0.02538610908038863,-0.008276506414881403
58,noMC | F-fooof-full | z | ENR,-0.2635916705344963,-0.17087645154296674
58,noMC | F-fooof-full | z | ENR+time,-0.06364962329889234,-0.2139228222374939
58,noMC | F-fooof-full | z | SVR,-0.18520154298581493,-0.1865816442319844
58,noMC | F-fooof-full | z | SVR+time,-0.17780089931631715,-0.16032308988534139
58,noMC | F-fooof-full | z | Anchor,-4.8691179562279725,-0.2599228405758314
58,noMC | F-fooof-full | z | ICP,-0.05953579360956418,-0.1408543986079678
58,noMC | F-fooof-aper | none | ENR,-0.20125499076988218,-0.2985265712774942
58,noMC | F-fooof-aper | none | ENR+time,-0.19819256612740221,-0.291545564289969
58,noMC | F-fooof-aper | none | SVR,-0.3439705140439073,-0.28660984483881746
58,noMC | F-fooof-aper | none | SVR+time,-0.21086176464013007,-0.25428515407274066
58,noMC | F-fooof-aper | none | Anchor,-0.4403693182487971,-0.3139357507677861
58,noMC | F-fooof-aper | none | ICP,-0.04226437405269934,-0.1967254343882859
58,noMC | F-fooof-aper | z | ENR,-0.1554474134033501,-0.33132305624157643
58,noMC | F-fooof-aper | z | ENR+time,-0.04676315930592989,-0.31598321247709943
58,noMC | F-fooof-aper | z | SVR,-0.648148919892747,-0.3285943139260079
58,noMC | F-fooof-aper | z | SVR+time,-0.1822119248410876,-0.3234184224899396
58,noMC | F-fooof-aper | z | Anchor,-0.2595458542028788,-0.34724382863310915
58,noMC | F-fooof-aper | z | ICP,-0.21337925392596513,-0.48925266350632335
58,noMC | F-fooof-rel | none | ENR,-0.05084712648287959,-0.00915298283615927
58,noMC | F-fooof-rel | none | ENR+time,-0.1211146498490463,-0.1175726554625032
58,noMC | F-fooof-rel | none | SVR,-0.14644792871209522,0.006152652800202732
58,noMC | F-fooof-rel | none | SVR+time,-0.15362954922343408,-0.0063814682696602745
58,noMC | F-fooof-rel | none | Anchor,-0.0881998406011093,0.2767309739189052
58,noMC | F-fooof-rel | none | ICP,-0.0315053245980359,-0.15022439156152853
58,noMC | F-fooof-rel | z | ENR,-0.0862068690410851,-0.12030686874101748
58,noMC | F-fooof-rel | z | ENR+time,-0.17862959671533063,-0.16740508767532408
58,noMC | F-fooof-rel | z | SVR,-0.02787839068257769,0.029740033596696226
58,noMC | F-fooof-rel | z | SVR+time,-0.009112013985445255,0.08987645143381687
58,noMC | F-fooof-rel | z | Anchor,-2.0353726279342195,0.18511918245345416
58,noMC | F-fooof-rel | z | ICP,-0.04115523390549036,-0.30960336092923113
58,noMC | F-fooof-asym | none | ENR,-0.04464560802432782,-0.04706799923469968
58,noMC | F-fooof-asym | none | ENR+time,-0.04957470879735504,-0.0666992565922954
58,noMC | F-fooof-asym | none | SVR,-0.011842307719321044,0.12608268525766503
58,noMC | F-fooof-asym | none | SVR+time,-0.025983773339418148,0.0971099646645956
58,noMC | F-fooof-asym | none | Anchor,-0.08537176963765591,-0.012177613323387584
58,noMC | F-fooof-asym | none | ICP,-0.04115523390549036,-0.30960336092923113
58,noMC | F-fooof-asym | z | ENR,-0.17380217472961879,0.0552352378837886
58,noMC | F-fooof-asym | z | ENR+time,-0.11661955774191712,-0.17420089475934447
58,noMC | F-fooof-asym | z | SVR,0.05787777253693338,0.2548998700352954
58,noMC | F-fooof-asym | z | SVR+time,0.011801758739903967,0.13533193795176662
58,noMC | F-fooof-asym | z | Anchor,-0.16075413811170458,0.16243444632990028
58,noMC | F-fooof-asym | z | ICP,-0.04115523390549036,-0.30960336092923113
58,noMC | F-fooof-riem | riem | ENR,-0.23767317182226644,-0.28726095293784204
58,noMC | F-fooof-riem | riem | ENR+time,-0.10744368482013011,-0.19110164792550077
58,noMC | F-fooof-riem | riem | SVR,0.010686179985700872,0.17386505035634994
58,noMC | F-fooof-riem | riem | SVR+time,0.021447898153104106,0.17439732529715174
58,noMC | F-fooof-riem | riem | Anchor,-0.6101636163713637,-0.2701078198697978
58,noMC | F-fooof-riem | riem | ICP,-0.04425030289665699,-0.25954078538882475
58,MC | F-fooof-full | none | ENR,-0.17274218244173856,-0.13740809880875604
58,MC | F-fooof-full | none | ENR+time,-0.15562163077698865,-0.12418414924105077
58,MC | F-fooof-full | none | SVR,-0.08628491606669986,0.007590385897681247
58,MC | F-fooof-full | none | SVR+time,-0.11442487037284521,-0.027112304326115368
58,MC | F-fooof-full | none | Anchor,-0.5841713946935603,0.07225507868444353
58,MC | F-fooof-full | none | ICP,-0.058608478162134325,-0.1435824709433502
58,MC | F-fooof-full | z | ENR,-0.068427310524108,-0.1471179215959476
58,MC | F-fooof-full | z | ENR+time,-0.0688038262260462,-0.1467521442768705
58,MC | F-fooof-full | z | SVR,-0.14892091781561834,-0.11401322904861191
58,MC | F-fooof-full | z | SVR+time,-0.15717304487350137,-0.13660816646513785
58,MC | F-fooof-full | z | Anchor,-1.8889967476254235,0.16195534123554295
58,MC | F-fooof-full | z | ICP,-0.04227316997714725,-0.056285954040829374
58,MC | F-fooof-aper | none | ENR,-0.1775989763614576,-0.3120423375994913
58,MC | F-fooof-aper | none | ENR+time,-0.054009663190536905,-0.2909036416867154
58,MC | F-fooof-aper | none | SVR,-0.21315729887620427,-0.31811734161175037
58,MC | F-fooof-aper | none | SVR+time,-0.1820098316025729,-0.2832564573685738
58,MC | F-fooof-aper | none | Anchor,-0.3142423090349875,-0.26271766646598893
58,MC | F-fooof-aper | none | ICP,-0.16890155777791738,-0.27732303230168875
58,MC | F-fooof-aper | z | ENR,-0.17615058610171008,-0.4174052018624444
58,MC | F-fooof-aper | z | ENR+time,-0.20736528489995232,-0.45222315292275683
58,MC | F-fooof-aper | z | SVR,-0.5162547855900652,-0.3927461451559169
58,MC | F-fooof-aper | z | SVR+time,-0.29711520927186186,-0.4706681141854878
58,MC | F-fooof-aper | z | Anchor,-0.2608918084956451,-0.413403666083266
58,MC | F-fooof-aper | z | ICP,-0.4494081422024463,-0.5033184240633252
58,MC | F-fooof-rel | none | ENR,-0.0766290415297175,-0.06152243199582061
58,MC | F-fooof-rel | none | ENR+time,-0.14341695198877735,-0.050540976672238586
58,MC | F-fooof-rel | none | SVR,-0.06273004775870183,0.08682947377509158
58,MC | F-fooof-rel | none | SVR+time,-0.04099106837543087,0.1371821558921978
58,MC | F-fooof-rel | none | Anchor,-0.06595354939730091,0.2566623747295659
58,MC | F-fooof-rel | none | ICP,-0.04338899530829998,-0.31234985730512266
58,MC | F-fooof-rel | z | ENR,-0.04555107438305628,-0.0477370854798658
58,MC | F-fooof-rel | z | ENR+time,-0.12760491797936413,-0.06627178090320998
58,MC | F-fooof-rel | z | SVR,-0.057461730951787304,0.11371130481474441
58,MC | F-fooof-rel | z | SVR+time,-0.1607220404820071,0.03092992844401104
58,MC | F-fooof-rel | z | Anchor,-0.43324847402113176,0.16462026394328233
58,MC | F-fooof-rel | z | ICP,-0.04338899530829998,-0.31234985730512266
58,MC | F-fooof-asym | none | ENR,-0.05118613457510879,-0.06591268026156107
58,MC | F-fooof-asym | none | ENR+time,-0.05427250267902539,-0.067841061340148
58,MC | F-fooof-asym | none | SVR,-0.08686883289817349,-0.022008687561483494
58,MC | F-fooof-asym | none | SVR+time,-0.045003137326217635,0.03089812855974338
58,MC | F-fooof-asym | none | Anchor,-0.09850460567703068,-0.04925275888252008
58,MC | F-fooof-asym | none | ICP,-0.05617268399757225,-0.25862186217806415
58,MC | F-fooof-asym | z | ENR,-0.003976046851188686,0.15149875565732923
58,MC | F-fooof-asym | z | ENR+time,-0.05760918239755752,-0.2401215688260784
58,MC | F-fooof-asym | z | SVR,0.06988660551740833,0.3194708373485041
58,MC | F-fooof-asym | z | SVR+time,0.009351294810309385,0.20666978553995027
58,MC | F-fooof-asym | z | Anchor,-0.46271901728848386,0.07722536867952534
58,MC | F-fooof-asym | z | ICP,-0.2777990233581682,-0.22813321368536485
58,MC | F-fooof-riem | riem | ENR,-0.043530186195923415,0.03138504321015284
58,MC | F-fooof-riem | riem | ENR+time,-0.09115008042941675,-0.15223904812343328
58,MC | F-fooof-riem | riem | SVR,-0.07472952067874816,0.0398774007206348
58,MC | F-fooof-riem | riem | SVR+time,-0.03972542284024039,0.07632836630924159
58,MC | F-fooof-riem | riem | Anchor,-0.3898294728062268,-0.09504869483369202
58,MC | F-fooof-riem | riem | ICP,-0.04338899530829998,-0.31234985730512266
59,noMC | F-fooof-full | none | ENR,-0.10159262380893619,0.05616548675884337
59,noMC | F-fooof-full | none | ENR+time,-0.12381618039285525,0.043684694720624785
59,noMC | F-fooof-full | none | SVR,-0.04927983087585441,0.1598569545623459
59,noMC | F-fooof-full | none | SVR+time,-0.051539551348372736,0.1158368572828577
59,noMC | F-fooof-full | none | Anchor,-0.12010810907927327,0.19605887066081656
59,noMC | F-fooof-full | none | ICP,-0.04206092768916103,-0.3025345794214861
59,noMC | F-fooof-full | z | ENR,-0.4895516018153323,-0.04378622705304152
59,noMC | F-fooof-full | z | ENR+time,-0.06355204139023063,0.0032316092079334446
59,noMC | F-fooof-full | z | SVR,-0.29533212198543657,-0.02252736357727084
59,noMC | F-fooof-full | z | SVR+time,-0.31793861127360623,-0.056494979238845604
59,noMC | F-fooof-full | z | Anchor,-0.47548044373525,0.1911014458643588
59,noMC | F-fooof-full | z | ICP,-0.12762682056254748,-0.04337407384210613
59,noMC | F-fooof-aper | none | ENR,0.012484961835200648,0.21381859176321605
59,noMC | F-fooof-aper | none | ENR+time,-0.015336549983619996,0.1786353678182266
59,noMC | F-fooof-aper | none | SVR,-0.10126102862460273,0.1406693882478035
59,noMC | F-fooof-aper | none | SVR+time,-0.06540036378570102,0.13118114990559143
59,noMC | F-fooof-aper | none | Anchor,-0.007653399964002716,0.24994362633189762
59,noMC | F-fooof-aper | none | ICP,-0.010088112644357716,0.07667637755506597
59,noMC | F-fooof-aper | z | ENR,-0.00594259696896926,0.09927787239106178
59,noMC | F-fooof-aper | z | ENR+time,-0.08117523220920875,-0.06289599468043836
59,noMC | F-fooof-aper | z | SVR,-0.33166277786826237,-0.12786265619818216
59,noMC | F-fooof-aper | z | SVR+time,-0.3533211389667341,-0.10933827475241123
59,noMC | F-fooof-aper | z | Anchor,-0.04714771896470693,0.04036021659711285
59,noMC | F-fooof-aper | z | ICP,-0.04206092768916103,-0.3025345794214861
59,noMC | F-fooof-rel | none | ENR,0.025946236739364803,0.19230056944403423
59,noMC | F-fooof-rel | none | ENR+time,0.013334107990628952,0.17125584614137854
59,noMC | F-fooof-rel | none | SVR,-0.09819741016689831,0.056731776937025594
59,noMC | F-fooof-rel | none | SVR+time,-0.1347613679545383,0.028073905168669457
59,noMC | F-fooof-rel | none | Anchor,-0.029868294032885156,0.1761691065251686
59,noMC | F-fooof-rel | none | ICP,-0.0299793666303525,0.13637471074397556
59,noMC | F-fooof-rel | z | ENR,-0.1519902490587033,-0.10840825479181881
59,noMC | F-fooof-rel | z | ENR+time,-0.21268397594574884,-0.09507983378421478
59,noMC | F-fooof-rel | z | SVR,-0.10775849692009354,-0.06008372515113277
59,noMC | F-fooof-rel | z | SVR+time,-0.16226974064349942,-0.16404992390230166
59,noMC | F-fooof-rel | z | Anchor,-0.6080307982791842,0.13738699629621387
59,noMC | F-fooof-rel | z | ICP,-0.05899044400444908,-0.1068140547059768
59,noMC | F-fooof-asym | none | ENR,-0.012263838317284836,0.10565180293810389
59,noMC | F-fooof-asym | none | ENR+time,-0.03904350911446852,0.03482156618754186
59,noMC | F-fooof-asym | none | SVR,-0.14499319836306523,0.08354170253760591
59,noMC | F-fooof-asym | none | SVR+time,-0.05008618911159335,0.11242014337611132
59,noMC | F-fooof-asym | none | Anchor,-0.038860291179907636,0.08906566760022919
59,noMC | F-fooof-asym | none | ICP,-0.1149989021941995,-0.22082823938940968
59,noMC | F-fooof-asym | z | ENR,0.060757377972125215,0.24877648379346728
59,noMC | F-fooof-asym | z | ENR+time,-0.02420702026699506,-0.00793075525685849
59,noMC | F-fooof-asym | z | SVR,-0.039847348796644644,0.15606289078739075
59,noMC | F-fooof-asym | z | SVR+time,-0.008850623156122506,0.19177752815003846
59,noMC | F-fooof-asym | z | Anchor,0.0395248382487382,0.29794336062576654
59,noMC | F-fooof-asym | z | ICP,-0.04206092768916103,-0.3025345794214861
59,noMC | F-fooof-riem | riem | ENR,-0.04321432828492333,0.059463051086443876
59,noMC | F-fooof-riem | riem | ENR+time,-0.053561931801325846,-0.029725075072778676
59,noMC | F-fooof-riem | riem | SVR,-0.1516820151129643,0.05620173661083697
59,noMC | F-fooof-riem | riem | SVR+time,-0.23025612208256296,-0.01458263406081152
59,noMC | F-fooof-riem | riem | Anchor,-0.48501382120075576,0.022225755340466228
59,noMC | F-fooof-riem | riem | ICP,-0.07186788032860236,-0.19137728651107067
59,MC | F-fooof-full | none | ENR,-0.09128446314034755,0.10672895069123495
59,MC | F-fooof-full | none | ENR+time,-0.12618840535664932,0.03534203438113389
59,MC | F-fooof-full | none | SVR,-0.14379050878406585,0.045171433191326785
59,MC | F-fooof-full | none | SVR+time,-0.13512018639751067,0.06105407895147477
59,MC | F-fooof-full | none | Anchor,-0.13225724823849871,0.23789407737198184
59,MC | F-fooof-full | none | ICP,-0.15613747586319948,-0.14601984869554452
59,MC | F-fooof-full | z | ENR,-0.2009688008880226,0.03440261648995892
59,MC | F-fooof-full | z | ENR+time,-0.0439979579396661,0.1882985745948711
59,MC | F-fooof-full | z | SVR,-0.07750350152336383,0.036286131218176906
59,MC | F-fooof-full | z | SVR+time,-0.07224566652669262,0.03954679220546246
59,MC | F-fooof-full | z | Anchor,-0.48850850096986,0.18025520168070966
59,MC | F-fooof-full | z | ICP,-0.10969273224706466,-0.20266714693913512
59,MC | F-fooof-aper | none | ENR,0.07899447123242609,0.3088576187744931
59,MC | F-fooof-aper | none | ENR+time,0.01213156471585064,0.20635590667865528
59,MC | F-fooof-aper | none | SVR,-0.14461027029197737,0.042427586649892546
59,MC | F-fooof-aper | none | SVR+time,-0.18197908425496645,-0.11030454792281383
59,MC | F-fooof-aper | none | Anchor,0.032679617518794335,0.279541480872845
59,MC | F-fooof-aper | none | ICP,-0.11144312685869662,0.05055097860537546
59,MC | F-fooof-aper | z | ENR,-0.10910120845429394,0.06747903516822118
59,MC | F-fooof-aper | z | ENR+time,-0.08582890206536509,0.07402213403739885
59,MC | F-fooof-aper | z | SVR,-0.19234818592801206,0.02056241817076379
59,MC | F-fooof-aper | z | SVR+time,-0.15927626046424126,0.012851429687276057
59,MC | F-fooof-aper | z | Anchor,-0.2763144914143567,0.058807114950062876
59,MC | F-fooof-aper | z | ICP,-0.24211340968572137,-0.07561535159836025
59,MC | F-fooof-rel | none | ENR,-0.04706886842398195,-0.07057949053924964
59,MC | F-fooof-rel | none | ENR+time,0.00959593489293964,0.13991418911722853
59,MC | F-fooof-rel | none | SVR,-0.09494477391867773,0.04822502828060097
59,MC | F-fooof-rel | none | SVR+time,-0.15731545749101983,-0.005905831190537333
59,MC | F-fooof-rel | none | Anchor,-0.044013133081118205,0.12037307426367101
59,MC | F-fooof-rel | none | ICP,-0.02329406692724434,0.10466364580521473
59,MC | F-fooof-rel | z | ENR,-0.12672468885526222,-0.1272793050190597
59,MC | F-fooof-rel | z | ENR+time,-0.14889891185516935,-0.07066125717683336
59,MC | F-fooof-rel | z | SVR,-0.14745004705082354,-0.08942694516729613
59,MC | F-fooof-rel | z | SVR+time,-0.05531476664294477,-0.014915123041485713
59,MC | F-fooof-rel | z | Anchor,-6.611330855444437,0.12855963050957153
59,MC | F-fooof-rel | z | ICP,-0.06330032097096305,-0.26571812503947434
59,MC | F-fooof-asym | none | ENR,-0.004771706548422294,0.12089199090505112
59,MC | F-fooof-asym | none | ENR+time,-0.07319500682683788,-0.0030962805354803526
59,MC | F-fooof-asym | none | SVR,-0.16583414628144766,0.05231433871249132
59,MC | F-fooof-asym | none | SVR+time,-0.03783560946398268,0.10793461539908965
59,MC | F-fooof-asym | none | Anchor,-0.050692017321057214,0.06364985810849721
59,MC | F-fooof-asym | none | ICP,-0.12496255088216568,-0.11333090165620285
59,MC | F-fooof-asym | z | ENR,0.028436742823503947,0.17829697038871023
59,MC | F-fooof-asym | z | ENR+time,0.03867607365669845,0.21209097069213279
59,MC | F-fooof-asym | z | SVR,-0.023208244685636537,0.192124900155889
59,MC | F-fooof-asym | z | SVR+time,-0.070358816543721,0.10067547555529624
59,MC | F-fooof-asym | z | Anchor,0.112883927000068,0.3509342502512659
59,MC | F-fooof-asym | z | ICP,-0.12177024654074886,-0.16151315952909825
59,MC | F-fooof-riem | riem | ENR,-0.04558291195529973,0.004068733168627605
59,MC | F-fooof-riem | riem | ENR+time,-0.0672558139664432,-0.07856900978463868
59,MC | F-fooof-riem | riem | SVR,-0.29916716583152536,-0.07519824824476132
59,MC | F-fooof-riem | riem | SVR+time,-0.3102877427316588,-0.12462357900732618
59,MC | F-fooof-riem | riem | Anchor,-0.21262867012170172,0.06734484783813903
59,MC | F-fooof-riem | riem | ICP,-0.07441275790722979,-0.21772256244236454
60,noMC | F-fooof-full | none | ENR,-0.08268881795389671,-0.14288276683800727
60,noMC | F-fooof-full | none | ENR+time,-0.08728244713049826,-0.10787237731814872
60,noMC | F-fooof-full | none | SVR,-0.02517840308039232,0.1506964009150534
60,noMC | F-fooof-full | none | SVR+time,-0.8245871559710247,-0.10138831270914408
60,noMC | F-fooof-full | none | Anchor,-0.24463065347424573,-0.12686439484931122
60,noMC | F-fooof-full | none | ICP,-0.048585230979016236,-0.19778752651852047
60,noMC | F-fooof-full | z | ENR,-0.06518699580997334,-0.19866701050732585
60,noMC | F-fooof-full | z | ENR+time,-0.07784055677678858,-0.13857983679109104
60,noMC | F-fooof-full | z | SVR,-0.13047468343303903,0.08256076428977602
60,noMC | F-fooof-full | z | SVR+time,-0.11045960749848449,0.05453951224799531
60,noMC | F-fooof-full | z | Anchor,-0.1893371703825104,-0.045270984756579924
60,noMC | F-fooof-full | z | ICP,-0.2957752837460308,-0.14942324408440077
60,noMC | F-fooof-aper | none | ENR,-0.03760930643398597,-0.2700966336827677
60,noMC | F-fooof-aper | none | ENR+time,-0.04349238419736334,-0.22549784977275675
60,noMC | F-fooof-aper | none | SVR,-0.1904654013534397,-0.21559381696608998
60,noMC | F-fooof-aper | none | SVR+time,-0.1751602352952295,-0.15358914672321375
60,noMC | F-fooof-aper | none | Anchor,-0.2044226939183107,-0.09428721429022643
60,noMC | F-fooof-aper | none | ICP,-0.08333030105211625,-0.1296642404618616
60,noMC | F-fooof-aper | z | ENR,-0.12128038698991817,-0.24280178007736813
60,noMC | F-fooof-aper | z | ENR+time,-0.07951560949574255,-0.14301642549710442
60,noMC | F-fooof-aper | z | SVR,-0.17774857013129464,-0.1541829400741795
60,noMC | F-fooof-aper | z | SVR+time,-0.1155718207323071,-0.05701298667932698
60,noMC | F-fooof-aper | z | Anchor,-0.24049573443592354,-0.24236512932052873
60,noMC | F-fooof-aper | z | ICP,-0.06854611594419424,-0.25248846920256013
60,noMC | F-fooof-rel | none | ENR,-0.06662062317484407,-0.2441984769932139
60,noMC | F-fooof-rel | none | ENR+time,-0.07651677156755987,-0.19190114992962987
60,noMC | F-fooof-rel | none | SVR,-0.2545479476557242,-0.1565423171667391
60,noMC | F-fooof-rel | none | SVR+time,-0.23887339552830866,-0.1470581462823353
60,noMC | F-fooof-rel | none | Anchor,-0.7393247291685761,-0.17958776929368547
60,noMC | F-fooof-rel | none | ICP,-0.09783215021158087,-0.2148509342278441
60,noMC | F-fooof-rel | z | ENR,-0.10108963250363412,-0.16995005146829198
60,noMC | F-fooof-rel | z | ENR+time,-0.12297282676921406,-0.059787631662086574
60,noMC | F-fooof-rel | z | SVR,-0.16479543555670384,-0.10803554638665785
60,noMC | F-fooof-rel | z | SVR+time,-0.1397005674053169,0.03900405680609219
60,noMC | F-fooof-rel | z | Anchor,-2.545342229281762,-0.016044004191437786
60,noMC | F-fooof-rel | z | ICP,-0.03710443979492517,-0.038237647134229766
60,noMC | F-fooof-asym | none | ENR,-0.05695775864558095,-0.2630693769693852
60,noMC | F-fooof-asym | none | ENR+time,-0.22281557355568027,-0.19099419933564116
60,noMC | F-fooof-asym | none | SVR,-0.33482837028273194,-0.204270329563977
60,noMC | F-fooof-asym | none | SVR+time,-0.28213108321050817,-0.1345158998888467
60,noMC | F-fooof-asym | none | Anchor,-0.7472545527819177,-0.2227540539184425
60,noMC | F-fooof-asym | none | ICP,-0.05152127455953681,-0.2534634628271169
60,noMC | F-fooof-asym | z | ENR,-1.616139927598716,-0.15753500306825433
60,noMC | F-fooof-asym | z | ENR+time,-1.8132394573887094,-0.1482366505497569
60,noMC | F-fooof-asym | z | SVR,-0.11813157197182211,-0.05408813826063019
60,noMC | F-fooof-asym | z | SVR+time,-0.07721058129976366,0.0657392688241368
60,noMC | F-fooof-asym | z | Anchor,-0.5838083884460428,-0.08272532387388598
60,noMC | F-fooof-asym | z | ICP,-0.05114886970975596,-0.12781179209957105
60,noMC | F-fooof-riem | riem | ENR,-0.16223695120633574,-0.09812422731508899
60,noMC | F-fooof-riem | riem | ENR+time,-0.14936866081666422,-0.05533119700138059
60,noMC | F-fooof-riem | riem | SVR,-0.20661363258477783,-0.10981933053175924
60,noMC | F-fooof-riem | riem | SVR+time,-0.1285309921603044,-0.028305511788555313
60,noMC | F-fooof-riem | riem | Anchor,-0.26699418283468,-0.0949324901464863
60,noMC | F-fooof-riem | riem | ICP,-0.045934433586604984,-0.049691742574977604
60,MC | F-fooof-full | none | ENR,-0.07206081733430048,-0.10162328445050609
60,MC | F-fooof-full | none | ENR+time,-0.08046880219588459,-0.08494326655694152
60,MC | F-fooof-full | none | SVR,-0.1954949237533532,-0.09124933891166817
60,MC | F-fooof-full | none | SVR+time,-0.15083889345323676,-0.06651749055992762
60,MC | F-fooof-full | none | Anchor,-0.1786588321325202,0.12879616191900284
60,MC | F-fooof-full | none | ICP,-0.05049674309826124,-0.21353276941301547
60,MC | F-fooof-full | z | ENR,-0.12009544832148622,-0.03880299485008177
60,MC | F-fooof-full | z | ENR+time,-0.03605114474234883,0.06040087266738389
60,MC | F-fooof-full | z | SVR,-0.18221143145925667,-0.02810375366804281
60,MC | F-fooof-full | z | SVR+time,-0.13024987418546363,0.008498318090582801
60,MC | F-fooof-full | z | Anchor,-0.97955815596387,0.009721709624607063
60,MC | F-fooof-full | z | ICP,-0.14639501417432021,-0.049374331984348346
60,MC | F-fooof-aper | none | ENR,-0.04188923024529401,-0.26275243384273383
60,MC | F-fooof-aper | none | ENR+time,-0.03262497350000082,-0.07615969524692733
60,MC | F-fooof-aper | none | SVR,-0.28302921046603036,-0.23836377073832254
60,MC | F-fooof-aper | none | SVR+time,-0.1275343555260362,-0.11892010214834016
60,MC | F-fooof-aper | none | Anchor,-0.2453147928704036,-0.14308831143564504
60,MC | F-fooof-aper | none | ICP,-0.07118859574221692,-0.1683423357099686
60,MC | F-fooof-aper | z | ENR,-0.11005872858444121,-0.11177840065639419
60,MC | F-fooof-aper | z | ENR+time,-0.0455857773041588,-0.05116107460454988
60,MC | F-fooof-aper | z | SVR,-0.23639792658644376,0.015125612683807861
60,MC | F-fooof-aper | z | SVR+time,-0.19295447621942974,-0.05109988022534592
60,MC | F-fooof-aper | z | Anchor,-0.19077422810091416,-0.09168756130130412
60,MC | F-fooof-aper | z | ICP,-0.04188923024529401,-0.26275243384273383
60,MC | F-fooof-rel | none | ENR,-0.04188923024529401,-0.26275243384273383
60,MC | F-fooof-rel | none | ENR+time,-0.06937395451251449,-0.128609486733821
60,MC | F-fooof-rel | none | SVR,-0.2547196620979524,-0.2006818309075018
60,MC | F-fooof-rel | none | SVR+time,-0.1485385355080795,-0.07856633746883951
60,MC | F-fooof-rel | none | Anchor,-0.4563743113620313,-0.0961216839152117
60,MC | F-fooof-rel | none | ICP,-0.039016911762741024,-0.13270269441677546
60,MC | F-fooof-rel | z | ENR,-0.05317296244634795,-0.2579386017158296
60,MC | F-fooof-rel | z | ENR+time,-0.31458400103258044,0.09723255305541652
60,MC | F-fooof-rel | z | SVR,-0.14173485622415227,-0.12959112220889552
60,MC | F-fooof-rel | z | SVR+time,-0.16622448105774446,-0.06145819117206883
60,MC | F-fooof-rel | z | Anchor,-0.7461360173826042,-0.13073252268823193
60,MC | F-fooof-rel | z | ICP,-0.06204304957477613,-0.16724747830992132
60,MC | F-fooof-asym | none | ENR,-0.1398571735176941,-0.23527720097651558
60,MC | F-fooof-asym | none | ENR+time,-0.20371201548246765,-0.16680930755666007
60,MC | F-fooof-asym | none | SVR,-0.28676926172723793,-0.2111830251653825
60,MC | F-fooof-asym | none | SVR+time,-0.36763385910499413,-0.18691189178053852
60,MC | F-fooof-asym | none | Anchor,-0.6147142140461817,-0.2539890009454412
60,MC | F-fooof-asym | none | ICP,-0.04562093429272096,-0.1366462757173616
60,MC | F-fooof-asym | z | ENR,-0.5713481974990104,-0.16038659036943753
60,MC | F-fooof-asym | z | ENR+time,-0.5531351069582895,-0.12668720468285513
60,MC | F-fooof-asym | z | SVR,-0.16824568277935148,-0.0815828515819298
60,MC | F-fooof-asym | z | SVR+time,-0.06363278150651186,0.09953414486852175
60,MC | F-fooof-asym | z | Anchor,-0.31126568951270506,-0.18566431682540058
60,MC | F-fooof-asym | z | ICP,-0.11764952486565439,0.040288598302257846
60,MC | F-fooof-riem | riem | ENR,-0.16550677999985886,0.00987703244356046
60,MC | F-fooof-riem | riem | ENR+time,-0.10316196299476088,0.05520585113227673
60,MC | F-fooof-riem | riem | SVR,-0.20583993989260962,-0.12923207024148137
60,MC | F-fooof-riem | riem | SVR+time,-0.15043092405254654,-0.041966642870242266
60,MC | F-fooof-riem | riem | Anchor,-0.5421114686158395,-0.03933356245453029
60,MC | F-fooof-riem | riem | ICP,-0.4485643105442836,0.10502538314480338
61,noMC | F-fooof-full | none | ENR,-0.1866712176009251,-0.13153438801216397
61,noMC | F-fooof-full | none | ENR+time,-0.1282858205270896,-0.09305317553728387
61,noMC | F-fooof-full | none | SVR,-0.24179350720461135,-0.27034770024489774
61,noMC | F-fooof-full | none | SVR+time,-0.3630701527225604,-0.3743391592866414
61,noMC | F-fooof-full | none | Anchor,-0.4799333927005167,-0.17463378185609765
61,noMC | F-fooof-full | none | ICP,-0.12413428738230947,-0.1861639720109584
61,noMC | F-fooof-full | z | ENR,-0.1393683471622802,-0.24648188749591654
61,noMC | F-fooof-full | z | ENR+time,-0.038092274828524175,-0.2888485375165062
61,noMC | F-fooof-full | z | SVR,-0.21138180546762442,-0.17635501827558417
61,noMC | F-fooof-full | z | SVR+time,-0.17041825282282486,-0.15144313505529988
61,noMC | F-fooof-full | z | Anchor,-15.517825688280347,0.05536345211096794
61,noMC | F-fooof-full | z | ICP,-0.05308342157893686,-0.31758731223734715
61,noMC | F-fooof-aper | none | ENR,-0.05022881440301741,-0.25091149784150757
61,noMC | F-fooof-aper | none | ENR+time,-0.05022881440301741,-0.25091149784150757
61,noMC | F-fooof-aper | none | SVR,-0.42943591760894995,-0.31301579868235135
61,noMC | F-fooof-aper | none | SVR+time,-0.3367977101390083,-0.3933316223735267
61,noMC | F-fooof-aper | none | Anchor,-0.0701251260323772,-0.3111468459788643
61,noMC | F-fooof-aper | none | ICP,-0.2353206185572423,-0.24327952587166843
61,noMC | F-fooof-aper | z | ENR,-0.05901043491415292,-0.297696458140459
61,noMC | F-fooof-aper | z | ENR+time,-0.08320980105747355,-0.40788812472301794
61,noMC | F-fooof-aper | z | SVR,-0.1657028668712648,-0.2500272919447127
61,noMC | F-fooof-aper | z | SVR+time,-0.1779840236793626,-0.3147429802263965
61,noMC | F-fooof-aper | z | Anchor,-0.15200775814758805,-0.10435224257896829
61,noMC | F-fooof-aper | z | ICP,-0.038092274828524175,-0.2888485375165062
61,noMC | F-fooof-rel | none | ENR,-0.11415721363848808,-0.42069055741287664
61,noMC | F-fooof-rel | none | ENR+time,-0.16399062795701824,-0.475147440742078
61,noMC | F-fooof-rel | none | SVR,-0.21918258188026152,-0.2436484336825104
61,noMC | F-fooof-rel | none | SVR+time,-0.24327325260113342,-0.29231324101641765
61,noMC | F-fooof-rel | none | Anchor,-0.515611057267173,-0.1617255798634319
61,noMC | F-fooof-rel | none | ICP,-0.08526992784769005,-0.19304099863574842
61,noMC | F-fooof-rel | z | ENR,-0.27384807100622854,-0.07126584227140585
61,noMC | F-fooof-rel | z | ENR+time,-0.21944267625974834,-0.15848945929800776
61,noMC | F-fooof-rel | z | SVR,-0.16073950830737616,-0.24136046130876382
61,noMC | F-fooof-rel | z | SVR+time,-0.21183682977998086,-0.20784034132471285
61,noMC | F-fooof-rel | z | Anchor,-0.8950390712917375,-0.2009591304418758
61,noMC | F-fooof-rel | z | ICP,-0.08474193438068789,-0.16888968568905002
61,noMC | F-fooof-asym | none | ENR,-0.11630525458848817,-0.4330330238431439
61,noMC | F-fooof-asym | none | ENR+time,-0.22767452586007253,-0.44336070393755134
61,noMC | F-fooof-asym | none | SVR,-0.5038367064206293,-0.37153301922646487
61,noMC | F-fooof-asym | none | SVR+time,-0.48580308224314206,-0.4194420407635033
61,noMC | F-fooof-asym | none | Anchor,-0.21207399228721657,-0.42240934546382836
61,noMC | F-fooof-asym | none | ICP,-0.3176866858909009,-0.21251338192615954
61,noMC | F-fooof-asym | z | ENR,-0.14861885298091781,-0.36501847384596664
61,noMC | F-fooof-asym | z | ENR+time,-0.22191122768094673,-0.3876919141189289
61,noMC | F-fooof-asym | z | SVR,-0.20656931175710547,-0.1840920232650308
61,noMC | F-fooof-asym | z | SVR+time,-0.2143482205926468,-0.13281826700668758
61,noMC | F-fooof-asym | z | Anchor,-0.20078402026791142,-0.3745881064051179
61,noMC | F-fooof-asym | z | ICP,-0.038092274828524175,-0.2888485375165062
61,noMC | F-fooof-riem | riem | ENR,-0.10144838641615972,-0.269545368216697
61,noMC | F-fooof-riem | riem | ENR+time,-0.16841299793636377,-0.3822321283506597
61,noMC | F-fooof-riem | riem | SVR,-0.12269810423957028,-0.04983079743682608
61,noMC | F-fooof-riem | riem | SVR+time,-0.24238151610555314,-0.19323723073938698
61,noMC | F-fooof-riem | riem | Anchor,-0.5273814197248861,-0.17665367140179175
61,noMC | F-fooof-riem | riem | ICP,-0.022884212228510226,-0.11955579125794383
61,MC | F-fooof-full | none | ENR,-0.08517052832460759,-0.4059958116411698
61,MC | F-fooof-full | none | ENR+time,-0.08517052832460759,-0.4059958116411698
61,MC | F-fooof-full | none | SVR,-0.3129962964459101,-0.30333992199772275
61,MC | F-fooof-full | none | SVR+time,-0.5061260745519944,-0.40568914801357936
61,MC | F-fooof-full | none | Anchor,-1.7140263034059555,-0.27847775630335125
61,MC | F-fooof-full | none | ICP,-0.2338948955792477,-0.26128447879625216
61,MC | F-fooof-full | z | ENR,-0.04098051633284383,-0.29164347441020094
61,MC | F-fooof-full | z | ENR+time,-0.04098051633284383,-0.29164347441020094
61,MC | F-fooof-full | z | SVR,-0.30835017761376604,-0.25267269824870614
61,MC | F-fooof-full | z | SVR+time,-0.29228415514393014,-0.2541364580992409
61,MC | F-fooof-full | z | Anchor,-0.648472431785972,-0.2950171799828501
61,MC | F-fooof-full | z | ICP,-0.04098051633284383,-0.29164347441020094
61,MC | F-fooof-aper | none | ENR,-0.1338365377670947,-0.42422853846244446
61,MC | F-fooof-aper | none | ENR+time,-0.12870448694121106,-0.4245116734956005
61,MC | F-fooof-aper | none | SVR,-0.3077982650956801,-0.3950608167348515
61,MC | F-fooof-aper | none | SVR+time,-0.34310374892056084,-0.4416413747278407
61,MC | F-fooof-aper | none | Anchor,-0.18990465814752366,-0.41793991245542417
61,MC | F-fooof-aper | none | ICP,-0.20595921665404937,-0.24745421738530138
61,MC | F-fooof-aper | z | ENR,-0.07561561629961555,-0.28430770903813896
61,MC | F-fooof-aper | z | ENR+time,-0.07561561629961555,-0.28430770903813896
61,MC | F-fooof-aper | z | SVR,-0.4221886504914545,-0.4558907498046678
61,MC | F-fooof-aper | z | SVR+time,-0.26012723681045813,-0.39153481314628524
61,MC | F-fooof-aper | z | Anchor,-0.19224012510698318,-0.1480168164706191
61,MC | F-fooof-aper | z | ICP,-0.06906163800951504,-0.22689327050067504
61,MC | F-fooof-rel | none | ENR,-0.18297343748933348,-0.3713424746340743
61,MC | F-fooof-rel | none | ENR+time,-0.19206253236329252,-0.3860413362215538
61,MC | F-fooof-rel | none | SVR,-0.22721910532780365,-0.23783706224848844
61,MC | F-fooof-rel | none | SVR+time,-0.30046893336728986,-0.3342832538681268
61,MC | F-fooof-rel | none | Anchor,-0.8119602455301773,-0.1610167494821526
61,MC | F-fooof-rel | none | ICP,-0.15693543085917572,-0.3796284222972377
61,MC | F-fooof-rel | z | ENR,-0.5636800127418007,-0.19719561912497305
61,MC | F-fooof-rel | z | ENR+time,-0.5237854013067698,-0.2094919750638164
61,MC | F-fooof-rel | z | SVR,-0.32564782538203785,-0.16369591563175726
61,MC | F-fooof-rel | z | SVR+time,-0.26537888932302756,-0.21747275011416778
61,MC | F-fooof-rel | z | Anchor,-2.157872856348462,0.09162419156055546
61,MC | F-fooof-rel | z | ICP,-0.2209336077068611,-0.2144989994231294
61,MC | F-fooof-asym | none | ENR,-0.20469610802113958,-0.40422723963335927
61,MC | F-fooof-asym | none | ENR+time,-0.21204925504365346,-0.44221082715917437
61,MC | F-fooof-asym | none | SVR,-0.47022122519677323,-0.3798337890338389
61,MC | F-fooof-asym | none | SVR+time,-0.5446946195564255,-0.38927278500241336
61,MC | F-fooof-asym | none | Anchor,-0.24760415017950432,-0.4299968055947325
61,MC | F-fooof-asym | none | ICP,-0.04098051633284383,-0.29164347441020094
61,MC | F-fooof-asym | z | ENR,-0.352750509450515,-0.28971672744975174
61,MC | F-fooof-asym | z | ENR+time,-0.42944593886527693,-0.2693358788102869
61,MC | F-fooof-asym | z | SVR,-0.43245661607304564,-0.23419350786644974
61,MC | F-fooof-asym | z | SVR+time,-0.4947954820138849,-0.28164972748543976
61,MC | F-fooof-asym | z | Anchor,-0.5544229110454564,-0.24797125237806106
61,MC | F-fooof-asym | z | ICP,-0.15186374765937782,-0.15022902524340065
61,MC | F-fooof-riem | riem | ENR,-0.07222941340223143,-0.24691654891629117
61,MC | F-fooof-riem | riem | ENR+time,-0.07222941340223143,-0.24691654891629117
61,MC | F-fooof-riem | riem | SVR,-0.26141508778997036,-0.11784377287590814
61,MC | F-fooof-riem | riem | SVR+time,-0.20554048275315995,-0.17734308440312357
61,MC | F-fooof-riem | riem | Anchor,-1.9575153631606863,-0.27360048900457956
61,MC | F-fooof-riem | riem | ICP,-0.08112620411615845,-0.29243679508083814
62,noMC | F-fooof-full | none | ENR,-0.12482006569506088,-0.0823146879380529
62,noMC | F-fooof-full | none | ENR+time,-0.08736051549455737,-0.07054041526426592
62,noMC | F-fooof-full | none | SVR,-0.22695470635529302,-0.12050030272442006
62,noMC | F-fooof-full | none | SVR+time,-0.16781701430325513,-0.10587921045483967
62,noMC | F-fooof-full | none | Anchor,-0.3551227226363223,-0.0798772104193205
62,noMC | F-fooof-full | none | ICP,-0.035380313632464855,-0.1959025243106679
62,noMC | F-fooof-full | z | ENR,-0.45017145845220874,-0.399829066935924
62,noMC | F-fooof-full | z | ENR+time,-1.2968873635769178,-0.3462839056320251
62,noMC | F-fooof-full | z | SVR,-0.25343773709679307,-0.25100686324542026
62,noMC | F-fooof-full | z | SVR+time,-0.2453005107957289,-0.25830239753189654
62,noMC | F-fooof-full | z | Anchor,-3.337141626894489,-0.300889862346838
62,noMC | F-fooof-full | z | ICP,-0.02911844260523222,-0.01938578638765522
62,noMC | F-fooof-aper | none | ENR,-0.18733765251135748,-0.17766782907761908
62,noMC | F-fooof-aper | none | ENR+time,-0.1227296415475494,-0.176238594059268
62,noMC | F-fooof-aper | none | SVR,-0.45212623181610945,-0.20018865718147666
62,noMC | F-fooof-aper | none | SVR+time,-0.45277036538136395,-0.2874551881070605
62,noMC | F-fooof-aper | none | Anchor,-0.5438925531410952,-0.24334520159092937
62,noMC | F-fooof-aper | none | ICP,-0.2393017853591266,-0.24322427974893795
62,noMC | F-fooof-aper | z | ENR,-0.06764708216643722,-0.026642566435083292
62,noMC | F-fooof-aper | z | ENR+time,-0.07240299433135666,-0.033283803347926855
62,noMC | F-fooof-aper | z | SVR,-0.031246562051899573,0.08414147156876381
62,noMC | F-fooof-aper | z | SVR+time,-0.08740044924652857,-0.018700583861607264
62,noMC | F-fooof-aper | z | Anchor,-0.13900463431385868,-0.10433460226202856
62,noMC | F-fooof-aper | z | ICP,-0.04111585544166152,0.049360569416739414
62,noMC | F-fooof-rel | none | ENR,-0.1461363735968335,-0.18678566059175464
62,noMC | F-fooof-rel | none | ENR+time,-0.19141718925914075,-0.3129976295519718
62,noMC | F-fooof-rel | none | SVR,-0.1900334998814579,-0.10924384198984424
62,noMC | F-fooof-rel | none | SVR+time,-0.3511385759203689,-0.20707700751455188
62,noMC | F-fooof-rel | none | Anchor,-0.18102159828900377,-0.09593891481295845
62,noMC | F-fooof-rel | none | ICP,-0.04386878181570775,-0.3227279238135198
62,noMC | F-fooof-rel | z | ENR,-0.29682538535269765,-0.28812548643738944
62,noMC | F-fooof-rel | z | ENR+time,-0.2724868686402049,-0.30829158198100637
62,noMC | F-fooof-rel | z | SVR,-0.1391461874561719,-0.20630825266569952
62,noMC | F-fooof-rel | z | SVR+time,-0.1945605401087913,-0.23528206761371595
62,noMC | F-fooof-rel | z | Anchor,-0.37257744419599303,-0.165401501441406
62,noMC | F-fooof-rel | z | ICP,-0.07257905992241209,-0.2857752303245832
62,noMC | F-fooof-asym | none | ENR,-0.16864785816070982,-0.47459940628430525
62,noMC | F-fooof-asym | none | ENR+time,-0.14983574104776465,-0.48159102178644936
62,noMC | F-fooof-asym | none | SVR,-0.5026779398957721,-0.456476638447365
62,noMC | F-fooof-asym | none | SVR+time,-0.542224058119184,-0.4574765779549123
62,noMC | F-fooof-asym | none | Anchor,-0.2380892355218054,-0.44851937914349793
62,noMC | F-fooof-asym | none | ICP,-0.04386878181570775,-0.3227279238135198
62,noMC | F-fooof-asym | z | ENR,-0.07049774622071725,0.15609911862523573
62,noMC | F-fooof-asym | z | ENR+time,-0.07252536643175644,0.0008734303131286668
62,noMC | F-fooof-asym | z | SVR,-0.24756510562823397,-0.13693242496048788
62,noMC | F-fooof-asym | z | SVR+time,-0.275097170351952,-0.0801942106584588
62,noMC | F-fooof-asym | z | Anchor,-0.2718241834800368,0.14550330822501645
62,noMC | F-fooof-asym | z | ICP,-0.03426760791533301,-0.14470570763171464
62,noMC | F-fooof-riem | riem | ENR,-0.24942338959401966,-0.16195038274830614
62,noMC | F-fooof-riem | riem | ENR+time,-0.18980435458365674,-0.25413690308992876
62,noMC | F-fooof-riem | riem | SVR,-0.24215131656773448,-0.04995255495502676
62,noMC | F-fooof-riem | riem | SVR+time,-0.2396051660926828,-0.06573216906231956
62,noMC | F-fooof-riem | riem | Anchor,-0.4402273620007702,-0.1475423159290135
62,noMC | F-fooof-riem | riem | ICP,-0.053334425561626375,-0.290112300405303
62,MC | F-fooof-full | none | ENR,-0.08973266427776472,-0.28908462547423
62,MC | F-fooof-full | none | ENR+time,-0.048516021434328316,-0.272172798042412
62,MC | F-fooof-full | none | SVR,-0.3042826580596012,-0.26168355358738393
62,MC | F-fooof-full | none | SVR+time,-0.3270579247466754,-0.2904634839471679
62,MC | F-fooof-full | none | Anchor,-0.25413630577849045,-0.09290628228120462
62,MC | F-fooof-full | none | ICP,-0.06011676446403902,-0.036334868613093055
62,MC | F-fooof-full | z | ENR,-0.3684841665691545,-0.3381865828848607
62,MC | F-fooof-full | z | ENR+time,-0.31617825313668835,-0.36773687722713755
62,MC | F-fooof-full | z | SVR,-0.3281448010418184,-0.26427559407251433
62,MC | F-fooof-full | z | SVR+time,-0.33257807310474274,-0.2666185482456768
62,MC | F-fooof-full | z | Anchor,-0.36425105110771816,-0.2174456257734188
62,MC | F-fooof-full | z | ICP,-0.047114359518258375,-0.0719655857583175
62,MC | F-fooof-aper | none | ENR,-0.1518158842559656,-0.1826897197796059
62,MC | F-fooof-aper | none | ENR+time,-0.094779666337246,-0.19386756270854033
62,MC | F-fooof-aper | none | SVR,-0.3389990214883527,-0.27901510300364324
62,MC | F-fooof-aper | none | SVR+time,-0.4122723159744004,-0.3577324750149843
62,MC | F-fooof-aper | none | Anchor,-0.21920685953878993,-0.15932717716040548
62,MC | F-fooof-aper | none | ICP,-0.199053620707498,-0.25988982875318367
62,MC | F-fooof-aper | z | ENR,-0.09865069455029807,-0.07815192679572788
62,MC | F-fooof-aper | z | ENR+time,-0.0811556326566476,-0.06697502295376083
62,MC | F-fooof-aper | z | SVR,-0.20538748560495712,-0.11455329545610432
62,MC | F-fooof-aper | z | SVR+time,-0.13167304546872538,-0.20661907793720347
62,MC | F-fooof-aper | z | Anchor,-0.14032589744821178,-0.06308478184234714
62,MC | F-fooof-aper | z | ICP,-0.10688949908700596,-0.058206454035999264
62,MC | F-fooof-rel | none | ENR,-0.17603162749453238,-0.265730359203172
62,MC | F-fooof-rel | none | ENR+time,-0.10936372738557432,-0.20951337990814178
62,MC | F-fooof-rel | none | SVR,-0.16660315801318215,-0.13622823896980726
62,MC | F-fooof-rel | none | SVR+time,-0.3071599872305659,-0.26211956989692214
62,MC | F-fooof-rel | none | Anchor,-0.15058643563674035,-0.023690886331701938
62,MC | F-fooof-rel | none | ICP,-0.0492539389225195,-0.07624605067436142
62,MC | F-fooof-rel | z | ENR,-0.2132577529050026,0.041521068995382465
62,MC | F-fooof-rel | z | ENR+time,-0.24685490691153245,-0.21666876623538717
62,MC | F-fooof-rel | z | SVR,-0.19340882755517774,-0.22090903923341687
62,MC | F-fooof-rel | z | SVR+time,-0.2670568782116465,-0.3034539320358771
62,MC | F-fooof-rel | z | Anchor,-0.6370219733199713,0.027536445768582017
62,MC | F-fooof-rel | z | ICP,-0.06592607759125468,-0.1885053860599533
62,MC | F-fooof-asym | none | ENR,-0.16981352182103215,-0.4838133127881039
62,MC | F-fooof-asym | none | ENR+time,-0.16238455698062992,-0.485126452304052
62,MC | F-fooof-asym | none | SVR,-0.5530368204543474,-0.47479966231195914
62,MC | F-fooof-asym | none | SVR+time,-0.5789694974577198,-0.5134533094864954
62,MC | F-fooof-asym | none | Anchor,-0.2488828595639785,-0.4599987309884283
62,MC | F-fooof-asym | none | ICP,-0.1805742845785756,-0.24257074679811091
62,MC | F-fooof-asym | z | ENR,-0.1221724850280812,-0.15629010957529277
62,MC | F-fooof-asym | z | ENR+time,-0.16009401322965156,-0.2152282985286858
62,MC | F-fooof-asym | z | SVR,-0.45569710740614777,-0.29370980641195127
62,MC | F-fooof-asym | z | SVR+time,-0.5218391719626718,-0.3673280271667066
62,MC | F-fooof-asym | z | Anchor,-0.1698005467404824,-0.029819123977078928
62,MC | F-fooof-asym | z | ICP,-0.10384994260829616,-0.07437913600262507
62,MC | F-fooof-riem | riem | ENR,-0.2728700713125476,-0.20512809962352674
62,MC | F-fooof-riem | riem | ENR+time,-0.18768393171790598,-0.2572644845112794
62,MC | F-fooof-riem | riem | SVR,-0.18344321748794457,-0.13646123124991882
62,MC | F-fooof-riem | riem | SVR+time,-0.2626828507018806,-0.25678750122410793
62,MC | F-fooof-riem | riem | Anchor,-0.2175296154066877,-0.09947695751604281
62,MC | F-fooof-riem | riem | ICP,-0.04823453640006092,-0.17960300454589023
63,noMC | F-fooof-full | none | ENR,-0.05978702781348155,-0.18240950848742213
63,noMC | F-fooof-full | none | ENR+time,-0.044545097182945526,-0.08180986592712192
63,noMC | F-fooof-full | none | SVR,-0.12487397403706169,-0.01962806268214997
63,noMC | F-fooof-full | none | SVR+time,-0.08017377122133906,0.048575864583449035
63,noMC | F-fooof-full | none | Anchor,-0.0373720992755564,0.1373120278975797
63,noMC | F-fooof-full | none | ICP,-0.03229695891650053,-0.20139632169880822
63,noMC | F-fooof-full | z | ENR,-0.05188521166033144,-0.1870839557867377
63,noMC | F-fooof-full | z | ENR+time,-0.039430098373236744,-0.09119552863529895
63,noMC | F-fooof-full | z | SVR,-0.06957447336791822,0.008955805523471964
63,noMC | F-fooof-full | z | SVR+time,-0.04717255404131038,0.06732079182074735
63,noMC | F-fooof-full | z | Anchor,-3.6942108333083876,-0.1130434795588324
63,noMC | F-fooof-full | z | ICP,-0.03894975507696752,-0.12063083813688338
63,noMC | F-fooof-aper | none | ENR,-0.06159507296730049,-0.19227770200278999
63,noMC | F-fooof-aper | none | ENR+time,-0.1551353221101699,-0.23893397558802268
63,noMC | F-fooof-aper | none | SVR,-0.23674891659581676,-0.18114946855121616
63,noMC | F-fooof-aper | none | SVR+time,-0.33907874190910103,-0.16470373990134352
63,noMC | F-fooof-aper | none | Anchor,-0.28892472978814543,-0.23009918759110276
63,noMC | F-fooof-aper | none | ICP,-0.03669192787942177,-0.23014352859833292
63,noMC | F-fooof-aper | z | ENR,-0.03812660113142363,-0.23747343405892596
63,noMC | F-fooof-aper | z | ENR+time,-0.03669192787942177,-0.23014352859833292
63,noMC | F-fooof-aper | z | SVR,-0.24277916128024035,-0.17273097051871988
63,noMC | F-fooof-aper | z | SVR+time,-0.3340245516621465,-0.26544440377298917
63,noMC | F-fooof-aper | z | Anchor,-0.15467878644366273,-0.26271635434686635
63,noMC | F-fooof-aper | z | ICP,-0.17604318995504453,-0.24039157771650826
63,noMC | F-fooof-rel | none | ENR,-0.04603528908238341,-0.14409492420166736
63,noMC | F-fooof-rel | none | ENR+time,-0.016811599733333793,0.042930086901934526
63,noMC | F-fooof-rel | none | SVR,-0.05426535189659476,0.08448446562480533
63,noMC | F-fooof-rel | none | SVR+time,0.008109603296781454,0.1744948698910162
63,noMC | F-fooof-rel | none | Anchor,-0.08755365469871124,-0.03444111311067759
63,noMC | F-fooof-rel | none | ICP,0.004747237539172611,0.10760562531432599
63,noMC | F-fooof-rel | z | ENR,-0.07099353387156349,-0.21429635424998744
63,noMC | F-fooof-rel | z | ENR+time,-0.057475831467617366,-0.09744604759969447
63,noMC | F-fooof-rel | z | SVR,-0.07084974150450973,-0.04127210312160672
63,noMC | F-fooof-rel | z | SVR+time,-0.06458850223636103,0.11390669556491238
63,noMC | F-fooof-rel | z | Anchor,-0.6941472067816101,0.1763056883002011
63,noMC | F-fooof-rel | z | ICP,-0.03669192787942177,-0.23014352859833292
63,noMC | F-fooof-asym | none | ENR,0.02958544410571351,0.19526281760052255
63,noMC | F-fooof-asym | none | ENR+time,0.03247363578156959,0.19501319874907577
63,noMC | F-fooof-asym | none | SVR,-0.08363021755423494,0.049814811670145176
63,noMC | F-fooof-asym | none | SVR+time,-0.0829370520809487,0.07200671991705934
63,noMC | F-fooof-asym | none | Anchor,-0.08551564304310211,0.019954723439381775
63,noMC | F-fooof-asym | none | ICP,-0.060253994727353266,-0.16884188028087455
63,noMC | F-fooof-asym | z | ENR,0.09036276528181686,0.3337607846200875
63,noMC | F-fooof-asym | z | ENR+time,0.025821074352889273,0.28330771658556025
63,noMC | F-fooof-asym | z | SVR,-0.030881732637385584,0.16148267373817116
63,noMC | F-fooof-asym | z | SVR+time,-0.0006688657643634244,0.17058425027979124
63,noMC | F-fooof-asym | z | Anchor,0.012365203221490706,0.34381340188018916
63,noMC | F-fooof-asym | z | ICP,-0.03669192787942177,-0.23014352859833292
63,noMC | F-fooof-riem | riem | ENR,-0.13474073323771107,-0.11624333192766687
63,noMC | F-fooof-riem | riem | ENR+time,-0.1560720471892807,-0.11598973845921232
63,noMC | F-fooof-riem | riem | SVR,0.010481632542115427,0.203503590148848
63,noMC | F-fooof-riem | riem | SVR+time,-0.0807991050462411,0.08466472374541639
63,noMC | F-fooof-riem | riem | Anchor,-0.3083688159880966,0.10525020386667876
63,noMC | F-fooof-riem | riem | ICP,-0.04037685339980723,-0.15153594014869404
63,MC | F-fooof-full | none | ENR,-0.056100143186891493,-0.1441392268360639
63,MC | F-fooof-full | none | ENR+time,-0.023166069199429096,-0.005633900549911242
63,MC | F-fooof-full | none | SVR,-0.1134509479257848,-0.011625742916588307
63,MC | F-fooof-full | none | SVR+time,-0.09710601736405944,0.03889699617845023
63,MC | F-fooof-full | none | Anchor,-0.010131687693676117,0.24659865315093685
63,MC | F-fooof-full | none | ICP,-0.03935579975509462,-0.07256766893922666
63,MC | F-fooof-full | z | ENR,-0.13625536791904036,-0.10561767521012311
63,MC | F-fooof-full | z | ENR+time,-0.31516681037657723,-0.20269584303509375
63,MC | F-fooof-full | z | SVR,-0.05736223909452032,0.02294035360848288
63,MC | F-fooof-full | z | SVR+time,-0.014466812085413006,0.12227823991299999
63,MC | F-fooof-full | z | Anchor,-0.4863782841770201,-0.0713364711825403
63,MC | F-fooof-full | z | ICP,-0.03925804750375406,-0.18204036374882493
63,MC | F-fooof-aper | none | ENR,-0.16117898267782516,-0.23915726680714824
63,MC | F-fooof-aper | none | ENR+time,-0.1638294291333422,-0.2340255002708609
63,MC | F-fooof-aper | none | SVR,-0.18240442339357799,-0.13024615041017287
63,MC | F-fooof-aper | none | SVR+time,-0.2600604207499173,-0.08692951759835317
63,MC | F-fooof-aper | none | Anchor,-0.17053714757856953,-0.18317905235326054
63,MC | F-fooof-aper | none | ICP,-0.14892518758935047,-0.2335739360095606
63,MC | F-fooof-aper | z | ENR,-0.23400221540377375,-0.2457320427868777
63,MC | F-fooof-aper | z | ENR+time,-0.2739470204164953,-0.24737192541502384
63,MC | F-fooof-aper | z | SVR,-0.20273648015399837,-0.023360514611345154
63,MC | F-fooof-aper | z | SVR+time,-0.22906142613618874,-0.06195301331843228
63,MC | F-fooof-aper | z | Anchor,-0.4180134550031087,-0.27604454265960976
63,MC | F-fooof-aper | z | ICP,-0.05936175036444946,-0.26774912543978135
63,MC | F-fooof-rel | none | ENR,-0.02866760860397921,-0.028583180196907698
63,MC | F-fooof-rel | none | ENR+time,0.023685784732844994,0.16129016347875777
63,MC | F-fooof-rel | none | SVR,-0.026298424506442153,0.11824549234173692
63,MC | F-fooof-rel | none | SVR+time,-0.08441529000985049,0.0368233275077369
63,MC | F-fooof-rel | none | Anchor,-0.09095509654216483,0.08654596771931757
63,MC | F-fooof-rel | none | ICP,-0.029061689817283076,-0.020201477794691267
63,MC | F-fooof-rel | z | ENR,-0.08734097220162873,-0.1897291174394481
63,MC | F-fooof-rel | z | ENR+time,-0.09480075355210582,-0.07103653189002163
63,MC | F-fooof-rel | z | SVR,-0.06697940630233568,0.016360112663458944
63,MC | F-fooof-rel | z | SVR+time,-0.03858948856479505,0.11968197960587701
63,MC | F-fooof-rel | z | Anchor,-3.4356659696808576,0.11149293201967307
63,MC | F-fooof-rel | z | ICP,-0.03922697453310686,-0.23445901687042484
63,MC | F-fooof-asym | none | ENR,0.02043805659015374,0.20269295190900255
63,MC | F-fooof-asym | none | ENR+time,0.03724068390224866,0.21454795161030138
63,MC | F-fooof-asym | none | SVR,-0.05780857228992575,0.13799306699627018
63,MC | F-fooof-asym | none | SVR+time,-0.0180700127969875,0.17744907163676243
63,MC | F-fooof-asym | none | Anchor,-0.01907310833539344,0.1439222309004382
63,MC | F-fooof-asym | none | ICP,-0.09119600530121663,-0.15626513954463772
63,MC | F-fooof-asym | z | ENR,0.0901559313079594,0.3071160537766655
63,MC | F-fooof-asym | z | ENR+time,0.07588748071086504,0.29058656084593815
63,MC | F-fooof-asym | z | SVR,0.0016909806991250997,0.20434046377902873
63,MC | F-fooof-asym | z | SVR+time,-0.03349413937358858,0.2330961813785003
63,MC | F-fooof-asym | z | Anchor,0.10713885608848206,0.33172655944221063
63,MC | F-fooof-asym | z | ICP,-0.010491686295485358,0.17759616154027566
63,MC | F-fooof-riem | riem | ENR,-0.04575072683323067,-0.04431183413726477
63,MC | F-fooof-riem | riem | ENR+time,0.03745957658980903,0.2009150440841722
63,MC | F-fooof-riem | riem | SVR,-0.05120246464999534,0.10352183106949717
63,MC | F-fooof-riem | riem | SVR+time,-0.017355962195020114,0.14424911105246754
63,MC | F-fooof-riem | riem | Anchor,-1.7270804616493178,0.20657763203539276
63,MC | F-fooof-riem | riem | ICP,-0.008040418450469877,-0.036787728719497946
64,noMC | F-fooof-full | none | ENR,-0.1288307739147596,-0.22789351383887674
64,noMC | F-fooof-full | none | ENR+time,-0.12528751541485983,-0.22767695735186116
64,noMC | F-fooof-full | none | SVR,-0.21070199103812604,-0.12366681854467869
64,noMC | F-fooof-full | none | SVR+time,-0.17039027234314386,-0.15423139495583854
64,noMC | F-fooof-full | none | Anchor,-0.05913816178550135,0.036915977421331334
64,noMC | F-fooof-full | none | ICP,-0.03693781572785926,-0.26100756172353834
64,noMC | F-fooof-full | z | ENR,-0.004495375398788193,0.1882916989271513
64,noMC | F-fooof-full | z | ENR+time,-0.015824757187947736,0.17552008602938682
64,noMC | F-fooof-full | z | SVR,-0.12233977731696877,0.078492279015563
64,noMC | F-fooof-full | z | SVR+time,-0.16061080828194108,0.06196167464763687
64,noMC | F-fooof-full | z | Anchor,-0.004378533713063293,0.2213267322787468
64,noMC | F-fooof-full | z | ICP,-0.08923441039733038,-0.02597677219995423
64,noMC | F-fooof-aper | none | ENR,-0.13593087978791374,-0.27842709057664417
64,noMC | F-fooof-aper | none | ENR+time,-0.15520280570591027,-0.2500969087625544
64,noMC | F-fooof-aper | none | SVR,-0.4524263569540965,-0.253963666720044
64,noMC | F-fooof-aper | none | SVR+time,-0.3934108523435522,-0.2175926483896476
64,noMC | F-fooof-aper | none | Anchor,-0.27572833020152787,-0.2571783575130065
64,noMC | F-fooof-aper | none | ICP,-0.0460269350807172,-0.28851542458989077
64,noMC | F-fooof-aper | z | ENR,-0.09056295703899186,-0.27132401520578747
64,noMC | F-fooof-aper | z | ENR+time,-0.09351756994346627,-0.25759959401682225
64,noMC | F-fooof-aper | z | SVR,-0.23433608377586368,-0.2101189482792515
64,noMC | F-fooof-aper | z | SVR+time,-0.3447326108523012,-0.1153151684478365
64,noMC | F-fooof-aper | z | Anchor,-0.15779112357695602,-0.14216433945605522
64,noMC | F-fooof-aper | z | ICP,-0.08728446716576133,-0.26575152941458247
64,noMC | F-fooof-rel | none | ENR,-0.12367128724172982,-0.17804650004948813
64,noMC | F-fooof-rel | none | ENR+time,-0.09869800857577382,-0.17941263134638366
64,noMC | F-fooof-rel | none | SVR,-0.10796037356829036,-0.09545740814145792
64,noMC | F-fooof-rel | none | SVR+time,-0.15280281601734425,-0.1213261827814186
64,noMC | F-fooof-rel | none | Anchor,-0.29369486256773114,-0.177252932454268
64,noMC | F-fooof-rel | none | ICP,-0.125290762686886,-0.10114794784177508
64,noMC | F-fooof-rel | z | ENR,-0.3303475876810391,-0.14817930440716354
64,noMC | F-fooof-rel | z | ENR+time,-0.09000907817999981,-0.19551365560997136
64,noMC | F-fooof-rel | z | SVR,-0.14617565251043008,-0.07904531614273594
64,noMC | F-fooof-rel | z | SVR+time,-0.030253546008252696,0.13290708031027737
64,noMC | F-fooof-rel | z | Anchor,-1.8931308345690794,-0.14024283405226454
64,noMC | F-fooof-rel | z | ICP,-0.05094678956736942,-0.2739964168833774
64,noMC | F-fooof-asym | none | ENR,-0.03223192459925173,0.03683837129029653
64,noMC | F-fooof-asym | none | ENR+time,-0.0623773027114094,-0.008618997957959167
64,noMC | F-fooof-asym | none | SVR,-0.07440236006910395,0.08290023626486306
64,noMC | F-fooof-asym | none | SVR+time,-0.09695686349218802,0.02717647096191046
64,noMC | F-fooof-asym | none | Anchor,-0.08814759792414972,0.019338034218895562
64,noMC | F-fooof-asym | none | ICP,-0.06399272086372365,-0.1848555333168519
64,noMC | F-fooof-asym | z | ENR,-0.3328609015049442,0.2724273346825593
64,noMC | F-fooof-asym | z | ENR+time,-0.33121534275340614,0.26243823876345074
64,noMC | F-fooof-asym | z | SVR,-0.010969113238415984,0.15620146188716208
64,noMC | F-fooof-asym | z | SVR+time,0.03832652000283698,0.23442873120799568
64,noMC | F-fooof-asym | z | Anchor,-0.4806759520428483,0.3331582227696157
64,noMC | F-fooof-asym | z | ICP,-0.13586502471177941,0.17707835500408275
64,noMC | F-fooof-riem | riem | ENR,-0.07328030129280605,0.025176035733889476
64,noMC | F-fooof-riem | riem | ENR+time,-0.08502854391808223,0.0006300085559003193
64,noMC | F-fooof-riem | riem | SVR,-0.21990564971133564,-0.0984733321183667
64,noMC | F-fooof-riem | riem | SVR+time,-0.2460973442830927,-0.0792130437519202
64,noMC | F-fooof-riem | riem | Anchor,-0.3261432036676344,0.06215575506206013
64,noMC | F-fooof-riem | riem | ICP,-0.04971809554358675,-0.20896429596804483
64,MC | F-fooof-full | none | ENR,-0.0951659128142317,-0.15668623557051992
64,MC | F-fooof-full | none | ENR+time,-0.07766458867893511,-0.11276334050288761
64,MC | F-fooof-full | none | SVR,-0.02724536306524339,0.10195801526576274
64,MC | F-fooof-full | none | SVR+time,-0.036442970015614806,0.0697580986247757
64,MC | F-fooof-full | none | Anchor,-0.10538053333361175,0.21756203170032457
64,MC | F-fooof-full | none | ICP,-0.06530939560439686,-0.14433454194412998
64,MC | F-fooof-full | z | ENR,-0.042059710803611816,0.03664904812226727
64,MC | F-fooof-full | z | ENR+time,-0.04162878338585463,0.042595681380332484
64,MC | F-fooof-full | z | SVR,-0.09821626519798321,0.11603861788206962
64,MC | F-fooof-full | z | SVR+time,-0.06590568583557532,0.1249912532933311
64,MC | F-fooof-full | z | Anchor,-0.01753922864191404,0.270291710643891
64,MC | F-fooof-full | z | ICP,-0.03471619727740993,-0.1375229307008511
64,MC | F-fooof-aper | none | ENR,-0.1499761899074088,-0.2314162614381699
64,MC | F-fooof-aper | none | ENR+time,-0.15605177438423556,-0.237589161965939
64,MC | F-fooof-aper | none | SVR,-0.27289200311950235,-0.1195518013061249
64,MC | F-fooof-aper | none | SVR+time,-0.2052340516891915,-0.061100241623686026
64,MC | F-fooof-aper | none | Anchor,-0.1972469724687016,-0.22846074276144457
64,MC | F-fooof-aper | none | ICP,-0.1260306589935445,-0.24995608845229422
64,MC | F-fooof-aper | z | ENR,-0.04901504326439654,-0.2928888202095609
64,MC | F-fooof-aper | z | ENR+time,-0.06513432598534008,-0.24322134170919413
64,MC | F-fooof-aper | z | SVR,-0.17008816657132497,-0.032443817125713426
64,MC | F-fooof-aper | z | SVR+time,-0.4235024019324183,-0.11028288644109158
64,MC | F-fooof-aper | z | Anchor,-0.23112978359626224,-0.13683985129415432
64,MC | F-fooof-aper | z | ICP,-0.04901504326439654,-0.2928888202095609
64,MC | F-fooof-rel | none | ENR,-0.10840651994058081,-0.18775391444960504
64,MC | F-fooof-rel | none | ENR+time,-0.08609194379487084,-0.16719140779361258
64,MC | F-fooof-rel | none | SVR,-0.13256031003890256,-0.04127277094358259
64,MC | F-fooof-rel | none | SVR+time,-0.0918410427522558,-0.0345617448829061
64,MC | F-fooof-rel | none | Anchor,-0.3568760301746434,-0.12182104397820478
64,MC | F-fooof-rel | none | ICP,-0.07464008440263492,-0.1561153470605109
64,MC | F-fooof-rel | z | ENR,-0.268498483978445,-0.079212138098528
64,MC | F-fooof-rel | z | ENR+time,-0.18372109968750006,-0.06470947768570856
64,MC | F-fooof-rel | z | SVR,-0.14450295302869764,-0.021086523651575824
64,MC | F-fooof-rel | z | SVR+time,-0.12418804378465298,0.09987403694293329
64,MC | F-fooof-rel | z | Anchor,-2.543494781723509,0.1802798625270018
64,MC | F-fooof-rel | z | ICP,-0.061717380945703004,-0.22491485977290016
64,MC | F-fooof-asym | none | ENR,0.027669737682348705,0.2093167626539746
64,MC | F-fooof-asym | none | ENR+time,-0.0068279143607952175,0.1509256112126777
64,MC | F-fooof-asym | none | SVR,-0.011836672926318403,0.2265010396999494
64,MC | F-fooof-asym | none | SVR+time,0.054895170477658795,0.2646950384087628
64,MC | F-fooof-asym | none | Anchor,-0.02595567707825519,0.1479801580573054
64,MC | F-fooof-asym | none | ICP,-0.029926113308153424,0.12892143197547754
64,MC | F-fooof-asym | z | ENR,0.010561451639308772,0.3210367839930278
64,MC | F-fooof-asym | z | ENR+time,0.0964207148588151,0.3387031687276508
64,MC | F-fooof-asym | z | SVR,-0.036019822727954676,0.1988553721138111
64,MC | F-fooof-asym | z | SVR+time,0.03366609074848359,0.30043990299141793
64,MC | F-fooof-asym | z | Anchor,0.05094816350952569,0.3212577318102476
64,MC | F-fooof-asym | z | ICP,-0.09387734343444354,0.24580213945507018
64,MC | F-fooof-riem | riem | ENR,-0.10597685607982488,0.09518063950973948
64,MC | F-fooof-riem | riem | ENR+time,-0.03653457703979668,0.17186897111703864
64,MC | F-fooof-riem | riem | SVR,-0.2265081321139717,0.050790537113016454
64,MC | F-fooof-riem | riem | SVR+time,-0.25686662015813355,-0.03427116701320647
64,MC | F-fooof-riem | riem | Anchor,-2.2302829454324056,0.20910580722826805
64,MC | F-fooof-riem | riem | ICP,-0.019240885853076373,-0.14473418706159005
65,noMC | F-fooof-full | none | ENR,-0.1861471937154826,-0.1829163660600958
65,noMC | F-fooof-full | none | ENR+time,-0.10006234924090163,-0.1528680491633893
65,noMC | F-fooof-full | none | SVR,-0.211039231045691,-0.0934268981071325
65,noMC | F-fooof-full | none | SVR+time,-0.18769678308160476,-0.09821286963924865
65,noMC | F-fooof-full | none | Anchor,-0.2832432917408012,-0.030897073532343316
65,noMC | F-fooof-full | none | ICP,-0.05811542450427698,-0.2233192066728079
65,noMC | F-fooof-full | z | ENR,-0.10883930009810672,-0.12372432639892125
65,noMC | F-fooof-full | z | ENR+time,-0.10033893102078917,-0.10739127106235373
65,noMC | F-fooof-full | z | SVR,-0.2964428152360621,-0.20934834155488005
65,noMC | F-fooof-full | z | SVR+time,-0.3786490513378791,-0.21142898190845888
65,noMC | F-fooof-full | z | Anchor,-0.7555533898389355,-0.07405791193539236
65,noMC | F-fooof-full | z | ICP,-0.020680003492245635,-0.08089772476117314
65,noMC | F-fooof-aper | none | ENR,-0.23032898922315637,-0.2127491830930222
65,noMC | F-fooof-aper | none | ENR+time,-0.1586784529769547,-0.22924101399918254
65,noMC | F-fooof-aper | none | SVR,-0.41363198771662235,-0.20102388568395468
65,noMC | F-fooof-aper | none | SVR+time,-0.43011384665203956,-0.21697837822236904
65,noMC | F-fooof-aper | none | Anchor,-0.42317028364818854,-0.2377620876210832
65,noMC | F-fooof-aper | none | ICP,-0.04229173385105156,-0.2535893410408331
65,noMC | F-fooof-aper | z | ENR,-0.04726572182494615,0.13031942837176713
65,noMC | F-fooof-aper | z | ENR+time,-0.06413699443953624,0.05669959350401538
65,noMC | F-fooof-aper | z | SVR,-0.40713307664644516,-0.09345852818622195
65,noMC | F-fooof-aper | z | SVR+time,-0.2619823926286271,-0.09967280412941894
65,noMC | F-fooof-aper | z | Anchor,-0.09182515708808281,0.02566129450596647
65,noMC | F-fooof-aper | z | ICP,-0.10032802743245783,-0.12112893617820175
65,noMC | F-fooof-rel | none | ENR,-0.04229173385105156,-0.2535893410408331
65,noMC | F-fooof-rel | none | ENR+time,-0.04229173385105156,-0.2535893410408331
65,noMC | F-fooof-rel | none | SVR,-0.11016082558746332,0.019560997338236658
65,noMC | F-fooof-rel | none | SVR+time,-0.08438294336913921,0.057822588038380085
65,noMC | F-fooof-rel | none | Anchor,-0.6484668138497987,-0.20489674051030551
65,noMC | F-fooof-rel | none | ICP,-0.07292316491748263,-0.21225795782873144
65,noMC | F-fooof-rel | z | ENR,-0.07279172731514594,-0.28160903744794213
65,noMC | F-fooof-rel | z | ENR+time,-0.04412108369691681,-0.2516436054991884
65,noMC | F-fooof-rel | z | SVR,-0.31420695345524474,0.08054621837355802
65,noMC | F-fooof-rel | z | SVR+time,-0.16581893053559127,-0.020214927523565115
65,noMC | F-fooof-rel | z | Anchor,-3.436378530769348,-0.19227946009170016
65,noMC | F-fooof-rel | z | ICP,-0.07554440057364764,-0.1893196654242164
65,noMC | F-fooof-asym | none | ENR,-0.0368721072232121,-0.11953490759992014
65,noMC | F-fooof-asym | none | ENR+time,-0.17548731119468686,-0.1544081779384276
65,noMC | F-fooof-asym | none | SVR,-0.31799131262143154,-0.10792857401073759
65,noMC | F-fooof-asym | none | SVR+time,-0.1976210257019524,-0.00013606736298068384
65,noMC | F-fooof-asym | none | Anchor,-0.3583158839073697,-0.08701145065124571
65,noMC | F-fooof-asym | none | ICP,-0.020922276769849812,-0.010712427472090315
65,noMC | F-fooof-asym | z | ENR,-0.15308756976918936,0.011649024609022729
65,noMC | F-fooof-asym | z | ENR+time,-0.13414303482674916,-0.08796484689430034
65,noMC | F-fooof-asym | z | SVR,-0.16521104228726613,0.04511752436666689
65,noMC | F-fooof-asym | z | SVR+time,-0.36040954918310386,0.16884239756316938
65,noMC | F-fooof-asym | z | Anchor,-0.7305208342936087,0.12228306769550495
65,noMC | F-fooof-asym | z | ICP,-0.020674325598257548,-0.029081575370377644
65,noMC | F-fooof-riem | riem | ENR,-0.03781382317305604,-0.07029669945458052
65,noMC | F-fooof-riem | riem | ENR+time,-0.05046675944694523,-0.11714774601702227
65,noMC | F-fooof-riem | riem | SVR,-0.19223310297926344,-0.03115109392711131
65,noMC | F-fooof-riem | riem | SVR+time,-0.3052054569283458,-0.02241446394961554
65,noMC | F-fooof-riem | riem | Anchor,-0.5827534021559113,0.25879704124103886
65,noMC | F-fooof-riem | riem | ICP,-0.03498482725913599,-0.1016927148921194
65,MC | F-fooof-full | none | ENR,-0.07373278098783187,-0.16365477698080289
65,MC | F-fooof-full | none | ENR+time,-0.08157505038881796,-0.22867301525099681
65,MC | F-fooof-full | none | SVR,-0.14114372711578205,-0.05101360974081202
65,MC | F-fooof-full | none | SVR+time,-0.16828761001189818,-0.03365590644137655
65,MC | F-fooof-full | none | Anchor,-0.5418554862274487,0.1413492087753359
65,MC | F-fooof-full | none | ICP,-0.04102116843953163,-0.20319043128957065
65,MC | F-fooof-full | z | ENR,-0.15335293632912794,-0.041573762556628355
65,MC | F-fooof-full | z | ENR+time,-0.1495450492777315,-0.023225551838749546
65,MC | F-fooof-full | z | SVR,-0.5065375097864337,-0.07241371299812437
65,MC | F-fooof-full | z | SVR+time,-0.537966433978728,-0.09681972882138619
65,MC | F-fooof-full | z | Anchor,-0.3443431991436017,0.11631343377034703
65,MC | F-fooof-full | z | ICP,-0.156308158484479,-0.12719434410131136
65,MC | F-fooof-aper | none | ENR,-0.2289484601389149,-0.21201887833918232
65,MC | F-fooof-aper | none | ENR+time,-0.1398300103083936,-0.22842969926373047
65,MC | F-fooof-aper | none | SVR,-0.3689878299724867,-0.2249119839786691
65,MC | F-fooof-aper | none | SVR+time,-0.39949838940373295,-0.21679096900910783
65,MC | F-fooof-aper | none | Anchor,-0.14495335367849926,-0.27660812630700576
65,MC | F-fooof-aper | none | ICP,-0.039376984560725026,-0.25267055349541007
65,MC | F-fooof-aper | z | ENR,-0.06824263268580766,-0.06347820153595218
65,MC | F-fooof-aper | z | ENR+time,-0.09765180885142799,-0.12252080078464637
65,MC | F-fooof-aper | z | SVR,-0.08547940591942194,0.08752125136939237
65,MC | F-fooof-aper | z | SVR+time,-0.12902132813454892,0.026460867483225244
65,MC | F-fooof-aper | z | Anchor,-0.07240406566782798,-0.1057940546016462
65,MC | F-fooof-aper | z | ICP,-0.062150295546492096,-0.05689642622463042
65,MC | F-fooof-rel | none | ENR,-0.039376984560725026,-0.25267055349541007
65,MC | F-fooof-rel | none | ENR+time,-0.039376984560725026,-0.25267055349541007
65,MC | F-fooof-rel | none | SVR,-0.1150051476234808,-0.032695864768853986
65,MC | F-fooof-rel | none | SVR+time,-0.13797833923405456,-0.06976988916278654
65,MC | F-fooof-rel | none | Anchor,-0.5836736670433238,-0.18174826942063077
65,MC | F-fooof-rel | none | ICP,-0.04240692513791755,-0.04276843288516185
65,MC | F-fooof-rel | z | ENR,-0.11107703640435074,-0.24269548994569723
65,MC | F-fooof-rel | z | ENR+time,-0.07550662745779846,-0.03103620640295941
65,MC | F-fooof-rel | z | SVR,-0.26965374771297057,-0.059474917120768835
65,MC | F-fooof-rel | z | SVR+time,-0.17396115833198889,-0.08751685748555596
65,MC | F-fooof-rel | z | Anchor,-0.8744690637903361,0.0582921625608928
65,MC | F-fooof-rel | z | ICP,-0.0468605886525475,-0.16886885779957522
65,MC | F-fooof-asym | none | ENR,-0.06441108701815956,-0.17512563539052897
65,MC | F-fooof-asym | none | ENR+time,-0.04584936353504343,-0.24230969095884797
65,MC | F-fooof-asym | none | SVR,-0.2279885480600523,-0.11940980192222184
65,MC | F-fooof-asym | none | SVR+time,-0.2512187371432866,-0.06258191536544203
65,MC | F-fooof-asym | none | Anchor,-0.22921831068987886,-0.02755149826301225
65,MC | F-fooof-asym | none | ICP,-0.045800886681528485,-0.05172581056999792
65,MC | F-fooof-asym | z | ENR,-0.05779223404227629,0.19770228057399208
65,MC | F-fooof-asym | z | ENR+time,-0.027977384048298637,0.043410839263129386
65,MC | F-fooof-asym | z | SVR,-0.08684824710347128,0.06972869520552422
65,MC | F-fooof-asym | z | SVR+time,0.0054782314622867645,0.24353108502300155
65,MC | F-fooof-asym | z | Anchor,-0.24161074023212747,0.19606072390996176
65,MC | F-fooof-asym | z | ICP,-0.08095651878878463,0.16922704110302497
65,MC | F-fooof-riem | riem | ENR,0.12822322518527396,0.4006402433732815
65,MC | F-fooof-riem | riem | ENR+time,0.09179248095728065,0.31228196901972044
65,MC | F-fooof-riem | riem | SVR,-0.1710477358859892,0.13016279316688445
65,MC | F-fooof-riem | riem | SVR+time,-0.1735887264332141,0.05363007725292808
65,MC | F-fooof-riem | riem | Anchor,-0.6664179527279102,0.24180458034182647
65,MC | F-fooof-riem | riem | ICP,-0.014564874228154334,-0.007377971973949817
66,noMC | F-fooof-full | none | ENR,-0.11103998678998428,0.059073382343021306
66,noMC | F-fooof-full | none | ENR+time,-0.14339011130717205,-0.03621444515796904
66,noMC | F-fooof-full | none | SVR,-0.08354221528004224,0.15772719305247113
66,noMC | F-fooof-full | none | SVR+time,-0.20930825235142847,0.03385543159403575
66,noMC | F-fooof-full | none | Anchor,-0.029660410403630433,0.214502553440039
66,noMC | F-fooof-full | none | ICP,-0.016130159746664097,0.07478946339950882
66,noMC | F-fooof-full | z | ENR,-0.09935230569208398,-0.12219696120260852
66,noMC | F-fooof-full | z | ENR+time,-0.10442488098399427,-0.11348318296996666
66,noMC | F-fooof-full | z | SVR,-0.22509997883065913,-0.3161595365860773
66,noMC | F-fooof-full | z | SVR+time,-0.21157031364991075,-0.26207161928716444
66,noMC | F-fooof-full | z | Anchor,-0.43877062319046223,-0.09344848723197582
66,noMC | F-fooof-full | z | ICP,-0.10127094010924997,-0.05316119635770345
66,noMC | F-fooof-aper | none | ENR,-0.10118526797635763,0.05475646724344069
66,noMC | F-fooof-aper | none | ENR+time,-0.11873036175940288,0.015638064385531447
66,noMC | F-fooof-aper | none | SVR,-0.1582943109098518,0.03557747940838441
66,noMC | F-fooof-aper | none | SVR+time,-0.15530584723883245,0.02804629289263743
66,noMC | F-fooof-aper | none | Anchor,-0.03731324390560964,0.23677570165331385
66,noMC | F-fooof-aper | none | ICP,0.15428080008352296,0.4027341155753058
66,noMC | F-fooof-aper | z | ENR,-0.042618653649983074,-0.3102956868115628
66,noMC | F-fooof-aper | z | ENR+time,-0.042618653649983074,-0.3102956868115628
66,noMC | F-fooof-aper | z | SVR,-0.17976456764576154,-0.2116972048487947
66,noMC | F-fooof-aper | z | SVR+time,-0.16338003865806927,0.06255419249927706
66,noMC | F-fooof-aper | z | Anchor,-0.1286161881583603,-0.2636951948061556
66,noMC | F-fooof-aper | z | ICP,-0.042826377308518015,-0.3115144528088889
66,noMC | F-fooof-rel | none | ENR,-0.03247503287145026,0.11333246077705342
66,noMC | F-fooof-rel | none | ENR+time,-0.02924459456401829,0.1016093570666966
66,noMC | F-fooof-rel | none | SVR,0.011096120751912908,0.15909828678591237
66,noMC | F-fooof-rel | none | SVR+time,-0.05586633466767599,0.0940908789310958
66,noMC | F-fooof-rel | none | Anchor,-0.5322411769819706,0.06659736926796689
66,noMC | F-fooof-rel | none | ICP,-0.01645029132369835,0.08840932228820154
66,noMC | F-fooof-rel | z | ENR,-0.07062585520548725,0.024046228686996046
66,noMC | F-fooof-rel | z | ENR+time,-1.9116089270872867,-0.009727853938700994
66,noMC | F-fooof-rel | z | SVR,-0.08979000308870067,0.046343808569666446
66,noMC | F-fooof-rel | z | SVR+time,-0.1208332706229156,-0.0011410989576260272
66,noMC | F-fooof-rel | z | Anchor,-5.5776949837797485,0.0008050163740673313
66,noMC | F-fooof-rel | z | ICP,-0.036354446195762335,-0.14211824697794323
66,noMC | F-fooof-asym | none | ENR,-0.024501257204126325,0.015344113624552125
66,noMC | F-fooof-asym | none | ENR+time,-0.02326172213973665,0.012290551911374775
66,noMC | F-fooof-asym | none | SVR,-0.046817939657696206,0.17323401357563303
66,noMC | F-fooof-asym | none | SVR+time,-0.040189530282259245,0.1361322117476486
66,noMC | F-fooof-asym | none | Anchor,-0.07470639423278347,0.01531812080581829
66,noMC | F-fooof-asym | none | ICP,-0.042826377308518015,-0.3115144528088889
66,noMC | F-fooof-asym | z | ENR,-0.5818076034528281,-0.2029691782602953
66,noMC | F-fooof-asym | z | ENR+time,-0.48632746608174093,-0.19845857777728196
66,noMC | F-fooof-asym | z | SVR,0.08015352415480315,0.3105517652191637
66,noMC | F-fooof-asym | z | SVR+time,-0.28147892642902406,0.11122860389049283
66,noMC | F-fooof-asym | z | Anchor,-0.6147264823197163,-0.017552609999751768
66,noMC | F-fooof-asym | z | ICP,-0.031228084953023982,-0.26220136144006767
66,noMC | F-fooof-riem | riem | ENR,-0.08219918520112479,-0.14191714861436136
66,noMC | F-fooof-riem | riem | ENR+time,-0.042826377308518015,-0.3115144528088889
66,noMC | F-fooof-riem | riem | SVR,-0.274203857530414,-0.34786497704266106
66,noMC | F-fooof-riem | riem | SVR+time,-0.22137250153477694,-0.35320191417907076
66,noMC | F-fooof-riem | riem | Anchor,-0.478317759575549,-0.18943693326229463
66,noMC | F-fooof-riem | riem | ICP,-0.13659919944594123,-0.10134141502575864
66,MC | F-fooof-full | none | ENR,-0.06048605748313984,0.15419955123767531
66,MC | F-fooof-full | none | ENR+time,-0.08535282682888501,0.06326616308789036
66,MC | F-fooof-full | none | SVR,0.03796133440245186,0.22345669920506933
66,MC | F-fooof-full | none | SVR+time,-0.11042223229707915,0.10157831936375343
66,MC | F-fooof-full | none | Anchor,-0.032121781836775165,0.23829502932379448
66,MC | F-fooof-full | none | ICP,-0.06110200992266068,-0.108327335528248
66,MC | F-fooof-full | z | ENR,-0.11235201875504908,-0.12289421834398087
66,MC | F-fooof-full | z | ENR+time,-0.12271095675493449,-0.14292567057126562
66,MC | F-fooof-full | z | SVR,-0.16158841493619147,-0.15376135441151234
66,MC | F-fooof-full | z | SVR+time,-0.16513741670352378,-0.21315729847898118
66,MC | F-fooof-full | z | Anchor,-0.7794305067840344,-0.052654520825224
66,MC | F-fooof-full | z | ICP,-0.13659545284333974,-0.16980874145726427
66,MC | F-fooof-aper | none | ENR,-0.10126648197562571,-0.02848170802914672
66,MC | F-fooof-aper | none | ENR+time,-0.1345775137268337,-0.05266419121108239
66,MC | F-fooof-aper | none | SVR,-0.11190259118835821,-0.006640080784669555
66,MC | F-fooof-aper | none | SVR+time,-0.07603963323690688,0.014003989633062718
66,MC | F-fooof-aper | none | Anchor,-0.022104618908021623,0.15083502719798686
66,MC | F-fooof-aper | none | ICP,-0.0012238291308661609,0.15317121179982995
66,MC | F-fooof-aper | z | ENR,-0.04287918361067611,-0.3074970439874008
66,MC | F-fooof-aper | z | ENR+time,-0.24920207635201996,-0.1341657592544783
66,MC | F-fooof-aper | z | SVR,-0.0863281743450377,0.04913299684055282
66,MC | F-fooof-aper | z | SVR+time,-0.1035139231954676,0.16050445996348955
66,MC | F-fooof-aper | z | Anchor,-0.0984718582846158,-0.2206534860574938
66,MC | F-fooof-aper | z | ICP,-0.1126455266799391,-0.058048791602542185
66,MC | F-fooof-rel | none | ENR,-0.009614756313448547,0.12271134664224038
66,MC | F-fooof-rel | none | ENR+time,-0.011191076808300782,0.11712307849351639
66,MC | F-fooof-rel | none | SVR,0.057136389787172615,0.2876728282323745
66,MC | F-fooof-rel | none | SVR+time,-0.0911287815303079,0.041034019049131384
66,MC | F-fooof-rel | none | Anchor,-0.4346633809972127,0.09439956894189927
66,MC | F-fooof-rel | none | ICP,-0.010525092763384869,0.11208559843955876
66,MC | F-fooof-rel | z | ENR,-0.26081785817453196,-0.1488668120227991
66,MC | F-fooof-rel | z | ENR+time,-0.10322607980424525,-0.1418352006913186
66,MC | F-fooof-rel | z | SVR,-0.25412500386399506,-0.03085082352274332
66,MC | F-fooof-rel | z | SVR+time,-0.2024294030183249,-0.06873815004210718
66,MC | F-fooof-rel | z | Anchor,-0.8613631016311019,-0.040359091149986676
66,MC | F-fooof-rel | z | ICP,-0.056499169967421325,-0.19441550895598803
66,MC | F-fooof-asym | none | ENR,-0.06954388497808894,-0.008876257769641092
66,MC | F-fooof-asym | none | ENR+time,-0.0663841748443299,-0.027310433953576536
66,MC | F-fooof-asym | none | SVR,-0.05896153240442081,0.12762264556592293
66,MC | F-fooof-asym | none | SVR+time,-0.04272637204486185,0.10552601125128554
66,MC | F-fooof-asym | none | Anchor,-0.1225951159187948,-0.026136070227543398
66,MC | F-fooof-asym | none | ICP,-0.044468798033961754,-0.3118210581918034
66,MC | F-fooof-asym | z | ENR,-0.39645689141849516,-0.10092808921090221
66,MC | F-fooof-asym | z | ENR+time,-0.20124202525616353,-0.07075776807460747
66,MC | F-fooof-asym | z | SVR,0.0794006210298116,0.32260301809197234
66,MC | F-fooof-asym | z | SVR+time,-0.010470418802315029,0.10586328904488111
66,MC | F-fooof-asym | z | Anchor,-0.2207293287434806,0.0797976401594474
66,MC | F-fooof-asym | z | ICP,-0.2578122077955465,-0.16505895073122084
66,MC | F-fooof-riem | riem | ENR,-0.08914630897564901,-0.1420235035568436
66,MC | F-fooof-riem | riem | ENR+time,-0.08651440240678765,-0.14517222133038496
66,MC | F-fooof-riem | riem | SVR,-0.24419110235522035,-0.3428826086724882
66,MC | F-fooof-riem | riem | SVR+time,-0.24458874526952523,-0.3060294731105661
66,MC | F-fooof-riem | riem | Anchor,-0.47969221775422266,-0.1832631102844055
66,MC | F-fooof-riem | riem | ICP,-0.13333691781091206,-0.19602859063522643
67,noMC | F-fooof-full | none | ENR,-0.07208300495310804,-0.28517873398118754
67,noMC | F-fooof-full | none | ENR+time,-0.07208300495310804,-0.2851787339811874
67,noMC | F-fooof-full | none | SVR,-0.21604390054372757,-0.23759029671712534
67,noMC | F-fooof-full | none | SVR+time,-0.19986189331103255,-0.1734135871251462
67,noMC | F-fooof-full | none | Anchor,-0.6976509405229203,-0.06509648462008119
67,noMC | F-fooof-full | none | ICP,-0.24763497312879168,-0.22768650216080322
67,noMC | F-fooof-full | z | ENR,-0.10836279892579714,-0.2566601663746999
67,noMC | F-fooof-full | z | ENR+time,-0.11000237602425167,-0.24517970639267872
67,noMC | F-fooof-full | z | SVR,-0.2003678914619238,-0.256473623294948
67,noMC | F-fooof-full | z | SVR+time,-0.15524610753113732,-0.2781595635193356
67,noMC | F-fooof-full | z | Anchor,-0.4195632415870878,0.03731268647996605
67,noMC | F-fooof-full | z | ICP,-0.03876137372442212,-0.24222204327613173
67,noMC | F-fooof-aper | none | ENR,-0.03497101847715944,-0.23646200576629373
67,noMC | F-fooof-aper | none | ENR+time,-0.03497101847715944,-0.23646200576629373
67,noMC | F-fooof-aper | none | SVR,-0.3141143423616721,-0.03558873473315831
67,noMC | F-fooof-aper | none | SVR+time,-0.39776633044926646,-0.27879394804618657
67,noMC | F-fooof-aper | none | Anchor,-0.03497101847715944,-0.23646200576629373
67,noMC | F-fooof-aper | none | ICP,-0.03497101847715944,-0.23646200576629373
67,noMC | F-fooof-aper | z | ENR,-0.06269755735746552,-0.11565633821865413
67,noMC | F-fooof-aper | z | ENR+time,-0.06269716560006144,-0.11565730384544395
67,noMC | F-fooof-aper | z | SVR,-0.09594626574055942,-0.006773850712617768
67,noMC | F-fooof-aper | z | SVR+time,-0.1124218235942096,-0.042695141232226855
67,noMC | F-fooof-aper | z | Anchor,-0.14105005903148515,-0.11116617179597303
67,noMC | F-fooof-aper | z | ICP,-0.03497101847715944,-0.23646200576629373
67,noMC | F-fooof-rel | none | ENR,-0.08756833501683192,-0.3181018000950615
67,noMC | F-fooof-rel | none | ENR+time,-0.08756833501683192,-0.3181018000950615
67,noMC | F-fooof-rel | none | SVR,-0.22878897904900897,-0.18057900990048592
67,noMC | F-fooof-rel | none | SVR+time,-0.18763128642091131,-0.12897020579019836
67,noMC | F-fooof-rel | none | Anchor,-0.5353983530517186,-0.16754225110824905
67,noMC | F-fooof-rel | none | ICP,-0.1268704950731181,-0.3138951190962952
67,noMC | F-fooof-rel | z | ENR,-0.09682146219476007,-0.311608546646548
67,noMC | F-fooof-rel | z | ENR+time,-0.0940940284112255,-0.30754119261015733
67,noMC | F-fooof-rel | z | SVR,-0.2319932868064618,-0.24112891474127918
67,noMC | F-fooof-rel | z | SVR+time,-0.16677302592900278,-0.21454360900758424
67,noMC | F-fooof-rel | z | Anchor,-0.7912538654171652,-0.14440416009909357
67,noMC | F-fooof-rel | z | ICP,-0.17720170024087456,-0.15863451725389655
67,noMC | F-fooof-asym | none | ENR,-0.10197323713699702,-0.3683213523511029
67,noMC | F-fooof-asym | none | ENR+time,-0.09700295223147437,-0.3682533900929128
67,noMC | F-fooof-asym | none | SVR,-0.4040233557084554,-0.19603626927008877
67,noMC | F-fooof-asym | none | SVR+time,-0.28428938787053326,-0.17705492263968825
67,noMC | F-fooof-asym | none | Anchor,-0.18418911780640435,-0.3509996529816083
67,noMC | F-fooof-asym | none | ICP,-0.03497101847715944,-0.23646200576629373
67,noMC | F-fooof-asym | z | ENR,-0.1085079889035141,-0.44142262201493326
67,noMC | F-fooof-asym | z | ENR+time,-0.10966358577387636,-0.44224991101944033
67,noMC | F-fooof-asym | z | SVR,-0.1329693002010932,-0.12374240785729168
67,noMC | F-fooof-asym | z | SVR+time,-0.12046314414515025,-0.024032583657342014
67,noMC | F-fooof-asym | z | Anchor,-0.7205207204153463,-0.26049982549194767
67,noMC | F-fooof-asym | z | ICP,-0.24354990352748462,-0.18009278275665502
67,noMC | F-fooof-riem | riem | ENR,-0.03662588768042441,-0.17259159573392757
67,noMC | F-fooof-riem | riem | ENR+time,-0.03627298841633708,-0.1777132922913083
67,noMC | F-fooof-riem | riem | SVR,-0.09634931397232793,-0.043658261846635155
67,noMC | F-fooof-riem | riem | SVR+time,-0.07327588444307165,-0.013475095656999676
67,noMC | F-fooof-riem | riem | Anchor,-0.33681308256779463,-0.10465504472456767
67,noMC | F-fooof-riem | riem | ICP,-0.17637222098167227,-0.15909868068868538
67,MC | F-fooof-full | none | ENR,-0.041408953287684236,-0.2532432704184997
67,MC | F-fooof-full | none | ENR+time,-0.041408953287684236,-0.2532432704184997
67,MC | F-fooof-full | none | SVR,-0.23453602838737742,-0.28585155170725607
67,MC | F-fooof-full | none | SVR+time,-0.2397308324166625,-0.24495342214432864
67,MC | F-fooof-full | none | Anchor,-0.7476942717081734,-0.19255444432516938
67,MC | F-fooof-full | none | ICP,-0.19086531915610694,-0.2855184790382037
67,MC | F-fooof-full | z | ENR,-0.10259058333928839,-0.2817190880756292
67,MC | F-fooof-full | z | ENR+time,-0.10014095275791335,-0.278861298024918
67,MC | F-fooof-full | z | SVR,-0.20296853102080914,-0.2912859201125189
67,MC | F-fooof-full | z | SVR+time,-0.20466625846980335,-0.27459336287587754
67,MC | F-fooof-full | z | Anchor,-0.4424212745747709,-0.27217251087295075
67,MC | F-fooof-full | z | ICP,-0.05070437607801215,-0.20894456073906964
67,MC | F-fooof-aper | none | ENR,-0.037724611178207246,-0.237600611333561
67,MC | F-fooof-aper | none | ENR+time,-0.037724611178207246,-0.237600611333561
67,MC | F-fooof-aper | none | SVR,-0.38536693074714323,-0.27877163356969575
67,MC | F-fooof-aper | none | SVR+time,-0.3697569675823704,-0.29960616933265105
67,MC | F-fooof-aper | none | Anchor,-0.3018543532317832,-0.22788536724729233
67,MC | F-fooof-aper | none | ICP,-0.037724611178207246,-0.237600611333561
67,MC | F-fooof-aper | z | ENR,-0.0778613535360344,-0.33502080028401576
67,MC | F-fooof-aper | z | ENR+time,-0.037724611178207246,-0.23760061133356095
67,MC | F-fooof-aper | z | SVR,-0.11836271402875109,-0.07300167570681393
67,MC | F-fooof-aper | z | SVR+time,-0.17026182519375732,-0.12677320025527483
67,MC | F-fooof-aper | z | Anchor,-0.11573570842034941,-0.017448092671222076
67,MC | F-fooof-aper | z | ICP,-0.037724611178207246,-0.237600611333561
67,MC | F-fooof-rel | none | ENR,-0.0774567965223778,-0.3224743560486385
67,MC | F-fooof-rel | none | ENR+time,-0.0774567965223778,-0.3224743560486385
67,MC | F-fooof-rel | none | SVR,-0.2853382403012916,-0.2539288208658642
67,MC | F-fooof-rel | none | SVR+time,-0.20477151623677603,-0.13766044060808358
67,MC | F-fooof-rel | none | Anchor,-0.617118794989562,-0.18494008321933808
67,MC | F-fooof-rel | none | ICP,-0.12581632088261996,-0.32287732723267965
67,MC | F-fooof-rel | z | ENR,-0.037724611178207246,-0.23760061133356114
67,MC | F-fooof-rel | z | ENR+time,-0.037724611178207246,-0.237600611333561
67,MC | F-fooof-rel | z | SVR,-0.21819729384050124,-0.25915924736525153
67,MC | F-fooof-rel | z | SVR+time,-0.19986075282688165,-0.2096873591465293
67,MC | F-fooof-rel | z | Anchor,-0.6635649657853802,-0.26043021611382206
67,MC | F-fooof-rel | z | ICP,-0.044912450324581465,-0.2454899135537071
67,MC | F-fooof-asym | none | ENR,-0.10933475653289881,-0.38578647289886575
67,MC | F-fooof-asym | none | ENR+time,-0.10578023214331145,-0.38722113403674085
67,MC | F-fooof-asym | none | SVR,-0.36225580220209164,-0.11095626182401624
67,MC | F-fooof-asym | none | SVR+time,-0.2318400001886345,-0.21846497190410588
67,MC | F-fooof-asym | none | Anchor,-0.14388908838796222,-0.3976488704112956
67,MC | F-fooof-asym | none | ICP,-0.11019648086152922,-0.19034058682860328
67,MC | F-fooof-asym | z | ENR,-0.16748863961499771,-0.40929723160856946
67,MC | F-fooof-asym | z | ENR+time,-0.15254090329507575,-0.424329768148552
67,MC | F-fooof-asym | z | SVR,-0.2627158877805782,-0.13452772130839186
67,MC | F-fooof-asym | z | SVR+time,-0.26529278807200884,-0.17148805433057293
67,MC | F-fooof-asym | z | Anchor,-0.7088127062930116,-0.29667989677802753
67,MC | F-fooof-asym | z | ICP,-0.17730784434175462,-0.19619617295134253
67,MC | F-fooof-riem | riem | ENR,-0.03696845401001747,-0.2036152742668372
67,MC | F-fooof-riem | riem | ENR+time,-0.03696845401001747,-0.2036152742668372
67,MC | F-fooof-riem | riem | SVR,-0.1386232722060754,-0.15001420443852467
67,MC | F-fooof-riem | riem | SVR+time,-0.13903932036936428,-0.17694774804614877
67,MC | F-fooof-riem | riem | Anchor,-0.35275877808191813,-0.07284911356919355
67,MC | F-fooof-riem | riem | ICP,-0.14763889609617764,-0.1479132141316961
68,noMC | F-fooof-full | none | ENR,-0.06378996690714756,-0.19076204192864563
68,noMC | F-fooof-full | none | ENR+time,-0.0646316806036733,-0.19370452703827046
68,noMC | F-fooof-full | none | SVR,-0.4629025175940864,-0.2896221867777184
68,noMC | F-fooof-full | none | SVR+time,-0.24759320892336656,-0.249215694839964
68,noMC | F-fooof-full | none | Anchor,-0.014105875553044767,0.22065687622306096
68,noMC | F-fooof-full | none | ICP,-0.07547108852736217,-0.08101102891865443
68,noMC | F-fooof-full | z | ENR,-0.0302354302052823,-0.1333360771449005
68,noMC | F-fooof-full | z | ENR+time,-0.0302354302052823,-0.1333360771449005
68,noMC | F-fooof-full | z | SVR,-0.1515051538267096,-0.18106563044381502
68,noMC | F-fooof-full | z | SVR+time,-0.12103008358565237,-0.16521505574216802
68,noMC | F-fooof-full | z | Anchor,-0.04155933297491465,0.15654470165055528
68,noMC | F-fooof-full | z | ICP,-13.41483112565465,-0.16393135033518993
68,noMC | F-fooof-aper | none | ENR,-0.10274791007165684,0.025004961520809835
68,noMC | F-fooof-aper | none | ENR+time,-0.060353462162134,-0.039195552193279845
68,noMC | F-fooof-aper | none | SVR,-0.3473397981270072,-0.025688708930554808
68,noMC | F-fooof-aper | none | SVR+time,-0.6535549346972376,-0.08627857128475994
68,noMC | F-fooof-aper | none | Anchor,0.0026405366751804937,0.2732665218894219
68,noMC | F-fooof-aper | none | ICP,-0.090275364843168,-0.01909401096954684
68,noMC | F-fooof-aper | z | ENR,-0.033816734365831325,-0.23890687636167002
68,noMC | F-fooof-aper | z | ENR+time,-0.033816734365831325,-0.23890687636167002
68,noMC | F-fooof-aper | z | SVR,-0.5425110935910831,-0.05823041319147673
68,noMC | F-fooof-aper | z | SVR+time,-0.6547386661804153,-0.10751166077498531
68,noMC | F-fooof-aper | z | Anchor,-0.1157730929575993,-0.16256193505292715
68,noMC | F-fooof-aper | z | ICP,-0.033816734365831325,-0.23890687636167002
68,noMC | F-fooof-rel | none | ENR,-0.03691586914454015,0.02168035304447742
68,noMC | F-fooof-rel | none | ENR+time,-0.028931926061286806,-0.07829938502810377
68,noMC | F-fooof-rel | none | SVR,-0.12361625638993701,-0.05756254105092179
68,noMC | F-fooof-rel | none | SVR+time,-0.16495725022757424,-0.11259736858547303
68,noMC | F-fooof-rel | none | Anchor,-0.02547699576884277,0.12327551754457845
68,noMC | F-fooof-rel | none | ICP,0.012763989751022997,0.11419717977351272
68,noMC | F-fooof-rel | z | ENR,-0.11377856670027398,-0.25469808059338866
68,noMC | F-fooof-rel | z | ENR+time,-0.10130706278565049,-0.2703271420412779
68,noMC | F-fooof-rel | z | SVR,-0.06887940257535274,-0.019466241209290545
68,noMC | F-fooof-rel | z | SVR+time,-0.16132324578804003,-0.16306346709467157
68,noMC | F-fooof-rel | z | Anchor,-8.516520235370885,0.02671808232004453
68,noMC | F-fooof-rel | z | ICP,-0.02898553304681606,-0.0726902932328482
68,noMC | F-fooof-asym | none | ENR,-0.0914838078001099,-0.002536315564930315
68,noMC | F-fooof-asym | none | ENR+time,-0.04191846528314991,-0.15988420703640294
68,noMC | F-fooof-asym | none | SVR,-0.19712689347455714,-0.06081262922023585
68,noMC | F-fooof-asym | none | SVR+time,-0.12948579722483444,-0.10030219610290791
68,noMC | F-fooof-asym | none | Anchor,-0.10405474776897483,0.02130535615627808
68,noMC | F-fooof-asym | none | ICP,-0.10142914461402763,-0.14453551925832747
68,noMC | F-fooof-asym | z | ENR,-3.0757902537360957,-0.08790139637773217
68,noMC | F-fooof-asym | z | ENR+time,-2.4986937885018,-0.09932759065898042
68,noMC | F-fooof-asym | z | SVR,-0.31849215130424824,0.028273917415446083
68,noMC | F-fooof-asym | z | SVR+time,-0.15551283625461143,0.040897276620900674
68,noMC | F-fooof-asym | z | Anchor,-1.693987164665744,-0.019045107220427324
68,noMC | F-fooof-asym | z | ICP,-0.02874309630623051,-0.24238523244867144
68,noMC | F-fooof-riem | riem | ENR,-0.15746126824025897,-0.20124612707723477
68,noMC | F-fooof-riem | riem | ENR+time,-0.18210931311801004,-0.20953881233366659
68,noMC | F-fooof-riem | riem | SVR,-0.15373692877526302,-0.04195876712860265
68,noMC | F-fooof-riem | riem | SVR+time,-0.10732441375820123,-0.06231576401300358
68,noMC | F-fooof-riem | riem | Anchor,-1.2876239697218592,-0.04790694480972379
68,noMC | F-fooof-riem | riem | ICP,-0.22111165037997793,-0.23509201984629227
68,MC | F-fooof-full | none | ENR,-0.07048136756723444,-0.202022037478837
68,MC | F-fooof-full | none | ENR+time,-0.07048136756723444,-0.202022037478837
68,MC | F-fooof-full | none | SVR,-0.31992933658726685,-0.13163254414467818
68,MC | F-fooof-full | none | SVR+time,-0.27075064132357807,-0.2751880673764278
68,MC | F-fooof-full | none | Anchor,-0.3698171657521079,-0.11543294638109668
68,MC | F-fooof-full | none | ICP,-0.07513519641015098,-0.009693873382016462
68,MC | F-fooof-full | z | ENR,-0.17232753516311328,-0.05914150597143958
68,MC | F-fooof-full | z | ENR+time,-0.03768407101647475,-0.24068885156475633
68,MC | F-fooof-full | z | SVR,-0.17160733514477666,-0.18651040698388996
68,MC | F-fooof-full | z | SVR+time,-0.17529796989292645,-0.1910436673056788
68,MC | F-fooof-full | z | Anchor,-0.42689289370088224,-0.025604520873338844
68,MC | F-fooof-full | z | ICP,-0.06474533978021557,0.018834795536705543
68,MC | F-fooof-aper | none | ENR,-0.14371095434980075,-0.06737712557884565
68,MC | F-fooof-aper | none | ENR+time,-0.11133394860288437,-0.08534948435951534
68,MC | F-fooof-aper | none | SVR,-0.3096104179023871,-0.07528591917509705
68,MC | F-fooof-aper | none | SVR+time,-0.21000020181943535,-0.2633574123697791
68,MC | F-fooof-aper | none | Anchor,-0.13840875455722035,-0.10988512019760689
68,MC | F-fooof-aper | none | ICP,-0.08819833063166072,0.043208207342664354
68,MC | F-fooof-aper | z | ENR,-0.03768407101647475,-0.24068885156475628
68,MC | F-fooof-aper | z | ENR+time,-0.11442957046774227,-0.10343034848431616
68,MC | F-fooof-aper | z | SVR,-0.2578548808432428,-0.004233134612785433
68,MC | F-fooof-aper | z | SVR+time,-0.39303038381779065,-0.17247595972676277
68,MC | F-fooof-aper | z | Anchor,-0.13043102195302358,-0.3295073479075967
68,MC | F-fooof-aper | z | ICP,-0.035562658898387944,-0.17744905457911622
68,MC | F-fooof-rel | none | ENR,-0.03881140461743482,-0.1381886967348443
68,MC | F-fooof-rel | none | ENR+time,-0.037744423962762674,-0.14006170619779035
68,MC | F-fooof-rel | none | SVR,-0.09357183915392642,-0.059023924571649
68,MC | F-fooof-rel | none | SVR+time,-0.14665836388182996,-0.15250336176716545
68,MC | F-fooof-rel | none | Anchor,-0.06803401256342978,0.0726259258419061
68,MC | F-fooof-rel | none | ICP,-0.03723918015316463,0.054874505128326374
68,MC | F-fooof-rel | z | ENR,-0.11577249973620884,-0.2306157535271046
68,MC | F-fooof-rel | z | ENR+time,-0.12494756534066997,-0.2518012433978052
68,MC | F-fooof-rel | z | SVR,-0.06545109946183847,-0.06599372357607505
68,MC | F-fooof-rel | z | SVR+time,-0.13432708230135004,-0.17899627393573472
68,MC | F-fooof-rel | z | Anchor,-0.6143439087665163,-0.14138523845902207
68,MC | F-fooof-rel | z | ICP,-0.04882462199246662,-0.22603151617819067
68,MC | F-fooof-asym | none | ENR,-0.1302168966821966,-0.05037080950306555
68,MC | F-fooof-asym | none | ENR+time,-0.04733338384912167,-0.19663736653524427
68,MC | F-fooof-asym | none | SVR,-0.13788261890263565,-0.060288684292893295
68,MC | F-fooof-asym | none | SVR+time,-0.13181629277409113,-0.19486674435138476
68,MC | F-fooof-asym | none | Anchor,-0.15292501666187963,-0.012829592725006325
68,MC | F-fooof-asym | none | ICP,-0.06734920701848224,-0.22873817954421913
68,MC | F-fooof-asym | z | ENR,-1.1914492775054364,-0.18005866265628287
68,MC | F-fooof-asym | z | ENR+time,-1.2671239400384868,-0.2037214299359441
68,MC | F-fooof-asym | z | SVR,-0.2045145834328852,-0.04372974853807819
68,MC | F-fooof-asym | z | SVR+time,-0.1983770276972947,-0.09567696450968614
68,MC | F-fooof-asym | z | Anchor,-1.0244323963799138,-0.05317526637040982
68,MC | F-fooof-asym | z | ICP,-1.070068211455311,-0.16329066539176587
68,MC | F-fooof-riem | riem | ENR,-0.09262092801559096,-0.19424494167422418
68,MC | F-fooof-riem | riem | ENR+time,-0.035753586889875955,-0.24033307227942155
68,MC | F-fooof-riem | riem | SVR,-0.15605662301766565,0.021812712138955703
68,MC | F-fooof-riem | riem | SVR+time,-0.13155841369677446,-0.10829829520987438
68,MC | F-fooof-riem | riem | Anchor,-0.21573573746371144,-0.07937398658806874
68,MC | F-fooof-riem | riem | ICP,-0.2017326454360211,-0.24923130060259036
69,noMC | F-fooof-full | none | ENR,-0.04604886303172795,-0.20953078799107558
69,noMC | F-fooof-full | none | ENR+time,-0.06115078865714141,-0.16371655766631132
69,noMC | F-fooof-full | none | SVR,-0.128295763941483,-0.03617605923822727
69,noMC | F-fooof-full | none | SVR+time,-0.09600860859069238,-0.05309097699563632
69,noMC | F-fooof-full | none | Anchor,-0.02767245282249009,0.13763418922085346
69,noMC | F-fooof-full | none | ICP,-0.007535231635314776,0.04359524449203996
69,noMC | F-fooof-full | z | ENR,-0.05755447017591875,-0.23378739845753696
69,noMC | F-fooof-full | z | ENR+time,-0.05615054638215633,-0.25455847707897045
69,noMC | F-fooof-full | z | SVR,-0.11359040866812298,-0.12024676561306044
69,noMC | F-fooof-full | z | SVR+time,-0.08528657300131015,-0.15506076897955884
69,noMC | F-fooof-full | z | Anchor,-4.490608321386257,0.06383123697082375
69,noMC | F-fooof-full | z | ICP,-0.01757046905219206,0.056457535702494746
69,noMC | F-fooof-aper | none | ENR,-0.0347946085701738,-0.2555585647328159
69,noMC | F-fooof-aper | none | ENR+time,-0.0437225165462769,-0.28653246255568743
69,noMC | F-fooof-aper | none | SVR,-0.5321303754877629,-0.3235705871288329
69,noMC | F-fooof-aper | none | SVR+time,-0.34880535201363827,-0.23485330349758993
69,noMC | F-fooof-aper | none | Anchor,-0.0646469525942619,-0.268589803220354
69,noMC | F-fooof-aper | none | ICP,-0.19182194018834742,-0.2511348233666137
69,noMC | F-fooof-aper | z | ENR,-0.26096803116947886,-0.49221531052027717
69,noMC | F-fooof-aper | z | ENR+time,-0.24720277035563032,-0.49594826754452337
69,noMC | F-fooof-aper | z | SVR,-0.40123323186212057,-0.2609479638806133
69,noMC | F-fooof-aper | z | SVR+time,-0.489835549949204,-0.4158530707136107
69,noMC | F-fooof-aper | z | Anchor,-0.2875613172575533,-0.3616246027510619
69,noMC | F-fooof-aper | z | ICP,-0.30204614997711876,-0.49059047298098657
69,noMC | F-fooof-rel | none | ENR,-0.007681709996809394,0.12202405699398247
69,noMC | F-fooof-rel | none | ENR+time,0.05719198486167232,0.24512744393868535
69,noMC | F-fooof-rel | none | SVR,0.08070788398591777,0.3167106021412936
69,noMC | F-fooof-rel | none | SVR+time,0.06470153468908779,0.28305694560914263
69,noMC | F-fooof-rel | none | Anchor,0.047878053130712916,0.22389085123902386
69,noMC | F-fooof-rel | none | ICP,-0.02552511341295527,-0.055423681322797194
69,noMC | F-fooof-rel | z | ENR,0.09224099995494706,0.31242487256989654
69,noMC | F-fooof-rel | z | ENR+time,0.03353889232369678,0.22713694587567423
69,noMC | F-fooof-rel | z | SVR,-0.15152039208323154,0.08989949629008237
69,noMC | F-fooof-rel | z | SVR+time,-0.1097372825251961,0.057187388766120464
69,noMC | F-fooof-rel | z | Anchor,-0.10536146478532915,0.327874959151863
69,noMC | F-fooof-rel | z | ICP,-0.0347946085701738,-0.2555585647328158
69,noMC | F-fooof-asym | none | ENR,0.06707847272930345,0.27450313949263616
69,noMC | F-fooof-asym | none | ENR+time,-0.007279478103022541,0.11191931671644492
69,noMC | F-fooof-asym | none | SVR,0.058866138844511084,0.29831135165698297
69,noMC | F-fooof-asym | none | SVR+time,0.0092976762424265,0.24186397803179163
69,noMC | F-fooof-asym | none | Anchor,0.04107689986871432,0.23926367803168752
69,noMC | F-fooof-asym | none | ICP,-0.0347946085701738,-0.2555585647328158
69,noMC | F-fooof-asym | z | ENR,0.13152745198425686,0.3652429882947307
69,noMC | F-fooof-asym | z | ENR+time,0.007698629750662156,0.2632561857658547
69,noMC | F-fooof-asym | z | SVR,-0.02958726085816865,0.25786062954741873
69,noMC | F-fooof-asym | z | SVR+time,0.017177976609836887,0.23685741136887853
69,noMC | F-fooof-asym | z | Anchor,-0.015818226746732167,0.34459263778578875
69,noMC | F-fooof-asym | z | ICP,-0.0347946085701738,-0.2555585647328158
69,noMC | F-fooof-riem | riem | ENR,-0.13577343149263998,-0.04548015777953579
69,noMC | F-fooof-riem | riem | ENR+time,-0.13610677258445003,-0.04167071062497621
69,noMC | F-fooof-riem | riem | SVR,-0.07851625851202004,0.059281090096992894
69,noMC | F-fooof-riem | riem | SVR+time,-0.18853707125131614,-0.007171590010295416
69,noMC | F-fooof-riem | riem | Anchor,-0.5171959097219219,0.28349460989782566
69,noMC | F-fooof-riem | riem | ICP,-0.009828862824316609,-0.0837276565613082
69,MC | F-fooof-full | none | ENR,-0.05267991990696075,-0.2237195878057532
69,MC | F-fooof-full | none | ENR+time,-0.04263435757284073,-0.26841737832857615
69,MC | F-fooof-full | none | SVR,-0.144716545364324,-0.1435450930278769
69,MC | F-fooof-full | none | SVR+time,-0.16218868841796796,-0.19053116246655663
69,MC | F-fooof-full | none | Anchor,-0.0778574891009236,-0.03292189595764666
69,MC | F-fooof-full | none | ICP,-0.056097790207553455,-0.09081698993667148
69,MC | F-fooof-full | z | ENR,-0.01908196921140992,0.0728447410469431
69,MC | F-fooof-full | z | ENR+time,-0.024953469762968084,0.04720915316604086
69,MC | F-fooof-full | z | SVR,-0.12325159824442355,-0.06962252779388575
69,MC | F-fooof-full | z | SVR+time,-0.11946409161112492,-0.0466460207702246
69,MC | F-fooof-full | z | Anchor,0.16868923333288965,0.41224552981775714
69,MC | F-fooof-full | z | ICP,-0.0371861753511642,-0.25807641865088804
69,MC | F-fooof-aper | none | ENR,-0.04328988967442049,-0.24664152063719355
69,MC | F-fooof-aper | none | ENR+time,-0.046972815987821326,-0.282619790310212
69,MC | F-fooof-aper | none | SVR,-0.45379985866474337,-0.27463319361143745
69,MC | F-fooof-aper | none | SVR+time,-0.18944535207841673,-0.265915035826667
69,MC | F-fooof-aper | none | Anchor,-0.06827216452906693,-0.21479390755810612
69,MC | F-fooof-aper | none | ICP,-0.14242430648285587,-0.2852568432976318
69,MC | F-fooof-aper | z | ENR,-0.0371861753511642,-0.2580764186508881
69,MC | F-fooof-aper | z | ENR+time,-0.0371861753511642,-0.2580764186508881
69,MC | F-fooof-aper | z | SVR,-0.2731822041170717,-0.42734197890760617
69,MC | F-fooof-aper | z | SVR+time,-0.2693188105772346,-0.41315858351433954
69,MC | F-fooof-aper | z | Anchor,-0.27310551588040566,-0.4632923181484019
69,MC | F-fooof-aper | z | ICP,-0.45039589013888226,-0.4568065531066194
69,MC | F-fooof-rel | none | ENR,-0.013770961099121903,0.06078807587443606
69,MC | F-fooof-rel | none | ENR+time,-0.02815950337278217,0.004128048034326115
69,MC | F-fooof-rel | none | SVR,0.022011261321738695,0.24579297109416398
69,MC | F-fooof-rel | none | SVR+time,0.033586086334741805,0.21545584726013162
69,MC | F-fooof-rel | none | Anchor,0.09092270247313883,0.30366208511233433
69,MC | F-fooof-rel | none | ICP,-0.08648765185018426,-0.04394524860893815
69,MC | F-fooof-rel | z | ENR,0.17676867390295392,0.4310162877911815
69,MC | F-fooof-rel | z | ENR+time,0.1565239223675723,0.40346124825138774
69,MC | F-fooof-rel | z | SVR,0.028503735906343364,0.23900765495570886
69,MC | F-fooof-rel | z | SVR+time,-0.019019586819246648,0.1243956345214021
69,MC | F-fooof-rel | z | Anchor,-0.06340819005448761,0.30890487334053784
69,MC | F-fooof-rel | z | ICP,-0.0371861753511642,-0.25807641865088804
69,MC | F-fooof-asym | none | ENR,0.07764537130143256,0.2817389332832164
69,MC | F-fooof-asym | none | ENR+time,0.06240363227730228,0.2541375484712335
69,MC | F-fooof-asym | none | SVR,0.09009770662451999,0.31202379974678934
69,MC | F-fooof-asym | none | SVR+time,0.00846574989039972,0.23383559474994825
69,MC | F-fooof-asym | none | Anchor,0.028871874099756112,0.22907683648455002
69,MC | F-fooof-asym | none | ICP,-0.06758968389655462,-0.22337548576308908
69,MC | F-fooof-asym | z | ENR,0.07613073236952106,0.3054794050579571
69,MC | F-fooof-asym | z | ENR+time,0.09188512497767887,0.3175406282550455
69,MC | F-fooof-asym | z | SVR,0.1346903221014213,0.37074236985476955
69,MC | F-fooof-asym | z | SVR+time,0.13778744353806882,0.37362548792479366
69,MC | F-fooof-asym | z | Anchor,0.11187755437805402,0.34278712161126357
69,MC | F-fooof-asym | z | ICP,-0.11751409153818915,-0.20376434909470298
69,MC | F-fooof-riem | riem | ENR,-0.06247221576303086,0.1315583042352332
69,MC | F-fooof-riem | riem | ENR+time,-0.06509102511967058,0.10785147764861802
69,MC | F-fooof-riem | riem | SVR,-0.13291177009173638,0.03067045889308485
69,MC | F-fooof-riem | riem | SVR+time,-0.10170365959779692,-0.029629233473332496
69,MC | F-fooof-riem | riem | Anchor,-0.19195096643205112,0.17020860740072183
69,MC | F-fooof-riem | riem | ICP,-0.04920329916414601,-0.2119531663427351
70,noMC | F-fooof-full | none | ENR,-0.05002962685272361,-0.29254949755098936
70,noMC | F-fooof-full | none | ENR+time,-0.05002962685272361,-0.29254949755098936
70,noMC | F-fooof-full | none | SVR,-1.9776792439099506,-0.23271178725815547
70,noMC | F-fooof-full | none | SVR+time,-0.5207893445488541,-0.18229544640407858
70,noMC | F-fooof-full | none | Anchor,-0.3806923113565073,-0.3204702525809471
70,noMC | F-fooof-full | none | ICP,-0.061006130801223524,-0.08307948573759313
70,noMC | F-fooof-full | z | ENR,-0.09582664593180024,-0.16840794803050807
70,noMC | F-fooof-full | z | ENR+time,-0.06113469167212027,-0.3011348119118295
70,noMC | F-fooof-full | z | SVR,-0.08729128085839344,0.08635786239726312
70,noMC | F-fooof-full | z | SVR+time,-0.08646506843102197,0.05697914335677312
70,noMC | F-fooof-full | z | Anchor,-1.126824922628658,-0.21137801404230863
70,noMC | F-fooof-full | z | ICP,-0.06485464224838244,-0.06303024026137781
70,noMC | F-fooof-aper | none | ENR,-0.04688351047794059,-0.2950998557094373
70,noMC | F-fooof-aper | none | ENR+time,-0.04688351047794059,-0.2950998557094373
70,noMC | F-fooof-aper | none | SVR,-0.4718039522982309,-0.29300792135505566
70,noMC | F-fooof-aper | none | SVR+time,-0.46286448231843225,-0.2925354616136327
70,noMC | F-fooof-aper | none | Anchor,-0.35968777611683067,-0.2862087585869861
70,noMC | F-fooof-aper | none | ICP,-0.30007903293701044,-0.25339726064011336
70,noMC | F-fooof-aper | z | ENR,-0.20066377609959507,-0.11387172272920426
70,noMC | F-fooof-aper | z | ENR+time,-0.15798195034329487,-0.12803645210252895
70,noMC | F-fooof-aper | z | SVR,-0.14176553611012532,0.07503565658368003
70,noMC | F-fooof-aper | z | SVR+time,-0.2464001508313456,-0.13695177782852003
70,noMC | F-fooof-aper | z | Anchor,-0.2723357897613412,-0.09488222757593362
70,noMC | F-fooof-aper | z | ICP,-0.25542132243748705,-0.13461068901643664
70,noMC | F-fooof-rel | none | ENR,-0.053194510821737095,-0.29607922641473816
70,noMC | F-fooof-rel | none | ENR+time,-0.053194510821737095,-0.29607922641473816
70,noMC | F-fooof-rel | none | SVR,-0.29811605901889715,-0.24513927225326756
70,noMC | F-fooof-rel | none | SVR+time,-0.2635841602781337,-0.27073832287307764
70,noMC | F-fooof-rel | none | Anchor,-0.3913464828986244,-0.2399445221305523
70,noMC | F-fooof-rel | none | ICP,-0.11668685093351883,-0.2691117329534818
70,noMC | F-fooof-rel | z | ENR,-0.12906289919588798,-0.20975166228029896
70,noMC | F-fooof-rel | z | ENR+time,-0.04677312860372007,-0.29546787072879144
70,noMC | F-fooof-rel | z | SVR,-0.28257915148929946,-0.1064023650657529
70,noMC | F-fooof-rel | z | SVR+time,-0.19768902301576197,-0.06812358793955992
70,noMC | F-fooof-rel | z | Anchor,-3.466557441637039,-0.19062233876631607
70,noMC | F-fooof-rel | z | ICP,-0.04101755250016037,0.022252178346118992
70,noMC | F-fooof-asym | none | ENR,-0.13596538437366967,-0.35693342473860395
70,noMC | F-fooof-asym | none | ENR+time,-0.10447382643960013,-0.2114577429979476
70,noMC | F-fooof-asym | none | SVR,-0.4756453686547226,-0.22956185929446737
70,noMC | F-fooof-asym | none | SVR+time,-0.31378047781311147,-0.2032183479757087
70,noMC | F-fooof-asym | none | Anchor,-0.17978963558204142,-0.310063579556304
70,noMC | F-fooof-asym | none | ICP,-0.04688351047794059,-0.2950998557094374
70,noMC | F-fooof-asym | z | ENR,-0.9503585877384573,-0.15557098842270212
70,noMC | F-fooof-asym | z | ENR+time,-0.6221011746086189,-0.1732545261388152
70,noMC | F-fooof-asym | z | SVR,-0.2530149953597616,-0.2553838560713502
70,noMC | F-fooof-asym | z | SVR+time,-0.22260331721145166,-0.13897031158481257
70,noMC | F-fooof-asym | z | Anchor,-1.1642312761278273,-0.1684630020573225
70,noMC | F-fooof-asym | z | ICP,-0.14918970378811802,-0.24284126203501064
70,noMC | F-fooof-riem | riem | ENR,-0.1688639649527237,-0.2054699195102142
70,noMC | F-fooof-riem | riem | ENR+time,-0.17760209224955115,-0.19058104300400894
70,noMC | F-fooof-riem | riem | SVR,-0.17580903778446677,-0.13001209314413628
70,noMC | F-fooof-riem | riem | SVR+time,-0.15180268665737717,-0.11308838093070356
70,noMC | F-fooof-riem | riem | Anchor,-0.4789683015234034,-0.0831714264066967
70,noMC | F-fooof-riem | riem | ICP,-0.040351884133304594,-0.17611690007798603
70,MC | F-fooof-full | none | ENR,-0.05278597762532056,-0.28855320274374724
70,MC | F-fooof-full | none | ENR+time,-0.05278597762532056,-0.28855320274374724
70,MC | F-fooof-full | none | SVR,-0.1398743573876744,-0.12500910821107555
70,MC | F-fooof-full | none | SVR+time,-0.3279493289260862,-0.25989490139639015
70,MC | F-fooof-full | none | Anchor,-0.2776606437203355,0.0048552836534661616
70,MC | F-fooof-full | none | ICP,-0.06265153828441283,-0.24571407452357796
70,MC | F-fooof-full | z | ENR,-0.0879079533519489,-0.229407162136129
70,MC | F-fooof-full | z | ENR+time,-0.15801155720283755,-0.20607023287921694
70,MC | F-fooof-full | z | SVR,-0.28111329124604056,0.05632880329319069
70,MC | F-fooof-full | z | SVR+time,-0.2124411436984759,0.0606319989314968
70,MC | F-fooof-full | z | Anchor,-6.421965890143252,-0.024880207106207475
70,MC | F-fooof-full | z | ICP,-0.05373470675235059,-0.013958276599671707
70,MC | F-fooof-aper | none | ENR,-0.35213089316716206,-0.25046835923463967
70,MC | F-fooof-aper | none | ENR+time,-0.049815853592950265,-0.29383608296389635
70,MC | F-fooof-aper | none | SVR,-0.3972935431536029,-0.20692625033016232
70,MC | F-fooof-aper | none | SVR+time,-0.49966704504891357,-0.2073031191385563
70,MC | F-fooof-aper | none | Anchor,-0.4616297141608192,-0.27223183589567956
70,MC | F-fooof-aper | none | ICP,-0.3161844080766232,-0.2478035456382839
70,MC | F-fooof-aper | z | ENR,-0.14919312611040159,-0.12362079814149651
70,MC | F-fooof-aper | z | ENR+time,-0.10747606643353635,-0.1423560866568841
70,MC | F-fooof-aper | z | SVR,-0.2437313717770715,-0.08926689164286625
70,MC | F-fooof-aper | z | SVR+time,-0.40789691196105093,-0.23432913617878331
70,MC | F-fooof-aper | z | Anchor,-0.2583452608131329,-0.13170445121631577
70,MC | F-fooof-aper | z | ICP,-0.07624345206283567,-0.19220712587255545
70,MC | F-fooof-rel | none | ENR,-0.1128956048896752,-0.25983313389265916
70,MC | F-fooof-rel | none | ENR+time,-0.11378483343991341,-0.2567704495507371
70,MC | F-fooof-rel | none | SVR,-0.4722127942510339,-0.25211422818076223
70,MC | F-fooof-rel | none | SVR+time,-0.3112115066594341,-0.30476707549413107
70,MC | F-fooof-rel | none | Anchor,-0.4618752181930752,-0.2924852187239273
70,MC | F-fooof-rel | none | ICP,-0.06724067293460778,-0.2649200860526286
70,MC | F-fooof-rel | z | ENR,-0.049815853592950265,-0.2938360829638964
70,MC | F-fooof-rel | z | ENR+time,-0.1922620793704508,-0.2262763854359251
70,MC | F-fooof-rel | z | SVR,-0.2940776845314046,-0.1864340955332718
70,MC | F-fooof-rel | z | SVR+time,-0.21361170299529775,-0.135895431173367
70,MC | F-fooof-rel | z | Anchor,-1.1682082009358363,-0.2758052490218791
70,MC | F-fooof-rel | z | ICP,-0.08015910427005069,-0.2420648953146436
70,MC | F-fooof-asym | none | ENR,-0.11981185864347577,-0.30688816112268824
70,MC | F-fooof-asym | none | ENR+time,-0.10517444306039736,-0.21676262899788373
70,MC | F-fooof-asym | none | SVR,-0.24958741723953515,-0.12629260674612
70,MC | F-fooof-asym | none | SVR+time,-0.27672672771636586,-0.16233486363728844
70,MC | F-fooof-asym | none | Anchor,-0.1678996936823236,-0.21994983947176183
70,MC | F-fooof-asym | none | ICP,-0.049815853592950265,-0.2938360829638963
70,MC | F-fooof-asym | z | ENR,-0.17346810533436918,-0.34322316928459584
70,MC | F-fooof-asym | z | ENR+time,-0.14197241825329243,-0.3672616728979178
70,MC | F-fooof-asym | z | SVR,-0.20112518760398723,-0.12200328165376494
70,MC | F-fooof-asym | z | SVR+time,-0.13218226533017208,0.043277467351184595
70,MC | F-fooof-asym | z | Anchor,-0.40939963932963086,-0.18973577393540486
70,MC | F-fooof-asym | z | ICP,-0.04090542461882807,0.0963461362644007
70,MC | F-fooof-riem | riem | ENR,-0.04610444507930822,-0.16154362143452194
70,MC | F-fooof-riem | riem | ENR+time,-0.060614440345255316,-0.19832041577694648
70,MC | F-fooof-riem | riem | SVR,-0.2766239944917903,-0.26220463256187043
70,MC | F-fooof-riem | riem | SVR+time,-0.1879099942536584,-0.11686836517632437
70,MC | F-fooof-riem | riem | Anchor,-0.3897108399686571,-0.2124282395643489
70,MC | F-fooof-riem | riem | ICP,-0.033260213164923114,-0.16390768809545347
71,noMC | F-fooof-full | none | ENR,-0.05280186265667175,-0.35152626112468593
71,noMC | F-fooof-full | none | ENR+time,-0.05280186265667175,-0.35152626112468593
71,noMC | F-fooof-full | none | SVR,-0.26252167162996476,-0.2229304180090398
71,noMC | F-fooof-full | none | SVR+time,-0.30841411776535677,-0.2469958162993466
71,noMC | F-fooof-full | none | Anchor,-0.27044443576147437,-0.04777075210453541
71,noMC | F-fooof-full | none | ICP,-0.02892464034193387,-0.19490396030617116
71,noMC | F-fooof-full | z | ENR,-0.10297764307029289,-0.2759812771953819
71,noMC | F-fooof-full | z | ENR+time,-0.10297764307029289,-0.2759812771953819
71,noMC | F-fooof-full | z | SVR,-0.3012137809387547,-0.3164487027011043
71,noMC | F-fooof-full | z | SVR+time,-0.26014514034380354,-0.26726959271724937
71,noMC | F-fooof-full | z | Anchor,-0.2561409546850746,-0.06633152682698021
71,noMC | F-fooof-full | z | ICP,-0.02401289277588714,-0.0003257316455593656
71,noMC | F-fooof-aper | none | ENR,-0.10877693645902076,-0.27024167343295036
71,noMC | F-fooof-aper | none | ENR+time,-0.10667635657915486,-0.27191602840516804
71,noMC | F-fooof-aper | none | SVR,-0.25896582317328143,-0.37845238040522233
71,noMC | F-fooof-aper | none | SVR+time,-0.4420173231875695,-0.3454824971649017
71,noMC | F-fooof-aper | none | Anchor,-0.2968196168834414,-0.30178943932206054
71,noMC | F-fooof-aper | none | ICP,-0.15491805262491787,-0.27146514455123394
71,noMC | F-fooof-aper | z | ENR,-0.1974546348501105,-0.4006809830294709
71,noMC | F-fooof-aper | z | ENR+time,-0.18008836623608993,-0.3915162822592765
71,noMC | F-fooof-aper | z | SVR,-0.17620442813218418,-0.3298689402341406
71,noMC | F-fooof-aper | z | SVR+time,-0.18092573204804996,-0.28850966218147694
71,noMC | F-fooof-aper | z | Anchor,-0.24068345060700946,-0.39147299551548537
71,noMC | F-fooof-aper | z | ICP,-0.09832115843789624,-0.32581747493564595
71,noMC | F-fooof-rel | none | ENR,-0.037961831493655396,-0.11580492613675486
71,noMC | F-fooof-rel | none | ENR+time,-0.03802325456220057,-0.11754585395544882
71,noMC | F-fooof-rel | none | SVR,-0.16278177832850216,-0.031776821562392685
71,noMC | F-fooof-rel | none | SVR+time,-0.18480765045686542,-0.05753150439248649
71,noMC | F-fooof-rel | none | Anchor,-0.265204310194175,0.05968855350008764
71,noMC | F-fooof-rel | none | ICP,-0.049125677476334006,-0.3535982938982373
71,noMC | F-fooof-rel | z | ENR,-0.23688546042925496,-0.3397337645103125
71,noMC | F-fooof-rel | z | ENR+time,-0.04969605262798571,-0.3289478702708999
71,noMC | F-fooof-rel | z | SVR,-0.13466386660659957,-0.11756255365635356
71,noMC | F-fooof-rel | z | SVR+time,-0.1385810394333331,-0.20468739687558007
71,noMC | F-fooof-rel | z | Anchor,-0.6976483474545703,-0.018470857680052594
71,noMC | F-fooof-rel | z | ICP,-0.04016048799660976,-0.2792598898970883
71,noMC | F-fooof-asym | none | ENR,-0.14347864153538814,-0.33227021175651067
71,noMC | F-fooof-asym | none | ENR+time,-0.15306529465543184,-0.3191507391212833
71,noMC | F-fooof-asym | none | SVR,-0.4105412852352299,-0.39686850721904465
71,noMC | F-fooof-asym | none | SVR+time,-0.6413841050041107,-0.281230521242339
71,noMC | F-fooof-asym | none | Anchor,-0.17463512355941369,-0.31062963475985733
71,noMC | F-fooof-asym | none | ICP,-0.049125677476334006,-0.3535982938982373
71,noMC | F-fooof-asym | z | ENR,-0.1418919569662569,-0.3376624639444603
71,noMC | F-fooof-asym | z | ENR+time,-0.12128455403176508,-0.3439088652247444
71,noMC | F-fooof-asym | z | SVR,-0.09931905022714638,0.08114262544390738
71,noMC | F-fooof-asym | z | SVR+time,-0.2118986566156429,0.0576331187299164
71,noMC | F-fooof-asym | z | Anchor,-0.44965959589771565,-0.2115256522282943
71,noMC | F-fooof-asym | z | ICP,-0.04840606830707528,-0.18180130338665276
71,noMC | F-fooof-riem | riem | ENR,-0.205387687957171,-0.33763733974795485
71,noMC | F-fooof-riem | riem | ENR+time,-0.22214146575942895,-0.33577045600438093
71,noMC | F-fooof-riem | riem | SVR,-0.34124533713093586,-0.10039856783313689
71,noMC | F-fooof-riem | riem | SVR+time,-0.35990877528781584,-0.2866991567315538
71,noMC | F-fooof-riem | riem | Anchor,-0.37938826981183094,-0.14176252164950803
71,noMC | F-fooof-riem | riem | ICP,-0.049125677476334006,-0.3535982938982373
71,MC | F-fooof-full | none | ENR,-0.033529756886399475,-0.10786213890158536
71,MC | F-fooof-full | none | ENR+time,-0.033529756886399475,-0.10786213890158536
71,MC | F-fooof-full | none | SVR,-0.22631430632664884,-0.15756241107428745
71,MC | F-fooof-full | none | SVR+time,-0.24950132904730626,-0.18225675184245807
71,MC | F-fooof-full | none | Anchor,-0.49700980050661836,-0.22039199634010276
71,MC | F-fooof-full | none | ICP,-0.051855920093387464,-0.3581370134801749
71,MC | F-fooof-full | z | ENR,-0.08188045375303932,-0.24409051190330983
71,MC | F-fooof-full | z | ENR+time,-0.08188045375303932,-0.24409051190330983
71,MC | F-fooof-full | z | SVR,-0.3040608771967872,-0.1437459047098992
71,MC | F-fooof-full | z | SVR+time,-0.2934942844177755,-0.16161222916306023
71,MC | F-fooof-full | z | Anchor,-0.3543753636629494,-0.3402368809448826
71,MC | F-fooof-full | z | ICP,0.012903200350915522,0.1447883607988975
71,MC | F-fooof-aper | none | ENR,-0.1204866336839081,-0.26727669633630435
71,MC | F-fooof-aper | none | ENR+time,-0.051855920093387464,-0.3581370134801749
71,MC | F-fooof-aper | none | SVR,-0.21558649080870418,-0.3568516058433633
71,MC | F-fooof-aper | none | SVR+time,-0.3636030000846733,-0.28088478558091556
71,MC | F-fooof-aper | none | Anchor,-0.13059006274317086,-0.25365576022252645
71,MC | F-fooof-aper | none | ICP,-0.14777419124095115,-0.2523724665888505
71,MC | F-fooof-aper | z | ENR,-0.16772399971521113,-0.3952918706431203
71,MC | F-fooof-aper | z | ENR+time,-0.16387794399916467,-0.39897272503750286
71,MC | F-fooof-aper | z | SVR,-0.22262013932026847,-0.3871558193326343
71,MC | F-fooof-aper | z | SVR+time,-0.24738432231321217,-0.3982653403752332
71,MC | F-fooof-aper | z | Anchor,-0.18817121847644835,-0.3995435039659673
71,MC | F-fooof-aper | z | ICP,-0.17931570000938124,-0.3045902752404902
71,MC | F-fooof-rel | none | ENR,0.019857754824029517,0.1470125253028565
71,MC | F-fooof-rel | none | ENR+time,0.01962550906316418,0.14612656466080332
71,MC | F-fooof-rel | none | SVR,-0.13784867120613864,0.014224138049738554
71,MC | F-fooof-rel | none | SVR+time,-0.14254437552962318,-0.011046223516532432
71,MC | F-fooof-rel | none | Anchor,-0.15650054660123902,-0.01949361491126131
71,MC | F-fooof-rel | none | ICP,-0.051855920093387464,-0.3581370134801749
71,MC | F-fooof-rel | z | ENR,-0.1924735228750507,-0.22605548813821225
71,MC | F-fooof-rel | z | ENR+time,-0.2139543768782668,-0.22307768508462572
71,MC | F-fooof-rel | z | SVR,-0.13318490718453257,-0.09116098677667421
71,MC | F-fooof-rel | z | SVR+time,-0.14515328921082338,-0.0973334869536241
71,MC | F-fooof-rel | z | Anchor,-0.521173014999442,-0.15071817354653577
71,MC | F-fooof-rel | z | ICP,-0.051855920093387464,-0.3581370134801749
71,MC | F-fooof-asym | none | ENR,-0.14162246989128424,-0.34154509746220674
71,MC | F-fooof-asym | none | ENR+time,-0.14793020399452161,-0.3210901252786118
71,MC | F-fooof-asym | none | SVR,-0.2075458129042398,-0.14658484458346696
71,MC | F-fooof-asym | none | SVR+time,-0.2677617586929051,-0.33758344914720556
71,MC | F-fooof-asym | none | Anchor,-0.23845280566017957,-0.3428721060450615
71,MC | F-fooof-asym | none | ICP,-0.07712530794807115,-0.2731917799286202
71,MC | F-fooof-asym | z | ENR,-0.11663820079608467,-0.24282826304893568
71,MC | F-fooof-asym | z | ENR+time,-0.0628890792626926,-0.2988148615602184
71,MC | F-fooof-asym | z | SVR,-0.08375773835292133,-0.088707246740711
71,MC | F-fooof-asym | z | SVR+time,-0.11831118077730607,-0.048794979800438225
71,MC | F-fooof-asym | z | Anchor,-0.17773294339819445,-0.07484485076505967
71,MC | F-fooof-asym | z | ICP,-0.09668140320029672,-0.21869407219664982
71,MC | F-fooof-riem | riem | ENR,-0.07699900433659645,-0.07630198267776381
71,MC | F-fooof-riem | riem | ENR+time,-0.07632372204047067,-0.07560835875297667
71,MC | F-fooof-riem | riem | SVR,-0.19559149523723884,-0.040634078017942006
71,MC | F-fooof-riem | riem | SVR+time,-0.10389184133293128,0.08150372188476837
71,MC | F-fooof-riem | riem | Anchor,-0.2586206346578699,-0.16376496821366063
71,MC | F-fooof-riem | riem | ICP,-0.010206553593462342,-0.012976392274732282
72,noMC | F-fooof-full | none | ENR,-0.06161569204513562,-0.44916857910527014
72,noMC | F-fooof-full | none | ENR+time,-0.06161569204513562,-0.44916857910527014
72,noMC | F-fooof-full | none | SVR,-0.12922949907958525,-0.16772913997601002
72,noMC | F-fooof-full | none | SVR+time,-0.4020751767353601,-0.3880933701728556
72,noMC | F-fooof-full | none | Anchor,-1.0576212815807988,-0.3910606936377963
72,noMC | F-fooof-full | none | ICP,-0.170323778729087,-0.42375100645255814
72,noMC | F-fooof-full | z | ENR,-0.06161569204513562,-0.44916857910526986
72,noMC | F-fooof-full | z | ENR+time,-0.06161569204513562,-0.44916857910526986
72,noMC | F-fooof-full | z | SVR,-0.3729174958752359,-0.3513258836682934
72,noMC | F-fooof-full | z | SVR+time,-0.35746781185468146,-0.3812612768045743
72,noMC | F-fooof-full | z | Anchor,-0.7553845909224934,-0.4494575435891286
72,noMC | F-fooof-full | z | ICP,-0.06132241084939705,-0.18290002649846554
72,noMC | F-fooof-aper | none | ENR,-0.13901459054161447,-0.34944018460640297
72,noMC | F-fooof-aper | none | ENR+time,-0.07595772058874473,-0.4639800226381526
72,noMC | F-fooof-aper | none | SVR,-0.3205826184299887,-0.2498809575480681
72,noMC | F-fooof-aper | none | SVR+time,-0.29065550496110704,-0.35993992691326854
72,noMC | F-fooof-aper | none | Anchor,-0.27530029233675535,-0.3569793383185641
72,noMC | F-fooof-aper | none | ICP,-0.10668480214712117,-0.3451513603945141
72,noMC | F-fooof-aper | z | ENR,-0.07469458469723911,-0.42671923887563734
72,noMC | F-fooof-aper | z | ENR+time,-0.1195935438245197,-0.3598004457060947
72,noMC | F-fooof-aper | z | SVR,-0.1529623184732074,-0.390379758246443
72,noMC | F-fooof-aper | z | SVR+time,-0.24254941754555515,-0.33924320390685786
72,noMC | F-fooof-aper | z | Anchor,-0.26898954163308897,-0.38516329083698364
72,noMC | F-fooof-aper | z | ICP,-0.08638480895830125,-0.39014585049404327
72,noMC | F-fooof-rel | none | ENR,-0.7531028227287397,-0.4310108319240983
72,noMC | F-fooof-rel | none | ENR+time,-0.7346368228304934,-0.4397107259638264
72,noMC | F-fooof-rel | none | SVR,-0.5100150399685195,-0.37995208917682666
72,noMC | F-fooof-rel | none | SVR+time,-0.38043697787699493,-0.4467698642604892
72,noMC | F-fooof-rel | none | Anchor,-0.869163020946885,-0.35838165228985
72,noMC | F-fooof-rel | none | ICP,-0.06161569204513562,-0.44916857910526986
72,noMC | F-fooof-rel | z | ENR,-0.43214312341171257,-0.43901284387768896
72,noMC | F-fooof-rel | z | ENR+time,-0.43133599451066384,-0.43835171792419086
72,noMC | F-fooof-rel | z | SVR,-0.1589400730475441,-0.1452472035128144
72,noMC | F-fooof-rel | z | SVR+time,-0.15024076384380214,-0.15295672811280697
72,noMC | F-fooof-rel | z | Anchor,-1.8756395922978628,-0.169813344355023
72,noMC | F-fooof-rel | z | ICP,-0.05111023455987174,-0.3247540785041091
72,noMC | F-fooof-asym | none | ENR,-0.3018717159557698,-0.4467093362985639
72,noMC | F-fooof-asym | none | ENR+time,-0.3218767711420081,-0.46205931209881357
72,noMC | F-fooof-asym | none | SVR,-0.6194392334331096,-0.4060175011775966
72,noMC | F-fooof-asym | none | SVR+time,-0.5565340720358789,-0.5096571319669072
72,noMC | F-fooof-asym | none | Anchor,-0.2972510851785395,-0.4183505318991043
72,noMC | F-fooof-asym | none | ICP,-0.06161569204513562,-0.44916857910526986
72,noMC | F-fooof-asym | z | ENR,-0.1870626499874697,-0.4608400407690137
72,noMC | F-fooof-asym | z | ENR+time,-0.18887576010324736,-0.46289977217607925
72,noMC | F-fooof-asym | z | SVR,-0.18620420401509907,-0.178545364689281
72,noMC | F-fooof-asym | z | SVR+time,-0.14169770268316828,-0.051190971368368136
72,noMC | F-fooof-asym | z | Anchor,-1.2929656566577568,-0.37432120422627735
72,noMC | F-fooof-asym | z | ICP,-0.05294396449091732,-0.22152992976493785
72,noMC | F-fooof-riem | riem | ENR,-0.08239293526526725,-0.3080840148763412
72,noMC | F-fooof-riem | riem | ENR+time,-0.08119065673481796,-0.3059850850492875
72,noMC | F-fooof-riem | riem | SVR,-0.19136049658693133,-0.12185987224990219
72,noMC | F-fooof-riem | riem | SVR+time,-0.19903104508894898,-0.19858232552541433
72,noMC | F-fooof-riem | riem | Anchor,-1.7162563109207634,-0.3947407367694011
72,noMC | F-fooof-riem | riem | ICP,-0.06161569204513562,-0.44916857910526986
72,MC | F-fooof-full | none | ENR,-0.06659261504759462,-0.45544901488883804
72,MC | F-fooof-full | none | ENR+time,-0.06659261504759462,-0.45544901488883804
72,MC | F-fooof-full | none | SVR,-0.07825484327883347,-0.03720314830780597
72,MC | F-fooof-full | none | SVR+time,-0.15951597572189913,-0.21849744711121627
72,MC | F-fooof-full | none | Anchor,-0.6168457166377399,-0.4317799557860902
72,MC | F-fooof-full | none | ICP,-0.25523155936179,-0.4546423276060848
72,MC | F-fooof-full | z | ENR,-0.12065504820880424,-0.4895387750437763
72,MC | F-fooof-full | z | ENR+time,-0.12065504820880424,-0.4895387750437763
72,MC | F-fooof-full | z | SVR,-0.5011614565925091,-0.4578730736589033
72,MC | F-fooof-full | z | SVR+time,-0.5026094938393506,-0.46713363637346944
72,MC | F-fooof-full | z | Anchor,-0.578257810612381,-0.4153224765849562
72,MC | F-fooof-full | z | ICP,-0.055155334305084125,-0.43074267567454516
72,MC | F-fooof-aper | none | ENR,-0.17261560714779,-0.3539082531343095
72,MC | F-fooof-aper | none | ENR+time,-0.08983138983045924,-0.4491413414958527
72,MC | F-fooof-aper | none | SVR,-0.2702288372182473,-0.25677827717643137
72,MC | F-fooof-aper | none | SVR+time,-0.42214916008014836,-0.36081134897489864
72,MC | F-fooof-aper | none | Anchor,-0.23877876718164015,-0.3858993266080808
72,MC | F-fooof-aper | none | ICP,-0.1669178798940576,-0.3009578464822524
72,MC | F-fooof-aper | z | ENR,-0.06659261504759462,-0.455449014888838
72,MC | F-fooof-aper | z | ENR+time,-0.06659261504759462,-0.455449014888838
72,MC | F-fooof-aper | z | SVR,-0.16654366253610475,-0.4339572591311316
72,MC | F-fooof-aper | z | SVR+time,-0.19477586502049182,-0.3989702459503267
72,MC | F-fooof-aper | z | Anchor,-0.22959966503755358,-0.3938222871417584
72,MC | F-fooof-aper | z | ICP,-0.06659261504759462,-0.455449014888838
72,MC | F-fooof-rel | none | ENR,-0.10857964504457729,-0.4986032076162852
72,MC | F-fooof-rel | none | ENR+time,-0.10857964504457729,-0.4986032076162852
72,MC | F-fooof-rel | none | SVR,-0.3992743676619015,-0.5336858629305508
72,MC | F-fooof-rel | none | SVR+time,-0.4478996292783648,-0.5517515643530988
72,MC | F-fooof-rel | none | Anchor,-0.6821621647620801,-0.47430984787507835
72,MC | F-fooof-rel | none | ICP,-0.1990174698725995,-0.4506303651557045
72,MC | F-fooof-rel | z | ENR,-0.13758273988181902,-0.5361145351391464
72,MC | F-fooof-rel | z | ENR+time,-0.13758273988181902,-0.5361145351391464
72,MC | F-fooof-rel | z | SVR,-0.2533838891479787,-0.30334203051903497
72,MC | F-fooof-rel | z | SVR+time,-0.32164330908300465,-0.41267935486008833
72,MC | F-fooof-rel | z | Anchor,-0.7407190810497997,-0.4581584923267984
72,MC | F-fooof-rel | z | ICP,-0.07377119551170819,-0.4589703616234589
72,MC | F-fooof-asym | none | ENR,-0.30226001388932655,-0.4925139129969566
72,MC | F-fooof-asym | none | ENR+time,-0.29619340742229405,-0.5064652231545312
72,MC | F-fooof-asym | none | SVR,-0.45878408093411127,-0.5142769425476111
72,MC | F-fooof-asym | none | SVR+time,-0.4604929375951543,-0.5505532246044922
72,MC | F-fooof-asym | none | Anchor,-0.3181604854029094,-0.4835618176670221
72,MC | F-fooof-asym | none | ICP,-0.11303406453660703,-0.35301763494311467
72,MC | F-fooof-asym | z | ENR,-0.4707863620205044,-0.4557068810054046
72,MC | F-fooof-asym | z | ENR+time,-0.1849058750723882,-0.49440868782588976
72,MC | F-fooof-asym | z | SVR,-0.17832331430810933,-0.21468259493897834
72,MC | F-fooof-asym | z | SVR+time,-0.12134481433185007,-0.07431170091104516
72,MC | F-fooof-asym | z | Anchor,-0.8235279319673898,-0.41577046783664184
72,MC | F-fooof-asym | z | ICP,-0.09632169252160194,-0.177106199872692
72,MC | F-fooof-riem | riem | ENR,-0.17581159457073325,-0.47298936218391874
72,MC | F-fooof-riem | riem | ENR+time,-0.1688600967414149,-0.4760134886130972
72,MC | F-fooof-riem | riem | SVR,-0.16973481642336807,-0.25907736397234454
72,MC | F-fooof-riem | riem | SVR+time,-0.21187921663372622,-0.3102353778182123
72,MC | F-fooof-riem | riem | Anchor,-1.422196093769509,-0.3472701187211379
72,MC | F-fooof-riem | riem | ICP,-0.059592540877892564,-0.23868551342535663
73,noMC | F-fooof-full | none | ENR,-0.37516184419250376,-0.2737768281043209
73,noMC | F-fooof-full | none | ENR+time,-0.3466147547622662,-0.2716219764327986
73,noMC | F-fooof-full | none | SVR,-0.3160014216138143,-0.15557031102055488
73,noMC | F-fooof-full | none | SVR+time,-0.22685823160333096,-0.08210492765915492
73,noMC | F-fooof-full | none | Anchor,-0.6616905429427993,-0.08757412190254148
73,noMC | F-fooof-full | none | ICP,-0.09146721378624845,-0.16890920946943713
73,noMC | F-fooof-full | z | ENR,-0.04985030525056633,-0.34297382190279635
73,noMC | F-fooof-full | z | ENR+time,-0.04985030525056633,-0.34297382190279635
73,noMC | F-fooof-full | z | SVR,-0.4115715451807367,-0.11643562077268708
73,noMC | F-fooof-full | z | SVR+time,-0.33646169186445785,-0.028221493575362952
73,noMC | F-fooof-full | z | Anchor,-0.27506054087692733,0.13811526915176806
73,noMC | F-fooof-full | z | ICP,-0.07845913329948218,-0.3257814889474685
73,noMC | F-fooof-aper | none | ENR,-0.047124935908078314,-0.35182156358574257
73,noMC | F-fooof-aper | none | ENR+time,-0.047124935908078314,-0.35182156358574257
73,noMC | F-fooof-aper | none | SVR,-0.4789094748475633,-0.38683685659122224
73,noMC | F-fooof-aper | none | SVR+time,-0.47091604458193626,-0.3752629470550851
73,noMC | F-fooof-aper | none | Anchor,-0.09260737268157637,-0.2977469834227888
73,noMC | F-fooof-aper | none | ICP,-0.275929030214193,-0.27164164889347187
73,noMC | F-fooof-aper | z | ENR,-0.07924078643647836,-0.09625142650107063
73,noMC | F-fooof-aper | z | ENR+time,-0.07475663185646586,-0.07859590817254519
73,noMC | F-fooof-aper | z | SVR,-0.16284024572945643,-0.22160418818838346
73,noMC | F-fooof-aper | z | SVR+time,-0.1544281682164066,-0.07179820953912214
73,noMC | F-fooof-aper | z | Anchor,-0.1118855068534792,-0.03048739033114572
73,noMC | F-fooof-aper | z | ICP,-0.047124935908078314,-0.35182156358574235
73,noMC | F-fooof-rel | none | ENR,-0.10078272660642273,-0.31008934633062313
73,noMC | F-fooof-rel | none | ENR+time,-0.05159419134933807,-0.36261202456234476
73,noMC | F-fooof-rel | none | SVR,-0.29638202690863014,-0.2635328177384033
73,noMC | F-fooof-rel | none | SVR+time,-0.2880145135870713,-0.2775687466754931
73,noMC | F-fooof-rel | none | Anchor,-0.8614989672209556,-0.18056938014901897
73,noMC | F-fooof-rel | none | ICP,-0.14006528691930353,-0.28193579509925676
73,noMC | F-fooof-rel | z | ENR,-0.10511287208469144,-0.22340668989735557
73,noMC | F-fooof-rel | z | ENR+time,-0.05405711643232336,-0.35513209969304893
73,noMC | F-fooof-rel | z | SVR,-0.36097994557498736,-0.24127659305940727
73,noMC | F-fooof-rel | z | SVR+time,-0.24155447212686765,-0.2353615504940998
73,noMC | F-fooof-rel | z | Anchor,-2.2813687174384873,-0.1238258668061279
73,noMC | F-fooof-rel | z | ICP,-0.10729459056319413,-0.28438917340981007
73,noMC | F-fooof-asym | none | ENR,-0.0955709263896718,-0.2893606778219046
73,noMC | F-fooof-asym | none | ENR+time,-0.26638113275720077,-0.2319810692058437
73,noMC | F-fooof-asym | none | SVR,-0.4468584969232059,-0.35885900441659324
73,noMC | F-fooof-asym | none | SVR+time,-0.364314838355255,-0.23682968867047585
73,noMC | F-fooof-asym | none | Anchor,-0.6986968236510922,-0.24998898418262688
73,noMC | F-fooof-asym | none | ICP,-0.047124935908078314,-0.35182156358574235
73,noMC | F-fooof-asym | z | ENR,-0.24391277665001287,-0.03250535518667331
73,noMC | F-fooof-asym | z | ENR+time,-0.39606607014333295,-0.002097302856616634
73,noMC | F-fooof-asym | z | SVR,-0.2847494969457818,-0.28364567159259296
73,noMC | F-fooof-asym | z | SVR+time,-0.19957210735006004,-0.16058951466749088
73,noMC | F-fooof-asym | z | Anchor,-0.15687168054880352,-0.2585831797684342
73,noMC | F-fooof-asym | z | ICP,-0.047124935908078314,-0.35182156358574235
73,noMC | F-fooof-riem | riem | ENR,-0.5909152012137793,-0.2690652936985976
73,noMC | F-fooof-riem | riem | ENR+time,-0.4963361729842266,-0.27133091430136297
73,noMC | F-fooof-riem | riem | SVR,-0.433546890982778,-0.30224016479712307
73,noMC | F-fooof-riem | riem | SVR+time,-0.3416739754123126,-0.22898601474579483
73,noMC | F-fooof-riem | riem | Anchor,-1.4802147655677107,-0.21724560993788278
73,noMC | F-fooof-riem | riem | ICP,-0.16421321446887638,-0.1649083536289978
73,MC | F-fooof-full | none | ENR,-0.11078983040337653,-0.18473980882940597
73,MC | F-fooof-full | none | ENR+time,-0.11078983040337653,-0.18473980882940597
73,MC | F-fooof-full | none | SVR,-0.1719235732067128,-0.023895377338906246
73,MC | F-fooof-full | none | SVR+time,-0.10469021041585624,-0.1347610541695165
73,MC | F-fooof-full | none | Anchor,-0.5635617301298921,-0.06769266838411447
73,MC | F-fooof-full | none | ICP,-0.1059612355169981,-0.14293864319952476
73,MC | F-fooof-full | z | ENR,-0.12088370790493363,-0.21873223222352617
73,MC | F-fooof-full | z | ENR+time,-0.06907300184536758,-0.27526697467515576
73,MC | F-fooof-full | z | SVR,-0.25052419965157635,-0.20987602850286846
73,MC | F-fooof-full | z | SVR+time,-0.19673024476366896,-0.22588937872333978
73,MC | F-fooof-full | z | Anchor,-0.4120312299766682,-0.24642483966375453
73,MC | F-fooof-full | z | ICP,-0.07154531838830969,-0.03165135182954838
73,MC | F-fooof-aper | none | ENR,-0.04889934923810868,-0.35258719257918913
73,MC | F-fooof-aper | none | ENR+time,-0.04889934923810868,-0.35258719257918913
73,MC | F-fooof-aper | none | SVR,-0.318116304149868,-0.43604060601950734
73,MC | F-fooof-aper | none | SVR+time,-0.3107608909404871,-0.42417423175049224
73,MC | F-fooof-aper | none | Anchor,-0.08172744633056861,-0.36011233281511046
73,MC | F-fooof-aper | none | ICP,-0.24820520795734646,-0.27580653584269976
73,MC | F-fooof-aper | z | ENR,-0.04889934923810868,-0.35258719257918913
73,MC | F-fooof-aper | z | ENR+time,-0.04889934923810868,-0.35258719257918913
73,MC | F-fooof-aper | z | SVR,-0.17790852337250995,-0.2676344859768561
73,MC | F-fooof-aper | z | SVR+time,-0.1806209027493615,-0.24683845824246547
73,MC | F-fooof-aper | z | Anchor,-0.11838103364413,-0.03570685758918128
73,MC | F-fooof-aper | z | ICP,-0.10302383726719033,-0.2582222231109512
73,MC | F-fooof-rel | none | ENR,-0.11568504916657352,-0.3119316865733209
73,MC | F-fooof-rel | none | ENR+time,-0.19049042266147032,-0.23443291790807336
73,MC | F-fooof-rel | none | SVR,-0.34520701946361276,-0.19461941883994358
73,MC | F-fooof-rel | none | SVR+time,-0.2554773184645933,-0.226456536384811
73,MC | F-fooof-rel | none | Anchor,-0.5547389334673318,-0.10337062959065943
73,MC | F-fooof-rel | none | ICP,-0.1991363895179048,-0.18106053711844144
73,MC | F-fooof-rel | z | ENR,-0.0704583001704806,-0.3284637970385722
73,MC | F-fooof-rel | z | ENR+time,-0.0631756640408978,-0.3416741999689688
73,MC | F-fooof-rel | z | SVR,-0.4128527448422541,-0.24915183224511434
73,MC | F-fooof-rel | z | SVR+time,-0.3137907457354121,-0.25931561141031545
73,MC | F-fooof-rel | z | Anchor,-1.9456845087641907,-0.19412408331351766
73,MC | F-fooof-rel | z | ICP,-0.06835795835656744,-0.33143241433978543
73,MC | F-fooof-asym | none | ENR,-0.13408454255061453,-0.21564933010956322
73,MC | F-fooof-asym | none | ENR+time,-0.2390320218835429,-0.21474742758802312
73,MC | F-fooof-asym | none | SVR,-0.3152126924567211,-0.23067027801220252
73,MC | F-fooof-asym | none | SVR+time,-0.23214146836101457,-0.27434198003335863
73,MC | F-fooof-asym | none | Anchor,-0.21909165448306278,-0.14195901265873898
73,MC | F-fooof-asym | none | ICP,-0.06399807231993893,-0.3743933663523632
73,MC | F-fooof-asym | z | ENR,-0.33175022882679994,-0.14469335406983716
73,MC | F-fooof-asym | z | ENR+time,-0.8216171354350059,-0.006058746393795868
73,MC | F-fooof-asym | z | SVR,-0.18074967302663314,-0.07683222986641133
73,MC | F-fooof-asym | z | SVR+time,-0.21931296604928496,-0.18010241988331993
73,MC | F-fooof-asym | z | Anchor,-0.2988376917842519,-0.2172334161868481
73,MC | F-fooof-asym | z | ICP,-0.04889934923810868,-0.35258719257918913
73,MC | F-fooof-riem | riem | ENR,-0.6914034114592369,-0.252338265317091
73,MC | F-fooof-riem | riem | ENR+time,-0.6060497489953558,-0.2652293650014193
73,MC | F-fooof-riem | riem | SVR,-0.44143342722070855,-0.19646640984550734
73,MC | F-fooof-riem | riem | SVR+time,-0.34675246012444005,-0.2677009515806953
73,MC | F-fooof-riem | riem | Anchor,-1.427125159291002,-0.16679995990016558
73,MC | F-fooof-riem | riem | ICP,-0.15744746377740726,-0.013166624310529201
74,noMC | F-fooof-full | none | ENR,-0.10800198690569496,-0.18745303101106356
74,noMC | F-fooof-full | none | ENR+time,-0.10249578925339864,-0.14646151207667504
74,noMC | F-fooof-full | none | SVR,-0.1271325455218948,-0.0025681615109762156
74,noMC | F-fooof-full | none | SVR+time,-0.11563292656286195,-0.012924290189911657
74,noMC | F-fooof-full | none | Anchor,-0.08211142703958374,0.07012563615448617
74,noMC | F-fooof-full | none | ICP,-0.10567625863549779,-0.2069326074966958
74,noMC | F-fooof-full | z | ENR,-0.03969674284320046,-0.21774050801855932
74,noMC | F-fooof-full | z | ENR+time,-0.04154377867743464,-0.21832775435538515
74,noMC | F-fooof-full | z | SVR,-0.14664891825850046,-0.22506725195904798
74,noMC | F-fooof-full | z | SVR+time,-0.16841228783183104,-0.17431285868773247
74,noMC | F-fooof-full | z | Anchor,-0.422223707522029,-0.14061830685277593
74,noMC | F-fooof-full | z | ICP,-0.11039497358890027,-0.008743993587797622
74,noMC | F-fooof-aper | none | ENR,-0.11553696795562418,-0.23700120795635427
74,noMC | F-fooof-aper | none | ENR+time,-0.1269040990941226,-0.12063945437855576
74,noMC | F-fooof-aper | none | SVR,-0.3414027769910577,-0.2368336394624066
74,noMC | F-fooof-aper | none | SVR+time,-0.16116724610008926,-0.10698090365635637
74,noMC | F-fooof-aper | none | Anchor,-0.11467521731439034,0.10339840433727904
74,noMC | F-fooof-aper | none | ICP,-0.06717358422326614,-0.040020410875809445
74,noMC | F-fooof-aper | z | ENR,-0.06448613917122592,-0.16412263305652564
74,noMC | F-fooof-aper | z | ENR+time,-0.07603716240434122,-0.20003379286881295
74,noMC | F-fooof-aper | z | SVR,-0.2465472075533237,-0.13068453158755006
74,noMC | F-fooof-aper | z | SVR+time,-0.35288821029189776,-0.10612122422193805
74,noMC | F-fooof-aper | z | Anchor,-0.12342575089994878,-0.168779168517956
74,noMC | F-fooof-aper | z | ICP,-0.06064422739002451,-0.2318576416182046
74,noMC | F-fooof-rel | none | ENR,-0.010468291263687313,0.0954485678802445
74,noMC | F-fooof-rel | none | ENR+time,-0.2109653278582928,0.02053058608638158
74,noMC | F-fooof-rel | none | SVR,-0.04033458316094718,0.11140494405696821
74,noMC | F-fooof-rel | none | SVR+time,-0.0678249615686668,0.01259301812060897
74,noMC | F-fooof-rel | none | Anchor,-0.16308571755884826,0.029531194743569716
74,noMC | F-fooof-rel | none | ICP,-0.06344767895441761,-0.07316251613923083
74,noMC | F-fooof-rel | z | ENR,-0.02716954478887401,-0.03795830831064461
74,noMC | F-fooof-rel | z | ENR+time,-0.007999362128541243,0.04266536849232086
74,noMC | F-fooof-rel | z | SVR,-0.06787306654629632,-0.04868378124786667
74,noMC | F-fooof-rel | z | SVR+time,0.002068805320399325,0.15515820832411115
74,noMC | F-fooof-rel | z | Anchor,-0.3896747960628082,-0.040111508353565514
74,noMC | F-fooof-rel | z | ICP,-0.08737253547102308,-0.044936979687405496
74,noMC | F-fooof-asym | none | ENR,0.01853562851025581,0.1751415548902739
74,noMC | F-fooof-asym | none | ENR+time,0.05438277074369058,0.23428687692354708
74,noMC | F-fooof-asym | none | SVR,-0.05271298920348144,0.1605360663466603
74,noMC | F-fooof-asym | none | SVR+time,-0.03591288910267232,0.15095235735316967
74,noMC | F-fooof-asym | none | Anchor,-0.06648674760911133,0.02626482020113954
74,noMC | F-fooof-asym | none | ICP,-0.036163328840428166,-0.2512271244797154
74,noMC | F-fooof-asym | z | ENR,0.04246303949464125,0.27919412081078143
74,noMC | F-fooof-asym | z | ENR+time,0.01929420504102064,0.2464781519466557
74,noMC | F-fooof-asym | z | SVR,-0.546704326519422,0.04435678251625144
74,noMC | F-fooof-asym | z | SVR+time,0.0071010831253889295,0.2380976759640221
74,noMC | F-fooof-asym | z | Anchor,0.034010021430275206,0.25084528428973546
74,noMC | F-fooof-asym | z | ICP,-0.02159354307366801,-0.21712874644866517
74,noMC | F-fooof-riem | riem | ENR,-0.20136351448201473,-0.18909834848683751
74,noMC | F-fooof-riem | riem | ENR+time,-0.1484843129245479,-0.19633560451666468
74,noMC | F-fooof-riem | riem | SVR,-0.2346675456825431,-0.23576005829241714
74,noMC | F-fooof-riem | riem | SVR+time,-0.2091442411519291,-0.0687847961232268
74,noMC | F-fooof-riem | riem | Anchor,-0.3305319007904055,-0.1718254678241345
74,noMC | F-fooof-riem | riem | ICP,-0.08620367891085978,-0.19552246615701274
74,MC | F-fooof-full | none | ENR,-0.15759616175183577,-0.19296244019548592
74,MC | F-fooof-full | none | ENR+time,-0.15806691190971667,-0.19692007500260367
74,MC | F-fooof-full | none | SVR,-0.1314706257642182,-0.04761590165179964
74,MC | F-fooof-full | none | SVR+time,-0.13868254267131297,-0.05399395350543158
74,MC | F-fooof-full | none | Anchor,-0.18770803545745607,-0.0007727780140789758
74,MC | F-fooof-full | none | ICP,-0.010807550427383905,0.0652500830505913
74,MC | F-fooof-full | z | ENR,-0.15579111493740783,-0.14395082509323204
74,MC | F-fooof-full | z | ENR+time,-0.17852637085331224,-0.15594585956324922
74,MC | F-fooof-full | z | SVR,-0.15423866473194514,-0.17548779089351102
74,MC | F-fooof-full | z | SVR+time,-0.1426955039750637,-0.07799710446891461
74,MC | F-fooof-full | z | Anchor,-0.17130445864786648,0.003307031853767184
74,MC | F-fooof-full | z | ICP,-0.05908669088935725,-0.21183097383060007
74,MC | F-fooof-aper | none | ENR,-0.14236710270258923,-0.26726565528182655
74,MC | F-fooof-aper | none | ENR+time,-0.134804463678865,-0.2513398697036898
74,MC | F-fooof-aper | none | SVR,-0.27174362776552985,-0.24899287782276572
74,MC | F-fooof-aper | none | SVR+time,-0.14608491544431468,-0.12605961512082087
74,MC | F-fooof-aper | none | Anchor,-0.11659583879479118,0.05324939194611764
74,MC | F-fooof-aper | none | ICP,-0.16634656645667456,-0.12898454648033802
74,MC | F-fooof-aper | z | ENR,-0.048395038729141415,-0.16165201361148857
74,MC | F-fooof-aper | z | ENR+time,-0.04282119272971552,-0.26662619679143196
74,MC | F-fooof-aper | z | SVR,-0.18121922207128804,-0.162491611552006
74,MC | F-fooof-aper | z | SVR+time,-0.22896261897400705,0.027272532258749545
74,MC | F-fooof-aper | z | Anchor,-0.08681260544702418,-0.203054408138314
74,MC | F-fooof-aper | z | ICP,-0.037637318484318616,-0.25139909641970704
74,MC | F-fooof-rel | none | ENR,-0.025706416568565205,0.06266621690063479
74,MC | F-fooof-rel | none | ENR+time,-0.06486931447363031,-0.034912211072481436
74,MC | F-fooof-rel | none | SVR,-0.14079756388467768,-0.004772185501844953
74,MC | F-fooof-rel | none | SVR+time,-0.1570970523401456,0.06713964560830743
74,MC | F-fooof-rel | none | Anchor,-0.09064802452026588,0.07041893612480629
74,MC | F-fooof-rel | none | ICP,-0.02839400268620551,-0.000917982608938165
74,MC | F-fooof-rel | z | ENR,-0.029566253377899532,0.16001920940915615
74,MC | F-fooof-rel | z | ENR+time,-0.03562704216485435,0.1521397767664051
74,MC | F-fooof-rel | z | SVR,-0.031015334521150795,0.10293827863836283
74,MC | F-fooof-rel | z | SVR+time,0.007675902196745743,0.24770414146420708
74,MC | F-fooof-rel | z | Anchor,-2.0244090895613285,0.1984767632742993
74,MC | F-fooof-rel | z | ICP,-0.03883997920071858,-0.18459016878155698
74,MC | F-fooof-asym | none | ENR,0.04963442543957053,0.23582723418667945
74,MC | F-fooof-asym | none | ENR+time,0.058053829822879766,0.24475414319550884
74,MC | F-fooof-asym | none | SVR,-0.022198511066938487,0.21212355187155976
74,MC | F-fooof-asym | none | SVR+time,-0.1472897569258116,0.06276315797916562
74,MC | F-fooof-asym | none | Anchor,-0.04077559483296356,0.10766599565886045
74,MC | F-fooof-asym | none | ICP,-0.02663341627340987,0.05310438902637852
74,MC | F-fooof-asym | z | ENR,0.11127127915062884,0.35455889952880526
74,MC | F-fooof-asym | z | ENR+time,0.10013781306223657,0.32124618342843236
74,MC | F-fooof-asym | z | SVR,0.022988760941594077,0.31087018888362317
74,MC | F-fooof-asym | z | SVR+time,0.024732090734999268,0.262029204994071
74,MC | F-fooof-asym | z | Anchor,0.09962904200945832,0.3163348219581493
74,MC | F-fooof-asym | z | ICP,-0.0482975089657558,0.08632380597310836
74,MC | F-fooof-riem | riem | ENR,-0.1724121248554753,-0.27135102635796504
74,MC | F-fooof-riem | riem | ENR+time,-0.17012664659902743,-0.2680454394080717
74,MC | F-fooof-riem | riem | SVR,-0.15934286667110653,-0.0826728303642072
74,MC | F-fooof-riem | riem | SVR+time,-0.022378405880119523,0.14258871059185102
74,MC | F-fooof-riem | riem | Anchor,-0.29512306465260507,-0.0551706501482014
74,MC | F-fooof-riem | riem | ICP,-0.0882892761408367,-0.06656420472270663
75,noMC | F-fooof-full | none | ENR,-0.03598865404260154,-0.25261172227982415
75,noMC | F-fooof-full | none | ENR+time,-0.03598865404260154,-0.25261172227982415
75,noMC | F-fooof-full | none | SVR,-0.19840690880764988,-0.23178484149400153
75,noMC | F-fooof-full | none | SVR+time,-0.21592528805958833,-0.2277787377689075
75,noMC | F-fooof-full | none | Anchor,-0.4177253001481762,-0.26494361854830734
75,noMC | F-fooof-full | none | ICP,-0.19630847990948563,-0.2634896177412003
75,noMC | F-fooof-full | z | ENR,-0.04459307548863767,-0.25181416932669254
75,noMC | F-fooof-full | z | ENR+time,-0.04459307548863767,-0.25181416932669254
75,noMC | F-fooof-full | z | SVR,-0.11296118368408181,-0.10710619213603126
75,noMC | F-fooof-full | z | SVR+time,-0.1083047984497374,-0.12651512654359026
75,noMC | F-fooof-full | z | Anchor,-0.4668085649019258,-0.22849430249837124
75,noMC | F-fooof-full | z | ICP,-0.07824644363289734,-0.08675553161124039
75,noMC | F-fooof-aper | none | ENR,-0.0744234072300316,-0.1982111456732232
75,noMC | F-fooof-aper | none | ENR+time,-0.06539538413584234,-0.2105416406770907
75,noMC | F-fooof-aper | none | SVR,-0.3591285738362824,-0.25348854634941176
75,noMC | F-fooof-aper | none | SVR+time,-0.2906772158409854,-0.3025527359126786
75,noMC | F-fooof-aper | none | Anchor,-0.2565163216268238,-0.3002798201433386
75,noMC | F-fooof-aper | none | ICP,-0.03598865404260154,-0.25261172227982415
75,noMC | F-fooof-aper | z | ENR,-0.13621187434075965,-0.12773986602633913
75,noMC | F-fooof-aper | z | ENR+time,-0.03598865404260154,-0.25261172227982415
75,noMC | F-fooof-aper | z | SVR,-0.14332450866594137,-0.14196477575262728
75,noMC | F-fooof-aper | z | SVR+time,-0.37324040834317795,-0.18737717671150578
75,noMC | F-fooof-aper | z | Anchor,-0.20254789861611977,-0.16279868658756638
75,noMC | F-fooof-aper | z | ICP,-0.06226518378160062,-0.26937724988781575
75,noMC | F-fooof-rel | none | ENR,-0.09025405672865072,-0.2691853977406258
75,noMC | F-fooof-rel | none | ENR+time,-0.09025405672865072,-0.2691853977406258
75,noMC | F-fooof-rel | none | SVR,-0.25488152616429605,-0.19467743154562583
75,noMC | F-fooof-rel | none | SVR+time,-0.19571501255039303,-0.16642096766845618
75,noMC | F-fooof-rel | none | Anchor,-0.8128959696312006,-0.25120775063453804
75,noMC | F-fooof-rel | none | ICP,-0.16634083835779045,-0.2663729989808926
75,noMC | F-fooof-rel | z | ENR,-0.1392569957278751,-0.23267886253896058
75,noMC | F-fooof-rel | z | ENR+time,-0.09373979955440115,-0.25016387663007145
75,noMC | F-fooof-rel | z | SVR,-0.29505421142748234,-0.07281473065744999
75,noMC | F-fooof-rel | z | SVR+time,-0.20297510154646714,-0.19049343614105774
75,noMC | F-fooof-rel | z | Anchor,-1.3050361298889763,-0.09328169182450564
75,noMC | F-fooof-rel | z | ICP,-0.19367036128055104,-0.22034227731459366
75,noMC | F-fooof-asym | none | ENR,-0.1254026862767974,-0.20768069827850197
75,noMC | F-fooof-asym | none | ENR+time,-0.12392441838609569,-0.20983818349047068
75,noMC | F-fooof-asym | none | SVR,-0.5973232674946491,-0.19159092740075623
75,noMC | F-fooof-asym | none | SVR+time,-0.46600161276261387,-0.17489795715276718
75,noMC | F-fooof-asym | none | Anchor,-0.6947452957126727,-0.23088550986480755
75,noMC | F-fooof-asym | none | ICP,-0.03598865404260154,-0.25261172227982415
75,noMC | F-fooof-asym | z | ENR,-1.3619205450461154,0.010896721909463853
75,noMC | F-fooof-asym | z | ENR+time,-1.2203596919216197,0.008939590438565844
75,noMC | F-fooof-asym | z | SVR,-0.28334380416281624,-0.19108704745931615
75,noMC | F-fooof-asym | z | SVR+time,-0.4650702216621563,-0.26024966226712287
75,noMC | F-fooof-asym | z | Anchor,-1.1696346676227822,0.009679435765082386
75,noMC | F-fooof-asym | z | ICP,-0.03598865404260154,-0.25261172227982415
75,noMC | F-fooof-riem | riem | ENR,-0.06520473541952088,-0.22312247239211527
75,noMC | F-fooof-riem | riem | ENR+time,-0.06520473541952088,-0.22312247239211527
75,noMC | F-fooof-riem | riem | SVR,-0.2971678962403854,-0.2293743683338596
75,noMC | F-fooof-riem | riem | SVR+time,-0.27302769647930125,-0.2998835291539046
75,noMC | F-fooof-riem | riem | Anchor,-0.4267928685020377,-0.20304632035859488
75,noMC | F-fooof-riem | riem | ICP,-0.18705127989749726,-0.19142861382381693
75,MC | F-fooof-full | none | ENR,-0.1787460212046541,-0.08036178894380115
75,MC | F-fooof-full | none | ENR+time,-0.13543529344265548,-0.07841340969701133
75,MC | F-fooof-full | none | SVR,-0.16409699449426185,-0.2283267868910796
75,MC | F-fooof-full | none | SVR+time,-0.2904831015016063,-0.11266418934160884
75,MC | F-fooof-full | none | Anchor,-0.26944279466817145,-0.024073201103141567
75,MC | F-fooof-full | none | ICP,-0.16724767925776907,-0.23929746961252568
75,MC | F-fooof-full | z | ENR,-0.037854158531818394,-0.25301384258328136
75,MC | F-fooof-full | z | ENR+time,-0.037854158531818394,-0.25301384258328136
75,MC | F-fooof-full | z | SVR,-0.03984944588566486,0.08308833495922356
75,MC | F-fooof-full | z | SVR+time,-0.054634962990735,0.01690540525042727
75,MC | F-fooof-full | z | Anchor,-0.27859546951426917,-0.12101667921956005
75,MC | F-fooof-full | z | ICP,-0.05167144425466774,-0.11928965176304439
75,MC | F-fooof-aper | none | ENR,-0.1052216639032546,-0.1867253581694779
75,MC | F-fooof-aper | none | ENR+time,-0.07520851932615069,-0.2114431727322843
75,MC | F-fooof-aper | none | SVR,-0.3453247622090523,-0.28533962045636213
75,MC | F-fooof-aper | none | SVR+time,-0.3182985391949178,-0.29596737605052637
75,MC | F-fooof-aper | none | Anchor,-0.17800104438022446,-0.15721665711162294
75,MC | F-fooof-aper | none | ICP,-0.037870247011917435,-0.25283685543422696
75,MC | F-fooof-aper | z | ENR,-0.037854158531818394,-0.25301384258328136
75,MC | F-fooof-aper | z | ENR+time,-0.037854158531818394,-0.25301384258328136
75,MC | F-fooof-aper | z | SVR,-0.1408045088717773,-0.07426256066559517
75,MC | F-fooof-aper | z | SVR+time,-0.2713358668270365,-0.11797077129476462
75,MC | F-fooof-aper | z | Anchor,-0.05406214759965544,-0.1040355968797112
75,MC | F-fooof-aper | z | ICP,-0.037870247011917435,-0.25283685543422696
75,MC | F-fooof-rel | none | ENR,-0.3496477325460756,-0.23721534435821928
75,MC | F-fooof-rel | none | ENR+time,-0.3652435763481596,-0.24546178052837297
75,MC | F-fooof-rel | none | SVR,-0.25211488693647643,-0.2614725717671801
75,MC | F-fooof-rel | none | SVR+time,-0.22726724984749702,-0.30167428571777516
75,MC | F-fooof-rel | none | Anchor,-0.6782597447094358,-0.24685952421188329
75,MC | F-fooof-rel | none | ICP,-0.17647352130016603,-0.14894191580294283
75,MC | F-fooof-rel | z | ENR,-0.0937433489962638,-0.24836188515896196
75,MC | F-fooof-rel | z | ENR+time,-0.0937433489962638,-0.24836188515896196
75,MC | F-fooof-rel | z | SVR,-0.40438981127751306,-0.15827384312857512
75,MC | F-fooof-rel | z | SVR+time,-0.21298834275813183,-0.23348977890583775
75,MC | F-fooof-rel | z | Anchor,-0.34155829044970076,-0.15793493143226003
75,MC | F-fooof-rel | z | ICP,-0.037870247011917435,-0.25283685543422696
75,MC | F-fooof-asym | none | ENR,-0.1756216489163489,-0.24591097800855227
75,MC | F-fooof-asym | none | ENR+time,-0.07658134639497005,-0.2457964105447727
75,MC | F-fooof-asym | none | SVR,-0.2245218755819236,-0.174733922481087
75,MC | F-fooof-asym | none | SVR+time,-0.16412916004575995,-0.16131273977653432
75,MC | F-fooof-asym | none | Anchor,-0.25361834892900603,-0.2427016145442181
75,MC | F-fooof-asym | none | ICP,-0.037870247011917435,-0.25283685543422696
75,MC | F-fooof-asym | z | ENR,-0.5132686976133891,-0.04692806333017961
75,MC | F-fooof-asym | z | ENR+time,-0.5084611706795927,-0.047414581713614484
75,MC | F-fooof-asym | z | SVR,-0.24891241057549052,-0.0688206322159935
75,MC | F-fooof-asym | z | SVR+time,-0.2979399138820291,-0.18151072202263513
75,MC | F-fooof-asym | z | Anchor,-0.3986914567616566,-0.09558062919785854
75,MC | F-fooof-asym | z | ICP,-0.037870247011917435,-0.25283685543422696
75,MC | F-fooof-riem | riem | ENR,-0.037870247011917435,-0.25283685543422696
75,MC | F-fooof-riem | riem | ENR+time,-0.037870247011917435,-0.25283685543422696
75,MC | F-fooof-riem | riem | SVR,-0.20401714718859032,-0.17939755195633594
75,MC | F-fooof-riem | riem | SVR+time,-0.21793848674497984,-0.23639565465154233
75,MC | F-fooof-riem | riem | Anchor,-0.1663707093240676,-0.16851413677414284
75,MC | F-fooof-riem | riem | ICP,-0.037870247011917435,-0.25283685543422696
76,noMC | F-fooof-full | none | ENR,-0.04776717595328139,-0.3386557639213732
76,noMC | F-fooof-full | none | ENR+time,-0.04776717595328139,-0.3386557639213732
76,noMC | F-fooof-full | none | SVR,-0.30157386905004335,-0.28928712505862286
76,noMC | F-fooof-full | none | SVR+time,-0.289084911827602,-0.2847417002833533
76,noMC | F-fooof-full | none | Anchor,-0.28082867721974125,-0.14756808174709218
76,noMC | F-fooof-full | none | ICP,-0.054393622716493395,-0.37082405213630465
76,noMC | F-fooof-full | z | ENR,-0.26267409216488935,-0.3928972769429183
76,noMC | F-fooof-full | z | ENR+time,-0.2763593399348627,-0.4180226891939509
76,noMC | F-fooof-full | z | SVR,-0.20864665627216583,-0.21200697872650634
76,noMC | F-fooof-full | z | SVR+time,-0.52880049217509,-0.36235553763809725
76,noMC | F-fooof-full | z | Anchor,-0.6325335139001664,-0.17150333599403617
76,noMC | F-fooof-full | z | ICP,-0.04978287501540257,-0.06973645017426618
76,noMC | F-fooof-aper | none | ENR,-0.11284496566591651,-0.2679826563788266
76,noMC | F-fooof-aper | none | ENR+time,-0.10629372162240092,-0.27437882207849823
76,noMC | F-fooof-aper | none | SVR,-0.26785577327807064,-0.37241915468621994
76,noMC | F-fooof-aper | none | SVR+time,-0.32400636852227604,-0.3548611782925387
76,noMC | F-fooof-aper | none | Anchor,-0.11728429907117666,-0.26410454088506075
76,noMC | F-fooof-aper | none | ICP,-0.11745626856047808,-0.281903197205726
76,noMC | F-fooof-aper | z | ENR,-0.1460965208969487,-0.3924455640756924
76,noMC | F-fooof-aper | z | ENR+time,-0.13253677244178652,-0.4016501098934696
76,noMC | F-fooof-aper | z | SVR,-0.14635960914177337,-0.292008233456366
76,noMC | F-fooof-aper | z | SVR+time,-0.2338509238329738,-0.3323512480026782
76,noMC | F-fooof-aper | z | Anchor,-0.20643474523059724,-0.38358715318668307
76,noMC | F-fooof-aper | z | ICP,-0.1440101962691962,-0.3940473488320172
76,noMC | F-fooof-rel | none | ENR,-0.06923071356101129,-0.07743084746406534
76,noMC | F-fooof-rel | none | ENR+time,-0.10136995078563604,-0.09662465232676641
76,noMC | F-fooof-rel | none | SVR,-0.13753581105922863,-0.07065394892883908
76,noMC | F-fooof-rel | none | SVR+time,-0.16085288437842138,-0.19960012394378412
76,noMC | F-fooof-rel | none | Anchor,-0.07904165264441443,0.08881252766200748
76,noMC | F-fooof-rel | none | ICP,-0.054393622716493395,-0.37082405213630465
76,noMC | F-fooof-rel | z | ENR,-0.17102548006664864,-0.2491574603158329
76,noMC | F-fooof-rel | z | ENR+time,-0.22093793989107668,-0.25907709318295846
76,noMC | F-fooof-rel | z | SVR,-0.3757757927625165,-0.2858945764790417
76,noMC | F-fooof-rel | z | SVR+time,-0.12324008306550094,-0.17804579627211117
76,noMC | F-fooof-rel | z | Anchor,-0.8704616219494647,0.148657582362128
76,noMC | F-fooof-rel | z | ICP,-0.05266715495871743,-0.36450270337036716
76,noMC | F-fooof-asym | none | ENR,-0.1808031873947673,-0.26864718095240014
76,noMC | F-fooof-asym | none | ENR+time,-0.21488828416035033,-0.26198607805016505
76,noMC | F-fooof-asym | none | SVR,-0.10652129640229857,-0.01652388388290226
76,noMC | F-fooof-asym | none | SVR+time,-0.30090500400337694,-0.2603481175348443
76,noMC | F-fooof-asym | none | Anchor,-0.16640701251654022,-0.12236392676922862
76,noMC | F-fooof-asym | none | ICP,-0.054393622716493395,-0.37082405213630465
76,noMC | F-fooof-asym | z | ENR,-0.1806446141643181,-0.22649962960887826
76,noMC | F-fooof-asym | z | ENR+time,-0.19615024118343416,-0.29599113835439184
76,noMC | F-fooof-asym | z | SVR,-0.01903710017240212,0.19866583699954482
76,noMC | F-fooof-asym | z | SVR+time,-0.08675455718684733,0.14514780704461747
76,noMC | F-fooof-asym | z | Anchor,0.11531071356727829,0.3491806437745508
76,noMC | F-fooof-asym | z | ICP,-0.04681988083081601,-0.1326019473928618
76,noMC | F-fooof-riem | riem | ENR,-0.09835826894259592,-0.2933962698145134
76,noMC | F-fooof-riem | riem | ENR+time,-0.09835826894259592,-0.2933962698145134
76,noMC | F-fooof-riem | riem | SVR,-0.0733824233270417,0.006622402097065161
76,noMC | F-fooof-riem | riem | SVR+time,-0.08936895802383504,-0.01599761255412823
76,noMC | F-fooof-riem | riem | Anchor,-1.35639717280926,-0.03679814622248346
76,noMC | F-fooof-riem | riem | ICP,-0.054393622716493395,-0.37082405213630465
76,MC | F-fooof-full | none | ENR,-0.05103432672012875,-0.255128273656994
76,MC | F-fooof-full | none | ENR+time,-0.05103432672012875,-0.255128273656994
76,MC | F-fooof-full | none | SVR,-0.26652349328088487,-0.22355431577904675
76,MC | F-fooof-full | none | SVR+time,-0.29097317379336873,-0.24555429131040188
76,MC | F-fooof-full | none | Anchor,-0.2964906020399769,-0.08090341474613415
76,MC | F-fooof-full | none | ICP,-0.06002499367689351,-0.3689792776900917
76,MC | F-fooof-full | z | ENR,-0.13825498764149158,-0.0354664829957191
76,MC | F-fooof-full | z | ENR+time,-0.1588902985182461,-0.07775223324449207
76,MC | F-fooof-full | z | SVR,-0.2815658717457006,-0.15203407749551504
76,MC | F-fooof-full | z | SVR+time,-0.2738491968835286,-0.15243584628847415
76,MC | F-fooof-full | z | Anchor,-0.26041096250838613,-0.03876752015859946
76,MC | F-fooof-full | z | ICP,-0.09196547913739406,0.12589230836769327
76,MC | F-fooof-aper | none | ENR,-0.11348407381684122,-0.269332920617579
76,MC | F-fooof-aper | none | ENR+time,-0.060714057725300696,-0.3775864805078698
76,MC | F-fooof-aper | none | SVR,-0.22410077804521933,-0.30411343767011745
76,MC | F-fooof-aper | none | SVR+time,-0.2725562782379496,-0.3542056759939086
76,MC | F-fooof-aper | none | Anchor,-0.16669126196894224,-0.2522060790712468
76,MC | F-fooof-aper | none | ICP,-0.15166553401554284,-0.25450287251208825
76,MC | F-fooof-aper | z | ENR,-0.13380290020604613,-0.38642002307051104
76,MC | F-fooof-aper | z | ENR+time,-0.11471635665296098,-0.39968786018241687
76,MC | F-fooof-aper | z | SVR,-0.20053941342134718,-0.3553294823681169
76,MC | F-fooof-aper | z | SVR+time,-0.22436900557626616,-0.3864916675507334
76,MC | F-fooof-aper | z | Anchor,-0.18256079690862936,-0.37880647878079554
76,MC | F-fooof-aper | z | ICP,-0.13389856194140615,-0.38651997576696795
76,MC | F-fooof-rel | none | ENR,-0.04126378873719161,-0.02814240227164172
76,MC | F-fooof-rel | none | ENR+time,-0.04126378873719161,-0.02814240227164172
76,MC | F-fooof-rel | none | SVR,-0.12020767000700494,-0.04809001993943223
76,MC | F-fooof-rel | none | SVR+time,-0.13492112764602182,-0.05539946984464639
76,MC | F-fooof-rel | none | Anchor,-0.3103303207670962,-0.020947227290441815
76,MC | F-fooof-rel | none | ICP,-0.06571108972527218,-0.2658117892432978
76,MC | F-fooof-rel | z | ENR,-0.3957997317718187,-0.3287171197411539
76,MC | F-fooof-rel | z | ENR+time,-0.3926296813751049,-0.3252737627800657
76,MC | F-fooof-rel | z | SVR,-0.7274508533706292,-0.3016918142097295
76,MC | F-fooof-rel | z | SVR+time,-0.16851004583787965,-0.1454956415520598
76,MC | F-fooof-rel | z | Anchor,-0.9579099436696823,-0.05026419739787576
76,MC | F-fooof-rel | z | ICP,-0.06064490148255519,-0.3771834713708929
76,MC | F-fooof-asym | none | ENR,-0.20056237321238846,-0.31262142440604146
76,MC | F-fooof-asym | none | ENR+time,-0.17275064709680987,-0.3003622716412374
76,MC | F-fooof-asym | none | SVR,-0.2030111058733186,-0.04406463314936399
76,MC | F-fooof-asym | none | SVR+time,-0.222653095821852,-0.2994130184648819
76,MC | F-fooof-asym | none | Anchor,-0.25953337239231744,-0.18222290518274728
76,MC | F-fooof-asym | none | ICP,-0.10866213508552924,-0.2837182783529707
76,MC | F-fooof-asym | z | ENR,-0.44713687028735283,-0.3799129981495596
76,MC | F-fooof-asym | z | ENR+time,-0.2170996975456212,-0.34126549784352944
76,MC | F-fooof-asym | z | SVR,0.0034331114289147813,0.21361732447705142
76,MC | F-fooof-asym | z | SVR+time,-0.12708213413521818,-0.17947754255437942
76,MC | F-fooof-asym | z | Anchor,-0.17204618164372842,-0.05139178750062493
76,MC | F-fooof-asym | z | ICP,-0.06568330904780417,-0.33125027015743425
76,MC | F-fooof-riem | riem | ENR,-0.14583480938836058,-0.11032614052751641
76,MC | F-fooof-riem | riem | ENR+time,-0.14464396724502482,-0.1075716148243242
76,MC | F-fooof-riem | riem | SVR,-0.1456851026456829,-0.07404673235386036
76,MC | F-fooof-riem | riem | SVR+time,-0.18916827075965514,-0.1772496782445482
76,MC | F-fooof-riem | riem | Anchor,-0.19073653745075192,0.03386067091865477
76,MC | F-fooof-riem | riem | ICP,-0.060714057725300696,-0.3775864805078698
77,noMC | F-fooof-full | none | ENR,-0.11165331902863174,-0.29994509106936074
77,noMC | F-fooof-full | none | ENR+time,-0.11165331902863174,-0.29994509106936074
77,noMC | F-fooof-full | none | SVR,-0.2187959233049912,-0.16130136124571007
77,noMC | F-fooof-full | none | SVR+time,-0.187839440478059,-0.08923644387510289
77,noMC | F-fooof-full | none | Anchor,-0.570232545413885,-0.16986883250289062
77,noMC | F-fooof-full | none | ICP,-0.22153366193972301,-0.2684557958206427
77,noMC | F-fooof-full | z | ENR,-0.06836977293158708,-0.3740900215091443
77,noMC | F-fooof-full | z | ENR+time,-0.058396597062378985,-0.40102089284906384
77,noMC | F-fooof-full | z | SVR,-0.2032728565803834,-0.06344456512591007
77,noMC | F-fooof-full | z | SVR+time,-0.22109792005168316,-0.12849954444728567
77,noMC | F-fooof-full | z | Anchor,-0.9531493853082669,-0.3305411913414957
77,noMC | F-fooof-full | z | ICP,-0.04882875239697926,-0.04128927703642755
77,noMC | F-fooof-aper | none | ENR,-0.1817421025373709,-0.34408661507982874
77,noMC | F-fooof-aper | none | ENR+time,-0.12010665327363923,-0.3099161513936105
77,noMC | F-fooof-aper | none | SVR,-0.5552417724621703,-0.17274027730176778
77,noMC | F-fooof-aper | none | SVR+time,-0.35689775382539235,-0.2946601338837639
77,noMC | F-fooof-aper | none | Anchor,-0.27489894564896167,-0.3660565397605445
77,noMC | F-fooof-aper | none | ICP,-0.18860531778315304,-0.2616947698480351
77,noMC | F-fooof-aper | z | ENR,-0.05822729196743115,-0.40817669239213494
77,noMC | F-fooof-aper | z | ENR+time,-0.06425259698209995,-0.4148874379349307
77,noMC | F-fooof-aper | z | SVR,-0.1635823077699885,-0.3915296227850173
77,noMC | F-fooof-aper | z | SVR+time,-0.20437755199853957,-0.3158467473885119
77,noMC | F-fooof-aper | z | Anchor,-0.2665754317765965,-0.37994702509521006
77,noMC | F-fooof-aper | z | ICP,-0.05822729196743115,-0.40817669239213494
77,noMC | F-fooof-rel | none | ENR,-0.05822729196743115,-0.40817669239213494
77,noMC | F-fooof-rel | none | ENR+time,-0.05822729196743115,-0.40817669239213494
77,noMC | F-fooof-rel | none | SVR,-0.1781649379162824,-0.13395622580301206
77,noMC | F-fooof-rel | none | SVR+time,-0.1804569531789093,-0.1331514512300502
77,noMC | F-fooof-rel | none | Anchor,-0.5250040152722948,-0.10596040924473582
77,noMC | F-fooof-rel | none | ICP,-0.12737625584855716,-0.3935105523143444
77,noMC | F-fooof-rel | z | ENR,-0.05822729196743115,-0.40817669239213494
77,noMC | F-fooof-rel | z | ENR+time,-0.05822729196743115,-0.40817669239213494
77,noMC | F-fooof-rel | z | SVR,-0.09599447941888539,0.023976002513177837
77,noMC | F-fooof-rel | z | SVR+time,-0.14128978073137066,-0.1180415346926283
77,noMC | F-fooof-rel | z | Anchor,-2.6612614037845574,0.17009114544792198
77,noMC | F-fooof-rel | z | ICP,-0.03642179750551744,-0.15224546864412875
77,noMC | F-fooof-asym | none | ENR,-0.05822729196743115,-0.40817669239213494
77,noMC | F-fooof-asym | none | ENR+time,-0.05822729196743115,-0.40817669239213494
77,noMC | F-fooof-asym | none | SVR,-0.34847602390059085,-0.39198449614157305
77,noMC | F-fooof-asym | none | SVR+time,-0.34171734792173925,-0.3533044966480001
77,noMC | F-fooof-asym | none | Anchor,-0.19731958336342958,-0.4013106719849215
77,noMC | F-fooof-asym | none | ICP,-0.05822729196743115,-0.40817669239213494
77,noMC | F-fooof-asym | z | ENR,-0.17801521152723332,-0.373416942141777
77,noMC | F-fooof-asym | z | ENR+time,-0.05872980830747809,-0.3827842018636092
77,noMC | F-fooof-asym | z | SVR,-0.08528369866406194,0.004180878351848737
77,noMC | F-fooof-asym | z | SVR+time,-0.10398958737652553,-0.0422799490580797
77,noMC | F-fooof-asym | z | Anchor,-0.4318534275625152,-0.42606791306920133
77,noMC | F-fooof-asym | z | ICP,-0.06352309300599224,-0.2344438882477834
77,noMC | F-fooof-riem | riem | ENR,-0.1450921675426866,-0.196694396243677
77,noMC | F-fooof-riem | riem | ENR+time,-0.1450921675426866,-0.196694396243677
77,noMC | F-fooof-riem | riem | SVR,-0.06420119737938434,0.10513022927008192
77,noMC | F-fooof-riem | riem | SVR+time,-0.12551730418320162,0.016623364337387612
77,noMC | F-fooof-riem | riem | Anchor,-0.2162687824372198,-0.09468316325811718
77,noMC | F-fooof-riem | riem | ICP,-0.05822729196743115,-0.40817669239213494
77,MC | F-fooof-full | none | ENR,-0.07660770299156172,-0.16550466857954682
77,MC | F-fooof-full | none | ENR+time,-0.08511330788914306,-0.16382362477284296
77,MC | F-fooof-full | none | SVR,-0.056827414383718855,0.14099906169369536
77,MC | F-fooof-full | none | SVR+time,-0.14192638157218718,0.008584559247295166
77,MC | F-fooof-full | none | Anchor,-0.5180761481947247,-0.0246939979539183
77,MC | F-fooof-full | none | ICP,-0.11711553104962746,-0.287563864471325
77,MC | F-fooof-full | z | ENR,-0.2817167374085243,-0.21908951678993227
77,MC | F-fooof-full | z | ENR+time,-0.27360902283976274,-0.220884538807101
77,MC | F-fooof-full | z | SVR,-0.30626690905787446,-0.1418438585994536
77,MC | F-fooof-full | z | SVR+time,-0.3368945987985352,-0.22424459278226117
77,MC | F-fooof-full | z | Anchor,-0.21861804778364702,-0.18702773383381652
77,MC | F-fooof-full | z | ICP,-0.05406409932963574,-0.024192979563829438
77,MC | F-fooof-aper | none | ENR,-0.13154880525311818,-0.3098604736632712
77,MC | F-fooof-aper | none | ENR+time,-0.11889142810373987,-0.31071853186264164
77,MC | F-fooof-aper | none | SVR,-0.12995408014684529,-0.017523146374434702
77,MC | F-fooof-aper | none | SVR+time,-0.3073364731348478,-0.24479842376759237
77,MC | F-fooof-aper | none | Anchor,-0.13924494701495083,-0.30512926703717846
77,MC | F-fooof-aper | none | ICP,-0.05556563463617148,-0.4004931086122516
77,MC | F-fooof-aper | z | ENR,-0.05556563463617148,-0.4004931086122516
77,MC | F-fooof-aper | z | ENR+time,-0.058073421748845666,-0.40555931075912227
77,MC | F-fooof-aper | z | SVR,-0.2314670302394577,-0.3894383072198948
77,MC | F-fooof-aper | z | SVR+time,-0.18714259977192116,-0.32857869816996044
77,MC | F-fooof-aper | z | Anchor,-0.17433549389755298,-0.4026521148182023
77,MC | F-fooof-aper | z | ICP,-0.05556563463617148,-0.4004931086122516
77,MC | F-fooof-rel | none | ENR,-0.053351729652550084,-0.36910298173428424
77,MC | F-fooof-rel | none | ENR+time,-0.053351729652550084,-0.36910298173428424
77,MC | F-fooof-rel | none | SVR,-0.1776908082461508,-0.027584283532874634
77,MC | F-fooof-rel | none | SVR+time,-0.1953843074259456,-0.06585609855804728
77,MC | F-fooof-rel | none | Anchor,-0.24699241534874572,-0.15724838879419223
77,MC | F-fooof-rel | none | ICP,-0.09835343369912275,-0.17166689994886075
77,MC | F-fooof-rel | z | ENR,-0.06396801142590491,-0.43116612459289394
77,MC | F-fooof-rel | z | ENR+time,-0.06293208493326086,-0.4311628016892889
77,MC | F-fooof-rel | z | SVR,-0.1361300045198408,-0.07795293262333158
77,MC | F-fooof-rel | z | SVR+time,-0.14825853320203297,-0.08570794442623061
77,MC | F-fooof-rel | z | Anchor,-0.4699335946022509,-0.19943783338769203
77,MC | F-fooof-rel | z | ICP,-0.05416648513171962,-0.39572709418151913
77,MC | F-fooof-asym | none | ENR,-0.05556563463617148,-0.4004931086122516
77,MC | F-fooof-asym | none | ENR+time,-0.05556563463617148,-0.4004931086122516
77,MC | F-fooof-asym | none | SVR,-0.3595211242431733,-0.3827201355696684
77,MC | F-fooof-asym | none | SVR+time,-0.38895466395606837,-0.36636126121619966
77,MC | F-fooof-asym | none | Anchor,-0.20463202328314267,-0.3772136576115488
77,MC | F-fooof-asym | none | ICP,-0.17521276550929632,-0.30162004967223355
77,MC | F-fooof-asym | z | ENR,-0.08747304548336232,-0.21624328758652095
77,MC | F-fooof-asym | z | ENR+time,-0.04688160608230274,-0.36137275154443593
77,MC | F-fooof-asym | z | SVR,-0.15711292526566645,-0.03611277220807897
77,MC | F-fooof-asym | z | SVR+time,-0.19238546430388426,-0.10198125418774573
77,MC | F-fooof-asym | z | Anchor,-0.5741928260545157,-0.2519590638380096
77,MC | F-fooof-asym | z | ICP,-0.30287240705953855,-0.41102413089590417
77,MC | F-fooof-riem | riem | ENR,-0.044711861695123645,0.0030479389816263636
77,MC | F-fooof-riem | riem | ENR+time,-0.07073696549402086,-0.04021773167041274
77,MC | F-fooof-riem | riem | SVR,-0.1766707096480875,-0.12537569748660932
77,MC | F-fooof-riem | riem | SVR+time,-0.23497854116987926,-0.1717104039990383
77,MC | F-fooof-riem | riem | Anchor,-0.22479275179376423,-0.10092501211593831
77,MC | F-fooof-riem | riem | ICP,-0.2754655115514326,-0.22516643925198074
78,noMC | F-fooof-full | none | ENR,-0.04538957648856501,-0.22516186337889477
78,noMC | F-fooof-full | none | ENR+time,-0.04538957648856501,-0.22516186337889477
78,noMC | F-fooof-full | none | SVR,-0.28817388015870105,-0.09451301289923997
78,noMC | F-fooof-full | none | SVR+time,-0.1602952332735308,-0.05751358639908198
78,noMC | F-fooof-full | none | Anchor,-0.356733154733641,-0.20954410453473254
78,noMC | F-fooof-full | none | ICP,-0.0408968424923557,-0.16438229741928878
78,noMC | F-fooof-full | z | ENR,-0.017463099476777044,0.09690417313899116
78,noMC | F-fooof-full | z | ENR+time,-0.08183473630931482,0.03637231451609477
78,noMC | F-fooof-full | z | SVR,-0.36241369416087466,-0.14280774543777547
78,noMC | F-fooof-full | z | SVR+time,-0.17036314303480204,-0.22795799927683857
78,noMC | F-fooof-full | z | Anchor,-0.004323950195882942,0.23548784355860441
78,noMC | F-fooof-full | z | ICP,-0.07480173980319238,-0.10257312726220598
78,noMC | F-fooof-aper | none | ENR,-0.3156293497158287,-0.21353623303185937
78,noMC | F-fooof-aper | none | ENR+time,-0.045864166206684764,-0.22371203349426122
78,noMC | F-fooof-aper | none | SVR,-0.4165372161017782,-0.2501791157299361
78,noMC | F-fooof-aper | none | SVR+time,-0.39367112862363096,-0.25873242809757435
78,noMC | F-fooof-aper | none | Anchor,-0.3515516438546873,-0.2283740981298986
78,noMC | F-fooof-aper | none | ICP,-0.2956885360345616,-0.20959716075058693
78,noMC | F-fooof-aper | z | ENR,0.028162091213840723,0.2547428556221616
78,noMC | F-fooof-aper | z | ENR+time,-0.007787553582671025,0.189398567067898
78,noMC | F-fooof-aper | z | SVR,0.03635719686294836,0.23705324349108464
78,noMC | F-fooof-aper | z | SVR+time,-0.12235547344114717,-0.014114731692901963
78,noMC | F-fooof-aper | z | Anchor,-0.06836475627912564,0.13540011402250868
78,noMC | F-fooof-aper | z | ICP,-0.10011456555131826,-0.06638339069779423
78,noMC | F-fooof-rel | none | ENR,-0.06592318558521204,-0.26616844115228105
78,noMC | F-fooof-rel | none | ENR+time,-0.06471988029282394,-0.2742641752815034
78,noMC | F-fooof-rel | none | SVR,-0.32225960248500196,-0.32395071111286605
78,noMC | F-fooof-rel | none | SVR+time,-0.2727207114770793,-0.26899529741211115
78,noMC | F-fooof-rel | none | Anchor,-0.2335701703974915,-0.24956685701502754
78,noMC | F-fooof-rel | none | ICP,-0.0361768224032748,-0.2555928845223039
78,noMC | F-fooof-rel | z | ENR,-0.10061702171240605,-0.24333301307119318
78,noMC | F-fooof-rel | z | ENR+time,-0.036123295793066834,-0.2550062935298102
78,noMC | F-fooof-rel | z | SVR,-0.15180547350889229,-0.2133822774621116
78,noMC | F-fooof-rel | z | SVR+time,-0.09616073378946055,-0.06140070235317841
78,noMC | F-fooof-rel | z | Anchor,-3.6816843395394194,-0.2607039440285741
78,noMC | F-fooof-rel | z | ICP,-0.037893739938292814,-0.1600224188074382
78,noMC | F-fooof-asym | none | ENR,-0.10965843967075006,-0.246923119364381
78,noMC | F-fooof-asym | none | ENR+time,-0.12361556694832898,-0.2515398202147372
78,noMC | F-fooof-asym | none | SVR,-0.3520161447879182,-0.2480947905302608
78,noMC | F-fooof-asym | none | SVR+time,-0.3796391451758523,-0.17219387353341314
78,noMC | F-fooof-asym | none | Anchor,-0.13015573666198788,-0.2198283661090718
78,noMC | F-fooof-asym | none | ICP,-0.0361768224032748,-0.2555928845223039
78,noMC | F-fooof-asym | z | ENR,-0.3527544283703419,-0.33011721579694453
78,noMC | F-fooof-asym | z | ENR+time,-0.19593236319411544,-0.24551571195472555
78,noMC | F-fooof-asym | z | SVR,-0.434664414142343,-0.2697334374813524
78,noMC | F-fooof-asym | z | SVR+time,-0.22017201439092027,-0.10679603867710721
78,noMC | F-fooof-asym | z | Anchor,-0.6623712986479016,-0.2595900968706955
78,noMC | F-fooof-asym | z | ICP,-0.06116972993922021,-0.26009010893682605
78,noMC | F-fooof-riem | riem | ENR,-0.27149842606376695,-0.24877386629596346
78,noMC | F-fooof-riem | riem | ENR+time,-0.39241591924107655,-0.24228762475714066
78,noMC | F-fooof-riem | riem | SVR,-0.3316768644482788,-0.21920553051134856
78,noMC | F-fooof-riem | riem | SVR+time,-0.1069103254160384,-0.08683779501674915
78,noMC | F-fooof-riem | riem | Anchor,-0.15679342954627828,-0.10679236853741053
78,noMC | F-fooof-riem | riem | ICP,-0.0759391190502905,-0.23019118722029866
78,MC | F-fooof-full | none | ENR,-0.20598226594604596,-0.20469603695455807
78,MC | F-fooof-full | none | ENR+time,-0.2121567738681447,-0.20577903421731286
78,MC | F-fooof-full | none | SVR,-0.3214510940546116,-0.20770852147438668
78,MC | F-fooof-full | none | SVR+time,-0.24942217522776744,-0.23419191920604693
78,MC | F-fooof-full | none | Anchor,-0.8611822314948063,-0.26139707447920213
78,MC | F-fooof-full | none | ICP,-0.046093449818988885,-0.09143830966297474
78,MC | F-fooof-full | z | ENR,-0.10203293546600611,0.18950917986826502
78,MC | F-fooof-full | z | ENR+time,-0.16886457665793198,0.009951896033063973
78,MC | F-fooof-full | z | SVR,-0.2134879986127558,-0.12115501398714681
78,MC | F-fooof-full | z | SVR+time,-0.21562582488003024,-0.15928466647155962
78,MC | F-fooof-full | z | Anchor,-0.5234755096504133,0.1712254084076113
78,MC | F-fooof-full | z | ICP,-0.03924632496906977,-0.033180519540600945
78,MC | F-fooof-aper | none | ENR,-0.5079460100187647,-0.22206093241595648
78,MC | F-fooof-aper | none | ENR+time,-0.4674070078845518,-0.21798878414727452
78,MC | F-fooof-aper | none | SVR,-0.48670053052687656,-0.213978150735415
78,MC | F-fooof-aper | none | SVR+time,-0.48828221886671286,-0.21247179528377608
78,MC | F-fooof-aper | none | Anchor,-0.5750718409513573,-0.2292719779054169
78,MC | F-fooof-aper | none | ICP,-0.3194247064602016,-0.20607664316580435
78,MC | F-fooof-aper | z | ENR,-0.0195730271885608,0.15302319957523103
78,MC | F-fooof-aper | z | ENR+time,0.008684048014612533,0.21201608016765072
78,MC | F-fooof-aper | z | SVR,-0.0766045723439277,0.10884710562262817
78,MC | F-fooof-aper | z | SVR+time,-0.0012715190786167785,0.21738959946139033
78,MC | F-fooof-aper | z | Anchor,-0.08019211719454922,0.07461460678288051
78,MC | F-fooof-aper | z | ICP,0.010131949032962884,0.15527306313121225
78,MC | F-fooof-rel | none | ENR,-0.05891642007073328,-0.19462972660163125
78,MC | F-fooof-rel | none | ENR+time,-0.06708843244975293,-0.2294015049325119
78,MC | F-fooof-rel | none | SVR,-0.3095141012677669,-0.33458267388061763
78,MC | F-fooof-rel | none | SVR+time,-0.28703781252985294,-0.30504325906469465
78,MC | F-fooof-rel | none | Anchor,-0.3207162086404034,-0.2509681362819801
78,MC | F-fooof-rel | none | ICP,-0.1502026752558714,-0.15008030124397254
78,MC | F-fooof-rel | z | ENR,-0.07203626045421951,-0.23680727474139646
78,MC | F-fooof-rel | z | ENR+time,-0.10125633214439955,-0.26109414209586296
78,MC | F-fooof-rel | z | SVR,-0.22800137499032447,-0.2577870879853533
78,MC | F-fooof-rel | z | SVR+time,-0.10033231597233572,-0.07848214314242745
78,MC | F-fooof-rel | z | Anchor,-1.242207522510292,-0.2839789602104353
78,MC | F-fooof-rel | z | ICP,-0.05550030806982731,-0.22648521823188034
78,MC | F-fooof-asym | none | ENR,-0.1078045471751734,-0.20962113672406313
78,MC | F-fooof-asym | none | ENR+time,-0.1421664069656834,-0.2380418082872386
78,MC | F-fooof-asym | none | SVR,-0.8930185885771189,-0.23163405624523806
78,MC | F-fooof-asym | none | SVR+time,-0.2545445345785282,-0.18231669122441901
78,MC | F-fooof-asym | none | Anchor,-0.15231747823151354,-0.1094149707205026
78,MC | F-fooof-asym | none | ICP,-0.038678201208135254,-0.25900721372449126
78,MC | F-fooof-asym | z | ENR,-0.12070992048615659,-0.3283375052863169
78,MC | F-fooof-asym | z | ENR+time,-0.14978460507861135,-0.2328417415783705
78,MC | F-fooof-asym | z | SVR,-0.34433313633130114,-0.28183677718271344
78,MC | F-fooof-asym | z | SVR+time,-0.18499735548550933,-0.09717556785338463
78,MC | F-fooof-asym | z | Anchor,-0.2356797038255578,-0.04584516627340972
78,MC | F-fooof-asym | z | ICP,-0.006015641389639281,0.1215338117612079
78,MC | F-fooof-riem | riem | ENR,-0.2291000703831645,-0.24357250082633158
78,MC | F-fooof-riem | riem | ENR+time,-0.36789570081007295,-0.243315429831721
78,MC | F-fooof-riem | riem | SVR,-0.27921365974716705,-0.1843919836572157
78,MC | F-fooof-riem | riem | SVR+time,-0.12099995719448597,-0.08439885446467854
78,MC | F-fooof-riem | riem | Anchor,-0.4445027130462891,-0.2356408232923471
78,MC | F-fooof-riem | riem | ICP,-0.03766322936163946,-0.18358074531433344
79,noMC | F-fooof-full | none | ENR,-0.03888718724859053,-0.28633419592103115
79,noMC | F-fooof-full | none | ENR+time,-0.03888718724859053,-0.28633419592103115
79,noMC | F-fooof-full | none | SVR,-0.06519944774771025,0.13044296195154667
79,noMC | F-fooof-full | none | SVR+time,-0.043272848817410114,0.024029078067404612
79,noMC | F-fooof-full | none | Anchor,-0.23909142121128446,-0.41522875544772275
79,noMC | F-fooof-full | none | ICP,-0.03888718724859053,-0.28633419592103115
79,noMC | F-fooof-full | z | ENR,-0.042977793495269756,-0.30001189948366647
79,noMC | F-fooof-full | z | ENR+time,-0.042977793495269756,-0.30001189948366647
79,noMC | F-fooof-full | z | SVR,-0.028946870609444675,0.09057218295739991
79,noMC | F-fooof-full | z | SVR+time,-0.01760786406842918,0.12396575684014838
79,noMC | F-fooof-full | z | Anchor,-1.1731666948927142,-0.20368400177943316
79,noMC | F-fooof-full | z | ICP,-0.05308727173637595,-0.10109851147858845
79,noMC | F-fooof-aper | none | ENR,-0.03888718724859053,-0.28633419592103115
79,noMC | F-fooof-aper | none | ENR+time,-0.03888718724859053,-0.28633419592103115
79,noMC | F-fooof-aper | none | SVR,-0.32721948337509343,-0.1948793816913394
79,noMC | F-fooof-aper | none | SVR+time,-0.32499997892499843,-0.22935377918292774
79,noMC | F-fooof-aper | none | Anchor,-0.28033105385929824,-0.2931130439893556
79,noMC | F-fooof-aper | none | ICP,-0.03888718724859053,-0.28633419592103115
79,noMC | F-fooof-aper | z | ENR,-0.03888718724859053,-0.28633419592103115
79,noMC | F-fooof-aper | z | ENR+time,-0.03888718724859053,-0.28633419592103115
79,noMC | F-fooof-aper | z | SVR,-0.12383835787391262,-0.08598812873510431
79,noMC | F-fooof-aper | z | SVR+time,-0.1615097996243977,-0.0745971434481914
79,noMC | F-fooof-aper | z | Anchor,-0.1485791664535323,-0.1063374673898228
79,noMC | F-fooof-aper | z | ICP,-0.03888718724859053,-0.28633419592103115
79,noMC | F-fooof-rel | none | ENR,-0.09694499277429358,-0.3564787821229033
79,noMC | F-fooof-rel | none | ENR+time,-0.09741231085313728,-0.37062423195250227
79,noMC | F-fooof-rel | none | SVR,-0.13176653424468832,-0.08852427818570728
79,noMC | F-fooof-rel | none | SVR+time,-0.13187910953925042,-0.15926693367276173
79,noMC | F-fooof-rel | none | Anchor,-0.1508054834086361,-0.15701769415521957
79,noMC | F-fooof-rel | none | ICP,-0.15415142971246176,-0.27217462507718293
79,noMC | F-fooof-rel | z | ENR,-0.08844518004967106,-0.2208475610959108
79,noMC | F-fooof-rel | z | ENR+time,-0.08930409159070418,-0.22824386408521435
79,noMC | F-fooof-rel | z | SVR,-0.04736545284345284,-0.0015883478179689603
79,noMC | F-fooof-rel | z | SVR+time,-0.05626817100687642,0.0036828179170498403
79,noMC | F-fooof-rel | z | Anchor,-0.24557506113494898,-0.15876717628259707
79,noMC | F-fooof-rel | z | ICP,-0.03453770454899341,-0.04423188409520461
79,noMC | F-fooof-asym | none | ENR,-0.0667759518756108,-0.19586498481160325
79,noMC | F-fooof-asym | none | ENR+time,-0.06535921241277887,-0.22458622155490524
79,noMC | F-fooof-asym | none | SVR,-0.25323365800430375,-0.18246627195696546
79,noMC | F-fooof-asym | none | SVR+time,-0.21293221385102812,-0.17771800612804106
79,noMC | F-fooof-asym | none | Anchor,-0.17624667239509662,-0.17216632534492143
79,noMC | F-fooof-asym | none | ICP,-0.03859565720338032,-0.10197232805410877
79,noMC | F-fooof-asym | z | ENR,-0.06058017522045267,-0.16593245083410785
79,noMC | F-fooof-asym | z | ENR+time,-0.05103057379109033,-0.19862173903305216
79,noMC | F-fooof-asym | z | SVR,-0.1253844616898645,-0.0665200812541006
79,noMC | F-fooof-asym | z | SVR+time,-0.24524697423135589,-0.07572674089280423
79,noMC | F-fooof-asym | z | Anchor,-3.3136193391371283,-0.0989903939333611
79,noMC | F-fooof-asym | z | ICP,-0.03888718724859053,-0.28633419592103115
79,noMC | F-fooof-riem | riem | ENR,-0.09960444424787673,-0.1677057478687921
79,noMC | F-fooof-riem | riem | ENR+time,-0.09239949724399077,-0.1657036314164222
79,noMC | F-fooof-riem | riem | SVR,-0.2375341728948499,-0.12633755376782882
79,noMC | F-fooof-riem | riem | SVR+time,-0.13501018462979975,-0.06350812800483771
79,noMC | F-fooof-riem | riem | Anchor,-0.13221432580515557,0.08498345123044132
79,noMC | F-fooof-riem | riem | ICP,-0.056791908349988596,-0.22465342752943446
79,MC | F-fooof-full | none | ENR,-0.04275729259317829,-0.29369182408611016
79,MC | F-fooof-full | none | ENR+time,-0.04275729259317829,-0.29369182408611016
79,MC | F-fooof-full | none | SVR,-0.03957733697547838,0.11023791098145735
79,MC | F-fooof-full | none | SVR+time,-0.05965359848038809,0.043054918800583805
79,MC | F-fooof-full | none | Anchor,-0.061689880342089554,0.02904810902667684
79,MC | F-fooof-full | none | ICP,-0.044515004399370284,-0.15354607555663327
79,MC | F-fooof-full | z | ENR,-0.040400785409049345,-0.2398311906448541
79,MC | F-fooof-full | z | ENR+time,-0.04325443023264963,-0.25531458996587897
79,MC | F-fooof-full | z | SVR,-0.012982837675349579,0.19822389115605427
79,MC | F-fooof-full | z | SVR+time,0.03786494325552914,0.23330829667015363
79,MC | F-fooof-full | z | Anchor,-0.1674345648427149,-0.1308575272849969
79,MC | F-fooof-full | z | ICP,0.02380706592921067,0.17000419643829884
79,MC | F-fooof-aper | none | ENR,-0.08565159691139623,-0.28710091303611907
79,MC | F-fooof-aper | none | ENR+time,-0.04167903801757267,-0.2878263361813953
79,MC | F-fooof-aper | none | SVR,-0.33008864993421616,-0.27586371323323033
79,MC | F-fooof-aper | none | SVR+time,-0.2967066309560662,-0.24196771660161628
79,MC | F-fooof-aper | none | Anchor,-0.12739976103451212,-0.2743648046246923
79,MC | F-fooof-aper | none | ICP,-0.12785026316675419,-0.27305571553115254
79,MC | F-fooof-aper | z | ENR,-0.04167903801757267,-0.2878263361813953
79,MC | F-fooof-aper | z | ENR+time,-0.04167903801757267,-0.2878263361813953
79,MC | F-fooof-aper | z | SVR,-0.08826155689089021,0.0019248533159498434
79,MC | F-fooof-aper | z | SVR+time,-0.15341763327104574,-0.1912279670814347
79,MC | F-fooof-aper | z | Anchor,-0.09822772990051343,-0.02676334148206882
79,MC | F-fooof-aper | z | ICP,-0.04167903801757267,-0.2878263361813953
79,MC | F-fooof-rel | none | ENR,-0.04407847776908902,-0.2859581113230858
79,MC | F-fooof-rel | none | ENR+time,-0.0442737241513953,-0.28628482072716793
79,MC | F-fooof-rel | none | SVR,-0.16426201067984314,-0.1489241328324537
79,MC | F-fooof-rel | none | SVR+time,-0.19041786096629454,-0.21087505082561764
79,MC | F-fooof-rel | none | Anchor,-0.10966008678946837,-0.024787554011070252
79,MC | F-fooof-rel | none | ICP,-0.0023983764032153854,0.03847147473484245
79,MC | F-fooof-rel | z | ENR,-0.2221135234512932,-0.06999973143681035
79,MC | F-fooof-rel | z | ENR+time,-0.04543334846746849,-0.2929732325339212
79,MC | F-fooof-rel | z | SVR,-0.11384236914901003,-0.046560307973651655
79,MC | F-fooof-rel | z | SVR+time,-0.060577443808843334,0.02035993448353163
79,MC | F-fooof-rel | z | Anchor,-0.2101964458033483,-0.07356285814190573
79,MC | F-fooof-rel | z | ICP,-0.031939318614470746,-0.08585550387947848
79,MC | F-fooof-asym | none | ENR,-0.10796610723235212,-0.1684168263398811
79,MC | F-fooof-asym | none | ENR+time,-0.07768079080069534,-0.2026519242310171
79,MC | F-fooof-asym | none | SVR,-0.283668332759325,-0.17746081128595365
79,MC | F-fooof-asym | none | SVR+time,-0.3107049646202886,-0.21651608994997384
79,MC | F-fooof-asym | none | Anchor,-0.230419555054437,-0.1044726384310792
79,MC | F-fooof-asym | none | ICP,-0.04167903801757267,-0.2878263361813953
79,MC | F-fooof-asym | z | ENR,-0.1311140669712787,0.008889178857007879
79,MC | F-fooof-asym | z | ENR+time,-0.09478829437047365,-0.05222560363787643
79,MC | F-fooof-asym | z | SVR,-0.17429066501096524,0.08234814785866487
79,MC | F-fooof-asym | z | SVR+time,-0.10104094839276612,0.05178237865089666
79,MC | F-fooof-asym | z | Anchor,-0.3601762165494704,0.12343463226533478
79,MC | F-fooof-asym | z | ICP,-0.01695857376977994,0.1727084627696835
79,MC | F-fooof-riem | riem | ENR,0.014770376596194845,0.2429723686885198
79,MC | F-fooof-riem | riem | ENR+time,0.002950304572378659,0.2291533224932861
79,MC | F-fooof-riem | riem | SVR,-0.07553836006702919,0.03906488170899097
79,MC | F-fooof-riem | riem | SVR+time,-0.07409659953226466,0.016283382496041037
79,MC | F-fooof-riem | riem | Anchor,-0.42584250529759893,0.23131000379013483
79,MC | F-fooof-riem | riem | ICP,-0.047549842012239774,-0.21177402520229338
80,noMC | F-fooof-full | none | ENR,-0.12852419326257225,-0.37632885606776967
80,noMC | F-fooof-full | none | ENR+time,-0.12906430211907227,-0.15085266538985503
80,noMC | F-fooof-full | none | SVR,-0.15125767633343612,-0.1260441379985216
80,noMC | F-fooof-full | none | SVR+time,-0.31670850290455266,-0.1339180243993274
80,noMC | F-fooof-full | none | Anchor,-0.3329095162657256,-0.22150438415257198
80,noMC | F-fooof-full | none | ICP,-0.07004088300636924,-0.14574135926016848
80,noMC | F-fooof-full | z | ENR,-0.08032433426555619,-0.02296604064838597
80,noMC | F-fooof-full | z | ENR+time,-0.08664753081068799,-0.041742872902310574
80,noMC | F-fooof-full | z | SVR,-0.2503638813628193,-0.05757974964206828
80,noMC | F-fooof-full | z | SVR+time,-0.20426565313262635,-0.1290033156199284
80,noMC | F-fooof-full | z | Anchor,-0.21757442427895013,-0.10571042774188086
80,noMC | F-fooof-full | z | ICP,-0.13074408291158446,-0.1887977350037595
80,noMC | F-fooof-aper | none | ENR,-0.2148258214123644,-0.20643327935746464
80,noMC | F-fooof-aper | none | ENR+time,-0.19106819559686583,-0.2063174362800771
80,noMC | F-fooof-aper | none | SVR,-0.3881809927253468,-0.2612641221815673
80,noMC | F-fooof-aper | none | SVR+time,-0.35191984010320065,-0.22155143755059378
80,noMC | F-fooof-aper | none | Anchor,-0.5527725414650726,-0.2654989475898186
80,noMC | F-fooof-aper | none | ICP,-0.20801110495766761,-0.2552137571293839
80,noMC | F-fooof-aper | z | ENR,-0.04998728771077943,-0.04736041561509117
80,noMC | F-fooof-aper | z | ENR+time,-0.03176979691428716,-0.03703451438324183
80,noMC | F-fooof-aper | z | SVR,-0.04140489516811119,0.03692845715925934
80,noMC | F-fooof-aper | z | SVR+time,0.0005150003762709465,0.1375970500967073
80,noMC | F-fooof-aper | z | Anchor,-0.12996815026006137,0.044999701796137256
80,noMC | F-fooof-aper | z | ICP,-0.04068800297534336,-0.2699017019851856
80,noMC | F-fooof-rel | none | ENR,-0.16526314973660705,-0.43959072881844075
80,noMC | F-fooof-rel | none | ENR+time,-0.15735896330503052,-0.38009746528271887
80,noMC | F-fooof-rel | none | SVR,-0.44104394861186313,-0.42659333146969175
80,noMC | F-fooof-rel | none | SVR+time,-0.22358369059116834,-0.2648148411312966
80,noMC | F-fooof-rel | none | Anchor,-0.15577049474762172,-0.19947247338769342
80,noMC | F-fooof-rel | none | ICP,-0.04068800297534336,-0.2699017019851856
80,noMC | F-fooof-rel | z | ENR,-0.08512350125363244,-0.2980436602516331
80,noMC | F-fooof-rel | z | ENR+time,-0.05116710223244891,-0.28993701293760177
80,noMC | F-fooof-rel | z | SVR,-0.1568202290211429,-0.18533568651506782
80,noMC | F-fooof-rel | z | SVR+time,-0.16611301770687792,-0.18771542218912907
80,noMC | F-fooof-rel | z | Anchor,-0.43725047373467896,-0.027608694595084003
80,noMC | F-fooof-rel | z | ICP,-0.0884450621422439,-0.08627201631802409
80,noMC | F-fooof-asym | none | ENR,-0.15755365024366075,-0.21769099071223963
80,noMC | F-fooof-asym | none | ENR+time,-0.0987858284577594,-0.2404516525539922
80,noMC | F-fooof-asym | none | SVR,-0.5246487060949256,-0.3241441268068156
80,noMC | F-fooof-asym | none | SVR+time,-0.48078857167369793,-0.1255748857955235
80,noMC | F-fooof-asym | none | Anchor,-0.22481602098634834,-0.1688337443478553
80,noMC | F-fooof-asym | none | ICP,-0.03646524888312319,-0.1883886652499877
80,noMC | F-fooof-asym | z | ENR,-1.2840657350822755,0.035460181902550715
80,noMC | F-fooof-asym | z | ENR+time,-0.09867151117129569,-0.25003213712330774
80,noMC | F-fooof-asym | z | SVR,-0.2511272163700131,-0.31921515382478977
80,noMC | F-fooof-asym | z | SVR+time,-0.2294649076135742,-0.15432713662976608
80,noMC | F-fooof-asym | z | Anchor,-1.5011323638803766,0.05404074651691459
80,noMC | F-fooof-asym | z | ICP,-0.04068800297534336,-0.2699017019851856
80,noMC | F-fooof-riem | riem | ENR,-0.1087924869066661,0.06518308139053351
80,noMC | F-fooof-riem | riem | ENR+time,-0.1303054984861165,0.04667211669866854
80,noMC | F-fooof-riem | riem | SVR,-0.20181477924727753,-0.05052208567564424
80,noMC | F-fooof-riem | riem | SVR+time,-0.22177370603917912,-0.04721739814490747
80,noMC | F-fooof-riem | riem | Anchor,-0.4889360620780907,0.04875414781098945
80,noMC | F-fooof-riem | riem | ICP,-0.04068800297534336,-0.2699017019851856
80,MC | F-fooof-full | none | ENR,-0.17636464988249667,-0.18639175766118976
80,MC | F-fooof-full | none | ENR+time,-0.17559907806527897,-0.1758813191161631
80,MC | F-fooof-full | none | SVR,-0.24399484660768134,-0.15642557939212334
80,MC | F-fooof-full | none | SVR+time,-0.28418450481054136,-0.25384671702600936
80,MC | F-fooof-full | none | Anchor,-0.1558467449356742,0.017908006163565873
80,MC | F-fooof-full | none | ICP,-0.028849454455871282,-0.11532574041910651
80,MC | F-fooof-full | z | ENR,-0.015926973528556543,0.08862968473831917
80,MC | F-fooof-full | z | ENR+time,-0.027639550546978198,0.002685675461101135
80,MC | F-fooof-full | z | SVR,-0.12469691131149929,-0.03467754408203448
80,MC | F-fooof-full | z | SVR+time,-0.12213232386878703,-0.04801084674149743
80,MC | F-fooof-full | z | Anchor,-0.06049030652580134,0.12224907306328475
80,MC | F-fooof-full | z | ICP,-0.06996537435937422,0.03585916368545248
80,MC | F-fooof-aper | none | ENR,-0.28924272425573494,-0.21871541920437448
80,MC | F-fooof-aper | none | ENR+time,-0.2795776199934883,-0.2188119652445206
80,MC | F-fooof-aper | none | SVR,-0.42932199512839153,-0.21366729254698097
80,MC | F-fooof-aper | none | SVR+time,-0.42991175334955267,-0.212447838642641
80,MC | F-fooof-aper | none | Anchor,-0.2902217561916849,-0.21347303732896347
80,MC | F-fooof-aper | none | ICP,-0.04263318559283036,-0.2793017239369183
80,MC | F-fooof-aper | z | ENR,-0.035674026638116585,0.05299026061798511
80,MC | F-fooof-aper | z | ENR+time,-0.03892910813329431,-0.012768454980839634
80,MC | F-fooof-aper | z | SVR,-0.02518288819422998,0.1130487831776927
80,MC | F-fooof-aper | z | SVR+time,0.0075566685661802024,0.1687831973258348
80,MC | F-fooof-aper | z | Anchor,-0.03432541071691575,0.14425442585450074
80,MC | F-fooof-aper | z | ICP,-0.04263318559283036,-0.2793017239369183
80,MC | F-fooof-rel | none | ENR,-0.12399307878896804,-0.4491412774519835
80,MC | F-fooof-rel | none | ENR+time,-0.05808773974093384,-0.382507768888077
80,MC | F-fooof-rel | none | SVR,-0.3472870584243821,-0.3725006711927677
80,MC | F-fooof-rel | none | SVR+time,-0.2081926713908413,-0.2829430717871264
80,MC | F-fooof-rel | none | Anchor,-0.09754693507365375,-0.06958883826344195
80,MC | F-fooof-rel | none | ICP,-0.11835996524493586,-0.024341035579147272
80,MC | F-fooof-rel | z | ENR,-0.05580857970846709,-0.29211560693001887
80,MC | F-fooof-rel | z | ENR+time,-0.05729118292253266,-0.21459503785875708
80,MC | F-fooof-rel | z | SVR,-0.20624902865528805,-0.19787767808374637
80,MC | F-fooof-rel | z | SVR+time,-0.1810340753430557,-0.16868319809915033
80,MC | F-fooof-rel | z | Anchor,-0.1449527368676451,0.03760447198951702
80,MC | F-fooof-rel | z | ICP,-0.037348548670017134,-0.20098053270296434
80,MC | F-fooof-asym | none | ENR,-0.1860500011285633,-0.21356865247095863
80,MC | F-fooof-asym | none | ENR+time,-0.04263318559283036,-0.2793017239369183
80,MC | F-fooof-asym | none | SVR,-0.4110764475556765,-0.31256797046986173
80,MC | F-fooof-asym | none | SVR+time,-0.4159667959650408,-0.14978808118444886
80,MC | F-fooof-asym | none | Anchor,-0.2983383629475145,-0.17071740657615103
80,MC | F-fooof-asym | none | ICP,-0.04263318559283036,-0.2793017239369183
80,MC | F-fooof-asym | z | ENR,-0.25829616771940356,0.009923876612674909
80,MC | F-fooof-asym | z | ENR+time,-0.14533541516897386,-0.051804887133672727
80,MC | F-fooof-asym | z | SVR,-0.9081411959874723,0.014776332642105372
80,MC | F-fooof-asym | z | SVR+time,-0.07400406933728321,-0.02469885289609649
80,MC | F-fooof-asym | z | Anchor,-0.5067186695996269,0.1849798179776802
80,MC | F-fooof-asym | z | ICP,-0.04503487466895506,0.14882021206347545
80,MC | F-fooof-riem | riem | ENR,-0.02018998703296404,0.11776219881229702
80,MC | F-fooof-riem | riem | ENR+time,-0.062345879674558624,-0.14456760083270798
80,MC | F-fooof-riem | riem | SVR,-0.19998328294485135,-0.07128709038637782
80,MC | F-fooof-riem | riem | SVR+time,-0.22538369499277744,-0.09031082804221821
80,MC | F-fooof-riem | riem | Anchor,-0.33757914565117475,0.1445990606657057
80,MC | F-fooof-riem | riem | ICP,-0.03392929811888323,-0.11362675594223562
81,noMC | F-fooof-full | none | ENR,-0.0030368460242520268,0.04963340382745341
81,noMC | F-fooof-full | none | ENR+time,-0.020313717909486773,0.02180974855076282
81,noMC | F-fooof-full | none | SVR,-0.04165427301774205,0.07393469357200774
81,noMC | F-fooof-full | none | SVR+time,-0.27705706427310317,-0.07645646691176639
81,noMC | F-fooof-full | none | Anchor,0.026608882210442775,0.28991482596636237
81,noMC | F-fooof-full | none | ICP,-0.0015503394015319305,0.05698087199631553
81,noMC | F-fooof-full | z | ENR,-0.07772859396887344,-0.03925425284522706
81,noMC | F-fooof-full | z | ENR+time,-0.07992202297453654,-0.11322828241216251
81,noMC | F-fooof-full | z | SVR,-0.16622031051830422,-0.03775158388913
81,noMC | F-fooof-full | z | SVR+time,-0.30212616150138305,-0.08541797456413593
81,noMC | F-fooof-full | z | Anchor,-1.0037688798899542,0.02092647797182949
81,noMC | F-fooof-full | z | ICP,-0.06330893896322265,-0.07368189264156307
81,noMC | F-fooof-aper | none | ENR,-0.031193931333866054,-0.22297304327259482
81,noMC | F-fooof-aper | none | ENR+time,-0.03521060887272354,-0.24997940398920898
81,noMC | F-fooof-aper | none | SVR,-0.3718305698324935,-0.24721594472275987
81,noMC | F-fooof-aper | none | SVR+time,-0.17890803884809903,-0.2265991174032106
81,noMC | F-fooof-aper | none | Anchor,-0.1519139881691316,-0.19636104899770024
81,noMC | F-fooof-aper | none | ICP,-0.031193931333866054,-0.2229730432725947
81,noMC | F-fooof-aper | z | ENR,-0.17736743087841988,-0.25420205920033917
81,noMC | F-fooof-aper | z | ENR+time,-0.043300079219484866,-0.25463661576656743
81,noMC | F-fooof-aper | z | SVR,-0.20266765411082943,-0.2166028226910127
81,noMC | F-fooof-aper | z | SVR+time,-0.22147682990698936,-0.33178960856260675
81,noMC | F-fooof-aper | z | Anchor,-0.2513269101869031,-0.26463095097992995
81,noMC | F-fooof-aper | z | ICP,-0.14691378545521472,-0.2735030727919757
81,noMC | F-fooof-rel | none | ENR,0.08938581130853185,0.3359458347224813
81,noMC | F-fooof-rel | none | ENR+time,0.07693412777398045,0.28202652729485767
81,noMC | F-fooof-rel | none | SVR,0.05206848580728929,0.3044921576435372
81,noMC | F-fooof-rel | none | SVR+time,0.014017332414443806,0.2723084645301981
81,noMC | F-fooof-rel | none | Anchor,0.07093504909144155,0.2801229246466987
81,noMC | F-fooof-rel | none | ICP,-0.03242338783043475,-0.22258865212408377
81,noMC | F-fooof-rel | z | ENR,0.023955495691118545,0.20500132973437332
81,noMC | F-fooof-rel | z | ENR+time,-0.12225078878857731,0.016957834771171
81,noMC | F-fooof-rel | z | SVR,0.04689134384104643,0.23549320781667535
81,noMC | F-fooof-rel | z | SVR+time,-0.07802990538519383,0.030348998109635372
81,noMC | F-fooof-rel | z | Anchor,0.08328897250519574,0.35543172767210296
81,noMC | F-fooof-rel | z | ICP,-0.02697746854285521,-0.08204860428567576
81,noMC | F-fooof-asym | none | ENR,0.08483728006492242,0.29286548706161086
81,noMC | F-fooof-asym | none | ENR+time,0.06535634989441652,0.2562798330343896
81,noMC | F-fooof-asym | none | SVR,0.05949438030466103,0.3013436315394873
81,noMC | F-fooof-asym | none | SVR+time,-0.0042616348107678,0.19773642316911316
81,noMC | F-fooof-asym | none | Anchor,0.000400570795864863,0.2305025611532525
81,noMC | F-fooof-asym | none | ICP,-0.03050237966657643,-0.09679412307758249
81,noMC | F-fooof-asym | z | ENR,0.05163656440427866,0.3045789797190252
81,noMC | F-fooof-asym | z | ENR+time,0.07333589054500034,0.28629692674317136
81,noMC | F-fooof-asym | z | SVR,-0.12861374061088382,0.2744981784502465
81,noMC | F-fooof-asym | z | SVR+time,-0.05207589984340544,0.24197668911618758
81,noMC | F-fooof-asym | z | Anchor,-0.0989459341484955,0.2532374977199258
81,noMC | F-fooof-asym | z | ICP,-0.031137077648636824,-0.23282176780629982
81,noMC | F-fooof-riem | riem | ENR,-0.7615639674352077,0.23197073946448724
81,noMC | F-fooof-riem | riem | ENR+time,-0.007787926089050101,0.10168764043940684
81,noMC | F-fooof-riem | riem | SVR,-0.3138836987573703,0.13139703267486613
81,noMC | F-fooof-riem | riem | SVR+time,-0.3088616822129946,0.11382518955779741
81,noMC | F-fooof-riem | riem | Anchor,-2.250426373832923,0.2639209529744049
81,noMC | F-fooof-riem | riem | ICP,-0.03498114269919639,-0.09834716549022347
81,MC | F-fooof-full | none | ENR,-0.014775744340231878,-0.0005697550385783002
81,MC | F-fooof-full | none | ENR+time,-0.059576379682320324,-0.12195344520681642
81,MC | F-fooof-full | none | SVR,-0.05651052154406133,0.05668126633797153
81,MC | F-fooof-full | none | SVR+time,-0.08565283666920798,-0.023915455158145187
81,MC | F-fooof-full | none | Anchor,-0.14909865662538935,0.2904063519423544
81,MC | F-fooof-full | none | ICP,-0.016803124152392046,-0.021697406734602014
81,MC | F-fooof-full | z | ENR,-0.009876256102974379,0.10680095493348513
81,MC | F-fooof-full | z | ENR+time,-0.05641669714589592,-0.12995135546422826
81,MC | F-fooof-full | z | SVR,-0.1923046238720758,-0.07271313995712006
81,MC | F-fooof-full | z | SVR+time,-0.1983768385029565,-0.1196412209980238
81,MC | F-fooof-full | z | Anchor,-1.2581050249819188,0.168932298394483
81,MC | F-fooof-full | z | ICP,-0.051439073952897596,-0.15142601096326536
81,MC | F-fooof-aper | none | ENR,-0.03357245657030217,-0.22426037733248838
81,MC | F-fooof-aper | none | ENR+time,-0.03358167428436887,-0.22462375744295804
81,MC | F-fooof-aper | none | SVR,-0.35044807554107504,-0.21841894929755967
81,MC | F-fooof-aper | none | SVR+time,-0.15327494253335328,-0.21910680883128114
81,MC | F-fooof-aper | none | Anchor,-0.043314505750539745,-0.1285471157944609
81,MC | F-fooof-aper | none | ICP,-0.10273884921118204,-0.2415051399840351
81,MC | F-fooof-aper | z | ENR,-0.09007432581360764,-0.27556597060496
81,MC | F-fooof-aper | z | ENR+time,-0.03572602927624913,-0.24120381108043715
81,MC | F-fooof-aper | z | SVR,-0.1740484800003974,-0.33854424114897885
81,MC | F-fooof-aper | z | SVR+time,-0.19408834832175126,-0.36528546453902133
81,MC | F-fooof-aper | z | Anchor,-0.27086940981062746,-0.2577362941856382
81,MC | F-fooof-aper | z | ICP,-0.03358167428436887,-0.22462375744295804
81,MC | F-fooof-rel | none | ENR,0.09252644459838766,0.32943907168474523
81,MC | F-fooof-rel | none | ENR+time,0.038301188031728994,0.21145640923193498
81,MC | F-fooof-rel | none | SVR,0.014437908650659192,0.2483746358363198
81,MC | F-fooof-rel | none | SVR+time,-0.02058922893680859,0.16494898222644788
81,MC | F-fooof-rel | none | Anchor,-0.03838061802893589,0.29426050726980046
81,MC | F-fooof-rel | none | ICP,-0.03640547364185598,-0.18911498656766207
81,MC | F-fooof-rel | z | ENR,0.08196919550421544,0.3292634600714217
81,MC | F-fooof-rel | z | ENR+time,0.06177166725931693,0.25846810152165145
81,MC | F-fooof-rel | z | SVR,-0.02790759941079335,0.15622759113496026
81,MC | F-fooof-rel | z | SVR+time,-0.20619651883951473,-0.011090461007496916
81,MC | F-fooof-rel | z | Anchor,-0.2657189637300774,0.28617073112149904
81,MC | F-fooof-rel | z | ICP,-0.03358167428436887,-0.22462375744295804
81,MC | F-fooof-asym | none | ENR,0.05430322746669247,0.24557670225902434
81,MC | F-fooof-asym | none | ENR+time,0.03218374972960325,0.1925989519062826
81,MC | F-fooof-asym | none | SVR,-0.032430120902696924,0.2145321400044055
81,MC | F-fooof-asym | none | SVR+time,-0.12414017378042308,0.029371803864880877
81,MC | F-fooof-asym | none | Anchor,-0.037102376749489796,0.21948059897898176
81,MC | F-fooof-asym | none | ICP,-0.04864622903180771,-0.10952739066252987
81,MC | F-fooof-asym | z | ENR,-0.08542400469499167,0.0724674752605162
81,MC | F-fooof-asym | z | ENR+time,-0.0388626232079865,-0.06991577582096731
81,MC | F-fooof-asym | z | SVR,0.06238400992107718,0.2914015762007182
81,MC | F-fooof-asym | z | SVR+time,0.02440604348554154,0.18742576982342188
81,MC | F-fooof-asym | z | Anchor,-0.06420190982604379,0.23422238672346996
81,MC | F-fooof-asym | z | ICP,-0.025063703270826965,-0.20631709869070852
81,MC | F-fooof-riem | riem | ENR,-0.02319771753251887,0.25847523366336933
81,MC | F-fooof-riem | riem | ENR+time,-0.04771839845928505,-0.14446193129783788
81,MC | F-fooof-riem | riem | SVR,-0.24450295425511026,0.20315145521009864
81,MC | F-fooof-riem | riem | SVR+time,-0.14067172259013483,-0.03444299482820927
81,MC | F-fooof-riem | riem | Anchor,-1.197139908867877,0.24458631407203565
81,MC | F-fooof-riem | riem | ICP,0.012892025126190476,0.14473302210896727
82,noMC | F-fooof-full | none | ENR,-0.07938649962642841,-0.3507578781326337
82,noMC | F-fooof-full | none | ENR+time,-0.25725956951332707,-0.25740728550278597
82,noMC | F-fooof-full | none | SVR,-0.19523233222009706,-0.23104067247072624
82,noMC | F-fooof-full | none | SVR+time,-0.3682085239268147,-0.3347269240160069
82,noMC | F-fooof-full | none | Anchor,-0.27731791030447006,-0.18836434370916544
82,noMC | F-fooof-full | none | ICP,-0.03803948408053537,-0.19134824526900557
82,noMC | F-fooof-full | z | ENR,-0.031453548050176305,-0.24298188051483008
82,noMC | F-fooof-full | z | ENR+time,-0.031453548050176305,-0.24298188051483008
82,noMC | F-fooof-full | z | SVR,-0.06332773583621254,-0.14138933228903297
82,noMC | F-fooof-full | z | SVR+time,-0.05857284026455867,-0.14116634054996263
82,noMC | F-fooof-full | z | Anchor,-0.3142821617125007,-0.2654884672798602
82,noMC | F-fooof-full | z | ICP,-0.08771058736670034,-0.09369546539355689
82,noMC | F-fooof-aper | none | ENR,-0.032045689322329096,-0.23257388882810548
82,noMC | F-fooof-aper | none | ENR+time,-0.032045689322329096,-0.23257388882810548
82,noMC | F-fooof-aper | none | SVR,-0.4217709657925286,-0.32423846000858747
82,noMC | F-fooof-aper | none | SVR+time,-0.3169420379358914,-0.35181024343339085
82,noMC | F-fooof-aper | none | Anchor,-0.19348402776980533,-0.1437162763407943
82,noMC | F-fooof-aper | none | ICP,-0.23201130324228836,-0.1975383193249112
82,noMC | F-fooof-aper | z | ENR,-0.04861683206736811,-0.21317071013167205
82,noMC | F-fooof-aper | z | ENR+time,-0.04635960957450136,-0.1572849820576183
82,noMC | F-fooof-aper | z | SVR,-0.1258550390412403,-0.22239859738610707
82,noMC | F-fooof-aper | z | SVR+time,-0.11792025242378457,-0.22291811969026273
82,noMC | F-fooof-aper | z | Anchor,-0.030144881113473687,0.07640696339250702
82,noMC | F-fooof-aper | z | ICP,-0.032045689322329096,-0.23257388882810548
82,noMC | F-fooof-rel | none | ENR,-0.06993882979722033,0.012631502983225885
82,noMC | F-fooof-rel | none | ENR+time,-0.10346721028690764,-0.10463114459218058
82,noMC | F-fooof-rel | none | SVR,-0.21788226217032491,-0.11942050323665396
82,noMC | F-fooof-rel | none | SVR+time,-0.229968678317932,-0.14336389785098055
82,noMC | F-fooof-rel | none | Anchor,-0.1438920085282267,0.10567309893395005
82,noMC | F-fooof-rel | none | ICP,-0.032045689322329096,-0.23257388882810548
82,noMC | F-fooof-rel | z | ENR,-0.2794325613903854,0.002165056544843176
82,noMC | F-fooof-rel | z | ENR+time,-0.03301197999376826,-0.23775759295086396
82,noMC | F-fooof-rel | z | SVR,-0.0839170041222499,-0.11701179059945052
82,noMC | F-fooof-rel | z | SVR+time,-0.29263216163512507,-0.03932456317433079
82,noMC | F-fooof-rel | z | Anchor,-0.24088139949598308,-0.2004843212288412
82,noMC | F-fooof-rel | z | ICP,-0.050521048052225126,-0.0711764775922145
82,noMC | F-fooof-asym | none | ENR,0.0006994273865418288,0.1297618287939598
82,noMC | F-fooof-asym | none | ENR+time,0.001581972714501334,0.12020975996429625
82,noMC | F-fooof-asym | none | SVR,-0.32368171590856765,-0.050434005180849076
82,noMC | F-fooof-asym | none | SVR+time,-0.15953601441263499,0.06132150027527905
82,noMC | F-fooof-asym | none | Anchor,-0.2741539924217715,0.04901982527237515
82,noMC | F-fooof-asym | none | ICP,-0.07484059277800825,-0.2214161060702765
82,noMC | F-fooof-asym | z | ENR,-0.11479609683737624,-0.23135650157491
82,noMC | F-fooof-asym | z | ENR+time,-0.17915501602845052,-0.2803066432522616
82,noMC | F-fooof-asym | z | SVR,-0.2638176589774326,-0.21744796293387741
82,noMC | F-fooof-asym | z | SVR+time,-0.21426624573480302,-0.08608612405039044
82,noMC | F-fooof-asym | z | Anchor,-0.2094832936341915,-0.21295272832906836
82,noMC | F-fooof-asym | z | ICP,-0.05068208684549336,-0.22550417671652367
82,noMC | F-fooof-riem | riem | ENR,-0.24741707450503791,-0.2149706935124881
82,noMC | F-fooof-riem | riem | ENR+time,-0.27888550607179075,-0.20336823983330554
82,noMC | F-fooof-riem | riem | SVR,-0.21878379020195537,-0.2114303222500972
82,noMC | F-fooof-riem | riem | SVR+time,-0.29468003668878495,-0.21922143059079152
82,noMC | F-fooof-riem | riem | Anchor,-0.927019710270037,-0.07847765889915087
82,noMC | F-fooof-riem | riem | ICP,-0.03296963255063523,-0.0455186085918236
82,MC | F-fooof-full | none | ENR,-0.0945077997281738,-0.3188257931717198
82,MC | F-fooof-full | none | ENR+time,-0.10050050997693383,-0.03821901026612357
82,MC | F-fooof-full | none | SVR,-0.3848338544089833,-0.29056467282059956
82,MC | F-fooof-full | none | SVR+time,-0.3626315249820695,-0.3350414183639161
82,MC | F-fooof-full | none | Anchor,-0.23555059962940095,-0.085621084948992
82,MC | F-fooof-full | none | ICP,-0.10450193328106683,-0.2036131055470175
82,MC | F-fooof-full | z | ENR,-0.06756698728950417,-0.213043047538449
82,MC | F-fooof-full | z | ENR+time,-0.05972732579499729,-0.2196083829154694
82,MC | F-fooof-full | z | SVR,-0.1165442810858266,-0.19263747399304187
82,MC | F-fooof-full | z | SVR+time,-0.1583741066465536,-0.2618656491656839
82,MC | F-fooof-full | z | Anchor,-0.22794529107862727,-0.21670708696858332
82,MC | F-fooof-full | z | ICP,-0.08414469182870632,-0.17925742584433071
82,MC | F-fooof-aper | none | ENR,-0.05266350876717851,-0.19531161871709907
82,MC | F-fooof-aper | none | ENR+time,-0.05266350876717851,-0.19531161871709907
82,MC | F-fooof-aper | none | SVR,-0.4180472946991387,-0.3034500569724026
82,MC | F-fooof-aper | none | SVR+time,-0.2907071294294221,-0.35619485160800557
82,MC | F-fooof-aper | none | Anchor,-0.10240746926703848,-0.1879783048388258
82,MC | F-fooof-aper | none | ICP,-0.21519521701161914,-0.20401884172016646
82,MC | F-fooof-aper | z | ENR,-0.15914800598152468,-0.20079854432887373
82,MC | F-fooof-aper | z | ENR+time,-0.06673199817368025,-0.2146660507555982
82,MC | F-fooof-aper | z | SVR,-0.20115427522307772,-0.21532394817023198
82,MC | F-fooof-aper | z | SVR+time,-0.1391019951187793,-0.2567878623415361
82,MC | F-fooof-aper | z | Anchor,0.007953148555522094,0.1554558655808351
82,MC | F-fooof-aper | z | ICP,-0.1026843855129671,-0.19489715370592967
82,MC | F-fooof-rel | none | ENR,-0.07243718182641912,-0.1557553619528466
82,MC | F-fooof-rel | none | ENR+time,-0.07673101308466124,-0.1679526308877731
82,MC | F-fooof-rel | none | SVR,-0.20084182738603662,-0.11536357564317637
82,MC | F-fooof-rel | none | SVR+time,-0.3114757079169592,-0.24377288155137306
82,MC | F-fooof-rel | none | Anchor,-0.017538812588118846,0.16519998571568462
82,MC | F-fooof-rel | none | ICP,-0.08351663404572784,-0.2593494036889145
82,MC | F-fooof-rel | z | ENR,-0.07905856316880011,-0.12842287812623393
82,MC | F-fooof-rel | z | ENR+time,-0.15799273724378393,-0.2659575809333247
82,MC | F-fooof-rel | z | SVR,-0.4435755440154361,-0.15751996846264207
82,MC | F-fooof-rel | z | SVR+time,-0.23985133046228313,-0.14891712690834735
82,MC | F-fooof-rel | z | Anchor,-0.06133341452665464,0.11681103756769166
82,MC | F-fooof-rel | z | ICP,-0.12343731474339492,-0.18657073915153852
82,MC | F-fooof-asym | none | ENR,-0.035390140520031865,0.05129308649794413
82,MC | F-fooof-asym | none | ENR+time,-0.0696520480959093,-0.03658653132418024
82,MC | F-fooof-asym | none | SVR,-0.6026661556112425,-0.1298366478373985
82,MC | F-fooof-asym | none | SVR+time,-0.20047729194790165,-0.10778885958763934
82,MC | F-fooof-asym | none | Anchor,-0.10023282620931706,0.07341777042880823
82,MC | F-fooof-asym | none | ICP,-0.03462364917181482,-0.23428494521065263
82,MC | F-fooof-asym | z | ENR,-0.1416608048656265,-0.038446946000201626
82,MC | F-fooof-asym | z | ENR+time,-0.18210441224620677,-0.24918033478285795
82,MC | F-fooof-asym | z | SVR,-0.2453062778804127,-0.23975296299057008
82,MC | F-fooof-asym | z | SVR+time,-0.1865716009168048,-0.20689741344112034
82,MC | F-fooof-asym | z | Anchor,-0.1907454323912774,-0.2517824497482082
82,MC | F-fooof-asym | z | ICP,-0.048822153779941146,-0.23453107892994562
82,MC | F-fooof-riem | riem | ENR,-0.2015977710538659,-0.18333245990507235
82,MC | F-fooof-riem | riem | ENR+time,-0.2015977710538659,-0.18333245990507235
82,MC | F-fooof-riem | riem | SVR,-0.17177211821024074,-0.17584239988009423
82,MC | F-fooof-riem | riem | SVR+time,-0.17683566233429593,-0.1674085358664938
82,MC | F-fooof-riem | riem | Anchor,-0.4476036278810709,-0.12011173908142057
82,MC | F-fooof-riem | riem | ICP,-0.036582473900355295,-0.1477561643946893
83,noMC | F-fooof-full | none | ENR,-0.5451158572309278,-0.29890900043042234
83,noMC | F-fooof-full | none | ENR+time,-0.5238536908695595,-0.30268623625612234
83,noMC | F-fooof-full | none | SVR,-0.2704746047971853,-0.2850953201699167
83,noMC | F-fooof-full | none | SVR+time,-0.41873423133333376,-0.38081026138608054
83,noMC | F-fooof-full | none | Anchor,-0.9518665198880265,-0.3200092399713609
83,noMC | F-fooof-full | none | ICP,-0.0685892655050524,-0.4773798836973805
83,noMC | F-fooof-full | z | ENR,-0.07675706517385628,-0.4424021360136476
83,noMC | F-fooof-full | z | ENR+time,-0.07675706517385628,-0.4424021360136476
83,noMC | F-fooof-full | z | SVR,-0.341515981202013,-0.334415619309048
83,noMC | F-fooof-full | z | SVR+time,-0.6707014365568449,-0.22554933564057533
83,noMC | F-fooof-full | z | Anchor,-0.3975863088526559,-0.18278117581384218
83,noMC | F-fooof-full | z | ICP,-0.06802258432194197,-0.1442657730630228
83,noMC | F-fooof-aper | none | ENR,-0.14424410574122026,-0.32507137346492243
83,noMC | F-fooof-aper | none | ENR+time,-0.14424410574122026,-0.3250713734649223
83,noMC | F-fooof-aper | none | SVR,-0.21920669618641142,-0.02786619304710094
83,noMC | F-fooof-aper | none | SVR+time,-0.20689569546913966,-0.3315594002392162
83,noMC | F-fooof-aper | none | Anchor,-0.30504338467987235,-0.2785473940518705
83,noMC | F-fooof-aper | none | ICP,-0.12707607704242707,-0.3876929367573745
83,noMC | F-fooof-aper | z | ENR,-0.0685892655050524,-0.4773798836973805
83,noMC | F-fooof-aper | z | ENR+time,-0.11562216812521031,-0.34069572994364117
83,noMC | F-fooof-aper | z | SVR,-0.18644097617668343,-0.39414921586460616
83,noMC | F-fooof-aper | z | SVR+time,-0.20529246565415638,-0.234884032545518
83,noMC | F-fooof-aper | z | Anchor,-0.30584687655576515,-0.39531718508661584
83,noMC | F-fooof-aper | z | ICP,-0.0685892655050524,-0.4773798836973805
83,noMC | F-fooof-rel | none | ENR,-0.3406830818229305,-0.440155291746728
83,noMC | F-fooof-rel | none | ENR+time,-0.2942485942951545,-0.4203659510598553
83,noMC | F-fooof-rel | none | SVR,-0.4563374327374383,-0.3358462360521104
83,noMC | F-fooof-rel | none | SVR+time,-0.4472060516671099,-0.4132694126418037
83,noMC | F-fooof-rel | none | Anchor,-0.64645979925704,-0.14092346629580763
83,noMC | F-fooof-rel | none | ICP,-0.0685892655050524,-0.4773798836973805
83,noMC | F-fooof-rel | z | ENR,-0.4319448132280883,-0.40935154453251255
83,noMC | F-fooof-rel | z | ENR+time,-0.442760144687536,-0.41007328843163704
83,noMC | F-fooof-rel | z | SVR,-0.34098912997290287,-0.32348976628492077
83,noMC | F-fooof-rel | z | SVR+time,-0.15895527742832538,-0.2017889685275848
83,noMC | F-fooof-rel | z | Anchor,-2.6504470561389795,-0.09667112345903206
83,noMC | F-fooof-rel | z | ICP,-0.08078664810596647,-0.4302147992868328
83,noMC | F-fooof-asym | none | ENR,-0.3281424573328604,-0.4168535869354961
83,noMC | F-fooof-asym | none | ENR+time,-0.3440481090205858,-0.4150096655639136
83,noMC | F-fooof-asym | none | SVR,-0.5446137672516378,-0.4621870337746148
83,noMC | F-fooof-asym | none | SVR+time,-0.43639830805596547,-0.46550903357080187
83,noMC | F-fooof-asym | none | Anchor,-0.3359524887547931,-0.3880394648756691
83,noMC | F-fooof-asym | none | ICP,-0.0685892655050524,-0.4773798836973805
83,noMC | F-fooof-asym | z | ENR,-0.7086188271257681,-0.4301530473397541
83,noMC | F-fooof-asym | z | ENR+time,-0.847824510810586,-0.4286837447200553
83,noMC | F-fooof-asym | z | SVR,-0.20097108966613275,-0.3024015118030967
83,noMC | F-fooof-asym | z | SVR+time,-0.19354960775734842,-0.30135935809577286
83,noMC | F-fooof-asym | z | Anchor,-1.5672176377331692,-0.4219779966749241
83,noMC | F-fooof-asym | z | ICP,-0.06256410213346486,-0.2218304660078472
83,noMC | F-fooof-riem | riem | ENR,-0.09032406411310134,-0.1275971859651344
83,noMC | F-fooof-riem | riem | ENR+time,-0.10461931713312844,-0.16771078701175324
83,noMC | F-fooof-riem | riem | SVR,-0.23995904023282422,-0.12848296286896715
83,noMC | F-fooof-riem | riem | SVR+time,-0.26237383748331666,-0.18019751506581166
83,noMC | F-fooof-riem | riem | Anchor,-0.28143362631092694,-0.08847208223565937
83,noMC | F-fooof-riem | riem | ICP,-0.0685892655050524,-0.4773798836973805
83,MC | F-fooof-full | none | ENR,-0.5899930352126017,-0.37745901289003086
83,MC | F-fooof-full | none | ENR+time,-0.07446548118306895,-0.48494654213729843
83,MC | F-fooof-full | none | SVR,-0.14886359278726147,-0.09715013579662049
83,MC | F-fooof-full | none | SVR+time,-0.38137318619583227,-0.4744811778535202
83,MC | F-fooof-full | none | Anchor,-0.790000814655873,-0.4510857977269984
83,MC | F-fooof-full | none | ICP,-0.07446548118306895,-0.4849465421372983
83,MC | F-fooof-full | z | ENR,-0.21877862703889428,-0.348515050580653
83,MC | F-fooof-full | z | ENR+time,-0.08108580706090529,-0.47820664486797126
83,MC | F-fooof-full | z | SVR,-0.45490123669014304,-0.39748836369715046
83,MC | F-fooof-full | z | SVR+time,-0.41492171135026057,-0.4478281993525814
83,MC | F-fooof-full | z | Anchor,-0.49789394208654336,-0.34284480644585286
83,MC | F-fooof-full | z | ICP,-0.0574549974127585,-0.14652071937161937
83,MC | F-fooof-aper | none | ENR,-0.16721431330030812,-0.32429682137402177
83,MC | F-fooof-aper | none | ENR+time,-0.07446548118306895,-0.4849465421372983
83,MC | F-fooof-aper | none | SVR,-0.34280608009488867,-0.25032083791846305
83,MC | F-fooof-aper | none | SVR+time,-0.2223294859991931,-0.37708723983877795
83,MC | F-fooof-aper | none | Anchor,-0.21990732856039674,-0.3385987170311623
83,MC | F-fooof-aper | none | ICP,-0.19771938770476916,-0.3057000029215485
83,MC | F-fooof-aper | z | ENR,-0.13606436797991384,-0.4542713690437831
83,MC | F-fooof-aper | z | ENR+time,-0.07446548118306895,-0.4849465421372983
83,MC | F-fooof-aper | z | SVR,-0.17993396709667575,-0.38609182413235593
83,MC | F-fooof-aper | z | SVR+time,-0.20471216900040723,-0.3816082126227802
83,MC | F-fooof-aper | z | Anchor,-0.2531843525930926,-0.39833830612283094
83,MC | F-fooof-aper | z | ICP,-0.07446548118306895,-0.4849465421372983
83,MC | F-fooof-rel | none | ENR,-0.08440637783496663,-0.46247452263776007
83,MC | F-fooof-rel | none | ENR+time,-0.0822789318017032,-0.46369033015934613
83,MC | F-fooof-rel | none | SVR,-1.023527014218212,-0.2760887643796326
83,MC | F-fooof-rel | none | SVR+time,-0.30292769996302393,-0.3991912785228633
83,MC | F-fooof-rel | none | Anchor,-0.562506761084403,-0.33838234351155316
83,MC | F-fooof-rel | none | ICP,-0.07446548118306895,-0.4849465421372983
83,MC | F-fooof-rel | z | ENR,-0.6277637943077397,-0.4424072044140788
83,MC | F-fooof-rel | z | ENR+time,-0.6103165935503052,-0.443281380528674
83,MC | F-fooof-rel | z | SVR,-0.20779339563950816,-0.2091289982993263
83,MC | F-fooof-rel | z | SVR+time,-0.17876696115485968,-0.23377121846259255
83,MC | F-fooof-rel | z | Anchor,-0.8368875425385487,-0.22740614894569178
83,MC | F-fooof-rel | z | ICP,-0.07446548118306895,-0.4849465421372983
83,MC | F-fooof-asym | none | ENR,-0.3309351168714525,-0.45092224220474747
83,MC | F-fooof-asym | none | ENR+time,-0.3177116046379984,-0.45187501012746667
83,MC | F-fooof-asym | none | SVR,-0.4000750933506678,-0.4762797348104234
83,MC | F-fooof-asym | none | SVR+time,-0.3342042819966846,-0.45530742465756857
83,MC | F-fooof-asym | none | Anchor,-0.35875501447666225,-0.3764939687522881
83,MC | F-fooof-asym | none | ICP,-0.12309536397024257,-0.391603368984924
83,MC | F-fooof-asym | z | ENR,-0.807615566602186,-0.43579228750782173
83,MC | F-fooof-asym | z | ENR+time,-0.6818974288740054,-0.44095319920910336
83,MC | F-fooof-asym | z | SVR,-0.10834195530714186,0.06485217003983626
83,MC | F-fooof-asym | z | SVR+time,-0.15994834900254684,-0.2457458808306458
83,MC | F-fooof-asym | z | Anchor,-1.0577462055448565,-0.44022107675254213
83,MC | F-fooof-asym | z | ICP,-0.09976689448669074,-0.2092442663341877
83,MC | F-fooof-riem | riem | ENR,-0.2192830452302046,-0.3952492671456751
83,MC | F-fooof-riem | riem | ENR+time,-0.11842604459992256,-0.3310208285079453
83,MC | F-fooof-riem | riem | SVR,-0.16659337015685072,-0.21368037945767596
83,MC | F-fooof-riem | riem | SVR+time,-0.200533725741735,-0.25731620454345494
83,MC | F-fooof-riem | riem | Anchor,-0.3671147537900046,-0.3376125346874518
83,MC | F-fooof-riem | riem | ICP,-0.07446548118306895,-0.4849465421372983
84,noMC | F-fooof-full | none | ENR,-0.08164335269045453,-0.2052892742982001
84,noMC | F-fooof-full | none | ENR+time,-0.08526750639558234,-0.20600681203513982
84,noMC | F-fooof-full | none | SVR,-0.14630282582349086,0.05538555244895718
84,noMC | F-fooof-full | none | SVR+time,-0.1905937974653671,-0.08909427023851374
84,noMC | F-fooof-full | none | Anchor,-0.1322686140855427,-0.1025802623517783
84,noMC | F-fooof-full | none | ICP,-0.2304562676213091,-0.1979084311827394
84,noMC | F-fooof-full | z | ENR,-0.06213970500927446,-0.227565770147038
84,noMC | F-fooof-full | z | ENR+time,-0.06213970500927446,-0.22756577014703808
84,noMC | F-fooof-full | z | SVR,-0.263342934429706,-0.15568496789483882
84,noMC | F-fooof-full | z | SVR+time,-0.322382622829968,-0.32852921807201774
84,noMC | F-fooof-full | z | Anchor,-0.16756490110191158,-0.09048048491842017
84,noMC | F-fooof-full | z | ICP,-0.17439303260445826,-0.13195467353566698
84,noMC | F-fooof-aper | none | ENR,-0.10337393896688862,-0.11094942602222808
84,noMC | F-fooof-aper | none | ENR+time,-0.0800276565108573,-0.07695789812658824
84,noMC | F-fooof-aper | none | SVR,-0.31545826148320244,-0.2092530724189214
84,noMC | F-fooof-aper | none | SVR+time,-0.29414422071159874,-0.23134040241867934
84,noMC | F-fooof-aper | none | Anchor,-0.23243612929840585,-0.05846765226797628
84,noMC | F-fooof-aper | none | ICP,-0.18849787306393373,-0.13014258485956914
84,noMC | F-fooof-aper | z | ENR,-0.041075548962010267,-0.27145033004177976
84,noMC | F-fooof-aper | z | ENR+time,-0.041075548962010267,-0.27145033004177965
84,noMC | F-fooof-aper | z | SVR,-0.11228118432455747,0.1423677800720983
84,noMC | F-fooof-aper | z | SVR+time,-0.2957305138649622,-0.22416033295652454
84,noMC | F-fooof-aper | z | Anchor,-0.14103008566114705,-0.21623062818012473
84,noMC | F-fooof-aper | z | ICP,-0.041075548962010267,-0.27145033004177965
84,noMC | F-fooof-rel | none | ENR,-0.1338761916079505,-0.22968858564910105
84,noMC | F-fooof-rel | none | ENR+time,-0.12091670618093553,-0.23049234353087078
84,noMC | F-fooof-rel | none | SVR,0.017087401567436822,0.2627737004743938
84,noMC | F-fooof-rel | none | SVR+time,-0.3243855547528762,0.00624875089469365
84,noMC | F-fooof-rel | none | Anchor,-0.1362523894416532,0.03317336582651785
84,noMC | F-fooof-rel | none | ICP,-0.12498225052911471,-0.18196181293778413
84,noMC | F-fooof-rel | z | ENR,-0.14182981044772514,-0.17945627766510672
84,noMC | F-fooof-rel | z | ENR+time,-0.11991017904189705,-0.18916404832137618
84,noMC | F-fooof-rel | z | SVR,-0.19233352950393945,-0.049485616132659456
84,noMC | F-fooof-rel | z | SVR+time,-0.2056965259077148,-0.19076469315113195
84,noMC | F-fooof-rel | z | Anchor,-0.434572102775888,-0.04171003136089022
84,noMC | F-fooof-rel | z | ICP,-0.17172336769815022,-0.18252244855374347
84,noMC | F-fooof-asym | none | ENR,-0.06811439438735767,-0.3186415692282655
84,noMC | F-fooof-asym | none | ENR+time,-0.06811439438735767,-0.3186415692282655
84,noMC | F-fooof-asym | none | SVR,-0.19750400571549087,-0.21213801296701928
84,noMC | F-fooof-asym | none | SVR+time,-0.30672508059840764,-0.21602906674657002
84,noMC | F-fooof-asym | none | Anchor,-0.17091540420076412,-0.24690782744371687
84,noMC | F-fooof-asym | none | ICP,-0.041075548962010267,-0.27145033004177965
84,noMC | F-fooof-asym | z | ENR,-1.5229241781882537,-0.18529846884546775
84,noMC | F-fooof-asym | z | ENR+time,-0.12687642074598715,-0.2393111250193939
84,noMC | F-fooof-asym | z | SVR,-0.19056710273577382,-0.19312683571018488
84,noMC | F-fooof-asym | z | SVR+time,-0.22620199142303843,-0.25214762345891595
84,noMC | F-fooof-asym | z | Anchor,-0.24024843409872343,-0.2003167002914542
84,noMC | F-fooof-asym | z | ICP,-0.06886209189359671,-0.3340930989109893
84,noMC | F-fooof-riem | riem | ENR,-0.041075548962010267,-0.2714503300417798
84,noMC | F-fooof-riem | riem | ENR+time,-0.041075548962010267,-0.2714503300417798
84,noMC | F-fooof-riem | riem | SVR,-0.39481259184295414,-0.1857598023373766
84,noMC | F-fooof-riem | riem | SVR+time,-0.33453032486025225,-0.22336626186335998
84,noMC | F-fooof-riem | riem | Anchor,-0.7993592935263489,-0.08630756524414708
84,noMC | F-fooof-riem | riem | ICP,-0.03928664969349138,-0.23209350128581574
84,MC | F-fooof-full | none | ENR,-0.10188858187751992,-0.23738251517011325
84,MC | F-fooof-full | none | ENR+time,-0.07626594992453395,-0.21424213309568207
84,MC | F-fooof-full | none | SVR,-0.18914058005229806,-0.12266607774104014
84,MC | F-fooof-full | none | SVR+time,-0.24722095606927552,-0.28128871944935424
84,MC | F-fooof-full | none | Anchor,-0.33990379223339673,-0.10582910296425435
84,MC | F-fooof-full | none | ICP,-0.10865416990228449,-0.15764725063706156
84,MC | F-fooof-full | z | ENR,-0.13139505261209106,-0.1789236181037854
84,MC | F-fooof-full | z | ENR+time,-0.13139505261209106,-0.1789236181037854
84,MC | F-fooof-full | z | SVR,-0.24210736727906879,-0.2144573476603563
84,MC | F-fooof-full | z | SVR+time,-0.45868962367841126,-0.30066232318318337
84,MC | F-fooof-full | z | Anchor,-0.2221200467558775,-0.18102984381612866
84,MC | F-fooof-full | z | ICP,-0.15933264048589635,-0.1266350726172899
84,MC | F-fooof-aper | none | ENR,-0.1332026889094935,-0.2294191291426719
84,MC | F-fooof-aper | none | ENR+time,-0.04438376311887904,-0.27220355478528047
84,MC | F-fooof-aper | none | SVR,-0.29362659173932326,-0.21975224108477256
84,MC | F-fooof-aper | none | SVR+time,-0.27507879113911415,-0.24900219491207873
84,MC | F-fooof-aper | none | Anchor,-0.2011771204513868,-0.1721549573269835
84,MC | F-fooof-aper | none | ICP,-0.08149741937937494,-0.1542352772392782
84,MC | F-fooof-aper | z | ENR,-0.11402722260445897,-0.09169989578600143
84,MC | F-fooof-aper | z | ENR+time,-0.04438376311887904,-0.2722035547852803
84,MC | F-fooof-aper | z | SVR,0.06381371133251235,0.29511472844966835
84,MC | F-fooof-aper | z | SVR+time,-0.26705666341694356,-0.2274710650799069
84,MC | F-fooof-aper | z | Anchor,-0.21282226078580524,-0.12578975986038887
84,MC | F-fooof-aper | z | ICP,-0.04438376311887904,-0.2722035547852803
84,MC | F-fooof-rel | none | ENR,-0.060318890575236095,-0.2682609819535569
84,MC | F-fooof-rel | none | ENR+time,-0.060318890575236095,-0.2682609819535569
84,MC | F-fooof-rel | none | SVR,-0.19349373287003258,-0.14444468248777195
84,MC | F-fooof-rel | none | SVR+time,-0.1979732725336889,-0.21383622990051257
84,MC | F-fooof-rel | none | Anchor,-0.3068232231379515,-0.23851933514098858
84,MC | F-fooof-rel | none | ICP,-0.10966391206237858,-0.22391436661293282
84,MC | F-fooof-rel | z | ENR,-0.060419117641880016,-0.2671165876626552
84,MC | F-fooof-rel | z | ENR+time,-0.060419117641880016,-0.2671165876626552
84,MC | F-fooof-rel | z | SVR,-0.3044974650177399,-0.2499705685824669
84,MC | F-fooof-rel | z | SVR+time,-0.2834736561354738,-0.30985078866182597
84,MC | F-fooof-rel | z | Anchor,-0.43528137571670533,-0.14400281578149315
84,MC | F-fooof-rel | z | ICP,-0.13392258197366047,-0.1971882912503431
84,MC | F-fooof-asym | none | ENR,-0.04438376311887904,-0.2722035547852803
84,MC | F-fooof-asym | none | ENR+time,-0.04438376311887904,-0.2722035547852803
84,MC | F-fooof-asym | none | SVR,-0.21332995190392579,-0.27895477704483085
84,MC | F-fooof-asym | none | SVR+time,-0.28454652545417725,-0.32196878385000227
84,MC | F-fooof-asym | none | Anchor,-0.2331379920573915,-0.23804708321037904
84,MC | F-fooof-asym | none | ICP,-0.04438376311887904,-0.2722035547852803
84,MC | F-fooof-asym | z | ENR,-0.6125392938812877,-0.1761865125834392
84,MC | F-fooof-asym | z | ENR+time,-0.04438376311887904,-0.2722035547852803
84,MC | F-fooof-asym | z | SVR,-0.17144296931913638,-0.1379082545292864
84,MC | F-fooof-asym | z | SVR+time,-0.1690059328207234,-0.19174306273274655
84,MC | F-fooof-asym | z | Anchor,-0.3093410207232572,-0.17644733328132037
84,MC | F-fooof-asym | z | ICP,-0.23362249562944015,-0.03118707452885286
84,MC | F-fooof-riem | riem | ENR,-0.07822401546660229,-0.05627565765944885
84,MC | F-fooof-riem | riem | ENR+time,-0.07822401546660229,-0.05627565765944885
84,MC | F-fooof-riem | riem | SVR,-0.2766974168610694,-0.21543200421867803
84,MC | F-fooof-riem | riem | SVR+time,-0.29088564083637625,-0.19069580000041353
84,MC | F-fooof-riem | riem | Anchor,-0.612046818680529,-0.10996508835430609
84,MC | F-fooof-riem | riem | ICP,-0.22355787773194202,-0.16328776031818926
85,noMC | F-fooof-full | none | ENR,-0.12072943011114123,-0.265180436176472
85,noMC | F-fooof-full | none | ENR+time,-0.12457376173005796,-0.3167184203191268
85,noMC | F-fooof-full | none | SVR,-0.3804618726379889,-0.38247596205926737
85,noMC | F-fooof-full | none | SVR+time,-0.3720212203622839,-0.3473676603919711
85,noMC | F-fooof-full | none | Anchor,-0.08930251845092729,0.06746815077020142
85,noMC | F-fooof-full | none | ICP,-0.1975569123705041,-0.24762119995830392
85,noMC | F-fooof-full | z | ENR,-0.06908722823942415,-0.41248601396182927
85,noMC | F-fooof-full | z | ENR+time,-0.06272881413926523,-0.4306620256766497
85,noMC | F-fooof-full | z | SVR,-0.37866119538652376,-0.3830340656226783
85,noMC | F-fooof-full | z | SVR+time,-0.41366938453867386,-0.3728057071723361
85,noMC | F-fooof-full | z | Anchor,-0.09525269450913232,0.11576992172050948
85,noMC | F-fooof-full | z | ICP,-0.06147955515765546,-0.09373109479985589
85,noMC | F-fooof-aper | none | ENR,-0.11818946326093016,-0.2015931911377083
85,noMC | F-fooof-aper | none | ENR+time,-0.08932022492094838,-0.18883669218607707
85,noMC | F-fooof-aper | none | SVR,-0.17640640552904818,-0.20732468542930185
85,noMC | F-fooof-aper | none | SVR+time,-0.18157128283003,-0.21287380871555625
85,noMC | F-fooof-aper | none | Anchor,-0.20498408054775785,-0.15847862598225462
85,noMC | F-fooof-aper | none | ICP,-0.07181716138981509,-0.057841942266760225
85,noMC | F-fooof-aper | z | ENR,-0.06272881413926523,-0.43066202567664974
85,noMC | F-fooof-aper | z | ENR+time,-0.06272881413926523,-0.43066202567664974
85,noMC | F-fooof-aper | z | SVR,-1.6064846994770932,0.0025332778787853366
85,noMC | F-fooof-aper | z | SVR+time,-0.5842340922619511,-0.0864414009216124
85,noMC | F-fooof-aper | z | Anchor,-0.30945567216333947,-0.4239207517211536
85,noMC | F-fooof-aper | z | ICP,-0.06272881413926523,-0.4306620256766497
85,noMC | F-fooof-rel | none | ENR,-0.1197900006847008,-0.1895734198899679
85,noMC | F-fooof-rel | none | ENR+time,-0.13617425502392977,-0.22303764723366643
85,noMC | F-fooof-rel | none | SVR,-0.30237755167638736,-0.22704006601415416
85,noMC | F-fooof-rel | none | SVR+time,-0.35593201589908174,-0.2986359633518636
85,noMC | F-fooof-rel | none | Anchor,-0.2417407440057684,0.14635846230896232
85,noMC | F-fooof-rel | none | ICP,-0.08268277474338581,-0.08728734221428032
85,noMC | F-fooof-rel | z | ENR,-0.14672804809112305,-0.2936366091239997
85,noMC | F-fooof-rel | z | ENR+time,-0.1574751852830254,-0.2605335545122446
85,noMC | F-fooof-rel | z | SVR,-0.32953019969849406,-0.2715416872647317
85,noMC | F-fooof-rel | z | SVR+time,-0.1767909789992257,-0.24729572926588983
85,noMC | F-fooof-rel | z | Anchor,-1.0043456621934634,0.02073872499606349
85,noMC | F-fooof-rel | z | ICP,-0.06272881413926523,-0.4306620256766497
85,noMC | F-fooof-asym | none | ENR,-0.255047551551695,-0.19510542290350674
85,noMC | F-fooof-asym | none | ENR+time,-0.2409896180621558,-0.2218334909797921
85,noMC | F-fooof-asym | none | SVR,-0.3380292876336446,-0.09387163477121754
85,noMC | F-fooof-asym | none | SVR+time,-0.235099776418904,-0.19431280469084844
85,noMC | F-fooof-asym | none | Anchor,-0.2613309053511026,-0.193967655081974
85,noMC | F-fooof-asym | none | ICP,-0.06272881413926523,-0.4306620256766497
85,noMC | F-fooof-asym | z | ENR,-3.880845896302053,-0.25885105793664454
85,noMC | F-fooof-asym | z | ENR+time,-3.6506048766960877,-0.2637832360534725
85,noMC | F-fooof-asym | z | SVR,-0.27164342457774815,-0.003856316085101341
85,noMC | F-fooof-asym | z | SVR+time,-0.25672331299263784,-0.14806333972718683
85,noMC | F-fooof-asym | z | Anchor,-8.026011611621422,-0.2140493739525666
85,noMC | F-fooof-asym | z | ICP,-0.04191000476145268,-0.2578071302521529
85,noMC | F-fooof-riem | riem | ENR,-0.16122223653754908,-0.08853110161761141
85,noMC | F-fooof-riem | riem | ENR+time,-0.10793485567614014,-0.24626259963107933
85,noMC | F-fooof-riem | riem | SVR,-0.25955919841759534,-0.22726859606068056
85,noMC | F-fooof-riem | riem | SVR+time,-0.3455123507388713,-0.230208037909061
85,noMC | F-fooof-riem | riem | Anchor,-0.5142359189845638,-0.23718090753279802
85,noMC | F-fooof-riem | riem | ICP,-0.06464460671228056,-0.3517195344091446
85,MC | F-fooof-full | none | ENR,-0.09159882125102015,-0.31915402034336554
85,MC | F-fooof-full | none | ENR+time,-0.08812894955100514,-0.3370154565862116
85,MC | F-fooof-full | none | SVR,-0.31062931882298606,-0.4299780222154185
85,MC | F-fooof-full | none | SVR+time,-0.4935065525023672,-0.3940789588789614
85,MC | F-fooof-full | none | Anchor,-0.26072631097656584,-0.2880145796787228
85,MC | F-fooof-full | none | ICP,-0.11754989440609487,-0.10361263429936421
85,MC | F-fooof-full | z | ENR,-0.20718566709709685,-0.3057947297079586
85,MC | F-fooof-full | z | ENR+time,-0.14411031538841046,-0.3466789968797054
85,MC | F-fooof-full | z | SVR,-0.5522359433309674,-0.39111855466605866
85,MC | F-fooof-full | z | SVR+time,-0.5879791874432885,-0.4006448530509818
85,MC | F-fooof-full | z | Anchor,-0.8531359018291067,-0.2585024848865543
85,MC | F-fooof-full | z | ICP,-0.05497005348312345,-0.14877315044796935
85,MC | F-fooof-aper | none | ENR,-0.0852639116311873,-0.19135096400246626
85,MC | F-fooof-aper | none | ENR+time,-0.06540473759161025,-0.427268604896481
85,MC | F-fooof-aper | none | SVR,-0.19123928093301168,-0.2782847144247965
85,MC | F-fooof-aper | none | SVR+time,-0.2712607526044548,-0.20303370964541387
85,MC | F-fooof-aper | none | Anchor,-0.14522761624374692,-0.2903424340058896
85,MC | F-fooof-aper | none | ICP,-0.15517120624319403,-0.2830103687499028
85,MC | F-fooof-aper | z | ENR,-0.06615591069447979,-0.43680727408650927
85,MC | F-fooof-aper | z | ENR+time,-0.06615591069447979,-0.43680727408650927
85,MC | F-fooof-aper | z | SVR,-0.2534154149070995,-0.1640243825583623
85,MC | F-fooof-aper | z | SVR+time,-0.47423977554353614,-0.003480481520980336
85,MC | F-fooof-aper | z | Anchor,-0.2729601645198392,-0.47698507793063954
85,MC | F-fooof-aper | z | ICP,-0.17411276584294133,-0.1944356396180334
85,MC | F-fooof-rel | none | ENR,-0.11244554939121154,-0.3632304375558363
85,MC | F-fooof-rel | none | ENR+time,-0.11610686440370266,-0.3516788233295468
85,MC | F-fooof-rel | none | SVR,-0.21522034126543255,-0.3238944956024832
85,MC | F-fooof-rel | none | SVR+time,-0.24358068028597124,-0.37032576421047797
85,MC | F-fooof-rel | none | Anchor,-0.010029519570176726,0.23258439011455695
85,MC | F-fooof-rel | none | ICP,-0.1102403243096648,-0.13601728409098168
85,MC | F-fooof-rel | z | ENR,-0.16549549692619303,-0.28860313603178434
85,MC | F-fooof-rel | z | ENR+time,-0.17022290682202446,-0.26639473854374557
85,MC | F-fooof-rel | z | SVR,-0.3497025231975637,-0.3486104098857826
85,MC | F-fooof-rel | z | SVR+time,-0.3930398727706168,-0.3572368495934551
85,MC | F-fooof-rel | z | Anchor,-0.4600438664868143,-0.26606826881284407
85,MC | F-fooof-rel | z | ICP,-0.07521651935583207,-0.4380834174734852
85,MC | F-fooof-asym | none | ENR,-0.3244087649059768,-0.23847613251673938
85,MC | F-fooof-asym | none | ENR+time,-0.2978762989255488,-0.2570508224846567
85,MC | F-fooof-asym | none | SVR,-0.31569843680433873,-0.25092624971994903
85,MC | F-fooof-asym | none | SVR+time,-0.3152487453835844,-0.30428556825264863
85,MC | F-fooof-asym | none | Anchor,-0.346950232567794,-0.23678766087615394
85,MC | F-fooof-asym | none | ICP,-0.11793420612740246,-0.3265916908774821
85,MC | F-fooof-asym | z | ENR,-1.130831501755357,-0.2799782114952217
85,MC | F-fooof-asym | z | ENR+time,-1.0056957151191948,-0.27942058550878246
85,MC | F-fooof-asym | z | SVR,-0.2034721721738495,-0.24652648751194428
85,MC | F-fooof-asym | z | SVR+time,-0.18006090058843593,-0.2609349917782904
85,MC | F-fooof-asym | z | Anchor,-2.1360529856305335,-0.2814261894055027
85,MC | F-fooof-asym | z | ICP,-0.2515782282649459,-0.15039590004832373
85,MC | F-fooof-riem | riem | ENR,-0.14249482579358053,-0.31891754097916813
85,MC | F-fooof-riem | riem | ENR+time,-0.13951647713652227,-0.2709781195801031
85,MC | F-fooof-riem | riem | SVR,-0.2752253586996476,-0.28818602092678175
85,MC | F-fooof-riem | riem | SVR+time,-0.33709771350787365,-0.31579800359149957
85,MC | F-fooof-riem | riem | Anchor,-0.37486969773364476,-0.16553395426829925
85,MC | F-fooof-riem | riem | ICP,-0.06615591069447979,-0.43680727408650927
86,noMC | F-fooof-full | none | ENR,-0.04637944886070344,-0.308752259365396
86,noMC | F-fooof-full | none | ENR+time,-0.04637944886070322,-0.30875225936539574
86,noMC | F-fooof-full | none | SVR,-0.25717831209337416,-0.2168268588098221
86,noMC | F-fooof-full | none | SVR+time,-0.23826457981376792,-0.18914640951497558
86,noMC | F-fooof-full | none | Anchor,-0.6025127441586458,-0.3014406714744322
86,noMC | F-fooof-full | none | ICP,-0.03609510885217837,-0.29442605325837945
86,noMC | F-fooof-full | z | ENR,-0.0660212736615926,-0.26787378264468603
86,noMC | F-fooof-full | z | ENR+time,-0.0660212736615926,-0.26787378264468603
86,noMC | F-fooof-full | z | SVR,-0.10111878375880101,-0.08548948937436121
86,noMC | F-fooof-full | z | SVR+time,-0.11241313909014172,-0.1347563664465496
86,noMC | F-fooof-full | z | Anchor,-4.791599817548834,-0.1579492099414431
86,noMC | F-fooof-full | z | ICP,-0.06726453695644352,-0.1365115646474796
86,noMC | F-fooof-aper | none | ENR,-0.043825281262978466,-0.3024878290435884
86,noMC | F-fooof-aper | none | ENR+time,-0.043825281262978466,-0.3024878290435884
86,noMC | F-fooof-aper | none | SVR,-0.31368204944120937,-0.3002854355082806
86,noMC | F-fooof-aper | none | SVR+time,-0.24648032697947886,-0.13536278604077662
86,noMC | F-fooof-aper | none | Anchor,-0.11582377740284233,-0.2705782754635728
86,noMC | F-fooof-aper | none | ICP,-0.043825281262978466,-0.3024878290435884
86,noMC | F-fooof-aper | z | ENR,-0.08034284282480875,-0.2558040757888899
86,noMC | F-fooof-aper | z | ENR+time,-0.06031034817049874,-0.27881910134083776
86,noMC | F-fooof-aper | z | SVR,-0.14026088620969102,-0.19605234968342333
86,noMC | F-fooof-aper | z | SVR+time,-0.22082072791377372,-0.3358025505683714
86,noMC | F-fooof-aper | z | Anchor,-0.2103864182842543,-0.15588081898378942
86,noMC | F-fooof-aper | z | ICP,-0.07926899519900998,-0.2628545858338883
86,noMC | F-fooof-rel | none | ENR,-0.08351491394945487,-0.2921579081479567
86,noMC | F-fooof-rel | none | ENR+time,-0.08351491394945487,-0.2921579081479567
86,noMC | F-fooof-rel | none | SVR,-0.25870958344456363,-0.1601424840455288
86,noMC | F-fooof-rel | none | SVR+time,-0.19895606752323403,-0.13356971890876757
86,noMC | F-fooof-rel | none | Anchor,-0.5675393238303006,-0.2216748834492284
86,noMC | F-fooof-rel | none | ICP,-0.13041329877932606,-0.24602682293468942
86,noMC | F-fooof-rel | z | ENR,-0.9845184597385375,-0.2058900605497619
86,noMC | F-fooof-rel | z | ENR+time,-0.9845184597385375,-0.2058900605497619
86,noMC | F-fooof-rel | z | SVR,-0.22258210885477014,-0.10237775251363247
86,noMC | F-fooof-rel | z | SVR+time,-0.1333590554595967,-0.1365907675924015
86,noMC | F-fooof-rel | z | Anchor,-3.9118939847453946,-0.16633728092336053
86,noMC | F-fooof-rel | z | ICP,-0.06336408339018895,0.028629971458762726
86,noMC | F-fooof-asym | none | ENR,-0.14127352640473,-0.2250980881309102
86,noMC | F-fooof-asym | none | ENR+time,-0.10668470335585734,-0.13562452933584196
86,noMC | F-fooof-asym | none | SVR,-0.45150979411832437,-0.235929795908144
86,noMC | F-fooof-asym | none | SVR+time,-0.37032381269882997,-0.2420499236220541
86,noMC | F-fooof-asym | none | Anchor,-0.21759978579434303,-0.26137989933436623
86,noMC | F-fooof-asym | none | ICP,-0.043825281262978466,-0.3024878290435884
86,noMC | F-fooof-asym | z | ENR,-0.05240381432203889,-0.24052886740180085
86,noMC | F-fooof-asym | z | ENR+time,-0.05240381432203889,-0.24052886740180085
86,noMC | F-fooof-asym | z | SVR,-0.14429128832145932,-0.059675745836321466
86,noMC | F-fooof-asym | z | SVR+time,-0.08698532167693074,0.032358476219393834
86,noMC | F-fooof-asym | z | Anchor,-0.22814284177870503,-0.2752158117878442
86,noMC | F-fooof-asym | z | ICP,-0.07594292973392158,-0.24367366328293844
86,noMC | F-fooof-riem | riem | ENR,-0.256831274529316,-0.14555362654246762
86,noMC | F-fooof-riem | riem | ENR+time,-0.256831274529316,-0.1455536265424676
86,noMC | F-fooof-riem | riem | SVR,-0.11412722663451924,-0.025888456341244953
86,noMC | F-fooof-riem | riem | SVR+time,-0.2315546773884425,-0.10272784214680608
86,noMC | F-fooof-riem | riem | Anchor,-0.469646380142851,-0.22477728349986015
86,noMC | F-fooof-riem | riem | ICP,-0.06931675838237195,-0.24836816487387484
86,MC | F-fooof-full | none | ENR,-0.0895057141192186,-0.271423609779257
86,MC | F-fooof-full | none | ENR+time,-0.0895057141192186,-0.271423609779257
86,MC | F-fooof-full | none | SVR,-0.20540280335061523,-0.15943617162872387
86,MC | F-fooof-full | none | SVR+time,-0.18152200497887394,-0.14158407330774536
86,MC | F-fooof-full | none | Anchor,-0.3564069341862366,-0.19630814557261142
86,MC | F-fooof-full | none | ICP,-0.13549723377303624,-0.29431427671905136
86,MC | F-fooof-full | z | ENR,-0.04617259323001299,-0.3029195003003404
86,MC | F-fooof-full | z | ENR+time,-0.04617259323001299,-0.3029195003003404
86,MC | F-fooof-full | z | SVR,-0.12936558819866195,-0.1812701278145364
86,MC | F-fooof-full | z | SVR+time,-0.20105173165145374,-0.22860889501126588
86,MC | F-fooof-full | z | Anchor,-0.48441479342649374,-0.23267215456785173
86,MC | F-fooof-full | z | ICP,-0.14161649964778977,-0.16519265041741987
86,MC | F-fooof-aper | none | ENR,-0.04617259323001299,-0.30291950030034054
86,MC | F-fooof-aper | none | ENR+time,-0.04617259323001299,-0.30291950030034054
86,MC | F-fooof-aper | none | SVR,-0.32838117309889725,-0.2886988210364097
86,MC | F-fooof-aper | none | SVR+time,-0.24111168383471582,-0.05445876351258032
86,MC | F-fooof-aper | none | Anchor,-0.13347801044602714,-0.2763151305303335
86,MC | F-fooof-aper | none | ICP,-0.19364838909071458,-0.22801592973442852
86,MC | F-fooof-aper | z | ENR,-0.07563919997734492,-0.2561633416139796
86,MC | F-fooof-aper | z | ENR+time,-0.08503782234628399,-0.15276016573462875
86,MC | F-fooof-aper | z | SVR,-0.2201987848013387,-0.31325424279329184
86,MC | F-fooof-aper | z | SVR+time,-0.29797489914367814,-0.2890877906071243
86,MC | F-fooof-aper | z | Anchor,-0.16603661094396283,-0.13772743275199067
86,MC | F-fooof-aper | z | ICP,-0.04617259323001299,-0.3029195003003404
86,MC | F-fooof-rel | none | ENR,-0.05160748628319034,-0.31008396661577825
86,MC | F-fooof-rel | none | ENR+time,-0.4868414773756631,-0.18035162875944288
86,MC | F-fooof-rel | none | SVR,-0.278584734575293,-0.20547260484227986
86,MC | F-fooof-rel | none | SVR+time,-0.19385039639189183,-0.1569883644548587
86,MC | F-fooof-rel | none | Anchor,-0.4609729450168474,-0.18813985533455177
86,MC | F-fooof-rel | none | ICP,-0.2001243800834862,-0.26060134374632027
86,MC | F-fooof-rel | z | ENR,-0.04636870194222764,-0.3028030822797813
86,MC | F-fooof-rel | z | ENR+time,-0.04636870194222764,-0.3028030822797813
86,MC | F-fooof-rel | z | SVR,-0.29491012132787553,-0.24784242231733083
86,MC | F-fooof-rel | z | SVR+time,-0.23571085878293507,-0.25547782258423946
86,MC | F-fooof-rel | z | Anchor,-1.4635745373933573,-0.19732433734843885
86,MC | F-fooof-rel | z | ICP,-0.05551965102046341,-0.2691812988510264
86,MC | F-fooof-asym | none | ENR,-0.10609805290406982,-0.19163632546583012
86,MC | F-fooof-asym | none | ENR+time,-0.12724509596078293,-0.10888063425161074
86,MC | F-fooof-asym | none | SVR,-0.47778270500189457,-0.25538465419292566
86,MC | F-fooof-asym | none | SVR+time,-0.37393813447249213,-0.26055957194764345
86,MC | F-fooof-asym | none | Anchor,-0.21400272030015133,-0.1615361460834317
86,MC | F-fooof-asym | none | ICP,-0.04617259323001299,-0.3029195003003404
86,MC | F-fooof-asym | z | ENR,-0.06196820590810881,-0.24868180590863354
86,MC | F-fooof-asym | z | ENR+time,-0.09098785894896766,-0.16123632970274743
86,MC | F-fooof-asym | z | SVR,-0.14831271157055226,-0.14567039582945762
86,MC | F-fooof-asym | z | SVR+time,-0.11149946055124271,-0.1680138445287062
86,MC | F-fooof-asym | z | Anchor,-0.18991378175165607,-0.24860974570041855
86,MC | F-fooof-asym | z | ICP,-0.05780804392858219,-0.2755539808989398
86,MC | F-fooof-riem | riem | ENR,-0.13107979101341583,-0.19909445076718
86,MC | F-fooof-riem | riem | ENR+time,-0.13107979101341583,-0.19909445076718
86,MC | F-fooof-riem | riem | SVR,-0.1777729462473514,-0.22224932304830708
86,MC | F-fooof-riem | riem | SVR+time,-0.1849225689620413,-0.2430537945244639
86,MC | F-fooof-riem | riem | Anchor,-0.3493119900334787,-0.21423765591328983
86,MC | F-fooof-riem | riem | ICP,-0.0402026759651426,-0.22043699174558318
87,noMC | F-fooof-full | none | ENR,-0.05832825582123746,-0.38872026535586557
87,noMC | F-fooof-full | none | ENR+time,-0.25661583806000654,-0.34136282435485255
87,noMC | F-fooof-full | none | SVR,-0.11909119387355549,-0.08382623742571009
87,noMC | F-fooof-full | none | SVR+time,-0.10748968801587999,0.1261312091404464
87,noMC | F-fooof-full | none | Anchor,-0.4310531909378019,-0.27458229655649213
87,noMC | F-fooof-full | none | ICP,-0.1810441048548299,-0.46410677063305716
87,noMC | F-fooof-full | z | ENR,-0.06075700942892159,-0.4043667245829619
87,noMC | F-fooof-full | z | ENR+time,-0.06299060837531445,-0.4066926553665089
87,noMC | F-fooof-full | z | SVR,-0.399990379654217,-0.30140217723448903
87,noMC | F-fooof-full | z | SVR+time,-0.32999267250890996,-0.3289988836551132
87,noMC | F-fooof-full | z | Anchor,-10.042802051759313,-0.3360033437008869
87,noMC | F-fooof-full | z | ICP,-0.08277652404525959,-0.2800194161395356
87,noMC | F-fooof-aper | none | ENR,-0.0543312373600322,-0.39264599937986505
87,noMC | F-fooof-aper | none | ENR+time,-0.05770715378949043,-0.39068540768191695
87,noMC | F-fooof-aper | none | SVR,-0.35553707605867846,-0.26282105859872856
87,noMC | F-fooof-aper | none | SVR+time,-0.4673464570122965,-0.2799447075515363
87,noMC | F-fooof-aper | none | Anchor,-0.40425437055424673,-0.37822369251074045
87,noMC | F-fooof-aper | none | ICP,-0.17998867858288792,-0.25635425579539506
87,noMC | F-fooof-aper | z | ENR,-0.22537600577902617,-0.4188097973114465
87,noMC | F-fooof-aper | z | ENR+time,-0.21114448884149462,-0.3392327695773807
87,noMC | F-fooof-aper | z | SVR,-0.30406738152754875,-0.32986295681754496
87,noMC | F-fooof-aper | z | SVR+time,-0.1990781020532837,-0.20917000361341817
87,noMC | F-fooof-aper | z | Anchor,-0.2625304042461569,-0.3500670657837449
87,noMC | F-fooof-aper | z | ICP,-0.047410885393502245,-0.3637578536189552
87,noMC | F-fooof-rel | none | ENR,-0.2381207949629962,-0.4475721497649167
87,noMC | F-fooof-rel | none | ENR+time,-0.12319030074319226,-0.453301365008031
87,noMC | F-fooof-rel | none | SVR,-0.3045369602052692,-0.2777633301398741
87,noMC | F-fooof-rel | none | SVR+time,-0.24264623239004224,-0.18186293858901384
87,noMC | F-fooof-rel | none | Anchor,-0.28614050889555664,-0.12336617597372011
87,noMC | F-fooof-rel | none | ICP,-0.047410885393502245,-0.3637578536189552
87,noMC | F-fooof-rel | z | ENR,-0.047410885393502245,-0.3637578536189552
87,noMC | F-fooof-rel | z | ENR+time,-0.047410885393502245,-0.3637578536189552
87,noMC | F-fooof-rel | z | SVR,-0.14165711428177796,-0.09560514873089654
87,noMC | F-fooof-rel | z | SVR+time,-0.1751425817299701,0.06591790956917368
87,noMC | F-fooof-rel | z | Anchor,-1.2961520310149255,-0.012052808647718426
87,noMC | F-fooof-rel | z | ICP,-0.048292238329803894,-0.031753926679123176
87,noMC | F-fooof-asym | none | ENR,-0.16869546851278439,-0.44524294478887455
87,noMC | F-fooof-asym | none | ENR+time,-0.17086514119830531,-0.39498277638846513
87,noMC | F-fooof-asym | none | SVR,-0.4940019820329604,-0.40891965736481173
87,noMC | F-fooof-asym | none | SVR+time,-0.4349893087078509,-0.34972579889377187
87,noMC | F-fooof-asym | none | Anchor,-0.15722586034344976,-0.45574678446400324
87,noMC | F-fooof-asym | none | ICP,-0.047410885393502245,-0.3637578536189552
87,noMC | F-fooof-asym | z | ENR,-1.1994018378044258,-0.2828493786691818
87,noMC | F-fooof-asym | z | ENR+time,-0.9295140137704552,-0.27256900187914757
87,noMC | F-fooof-asym | z | SVR,-0.6868727353464417,-0.17584460501835686
87,noMC | F-fooof-asym | z | SVR+time,-0.4909808190037328,-0.09513288657182742
87,noMC | F-fooof-asym | z | Anchor,-1.3099880387560434,-0.2685198751050415
87,noMC | F-fooof-asym | z | ICP,-0.047410885393502245,-0.3637578536189552
87,noMC | F-fooof-riem | riem | ENR,-0.14209853567944264,-0.3286161635814888
87,noMC | F-fooof-riem | riem | ENR+time,-0.1434825945285172,-0.32863874476336014
87,noMC | F-fooof-riem | riem | SVR,-0.12307376986151697,0.04907760215361944
87,noMC | F-fooof-riem | riem | SVR+time,-0.3530201347985713,-0.1514510380438983
87,noMC | F-fooof-riem | riem | Anchor,-1.4559449373820041,-0.3861802182703557
87,noMC | F-fooof-riem | riem | ICP,-0.047410885393502245,-0.3637578536189552
87,MC | F-fooof-full | none | ENR,-0.07252461814809119,-0.26179866511407074
87,MC | F-fooof-full | none | ENR+time,-0.057736266698615424,-0.31042324706654956
87,MC | F-fooof-full | none | SVR,-0.15177313161164463,-0.19100861421437165
87,MC | F-fooof-full | none | SVR+time,-0.31975784229230975,-0.004707608216053899
87,MC | F-fooof-full | none | Anchor,-1.9246970585495533,-0.21319171533900516
87,MC | F-fooof-full | none | ICP,-0.26916602287881464,-0.1648017400064159
87,MC | F-fooof-full | z | ENR,-0.05011071274447887,-0.36669768111172163
87,MC | F-fooof-full | z | ENR+time,-0.05011071274447887,-0.3666976811117223
87,MC | F-fooof-full | z | SVR,-0.4647732182872846,-0.35283503677347927
87,MC | F-fooof-full | z | SVR+time,-0.44206159821839197,-0.3872460634717835
87,MC | F-fooof-full | z | Anchor,-0.5550788325689275,-0.38070474809258303
87,MC | F-fooof-full | z | ICP,-0.05011071274447887,-0.3666976811117223
87,MC | F-fooof-aper | none | ENR,-0.05011071274447887,-0.3666976811117223
87,MC | F-fooof-aper | none | ENR+time,-0.053605273738438486,-0.3701362174826468
87,MC | F-fooof-aper | none | SVR,-0.4324493362815731,-0.2984274011919159
87,MC | F-fooof-aper | none | SVR+time,-0.48036016650455426,-0.3404544708906335
87,MC | F-fooof-aper | none | Anchor,-0.4844894094933072,-0.2972960517919295
87,MC | F-fooof-aper | none | ICP,-0.12971400685222756,-0.29815511659427457
87,MC | F-fooof-aper | z | ENR,-0.17762146149378633,-0.41399141959214
87,MC | F-fooof-aper | z | ENR+time,-0.15450384908756876,-0.3600490397085083
87,MC | F-fooof-aper | z | SVR,-0.4081533546813081,-0.3132002309651195
87,MC | F-fooof-aper | z | SVR+time,-0.28174079547144126,-0.2915474398309225
87,MC | F-fooof-aper | z | Anchor,-0.23658575440594332,-0.23991204281965445
87,MC | F-fooof-aper | z | ICP,-0.05011071274447887,-0.3666976811117223
87,MC | F-fooof-rel | none | ENR,-0.06702878189559103,-0.3769314320569255
87,MC | F-fooof-rel | none | ENR+time,-0.06702878189559103,-0.3769314320569255
87,MC | F-fooof-rel | none | SVR,-0.10072581147973536,-0.04272242139739599
87,MC | F-fooof-rel | none | SVR+time,-0.20725090626926335,-0.14093882429943988
87,MC | F-fooof-rel | none | Anchor,-0.4707942257652975,-0.1911810136112985
87,MC | F-fooof-rel | none | ICP,-0.17605038070769785,-0.4537743669915605
87,MC | F-fooof-rel | z | ENR,-0.1931618249606719,0.16003787945274217
87,MC | F-fooof-rel | z | ENR+time,-0.0448225079654172,-0.23402895085980163
87,MC | F-fooof-rel | z | SVR,-0.19107239880985483,-0.08908134506007151
87,MC | F-fooof-rel | z | SVR+time,-0.23024801956761287,0.037389497098745374
87,MC | F-fooof-rel | z | Anchor,-1.5047044042501594,0.15149515351534193
87,MC | F-fooof-rel | z | ICP,-0.0612830981253627,-0.20890685585680857
87,MC | F-fooof-asym | none | ENR,-0.1509568512339361,-0.49190771439178327
87,MC | F-fooof-asym | none | ENR+time,-0.15401926904802643,-0.4622815831918644
87,MC | F-fooof-asym | none | SVR,-0.61246498338937,-0.462761327779091
87,MC | F-fooof-asym | none | SVR+time,-0.5112520468472683,-0.44192456699075877
87,MC | F-fooof-asym | none | Anchor,-0.18299973760619204,-0.4039707312032349
87,MC | F-fooof-asym | none | ICP,-0.06904351056103009,-0.1804113900103875
87,MC | F-fooof-asym | z | ENR,-0.04897057248981751,-0.3655805267353293
87,MC | F-fooof-asym | z | ENR+time,-0.09869681083429915,-0.08855310957254282
87,MC | F-fooof-asym | z | SVR,-0.5020100845054991,0.013228096698410699
87,MC | F-fooof-asym | z | SVR+time,-0.629966909926502,-0.1300332093360248
87,MC | F-fooof-asym | z | Anchor,-0.9807461132040147,-0.3376275212325812
87,MC | F-fooof-asym | z | ICP,-0.33310210438760857,-0.33567425643397836
87,MC | F-fooof-riem | riem | ENR,-0.002022796840468022,0.1506314093256215
87,MC | F-fooof-riem | riem | ENR+time,-0.00826560830171319,0.15438711102023928
87,MC | F-fooof-riem | riem | SVR,-0.40213409150243784,-0.23698343653663662
87,MC | F-fooof-riem | riem | SVR+time,-0.2442711703098921,0.015286512512287277
87,MC | F-fooof-riem | riem | Anchor,-1.1873836902026116,-0.22856242799859253
87,MC | F-fooof-riem | riem | ICP,-0.040720065329907795,-0.2906684300438912
88,noMC | F-fooof-full | none | ENR,-0.1427611159017339,-0.33255513964855754
88,noMC | F-fooof-full | none | ENR+time,-0.18296765720735286,-0.31184129890746876
88,noMC | F-fooof-full | none | SVR,-0.13928028304180318,0.007179721290581975
88,noMC | F-fooof-full | none | SVR+time,-0.15836849455432955,-0.1204441408673511
88,noMC | F-fooof-full | none | Anchor,-0.49097051767124067,-0.1293617619287121
88,noMC | F-fooof-full | none | ICP,-0.06939721454850489,-0.21049301525895223
88,noMC | F-fooof-full | z | ENR,-0.07509388508486547,-0.28211220368574697
88,noMC | F-fooof-full | z | ENR+time,-0.06881425311329226,-0.2798129477695689
88,noMC | F-fooof-full | z | SVR,-0.13816407800255037,-0.06297188164090765
88,noMC | F-fooof-full | z | SVR+time,-0.05717601196233679,0.01735011481922468
88,noMC | F-fooof-full | z | Anchor,-0.7598339004790549,-0.0928429739680638
88,noMC | F-fooof-full | z | ICP,-0.04679522592001506,-0.10585277499018009
88,noMC | F-fooof-aper | none | ENR,-0.06741223231213755,-0.302106244869122
88,noMC | F-fooof-aper | none | ENR+time,-0.06741223231213755,-0.302106244869122
88,noMC | F-fooof-aper | none | SVR,-0.4157275752891485,-0.29538199533530307
88,noMC | F-fooof-aper | none | SVR+time,-0.3178620953510889,-0.26351676862771367
88,noMC | F-fooof-aper | none | Anchor,-0.1690729120386294,-0.28906278052672696
88,noMC | F-fooof-aper | none | ICP,-0.12785960966721155,-0.26152889518795863
88,noMC | F-fooof-aper | z | ENR,-0.07480778419667078,-0.26505719880123413
88,noMC | F-fooof-aper | z | ENR+time,-0.08261419348964605,-0.20538526317409944
88,noMC | F-fooof-aper | z | SVR,-0.1530585767143402,-0.23267701167754684
88,noMC | F-fooof-aper | z | SVR+time,-0.16591265465940297,-0.1891155639682722
88,noMC | F-fooof-aper | z | Anchor,-0.11802955055811282,-0.19628193835183888
88,noMC | F-fooof-aper | z | ICP,-0.04646593523991838,-0.25078686361577185
88,noMC | F-fooof-rel | none | ENR,-0.15977345505027563,-0.3915994315226523
88,noMC | F-fooof-rel | none | ENR+time,-0.11320911204113138,-0.2670163994712005
88,noMC | F-fooof-rel | none | SVR,-0.17452857708131364,-0.24372201493938309
88,noMC | F-fooof-rel | none | SVR+time,-0.3110105264577001,-0.1948548614588186
88,noMC | F-fooof-rel | none | Anchor,-0.6499994600176802,-0.16247608029943839
88,noMC | F-fooof-rel | none | ICP,-0.10397956886008752,-0.26813861220508917
88,noMC | F-fooof-rel | z | ENR,-0.39052525569475827,-0.17520967491860107
88,noMC | F-fooof-rel | z | ENR+time,-0.6906480850274956,-0.20179349432010693
88,noMC | F-fooof-rel | z | SVR,-0.24845004378800328,-0.07652533916512791
88,noMC | F-fooof-rel | z | SVR+time,-0.34244779793745894,-0.12925036887798202
88,noMC | F-fooof-rel | z | Anchor,-2.218444684599561,-0.11781208014448455
88,noMC | F-fooof-rel | z | ICP,-0.01976196666033503,0.07770127644609387
88,noMC | F-fooof-asym | none | ENR,-0.2801491038189443,-0.27407362113003686
88,noMC | F-fooof-asym | none | ENR+time,-0.341856104866076,-0.32280400993860514
88,noMC | F-fooof-asym | none | SVR,-0.3403785790555973,-0.23736949013264774
88,noMC | F-fooof-asym | none | SVR+time,-0.32428997771284807,-0.24214719639115906
88,noMC | F-fooof-asym | none | Anchor,-0.788458450177848,-0.26738014532411425
88,noMC | F-fooof-asym | none | ICP,-0.03966913894691637,-0.2856847433387186
88,noMC | F-fooof-asym | z | ENR,-0.15368448401206325,-0.21522280312392247
88,noMC | F-fooof-asym | z | ENR+time,-0.14909836323411696,-0.15097161674093268
88,noMC | F-fooof-asym | z | SVR,-0.18266950407959492,-0.18883442711921303
88,noMC | F-fooof-asym | z | SVR+time,-0.1767321056973441,-0.1389892481039634
88,noMC | F-fooof-asym | z | Anchor,-0.12269804990083566,-0.08588997037901977
88,noMC | F-fooof-asym | z | ICP,-0.09047166799720507,-0.2795797067417459
88,noMC | F-fooof-riem | riem | ENR,-0.08773291212773393,-0.061491073088632456
88,noMC | F-fooof-riem | riem | ENR+time,-0.18472415299683842,-0.17080176861047577
88,noMC | F-fooof-riem | riem | SVR,-0.2623748457885098,-0.2780870081209421
88,noMC | F-fooof-riem | riem | SVR+time,-0.08434602369433186,-0.016533528477856545
88,noMC | F-fooof-riem | riem | Anchor,-0.4780756086115092,0.00024265532766662434
88,noMC | F-fooof-riem | riem | ICP,-0.04881704669979636,-0.18509032933499178
88,MC | F-fooof-full | none | ENR,-0.056403346321085346,-0.2757682515587876
88,MC | F-fooof-full | none | ENR+time,-0.056403346321085346,-0.2757682515587876
88,MC | F-fooof-full | none | SVR,-0.34080800818424795,-0.0891521671275005
88,MC | F-fooof-full | none | SVR+time,-0.16130354889715726,-0.11039267193682223
88,MC | F-fooof-full | none | Anchor,-0.34545912073326246,0.03214277880552417
88,MC | F-fooof-full | none | ICP,-0.09896146707552145,-0.224405297374943
88,MC | F-fooof-full | z | ENR,-0.07111885042348254,-0.2715648895177596
88,MC | F-fooof-full | z | ENR+time,-0.08088941654419157,-0.2665695664068859
88,MC | F-fooof-full | z | SVR,-0.08971147573051108,0.05664675585821791
88,MC | F-fooof-full | z | SVR+time,-0.11017986255946544,-0.11276720701112644
88,MC | F-fooof-full | z | Anchor,-0.52684250289515,-0.13439302682029017
88,MC | F-fooof-full | z | ICP,-0.08035156288067324,-0.11076620317467295
88,MC | F-fooof-aper | none | ENR,-0.04266705288797201,-0.2795145191315236
88,MC | F-fooof-aper | none | ENR+time,-0.04266705288797201,-0.2795145191315236
88,MC | F-fooof-aper | none | SVR,-0.3270337925283249,-0.2639001731560544
88,MC | F-fooof-aper | none | SVR+time,-0.34605410696444716,-0.2576776145293078
88,MC | F-fooof-aper | none | Anchor,-0.29614079233249124,-0.2937588630386505
88,MC | F-fooof-aper | none | ICP,-0.10658527822447761,-0.23552552282248718
88,MC | F-fooof-aper | z | ENR,-0.08223182994266298,-0.2690882482602905
88,MC | F-fooof-aper | z | ENR+time,-0.04266705288797201,-0.2795145191315236
88,MC | F-fooof-aper | z | SVR,-0.2539746738099513,-0.1699120864445346
88,MC | F-fooof-aper | z | SVR+time,-0.2694598656526985,-0.13687825289881386
88,MC | F-fooof-aper | z | Anchor,-0.09857063302210389,-0.21964086855903617
88,MC | F-fooof-aper | z | ICP,-0.04266705288797201,-0.2795145191315236
88,MC | F-fooof-rel | none | ENR,-0.055147380783405975,-0.285940523049814
88,MC | F-fooof-rel | none | ENR+time,-0.062334595822473915,-0.2737278624363956
88,MC | F-fooof-rel | none | SVR,-0.21771477213912838,-0.2977512354256673
88,MC | F-fooof-rel | none | SVR+time,-0.22729211658370718,-0.2866086724165905
88,MC | F-fooof-rel | none | Anchor,-0.5163093496947775,-0.13656541411350526
88,MC | F-fooof-rel | none | ICP,-0.06963444675003494,-0.00895839292932852
88,MC | F-fooof-rel | z | ENR,-0.19261465203978112,-0.24381838212902057
88,MC | F-fooof-rel | z | ENR+time,-0.42699398433587565,-0.2569250141421668
88,MC | F-fooof-rel | z | SVR,-0.21293891350891814,-0.24307873417569
88,MC | F-fooof-rel | z | SVR+time,-0.48072611961937173,-0.20104302635239432
88,MC | F-fooof-rel | z | Anchor,-1.3011296155776493,-0.18437326991026992
88,MC | F-fooof-rel | z | ICP,-0.06272070475141667,-0.25538868841595574
88,MC | F-fooof-asym | none | ENR,-0.11108946384019891,-0.2209323643642955
88,MC | F-fooof-asym | none | ENR+time,-0.15813010753726497,-0.21238382039375503
88,MC | F-fooof-asym | none | SVR,-0.45405452086279063,-0.26968289985494415
88,MC | F-fooof-asym | none | SVR+time,-0.37181920869053386,-0.2769216329931917
88,MC | F-fooof-asym | none | Anchor,-0.2588253544093,-0.2193278996021582
88,MC | F-fooof-asym | none | ICP,-0.04266705288797201,-0.2795145191315236
88,MC | F-fooof-asym | z | ENR,-0.24869106805262398,-0.08327222108509627
88,MC | F-fooof-asym | z | ENR+time,-0.3321888155279591,-0.092766528597098
88,MC | F-fooof-asym | z | SVR,-0.16046201449701303,-0.20864031145342554
88,MC | F-fooof-asym | z | SVR+time,-0.18810868397181646,-0.2776211464364525
88,MC | F-fooof-asym | z | Anchor,-0.19015832176646708,-0.23518327555864987
88,MC | F-fooof-asym | z | ICP,-0.09362621441521912,0.09547043893849252
88,MC | F-fooof-riem | riem | ENR,-0.02148423046508352,0.03122637153712908
88,MC | F-fooof-riem | riem | ENR+time,-0.02148423046508352,0.03122637153712908
88,MC | F-fooof-riem | riem | SVR,-0.19829711457036603,-0.27331005527347185
88,MC | F-fooof-riem | riem | SVR+time,-0.20648150809093768,-0.2884870531328103
88,MC | F-fooof-riem | riem | Anchor,-0.41241290156530575,-0.10483441525362647
88,MC | F-fooof-riem | riem | ICP,-0.04767486356178563,-0.2098811652085061
89,noMC | F-fooof-full | none | ENR,-0.04135203517932551,-0.1904304184042329
89,noMC | F-fooof-full | none | ENR+time,-0.039180831373884395,-0.19401458055873427
89,noMC | F-fooof-full | none | SVR,-0.19711545552670295,-0.21564187193808176
89,noMC | F-fooof-full | none | SVR+time,-0.23376631052332653,-0.2644063469133115
89,noMC | F-fooof-full | none | Anchor,-0.2958847437924157,0.021737363260249547
89,noMC | F-fooof-full | none | ICP,-0.03566519672525459,-0.035789921228703406
89,noMC | F-fooof-full | z | ENR,-0.10961932268365504,-0.17075793793310662
89,noMC | F-fooof-full | z | ENR+time,-0.10911482059693234,-0.17015245407631288
89,noMC | F-fooof-full | z | SVR,-0.18158473064839953,-0.22728131511231212
89,noMC | F-fooof-full | z | SVR+time,-0.18190540321504933,-0.23815520011806984
89,noMC | F-fooof-full | z | Anchor,-0.8486067778259461,0.022568247891373093
89,noMC | F-fooof-full | z | ICP,-0.08255750724227617,-0.3080320298421958
89,noMC | F-fooof-aper | none | ENR,0.0021925092198525897,0.1257926032968909
89,noMC | F-fooof-aper | none | ENR+time,-0.021470576071724867,0.09004659482951854
89,noMC | F-fooof-aper | none | SVR,-0.11699992306795792,-0.027626143339084752
89,noMC | F-fooof-aper | none | SVR+time,-0.14230050252657334,-0.08368449674639071
89,noMC | F-fooof-aper | none | Anchor,-0.20038483758805614,-0.005178404455359623
89,noMC | F-fooof-aper | none | ICP,-0.05817069541847264,0.028957665029888544
89,noMC | F-fooof-aper | z | ENR,-0.04368400327384192,-0.321385625193348
89,noMC | F-fooof-aper | z | ENR+time,-0.04368400327384192,-0.321385625193348
89,noMC | F-fooof-aper | z | SVR,-0.253980217177983,-0.3135561224199904
89,noMC | F-fooof-aper | z | SVR+time,-0.3544559972335761,-0.36735276910738224
89,noMC | F-fooof-aper | z | Anchor,-0.21735461883109153,-0.3539159393146698
89,noMC | F-fooof-aper | z | ICP,-0.04368400327384192,-0.32138562519334796
89,noMC | F-fooof-rel | none | ENR,-0.032249651946226754,0.009279947092653184
89,noMC | F-fooof-rel | none | ENR+time,-0.0871032723046441,-0.18556367982531613
89,noMC | F-fooof-rel | none | SVR,0.01964238813728192,0.1708940522521683
89,noMC | F-fooof-rel | none | SVR+time,-0.04670630031783807,0.01310393598205458
89,noMC | F-fooof-rel | none | Anchor,-0.04388643979244855,0.09051458328315345
89,noMC | F-fooof-rel | none | ICP,-0.11810557009860534,-0.16257756829871475
89,noMC | F-fooof-rel | z | ENR,-0.35878941393282204,0.005017400410573287
89,noMC | F-fooof-rel | z | ENR+time,-0.08538500588980735,-0.1653365657230743
89,noMC | F-fooof-rel | z | SVR,-0.07662360343980423,-0.07199448687905115
89,noMC | F-fooof-rel | z | SVR+time,-0.06520511604991519,-0.08722219827531305
89,noMC | F-fooof-rel | z | Anchor,-1.6934406047870567,0.1810088321016587
89,noMC | F-fooof-rel | z | ICP,-0.04368400327384192,-0.32138562519334796
89,noMC | F-fooof-asym | none | ENR,0.002978929357326021,0.12853492360781518
89,noMC | F-fooof-asym | none | ENR+time,0.0038179301752514494,0.13005623889131782
89,noMC | F-fooof-asym | none | SVR,-0.16983453178740482,0.016932001868711112
89,noMC | F-fooof-asym | none | SVR+time,-0.15760294871042668,-0.00790649679948402
89,noMC | F-fooof-asym | none | Anchor,-0.10607294737917328,-0.0026088753157578123
89,noMC | F-fooof-asym | none | ICP,-0.20356573156329993,-0.2815072688791516
89,noMC | F-fooof-asym | z | ENR,0.022291565624446896,0.15392600676947743
89,noMC | F-fooof-asym | z | ENR+time,0.024672963922342306,0.15999668204353107
89,noMC | F-fooof-asym | z | SVR,-0.04605424883281328,0.009776605991117342
89,noMC | F-fooof-asym | z | SVR+time,-0.03488098628577019,0.04308473083740794
89,noMC | F-fooof-asym | z | Anchor,0.008322494529510394,0.29069535548258696
89,noMC | F-fooof-asym | z | ICP,-0.04636514446048001,-0.31262244810068873
89,noMC | F-fooof-riem | riem | ENR,-0.14679758878275928,0.05020577803517769
89,noMC | F-fooof-riem | riem | ENR+time,-0.085250646355985,-0.0014696414446195294
89,noMC | F-fooof-riem | riem | SVR,-0.12326401696209732,-0.07586725265153334
89,noMC | F-fooof-riem | riem | SVR+time,-0.11746803279476792,-0.0690551814384524
89,noMC | F-fooof-riem | riem | Anchor,-1.266814804278301,0.16843555892011033
89,noMC | F-fooof-riem | riem | ICP,-0.06293168279683492,-0.2142948232833741
89,MC | F-fooof-full | none | ENR,-0.2067012666831194,-0.168130057328647
89,MC | F-fooof-full | none | ENR+time,-0.05339234881441257,-0.31340406894895095
89,MC | F-fooof-full | none | SVR,-0.2492984932374156,-0.10160254574879632
89,MC | F-fooof-full | none | SVR+time,-0.3014979998939953,-0.17489440273901702
89,MC | F-fooof-full | none | Anchor,-0.23297788525027974,0.21265409005721173
89,MC | F-fooof-full | none | ICP,-0.045385257165688975,-0.04872756202865671
89,MC | F-fooof-full | z | ENR,0.035448738449395445,0.24345659073187947
89,MC | F-fooof-full | z | ENR+time,0.040990310159096155,0.24588069367009374
89,MC | F-fooof-full | z | SVR,-0.10371855292546361,-0.06420969091333012
89,MC | F-fooof-full | z | SVR+time,-0.10679717025508428,-0.03775833104082821
89,MC | F-fooof-full | z | Anchor,-0.15461743468993983,0.2164231234151307
89,MC | F-fooof-full | z | ICP,-0.05173432644216969,-0.23057208750109287
89,MC | F-fooof-aper | none | ENR,-0.034672457937886314,-0.02828918752574898
89,MC | F-fooof-aper | none | ENR+time,-0.03205923628683638,-0.034292314557990734
89,MC | F-fooof-aper | none | SVR,-0.1204801429183775,-0.05891326486170758
89,MC | F-fooof-aper | none | SVR+time,-0.15353734205933867,-0.1271192179396317
89,MC | F-fooof-aper | none | Anchor,-0.0576803970566957,0.02738669237925205
89,MC | F-fooof-aper | none | ICP,-0.11326293863954406,-0.2862084423805875
89,MC | F-fooof-aper | z | ENR,-0.18285736063453273,-0.13103920977676162
89,MC | F-fooof-aper | z | ENR+time,-0.04601509849957819,-0.3238367330960176
89,MC | F-fooof-aper | z | SVR,-0.2522853252296864,-0.19144924273266667
89,MC | F-fooof-aper | z | SVR+time,-0.2842600843761547,-0.25224997503370455
89,MC | F-fooof-aper | z | Anchor,-0.43334368957801717,-0.25149402114370034
89,MC | F-fooof-aper | z | ICP,-0.250761910538962,-0.14250813158345957
89,MC | F-fooof-rel | none | ENR,-0.06348297980747097,0.010360731060714647
89,MC | F-fooof-rel | none | ENR+time,-0.06558418239771568,-0.01659822666903661
89,MC | F-fooof-rel | none | SVR,-0.006072256809309895,0.13611506030975815
89,MC | F-fooof-rel | none | SVR+time,-0.06677330162348505,0.11726913622601846
89,MC | F-fooof-rel | none | Anchor,-0.113245983729378,0.08885814833210104
89,MC | F-fooof-rel | none | ICP,-0.04909299005313428,0.03840729620023568
89,MC | F-fooof-rel | z | ENR,-0.13526747883599577,0.016657813395011316
89,MC | F-fooof-rel | z | ENR+time,-0.15801237014115777,0.022134304214549302
89,MC | F-fooof-rel | z | SVR,-0.008456438522394638,0.10081767919439283
89,MC | F-fooof-rel | z | SVR+time,-0.1961044694730214,0.035952683815833865
89,MC | F-fooof-rel | z | Anchor,-4.285733838161241,0.23749273157236747
89,MC | F-fooof-rel | z | ICP,-0.04601509849957819,-0.32383673309601757
89,MC | F-fooof-asym | none | ENR,0.058268836873775154,0.27358913528878104
89,MC | F-fooof-asym | none | ENR+time,0.05914403720433814,0.25379732145335837
89,MC | F-fooof-asym | none | SVR,-0.09387862815297465,0.07999589762867612
89,MC | F-fooof-asym | none | SVR+time,-0.07808451600489796,0.05816981029870256
89,MC | F-fooof-asym | none | Anchor,-0.07481484851233122,0.11221924568497946
89,MC | F-fooof-asym | none | ICP,-0.0501769606767315,-0.029125722731999582
89,MC | F-fooof-asym | z | ENR,-0.01155978304209393,0.09876300730621117
89,MC | F-fooof-asym | z | ENR+time,-0.01375784886853415,0.09594321685232414
89,MC | F-fooof-asym | z | SVR,-0.013422341004137861,0.12915307528480585
89,MC | F-fooof-asym | z | SVR+time,-0.012913580993882068,0.07617727201427485
89,MC | F-fooof-asym | z | Anchor,0.03279675136885074,0.22538524944757482
89,MC | F-fooof-asym | z | ICP,-0.1690963485503585,-0.28200685282388155
89,MC | F-fooof-riem | riem | ENR,0.048758844488934194,0.2353576760134183
89,MC | F-fooof-riem | riem | ENR+time,0.028106881227082936,0.19076925897861555
89,MC | F-fooof-riem | riem | SVR,-0.10871335722255182,-0.06697849602179888
89,MC | F-fooof-riem | riem | SVR+time,-0.15366095540849467,-0.15413513035824647
89,MC | F-fooof-riem | riem | Anchor,-0.1938975382055632,0.3140867457515204
89,MC | F-fooof-riem | riem | ICP,-0.04601509849957819,-0.32383673309601757
90,noMC | F-fooof-full | none | ENR,-0.1036805484615988,-0.03685895869708865
90,noMC | F-fooof-full | none | ENR+time,-0.1394576905116589,-0.15026901191857728
90,noMC | F-fooof-full | none | SVR,-0.33003772054987524,-0.17350440158265829
90,noMC | F-fooof-full | none | SVR+time,-0.320159380492979,-0.2562236234372558
90,noMC | F-fooof-full | none | Anchor,-0.0677877839968597,0.17620244397917278
90,noMC | F-fooof-full | none | ICP,-0.05864135966172124,-0.3945900860461401
90,noMC | F-fooof-full | z | ENR,-0.28250217396391597,-0.21943214191468943
90,noMC | F-fooof-full | z | ENR+time,-0.12045966951998932,-0.15897348878420295
90,noMC | F-fooof-full | z | SVR,-0.35752167869406715,-0.2122322910181229
90,noMC | F-fooof-full | z | SVR+time,-0.3656889474578724,-0.27378739111563666
90,noMC | F-fooof-full | z | Anchor,-0.7079110211666715,-0.04198830001718634
90,noMC | F-fooof-full | z | ICP,-0.04945873907884124,-0.02695331892541819
90,noMC | F-fooof-aper | none | ENR,-0.1380207602415584,-0.2980073691510834
90,noMC | F-fooof-aper | none | ENR+time,-0.12823132859998965,-0.30477379752927913
90,noMC | F-fooof-aper | none | SVR,-0.40740414345051956,-0.3547565204048959
90,noMC | F-fooof-aper | none | SVR+time,-0.5247118060155751,-0.4175210814655231
90,noMC | F-fooof-aper | none | Anchor,-0.36915403771096433,-0.19384247416750366
90,noMC | F-fooof-aper | none | ICP,-0.3329236673794551,-0.1938972941620385
90,noMC | F-fooof-aper | z | ENR,-0.05864135966172124,-0.3945900860461401
90,noMC | F-fooof-aper | z | ENR+time,-0.05864135966172124,-0.3945900860461401
90,noMC | F-fooof-aper | z | SVR,-0.24925599619877903,-0.3300495386101525
90,noMC | F-fooof-aper | z | SVR+time,-0.2753371454014064,-0.27825835454455045
90,noMC | F-fooof-aper | z | Anchor,-0.33008473315709264,-0.4266494881652923
90,noMC | F-fooof-aper | z | ICP,-0.05864135966172124,-0.3945900860461401
90,noMC | F-fooof-rel | none | ENR,0.024669296104996463,0.1786663232017757
90,noMC | F-fooof-rel | none | ENR+time,0.020963840767947328,0.16608225329549386
90,noMC | F-fooof-rel | none | SVR,-0.13130253102547118,0.07683015859729694
90,noMC | F-fooof-rel | none | SVR+time,-0.2510047237080206,-0.01179492563843261
90,noMC | F-fooof-rel | none | Anchor,0.06643248111591049,0.2906862882250414
90,noMC | F-fooof-rel | none | ICP,-0.05864135966172124,-0.3945900860461401
90,noMC | F-fooof-rel | z | ENR,-0.14234934292820745,0.023251256303511436
90,noMC | F-fooof-rel | z | ENR+time,-0.16336550276659922,0.05709960673824861
90,noMC | F-fooof-rel | z | SVR,-0.15628281504243935,-0.05839398280137525
90,noMC | F-fooof-rel | z | SVR+time,-0.0753115342308508,0.055394829391281084
90,noMC | F-fooof-rel | z | Anchor,-2.351368345619331,0.19896294092244673
90,noMC | F-fooof-rel | z | ICP,-0.05954761514568774,-0.3919500922620188
90,noMC | F-fooof-asym | none | ENR,-0.12922507084007262,-0.1969747747104012
90,noMC | F-fooof-asym | none | ENR+time,-0.11954368093534407,-0.2146964916729841
90,noMC | F-fooof-asym | none | SVR,-0.3186589933511075,-0.2493569430682368
90,noMC | F-fooof-asym | none | SVR+time,-0.28627147077388426,-0.23001462397825745
90,noMC | F-fooof-asym | none | Anchor,-0.35715173843459747,-0.2587647180489842
90,noMC | F-fooof-asym | none | ICP,-0.05864135966172124,-0.3945900860461401
90,noMC | F-fooof-asym | z | ENR,0.18610530398621616,0.46118034265053137
90,noMC | F-fooof-asym | z | ENR+time,0.09321132338634164,0.3261744995696608
90,noMC | F-fooof-asym | z | SVR,-0.12776338293044898,0.27342072850914506
90,noMC | F-fooof-asym | z | SVR+time,0.012791445110085786,0.20036445700798355
90,noMC | F-fooof-asym | z | Anchor,0.1785368441434878,0.46357984890613846
90,noMC | F-fooof-asym | z | ICP,-0.05864135966172124,-0.3945900860461401
90,noMC | F-fooof-riem | riem | ENR,-0.14874232856073832,-0.008764263540705752
90,noMC | F-fooof-riem | riem | ENR+time,-0.15055889367820718,-0.020075010725930535
90,noMC | F-fooof-riem | riem | SVR,-0.16308710078382727,0.01791092350650048
90,noMC | F-fooof-riem | riem | SVR+time,-0.20195857139495943,-0.01137114756789815
90,noMC | F-fooof-riem | riem | Anchor,-1.5557203920827467,0.16437133718094912
90,noMC | F-fooof-riem | riem | ICP,-0.0718424579750514,-0.2732414566047434
90,MC | F-fooof-full | none | ENR,-0.06360720635332973,0.1628508653069519
90,MC | F-fooof-full | none | ENR+time,-0.16813981670291556,-0.0618971602599724
90,MC | F-fooof-full | none | SVR,-0.09029035355796577,0.021210438500645315
90,MC | F-fooof-full | none | SVR+time,-0.4202721990145435,-0.19620116377112973
90,MC | F-fooof-full | none | Anchor,-0.18606042993102334,0.1914455794905325
90,MC | F-fooof-full | none | ICP,-0.06319471250568287,-0.3982971567449001
90,MC | F-fooof-full | z | ENR,-0.16936312219183902,-0.11216687656061079
90,MC | F-fooof-full | z | ENR+time,-0.13574330261144474,-0.219779199076232
90,MC | F-fooof-full | z | SVR,-0.29350551055490204,-0.22435128119373277
90,MC | F-fooof-full | z | SVR+time,-0.3036335991548762,-0.24669323562255172
90,MC | F-fooof-full | z | Anchor,-0.2705947935155075,0.16657525882785118
90,MC | F-fooof-full | z | ICP,-0.044114564975618276,0.035649095452853205
90,MC | F-fooof-aper | none | ENR,-0.13963654048704632,-0.2994647125265768
90,MC | F-fooof-aper | none | ENR+time,-0.12879052431768123,-0.3135419378772925
90,MC | F-fooof-aper | none | SVR,-0.33286773614117093,-0.33032718732256683
90,MC | F-fooof-aper | none | SVR+time,-0.20815749611795975,-0.35488859740722234
90,MC | F-fooof-aper | none | Anchor,-0.149821189862948,-0.29908585715970526
90,MC | F-fooof-aper | none | ICP,-0.20220585704772653,-0.27670077575166374
90,MC | F-fooof-aper | z | ENR,-0.06319471250568287,-0.3982971567449001
90,MC | F-fooof-aper | z | ENR+time,-0.06319471250568287,-0.39829715674490007
90,MC | F-fooof-aper | z | SVR,-0.21919728196948673,-0.3791280630072109
90,MC | F-fooof-aper | z | SVR+time,-0.25943519859267195,-0.3502891555455662
90,MC | F-fooof-aper | z | Anchor,-0.25835660123584114,-0.4214293278275617
90,MC | F-fooof-aper | z | ICP,-0.06319471250568287,-0.3982971567449001
90,MC | F-fooof-rel | none | ENR,0.05203899778656207,0.2366078887507814
90,MC | F-fooof-rel | none | ENR+time,0.05046351392148141,0.23303250805666686
90,MC | F-fooof-rel | none | SVR,-0.38099041907988895,0.1287081104946124
90,MC | F-fooof-rel | none | SVR+time,-0.2241023774022075,0.06107152768673875
90,MC | F-fooof-rel | none | Anchor,0.02051019329235826,0.2854066595541899
90,MC | F-fooof-rel | none | ICP,-0.06319471250568287,-0.3982971567449001
90,MC | F-fooof-rel | z | ENR,-0.2259647470283097,-0.07885658285166866
90,MC | F-fooof-rel | z | ENR+time,-0.19567502462485686,-0.05879089059699112
90,MC | F-fooof-rel | z | SVR,-0.07209719737650566,0.10096506781084712
90,MC | F-fooof-rel | z | SVR+time,-0.06085463510037292,0.10617891937788979
90,MC | F-fooof-rel | z | Anchor,-0.7819941503816925,0.17203763126559835
90,MC | F-fooof-rel | z | ICP,-0.06319471250568287,-0.3982971567449001
90,MC | F-fooof-asym | none | ENR,-0.20310550451019038,-0.23532805384060435
90,MC | F-fooof-asym | none | ENR+time,-0.16871248990625842,-0.23386526716253914
90,MC | F-fooof-asym | none | SVR,-0.3248717784732582,-0.21598079920366814
90,MC | F-fooof-asym | none | SVR+time,-0.27611068002584993,-0.3191696467615974
90,MC | F-fooof-asym | none | Anchor,-0.27326800390253747,-0.18864159329247726
90,MC | F-fooof-asym | none | ICP,-0.11470250102789192,-0.3107215776577218
90,MC | F-fooof-asym | z | ENR,-0.36520312407024735,-0.2768436370345707
90,MC | F-fooof-asym | z | ENR+time,-0.17847236576353165,-0.20033563397075105
90,MC | F-fooof-asym | z | SVR,0.05611073085407747,0.24722792177375566
90,MC | F-fooof-asym | z | SVR+time,5.1968353915410326e-05,0.15682737804180458
90,MC | F-fooof-asym | z | Anchor,-0.2332259761271298,0.09856949516195501
90,MC | F-fooof-asym | z | ICP,-0.06319471250568287,-0.3982971567449001
90,MC | F-fooof-riem | riem | ENR,-0.09736110360171701,0.12304490416467449
90,MC | F-fooof-riem | riem | ENR+time,-0.09805231882672882,0.11616536288090956
90,MC | F-fooof-riem | riem | SVR,-0.17197381452416316,-0.050527585169721785
90,MC | F-fooof-riem | riem | SVR+time,-0.2967678569019583,-0.14981845955476664
90,MC | F-fooof-riem | riem | Anchor,-0.3147995657513758,0.20900567850095758
90,MC | F-fooof-riem | riem | ICP,-0.06879279027353591,-0.40840803534526615
91,noMC | F-fooof-full | none | ENR,-0.3331448252999998,-0.23921202655541057
91,noMC | F-fooof-full | none | ENR+time,-0.28732406728370363,-0.2336564543690625
91,noMC | F-fooof-full | none | SVR,-0.34412258537730844,-0.24005236569621485
91,noMC | F-fooof-full | none | SVR+time,-0.19363589946072435,0.025682377259173904
91,noMC | F-fooof-full | none | Anchor,-0.557125595452983,-0.2012241651608655
91,noMC | F-fooof-full | none | ICP,-0.053383973929462814,-0.2947775349179351
91,noMC | F-fooof-full | z | ENR,-0.07848180552011264,-0.24274988534635888
91,noMC | F-fooof-full | z | ENR+time,-0.04439515729734267,-0.15876251485230122
91,noMC | F-fooof-full | z | SVR,-0.10900554277452468,-0.08846676256650196
91,noMC | F-fooof-full | z | SVR+time,-0.0835883117911127,-0.02848083939677919
91,noMC | F-fooof-full | z | Anchor,-0.3330211359201909,-0.2979476144325467
91,noMC | F-fooof-full | z | ICP,-0.04907286884496709,-0.24450036436399197
91,noMC | F-fooof-aper | none | ENR,-0.47515759282475334,-0.29222824506061107
91,noMC | F-fooof-aper | none | ENR+time,-0.21308686349723227,-0.26973441567893985
91,noMC | F-fooof-aper | none | SVR,-0.5691616502345853,-0.2736106660816561
91,noMC | F-fooof-aper | none | SVR+time,-0.6404528963495335,-0.2255943592777382
91,noMC | F-fooof-aper | none | Anchor,-0.5472389351830707,-0.29861724130852485
91,noMC | F-fooof-aper | none | ICP,-0.3346277175208794,-0.24339415473193038
91,noMC | F-fooof-aper | z | ENR,-0.1207397895405995,-0.009577189314326452
91,noMC | F-fooof-aper | z | ENR+time,-0.13772167779337363,-0.04034362839196062
91,noMC | F-fooof-aper | z | SVR,-0.09457733699486148,0.08359146922573592
91,noMC | F-fooof-aper | z | SVR+time,-0.1041090278862955,0.12922284040185714
91,noMC | F-fooof-aper | z | Anchor,-0.176105203904805,0.01842586796109644
91,noMC | F-fooof-aper | z | ICP,-0.2043984775502532,-0.08030689191362016
91,noMC | F-fooof-rel | none | ENR,-0.09737327674048601,-0.3363547788581941
91,noMC | F-fooof-rel | none | ENR+time,-0.09737327674048601,-0.3363547788581944
91,noMC | F-fooof-rel | none | SVR,-0.3502186120234365,-0.28429930166391937
91,noMC | F-fooof-rel | none | SVR+time,-0.25841364233795683,-0.26847211434551077
91,noMC | F-fooof-rel | none | Anchor,-0.6095699889170414,-0.269910523714846
91,noMC | F-fooof-rel | none | ICP,-0.25215813050148106,-0.28426413496891223
91,noMC | F-fooof-rel | z | ENR,-0.17946487835431268,-0.3062295873424771
91,noMC | F-fooof-rel | z | ENR+time,-0.17946487835431268,-0.3062295873424771
91,noMC | F-fooof-rel | z | SVR,-0.27930045001651127,-0.1458817254936162
91,noMC | F-fooof-rel | z | SVR+time,-0.10292524906775835,0.02973999999610965
91,noMC | F-fooof-rel | z | Anchor,-6.538820798309604,-0.2995632255535961
91,noMC | F-fooof-rel | z | ICP,-0.09478358765099637,-0.1533399981705748
91,noMC | F-fooof-asym | none | ENR,-0.16788893750451916,-0.27244765177665003
91,noMC | F-fooof-asym | none | ENR+time,-0.1866575244165778,-0.291216888177112
91,noMC | F-fooof-asym | none | SVR,-0.41068831861777944,-0.24261856313869803
91,noMC | F-fooof-asym | none | SVR+time,-0.2868588996885444,0.012679232686671368
91,noMC | F-fooof-asym | none | Anchor,-0.14312497273227343,-0.3205565192654427
91,noMC | F-fooof-asym | none | ICP,-0.0531747730919665,-0.3361075868375547
91,noMC | F-fooof-asym | z | ENR,-0.17101320772872564,-0.32609795867566377
91,noMC | F-fooof-asym | z | ENR+time,-0.1975574267020601,-0.2326213163917168
91,noMC | F-fooof-asym | z | SVR,-0.3676658932516086,-0.3165244651148716
91,noMC | F-fooof-asym | z | SVR+time,-0.33094961208049534,-0.06314865623870941
91,noMC | F-fooof-asym | z | Anchor,-1.2102524530908436,-0.21521655219050534
91,noMC | F-fooof-asym | z | ICP,-0.0531747730919665,-0.3361075868375547
91,noMC | F-fooof-riem | riem | ENR,-0.2702157483843557,-0.2336161222673513
91,noMC | F-fooof-riem | riem | ENR+time,-0.11875360572060512,-0.2571763745204991
91,noMC | F-fooof-riem | riem | SVR,-0.17380818230899786,-0.06526935824432567
91,noMC | F-fooof-riem | riem | SVR+time,-0.1913689759354411,-0.08586765137390026
91,noMC | F-fooof-riem | riem | Anchor,-0.5465153614548213,-0.1694919444077297
91,noMC | F-fooof-riem | riem | ICP,-0.09786849669877906,-0.23191134557697665
91,MC | F-fooof-full | none | ENR,-0.16788313162252844,-0.36642873967334877
91,MC | F-fooof-full | none | ENR+time,-0.05745094915235138,-0.3361715785180133
91,MC | F-fooof-full | none | SVR,-0.16481583616967854,-0.13406327688265607
91,MC | F-fooof-full | none | SVR+time,-0.2146159791333795,-0.15117598949524902
91,MC | F-fooof-full | none | Anchor,-0.2694344633442043,-0.20632777331456903
91,MC | F-fooof-full | none | ICP,-0.17142169795904105,-0.29194984046054484
91,MC | F-fooof-full | z | ENR,-0.05369657183026222,-0.33932041699608884
91,MC | F-fooof-full | z | ENR+time,-0.05369657183026222,-0.33932041699608884
91,MC | F-fooof-full | z | SVR,-0.3048229149556698,-0.10035160621051822
91,MC | F-fooof-full | z | SVR+time,-0.11028382877616894,-0.13005735713947758
91,MC | F-fooof-full | z | Anchor,-0.7527957500062095,-0.07991712765148724
91,MC | F-fooof-full | z | ICP,-0.04125026856410874,0.012944606909017954
91,MC | F-fooof-aper | none | ENR,-0.05025234238455378,-0.3345511806143825
91,MC | F-fooof-aper | none | ENR+time,-0.05025234238455378,-0.3345511806143825
91,MC | F-fooof-aper | none | SVR,-0.5379480982360534,-0.3460050371973011
91,MC | F-fooof-aper | none | SVR+time,-0.4788525128932628,-0.3435937156565235
91,MC | F-fooof-aper | none | Anchor,-0.08845143135808042,-0.3295087829237603
91,MC | F-fooof-aper | none | ICP,-0.30799112459321276,-0.2517026181179821
91,MC | F-fooof-aper | z | ENR,-0.104434103557,-0.09659013266069108
91,MC | F-fooof-aper | z | ENR+time,-0.09483000193418922,-0.11831031813311171
91,MC | F-fooof-aper | z | SVR,-0.31021726695920293,-0.149434019086076
91,MC | F-fooof-aper | z | SVR+time,-0.17589595221239507,-0.13176241448510362
91,MC | F-fooof-aper | z | Anchor,-0.1429441082487204,-0.05295850314186989
91,MC | F-fooof-aper | z | ICP,-0.1088656859783208,-0.1673918614546241
91,MC | F-fooof-rel | none | ENR,-0.05025234238455378,-0.3345511806143826
91,MC | F-fooof-rel | none | ENR+time,-0.05025234238455378,-0.33455118061438255
91,MC | F-fooof-rel | none | SVR,-0.33458601480685246,-0.34015025136842814
91,MC | F-fooof-rel | none | SVR+time,-0.2284038949020062,-0.2593145191831996
91,MC | F-fooof-rel | none | Anchor,-0.43725151667715223,-0.28865256911954057
91,MC | F-fooof-rel | none | ICP,-0.15912469052357148,-0.26649073371500764
91,MC | F-fooof-rel | z | ENR,-0.05025234238455378,-0.33455118061438255
91,MC | F-fooof-rel | z | ENR+time,-0.05025234238455378,-0.33455118061438255
91,MC | F-fooof-rel | z | SVR,-0.2903422612183335,-0.20456609196598113
91,MC | F-fooof-rel | z | SVR+time,-0.20827485155050507,-0.28668212667487564
91,MC | F-fooof-rel | z | Anchor,-3.233902210821287,-0.2836689760761333
91,MC | F-fooof-rel | z | ICP,-0.17907572480476874,-0.2782155078253391
91,MC | F-fooof-asym | none | ENR,-0.129816239330927,-0.3445913434033093
91,MC | F-fooof-asym | none | ENR+time,-0.13321510896176125,-0.3437256860062191
91,MC | F-fooof-asym | none | SVR,-0.39534888343477803,-0.3110568673018726
91,MC | F-fooof-asym | none | SVR+time,-0.2165503977673453,-0.07914038759035863
91,MC | F-fooof-asym | none | Anchor,-0.18084585216559468,-0.2403963028390939
91,MC | F-fooof-asym | none | ICP,-0.05025234238455378,-0.33455118061438255
91,MC | F-fooof-asym | z | ENR,-0.14934333798680077,-0.31930538005167275
91,MC | F-fooof-asym | z | ENR+time,-0.15972346848691044,-0.3635003304110336
91,MC | F-fooof-asym | z | SVR,-0.7882511657644147,-0.08085007193335648
91,MC | F-fooof-asym | z | SVR+time,-0.40846092155481095,-0.017478750679034653
91,MC | F-fooof-asym | z | Anchor,-0.20583858538436917,-0.1322912547860915
91,MC | F-fooof-asym | z | ICP,-0.008386663461165345,0.040127503165880485
91,MC | F-fooof-riem | riem | ENR,-0.5874434523136203,-0.22425577052204487
91,MC | F-fooof-riem | riem | ENR+time,-0.5877001241121413,-0.2242080413145593
91,MC | F-fooof-riem | riem | SVR,-0.2508193028734236,-0.029076464067403558
91,MC | F-fooof-riem | riem | SVR+time,-0.1642405231901547,-0.025252999094330854
91,MC | F-fooof-riem | riem | Anchor,-0.6514882594959026,-0.11186044393750601
91,MC | F-fooof-riem | riem | ICP,-0.09162707952377946,-0.3012376298761249
92,noMC | F-fooof-full | none | ENR,-0.12113834099393794,-0.01629570856640669
92,noMC | F-fooof-full | none | ENR+time,-0.11353561124123002,-0.026342270754380084
92,noMC | F-fooof-full | none | SVR,-0.13731144819493868,-0.11299897140650197
92,noMC | F-fooof-full | none | SVR+time,-0.17225971822384523,-0.18295851321962986
92,noMC | F-fooof-full | none | Anchor,-0.3011180019080115,-0.09651748126274279
92,noMC | F-fooof-full | none | ICP,-0.06438460055404938,0.0372689652024276
92,noMC | F-fooof-full | z | ENR,-0.2109624681295097,-0.23524731039076538
92,noMC | F-fooof-full | z | ENR+time,-0.1897585217692761,-0.24197536404288805
92,noMC | F-fooof-full | z | SVR,-0.33973313537661975,-0.35889934311988964
92,noMC | F-fooof-full | z | SVR+time,-0.35060943218231166,-0.375116657572758
92,noMC | F-fooof-full | z | Anchor,-0.3157560354287994,-0.26644737576727157
92,noMC | F-fooof-full | z | ICP,-2.63903599497072,-0.2890376146766098
92,noMC | F-fooof-aper | none | ENR,-0.0640717019851289,-0.08599340566196498
92,noMC | F-fooof-aper | none | ENR+time,-0.04894396864930273,-0.07836865756324332
92,noMC | F-fooof-aper | none | SVR,-0.3522927996214791,-0.2593387296427292
92,noMC | F-fooof-aper | none | SVR+time,-0.2676030113586316,-0.2931947081142801
92,noMC | F-fooof-aper | none | Anchor,-0.15140927640841695,-0.09065205378278718
92,noMC | F-fooof-aper | none | ICP,-0.11171137075435067,0.022048978890369074
92,noMC | F-fooof-aper | z | ENR,-0.06447754047319632,-0.34600915961427864
92,noMC | F-fooof-aper | z | ENR+time,-0.06447754047319632,-0.34600915961427864
92,noMC | F-fooof-aper | z | SVR,-0.1815621266304892,-0.29554643638184386
92,noMC | F-fooof-aper | z | SVR+time,-0.1731093299759563,-0.2289496107137461
92,noMC | F-fooof-aper | z | Anchor,-0.22240192525175373,-0.36712226951513705
92,noMC | F-fooof-aper | z | ICP,-0.052103968117067634,-0.36786282740839843
92,noMC | F-fooof-rel | none | ENR,-0.047583401295560934,-0.09111081815628608
92,noMC | F-fooof-rel | none | ENR+time,-0.047583401295560934,-0.09111081815628597
92,noMC | F-fooof-rel | none | SVR,-0.1314824672087478,-0.06463410026139098
92,noMC | F-fooof-rel | none | SVR+time,-0.1157060973906312,-0.04550503809596696
92,noMC | F-fooof-rel | none | Anchor,-0.2068704234640819,0.07365890275859463
92,noMC | F-fooof-rel | none | ICP,-0.09251704243945769,-0.14722234503635614
92,noMC | F-fooof-rel | z | ENR,-0.053183070712667035,-0.37068151889481205
92,noMC | F-fooof-rel | z | ENR+time,-0.053183070712667035,-0.37068151889481205
92,noMC | F-fooof-rel | z | SVR,-0.17392843027654492,-0.3093265265506569
92,noMC | F-fooof-rel | z | SVR+time,-0.1680851015669731,-0.31767538366043635
92,noMC | F-fooof-rel | z | Anchor,-0.9294330247039326,0.09514015478850547
92,noMC | F-fooof-rel | z | ICP,-0.052103968117067634,-0.36786282740839843
92,noMC | F-fooof-asym | none | ENR,-0.08897088890549965,-0.04371251375181144
92,noMC | F-fooof-asym | none | ENR+time,-0.0729105718079559,-0.0029691616992400527
92,noMC | F-fooof-asym | none | SVR,-0.07938056803520799,0.03537417996905248
92,noMC | F-fooof-asym | none | SVR+time,-0.060371545989735154,0.015537035787124183
92,noMC | F-fooof-asym | none | Anchor,-0.1422561154406352,0.020604012916297196
92,noMC | F-fooof-asym | none | ICP,-0.061173911899249145,-0.14353019969949807
92,noMC | F-fooof-asym | z | ENR,-0.09225375367094002,-0.10301762285664588
92,noMC | F-fooof-asym | z | ENR+time,-0.1134043796895774,-0.1820164333919904
92,noMC | F-fooof-asym | z | SVR,0.03523804175216527,0.19745048179525682
92,noMC | F-fooof-asym | z | SVR+time,-0.059756618056174826,-0.02277607305955224
92,noMC | F-fooof-asym | z | Anchor,-0.08603588710830157,0.06220479896390434
92,noMC | F-fooof-asym | z | ICP,-0.052103968117067634,-0.36786282740839843
92,noMC | F-fooof-riem | riem | ENR,-0.1807375819646,-0.20598084098230532
92,noMC | F-fooof-riem | riem | ENR+time,-0.2855563512396273,-0.19666723993686108
92,noMC | F-fooof-riem | riem | SVR,-0.12457903324215369,-0.009795506674454942
92,noMC | F-fooof-riem | riem | SVR+time,-0.12442469457467631,-0.10180462225879092
92,noMC | F-fooof-riem | riem | Anchor,-0.7373540561657128,0.1279177103797215
92,noMC | F-fooof-riem | riem | ICP,-0.052103968117067634,-0.36786282740839843
92,MC | F-fooof-full | none | ENR,-0.1990230099373227,-0.06824222836520585
92,MC | F-fooof-full | none | ENR+time,-0.1972401292460806,-0.07560489980684998
92,MC | F-fooof-full | none | SVR,-0.13052316220310756,-0.0800300114751221
92,MC | F-fooof-full | none | SVR+time,-0.1550706043235035,-0.13204756941016316
92,MC | F-fooof-full | none | Anchor,-0.39422930980173754,-0.03807222340547725
92,MC | F-fooof-full | none | ICP,-0.03389378720049363,0.016965061792944464
92,MC | F-fooof-full | z | ENR,-0.15646507246328833,-0.22953672061594627
92,MC | F-fooof-full | z | ENR+time,-0.1442011836426016,-0.2354080632141723
92,MC | F-fooof-full | z | SVR,-0.258880920057575,-0.24286483006463233
92,MC | F-fooof-full | z | SVR+time,-0.23634368687501173,-0.20323119933734402
92,MC | F-fooof-full | z | Anchor,-0.9524108059460137,0.09140465862563787
92,MC | F-fooof-full | z | ICP,-0.07832104422883868,-0.26474191946011516
92,MC | F-fooof-aper | none | ENR,-0.07904020435311332,-0.20720165439222293
92,MC | F-fooof-aper | none | ENR+time,-0.05115421678831811,-0.3648222814075482
92,MC | F-fooof-aper | none | SVR,-0.2842504610028369,-0.3305072306287289
92,MC | F-fooof-aper | none | SVR+time,-0.19877284223283032,-0.25958360444250217
92,MC | F-fooof-aper | none | Anchor,-0.16903481732741854,-0.30769055223598596
92,MC | F-fooof-aper | none | ICP,-0.1739840699620392,-0.1845288116403977
92,MC | F-fooof-aper | z | ENR,-0.14502444913981138,-0.4476496534812436
92,MC | F-fooof-aper | z | ENR+time,-0.18066667520581015,-0.4831437744873828
92,MC | F-fooof-aper | z | SVR,-0.3198741853113234,-0.33724810008549166
92,MC | F-fooof-aper | z | SVR+time,-0.1889240717230074,-0.37402316407983915
92,MC | F-fooof-aper | z | Anchor,-0.19574919910426858,-0.42793999417492623
92,MC | F-fooof-aper | z | ICP,-0.05066390514466668,-0.36273454915379943
92,MC | F-fooof-rel | none | ENR,-0.05134672672819485,-0.10215805244806639
92,MC | F-fooof-rel | none | ENR+time,-0.051346897775044864,-0.10215891157175452
92,MC | F-fooof-rel | none | SVR,-0.14860077108875958,-0.09825922627143369
92,MC | F-fooof-rel | none | SVR+time,-0.17802160184835758,-0.17692464031856425
92,MC | F-fooof-rel | none | Anchor,-0.07582291968187138,0.11404016207303919
92,MC | F-fooof-rel | none | ICP,-0.12669758593081282,-0.19420593033091926
92,MC | F-fooof-rel | z | ENR,-0.06375436751407015,-0.2800150418779433
92,MC | F-fooof-rel | z | ENR+time,-0.06359091424088836,-0.28939035507462546
92,MC | F-fooof-rel | z | SVR,-0.15509422832494635,-0.1562167712834167
92,MC | F-fooof-rel | z | SVR+time,-0.13188764446080103,-0.11638168990111364
92,MC | F-fooof-rel | z | Anchor,-0.45788691389972147,0.05256818767444324
92,MC | F-fooof-rel | z | ICP,-0.05066390514466668,-0.36273454915379943
92,MC | F-fooof-asym | none | ENR,-0.116444830503319,-0.17864339427882184
92,MC | F-fooof-asym | none | ENR+time,-0.12665170831000871,-0.24356164570090003
92,MC | F-fooof-asym | none | SVR,-0.11170662905678408,-0.12102869383842657
92,MC | F-fooof-asym | none | SVR+time,-0.11632084793051511,-0.1217842926164388
92,MC | F-fooof-asym | none | Anchor,-0.1693404873311568,-0.12292777101717897
92,MC | F-fooof-asym | none | ICP,-0.07204737205629352,-0.1647788121251985
92,MC | F-fooof-asym | z | ENR,-0.050109178043433955,-0.2562934660713928
92,MC | F-fooof-asym | z | ENR+time,-0.04428442294132329,-0.25599270046428513
92,MC | F-fooof-asym | z | SVR,0.07079925924847408,0.2928164613711104
92,MC | F-fooof-asym | z | SVR+time,-0.0029352479970234935,0.13046940822044356
92,MC | F-fooof-asym | z | Anchor,-0.2706612910804058,-0.0827808536919813
92,MC | F-fooof-asym | z | ICP,-0.12767319253528808,-0.12678827137200988
92,MC | F-fooof-riem | riem | ENR,0.026692154385836164,0.23117342380311837
92,MC | F-fooof-riem | riem | ENR+time,0.026692154385836164,0.23117342380311837
92,MC | F-fooof-riem | riem | SVR,-0.05374633206193624,0.09362137719407604
92,MC | F-fooof-riem | riem | SVR+time,-0.04883274720104169,0.08059871868489349
92,MC | F-fooof-riem | riem | Anchor,0.029899458826675107,0.20390913313070994
92,MC | F-fooof-riem | riem | ICP,-0.05066390514466668,-0.36273454915379943
93,noMC | F-fooof-full | none | ENR,-0.07324617222328977,-0.19967314434435293
93,noMC | F-fooof-full | none | ENR+time,-0.07324617222328977,-0.19967314434435296
93,noMC | F-fooof-full | none | SVR,-0.20548836287253391,-0.10593202734576465
93,noMC | F-fooof-full | none | SVR+time,-0.19709689271946962,-0.19442184448279515
93,noMC | F-fooof-full | none | Anchor,-0.2595016276151072,-0.07019204940606034
93,noMC | F-fooof-full | none | ICP,-0.046142729941905936,-0.049629253373600676
93,noMC | F-fooof-full | z | ENR,-0.05007036872427317,-0.26128917258295137
93,noMC | F-fooof-full | z | ENR+time,-0.05007036872427317,-0.26128917258295137
93,noMC | F-fooof-full | z | SVR,0.0230314260441028,0.18585820963058503
93,noMC | F-fooof-full | z | SVR+time,-0.10879580280985701,-0.07857845295328855
93,noMC | F-fooof-full | z | Anchor,-0.40927336420872695,-0.08831557428796918
93,noMC | F-fooof-full | z | ICP,-0.15024114348001372,-0.08642755985708375
93,noMC | F-fooof-aper | none | ENR,-0.06195995334197457,-0.17881674152859825
93,noMC | F-fooof-aper | none | ENR+time,-0.06195995334197457,-0.17881674152859825
93,noMC | F-fooof-aper | none | SVR,-0.2957871751839469,-0.21474083861275828
93,noMC | F-fooof-aper | none | SVR+time,-0.19014703787295373,-0.20112952454267186
93,noMC | F-fooof-aper | none | Anchor,-0.18446854540573998,-0.11098067303351578
93,noMC | F-fooof-aper | none | ICP,-0.06561508624748491,-0.1756998941986179
93,noMC | F-fooof-aper | z | ENR,-0.12226278802002466,-0.22932768017489322
93,noMC | F-fooof-aper | z | ENR+time,-0.05751245843899011,-0.27036215602654734
93,noMC | F-fooof-aper | z | SVR,-0.613582916837673,-0.21989275476396372
93,noMC | F-fooof-aper | z | SVR+time,-0.22993961189139456,-0.27068416950072816
93,noMC | F-fooof-aper | z | Anchor,-0.21440444173910134,-0.25286877154811943
93,noMC | F-fooof-aper | z | ICP,-0.06975798191817129,-0.2759900621689063
93,noMC | F-fooof-rel | none | ENR,-0.07017567175193862,-0.2566797345631407
93,noMC | F-fooof-rel | none | ENR+time,-0.07017567175193862,-0.25667973456314075
93,noMC | F-fooof-rel | none | SVR,-0.1312552249599348,-0.03692135173031405
93,noMC | F-fooof-rel | none | SVR+time,-0.13990520792508931,-0.11512962835556999
93,noMC | F-fooof-rel | none | Anchor,-0.334172672734528,-0.1123769938155029
93,noMC | F-fooof-rel | none | ICP,-0.10030153441330714,-0.22718781742018307
93,noMC | F-fooof-rel | z | ENR,-0.07149231991451321,-0.2058832345030887
93,noMC | F-fooof-rel | z | ENR+time,-0.07149231991451321,-0.2058832345030887
93,noMC | F-fooof-rel | z | SVR,-0.05598354772929626,0.2001879636147033
93,noMC | F-fooof-rel | z | SVR+time,-0.25353332639496773,-0.060054289796961376
93,noMC | F-fooof-rel | z | Anchor,-1.414112452488549,-0.04730761758527799
93,noMC | F-fooof-rel | z | ICP,-0.02583205247751419,0.038164220149879094
93,noMC | F-fooof-asym | none | ENR,-0.06594707704396519,-0.2725923205644595
93,noMC | F-fooof-asym | none | ENR+time,-0.05896425153107154,-0.28380074940285016
93,noMC | F-fooof-asym | none | SVR,-0.32244465164382174,-0.23904053296694688
93,noMC | F-fooof-asym | none | SVR+time,-0.25039092651671035,-0.1808856088093027
93,noMC | F-fooof-asym | none | Anchor,-0.5578063281569181,-0.21897193819292027
93,noMC | F-fooof-asym | none | ICP,-0.041998579361334665,-0.2787898093737782
93,noMC | F-fooof-asym | z | ENR,-2.599240812292028,-0.17882433803057904
93,noMC | F-fooof-asym | z | ENR+time,-2.579210921379326,-0.17269163667656115
93,noMC | F-fooof-asym | z | SVR,-0.3453185136778827,-0.1186502546339876
93,noMC | F-fooof-asym | z | SVR+time,-0.2433692357785442,-0.09967378580523957
93,noMC | F-fooof-asym | z | Anchor,-1.0007095737514202,-0.10656011540287189
93,noMC | F-fooof-asym | z | ICP,-0.030533957257757205,-0.1063248646211562
93,noMC | F-fooof-riem | riem | ENR,-0.11785722971350499,-0.13667069409952975
93,noMC | F-fooof-riem | riem | ENR+time,-0.10388233095153376,-0.14554400020084052
93,noMC | F-fooof-riem | riem | SVR,-0.19921249153425746,-0.13438431966285103
93,noMC | F-fooof-riem | riem | SVR+time,-0.23143782186640838,-0.1988807017085071
93,noMC | F-fooof-riem | riem | Anchor,-0.538250913967659,-0.0757016440097728
93,noMC | F-fooof-riem | riem | ICP,-0.08094548032356386,-0.1385276554336398
93,MC | F-fooof-full | none | ENR,-0.052745479340234214,-0.2450022891694054
93,MC | F-fooof-full | none | ENR+time,-0.05182011407101306,-0.24318464948467194
93,MC | F-fooof-full | none | SVR,-0.24247337069043762,0.07560050117871428
93,MC | F-fooof-full | none | SVR+time,-0.3344031796899316,0.034955489059620995
93,MC | F-fooof-full | none | Anchor,-0.3492055778484273,0.07102094189618127
93,MC | F-fooof-full | none | ICP,-0.064065713645308,-0.08639378930723844
93,MC | F-fooof-full | z | ENR,-0.04937049542780758,-0.2704854820651864
93,MC | F-fooof-full | z | ENR+time,-0.05454310361839254,-0.3223040725863523
93,MC | F-fooof-full | z | SVR,-0.14418764088920089,-0.0893726542629185
93,MC | F-fooof-full | z | SVR+time,-0.22591622805026468,-0.15228441542843393
93,MC | F-fooof-full | z | Anchor,-0.7316902178827953,-0.09051858291753989
93,MC | F-fooof-full | z | ICP,-0.07565303220472352,-0.05770863433827583
93,MC | F-fooof-aper | none | ENR,-0.06634390443480198,-0.23305997801049283
93,MC | F-fooof-aper | none | ENR+time,-0.09135570656818803,-0.177859437968165
93,MC | F-fooof-aper | none | SVR,-0.25807856738258494,-0.17787017250750625
93,MC | F-fooof-aper | none | SVR+time,-0.2501106075467201,-0.16600050956008305
93,MC | F-fooof-aper | none | Anchor,-0.21577400082394305,-0.08388396803481488
93,MC | F-fooof-aper | none | ICP,-0.09338864901118304,-0.13261985199208218
93,MC | F-fooof-aper | z | ENR,-0.10764804396002048,-0.11988091334555637
93,MC | F-fooof-aper | z | ENR+time,-0.060887771924234446,-0.3126835329961613
93,MC | F-fooof-aper | z | SVR,-0.18726273675403493,-0.19937048070828567
93,MC | F-fooof-aper | z | SVR+time,-0.14238471850095324,-0.25390302340118887
93,MC | F-fooof-aper | z | Anchor,-0.24210619354278484,-0.11890203178396104
93,MC | F-fooof-aper | z | ICP,-0.04750078528768009,-0.27214651151705693
93,MC | F-fooof-rel | none | ENR,-0.0716860872581937,-0.2626846543932727
93,MC | F-fooof-rel | none | ENR+time,-0.0716860872581937,-0.2626846543932727
93,MC | F-fooof-rel | none | SVR,-0.2752705235966326,-0.13541213168765465
93,MC | F-fooof-rel | none | SVR+time,-0.1450643491720831,-0.15076999811313857
93,MC | F-fooof-rel | none | Anchor,-0.36240501748594167,-0.15099448188788084
93,MC | F-fooof-rel | none | ICP,-0.1447326105857749,-0.0405165297359414
93,MC | F-fooof-rel | z | ENR,-0.0531923251148394,-0.26647289130655727
93,MC | F-fooof-rel | z | ENR+time,-0.06920114534689814,-0.3156895674427713
93,MC | F-fooof-rel | z | SVR,-0.3523157356294859,-0.17604553049892185
93,MC | F-fooof-rel | z | SVR+time,-0.1619301243232869,-0.22529596058318965
93,MC | F-fooof-rel | z | Anchor,-0.9554262988298117,-0.13653893957448288
93,MC | F-fooof-rel | z | ICP,-0.11435849662704323,-0.13092771963839586
93,MC | F-fooof-asym | none | ENR,-0.19297691473598677,-0.2877753041492876
93,MC | F-fooof-asym | none | ENR+time,-0.18350542420515104,-0.23929581062074473
93,MC | F-fooof-asym | none | SVR,-0.31416858086756805,-0.2570602440971232
93,MC | F-fooof-asym | none | SVR+time,-0.2973011251882709,-0.25699349838511415
93,MC | F-fooof-asym | none | Anchor,-0.27060058647250296,-0.28354345144997445
93,MC | F-fooof-asym | none | ICP,-0.04750078528768009,-0.27214651151705693
93,MC | F-fooof-asym | z | ENR,-0.461384017081818,-0.19321359729351562
93,MC | F-fooof-asym | z | ENR+time,-0.7367548981015102,-0.17351633773296857
93,MC | F-fooof-asym | z | SVR,-0.31385886013717657,-0.16974516336271345
93,MC | F-fooof-asym | z | SVR+time,-0.19401866165658133,-0.10663798276040795
93,MC | F-fooof-asym | z | Anchor,-0.23558751964628222,-0.15763227884626285
93,MC | F-fooof-asym | z | ICP,-0.1666562302301715,-0.03300441458066675
93,MC | F-fooof-riem | riem | ENR,-0.08736894605031997,-0.1537323671013986
93,MC | F-fooof-riem | riem | ENR+time,-0.04750078528768009,-0.27214651151705693
93,MC | F-fooof-riem | riem | SVR,-0.31147448123625576,-0.19580439812837458
93,MC | F-fooof-riem | riem | SVR+time,-0.20829733011031704,-0.164670282180423
93,MC | F-fooof-riem | riem | Anchor,-0.5236716362597629,-0.056875034888628634
93,MC | F-fooof-riem | riem | ICP,-0.04750078528768009,-0.27214651151705693
94,noMC | F-fooof-full | none | ENR,-0.14809495994111788,-0.04731696048603555
94,noMC | F-fooof-full | none | ENR+time,-0.1898903574846027,-0.16567930605121656
94,noMC | F-fooof-full | none | SVR,-0.09063971707493645,0.21557007547536128
94,noMC | F-fooof-full | none | SVR+time,-0.12237161219222847,0.14323472020340877
94,noMC | F-fooof-full | none | Anchor,-0.07358966579990578,0.21362547522320363
94,noMC | F-fooof-full | none | ICP,-0.03737415325236926,-0.06116049052011669
94,noMC | F-fooof-full | z | ENR,-0.0027310531515969405,0.18678703655041345
94,noMC | F-fooof-full | z | ENR+time,-0.025562685126906626,0.2281022664707193
94,noMC | F-fooof-full | z | SVR,-0.14600583671817824,-0.22452774392125138
94,noMC | F-fooof-full | z | SVR+time,0.016685947508107035,0.25076387984088655
94,noMC | F-fooof-full | z | Anchor,-5.543642076035756,0.1313155105622034
94,noMC | F-fooof-full | z | ICP,-0.0370806215724826,-0.21368322504650106
94,noMC | F-fooof-aper | none | ENR,-0.4063765215713748,-0.26995985503830167
94,noMC | F-fooof-aper | none | ENR+time,-0.4629814063863351,-0.28272186334667454
94,noMC | F-fooof-aper | none | SVR,-0.4322169002205285,-0.2001685097656396
94,noMC | F-fooof-aper | none | SVR+time,-0.2151225381513704,0.06758538593284344
94,noMC | F-fooof-aper | none | Anchor,-0.5891506616685565,-0.2799695528615558
94,noMC | F-fooof-aper | none | ICP,-0.3222514519883142,-0.23675634678391752
94,noMC | F-fooof-aper | z | ENR,0.0418390279059726,0.24137195394501615
94,noMC | F-fooof-aper | z | ENR+time,0.05024962553549184,0.26094975456678304
94,noMC | F-fooof-aper | z | SVR,-0.06976311183690975,0.06007249224780493
94,noMC | F-fooof-aper | z | SVR+time,-0.053374857154993904,0.05788052914864441
94,noMC | F-fooof-aper | z | Anchor,-0.00012756398018209936,0.17270865218775072
94,noMC | F-fooof-aper | z | ICP,0.01790247187427285,0.24277777282924748
94,noMC | F-fooof-rel | none | ENR,-0.03199703228703621,-0.05732213167134957
94,noMC | F-fooof-rel | none | ENR+time,-0.03943750836259907,-0.031022599582782313
94,noMC | F-fooof-rel | none | SVR,-0.16611834550760562,-0.07807592799841495
94,noMC | F-fooof-rel | none | SVR+time,-0.15986716458644556,-0.03495685316878196
94,noMC | F-fooof-rel | none | Anchor,-0.6565289824419198,-0.18091595772212934
94,noMC | F-fooof-rel | none | ICP,-0.020468297547617142,-0.15436491115815626
94,noMC | F-fooof-rel | z | ENR,-0.042079579199781,-0.31013415478535544
94,noMC | F-fooof-rel | z | ENR+time,-0.0418761267143124,-0.3063907846150623
94,noMC | F-fooof-rel | z | SVR,-0.22334067035984506,-0.17884331596185193
94,noMC | F-fooof-rel | z | SVR+time,-0.11897465073544544,0.12811919006613592
94,noMC | F-fooof-rel | z | Anchor,-3.4491168058728174,-0.23964184016048462
94,noMC | F-fooof-rel | z | ICP,-0.03213756054359518,-0.20043788827403639
94,noMC | F-fooof-asym | none | ENR,-0.09072329247467925,-0.11129576672457589
94,noMC | F-fooof-asym | none | ENR+time,-0.14373898894560888,-0.14650252784600312
94,noMC | F-fooof-asym | none | SVR,-0.8816881103213727,-0.15510531583605403
94,noMC | F-fooof-asym | none | SVR+time,-0.3831909987018187,-0.10461751926202584
94,noMC | F-fooof-asym | none | Anchor,-0.37931751207841735,-0.09402763885519988
94,noMC | F-fooof-asym | none | ICP,-0.027404740405468697,-0.08048309464475914
94,noMC | F-fooof-asym | z | ENR,-0.2816451231837591,-0.23397446924316323
94,noMC | F-fooof-asym | z | ENR+time,-0.19269743771792713,-0.30633286711991414
94,noMC | F-fooof-asym | z | SVR,-0.282202845915577,-0.24223142649581725
94,noMC | F-fooof-asym | z | SVR+time,-0.07871848369498813,0.09085785338170607
94,noMC | F-fooof-asym | z | Anchor,-0.8108652749136303,-0.19950275969105716
94,noMC | F-fooof-asym | z | ICP,-0.1332698175048419,-0.21792437352657879
94,noMC | F-fooof-riem | riem | ENR,-0.14490614139296465,-0.10909014346434115
94,noMC | F-fooof-riem | riem | ENR+time,-0.36928863351985863,-0.12696667628410813
94,noMC | F-fooof-riem | riem | SVR,-0.18140191792004212,0.014826247792558547
94,noMC | F-fooof-riem | riem | SVR+time,-0.07815778147994545,0.13565390511960634
94,noMC | F-fooof-riem | riem | Anchor,-0.40524116883374606,-0.0070785061490201695
94,noMC | F-fooof-riem | riem | ICP,-0.033900896545975945,-0.2305303082344696
94,MC | F-fooof-full | none | ENR,-0.04885424835904195,-0.031188211510043654
94,MC | F-fooof-full | none | ENR+time,-0.11790865188540178,-0.1640130925436379
94,MC | F-fooof-full | none | SVR,-0.12851925434075828,-0.033880390532829235
94,MC | F-fooof-full | none | SVR+time,-0.06752166674151239,0.051693202112220116
94,MC | F-fooof-full | none | Anchor,-0.0005879135488471299,0.11743555142965563
94,MC | F-fooof-full | none | ICP,-0.015561598111404118,-0.10164291441854277
94,MC | F-fooof-full | z | ENR,-0.09808783381055886,0.19305085736844885
94,MC | F-fooof-full | z | ENR+time,-0.0878065610337917,0.07385371102407956
94,MC | F-fooof-full | z | SVR,-0.2543797636570859,-0.18473179560571396
94,MC | F-fooof-full | z | SVR+time,-0.23722326140581163,0.10093127075264696
94,MC | F-fooof-full | z | Anchor,-0.24191023270601986,0.19935216788952687
94,MC | F-fooof-full | z | ICP,-0.07016634898830532,-0.06787729990177475
94,MC | F-fooof-aper | none | ENR,-0.3877745016943661,-0.27864666921019426
94,MC | F-fooof-aper | none | ENR+time,-0.21956036199656226,-0.23790713000052147
94,MC | F-fooof-aper | none | SVR,-0.4120224960364409,-0.2740515608860744
94,MC | F-fooof-aper | none | SVR+time,-0.2946219824204852,-0.024971853231326634
94,MC | F-fooof-aper | none | Anchor,-0.2187251014571736,-0.25544674645675536
94,MC | F-fooof-aper | none | ICP,-0.04258713779172951,-0.30723788305614624
94,MC | F-fooof-aper | z | ENR,-0.061029497332663496,0.04420216190395967
94,MC | F-fooof-aper | z | ENR+time,-0.01726018650587058,0.1109129360438737
94,MC | F-fooof-aper | z | SVR,-0.14700679980411713,-0.07447869189898074
94,MC | F-fooof-aper | z | SVR+time,-0.14096105925095093,-0.07109866374974678
94,MC | F-fooof-aper | z | Anchor,-0.038643253875175754,0.0886732900108528
94,MC | F-fooof-aper | z | ICP,-0.04098086547656199,-0.07065394089426377
94,MC | F-fooof-rel | none | ENR,-0.04427085092930949,-0.08746263156086395
94,MC | F-fooof-rel | none | ENR+time,-0.062186676851936795,-0.10967274336450723
94,MC | F-fooof-rel | none | SVR,-0.1771317135906283,-0.06960930338271377
94,MC | F-fooof-rel | none | SVR+time,-0.13161308184777898,-0.00621628525529129
94,MC | F-fooof-rel | none | Anchor,-0.3403559205456834,-0.11368510471533724
94,MC | F-fooof-rel | none | ICP,0.012284167931843837,0.15708357108109505
94,MC | F-fooof-rel | z | ENR,-0.15767738700848088,-0.11972309510092127
94,MC | F-fooof-rel | z | ENR+time,-0.205636262387767,-0.1560858707470753
94,MC | F-fooof-rel | z | SVR,-0.17329026864133867,-0.05754602692498189
94,MC | F-fooof-rel | z | SVR+time,-0.016414257125745957,0.14663555604672796
94,MC | F-fooof-rel | z | Anchor,-0.5993929006329246,-0.21589298580620625
94,MC | F-fooof-rel | z | ICP,-0.04994802067590309,-0.18370484210577376
94,MC | F-fooof-asym | none | ENR,-0.09297698981302016,-0.1264236115608392
94,MC | F-fooof-asym | none | ENR+time,-0.11134958823734875,-0.1440691768981387
94,MC | F-fooof-asym | none | SVR,-0.288820136436704,-0.11679866555899276
94,MC | F-fooof-asym | none | SVR+time,-0.2693643816195188,-0.0482609620043976
94,MC | F-fooof-asym | none | Anchor,-0.09914735121710283,0.04704202977554625
94,MC | F-fooof-asym | none | ICP,-0.04258713779172951,-0.30723788305614624
94,MC | F-fooof-asym | z | ENR,-0.094907008256365,-0.160961171437414
94,MC | F-fooof-asym | z | ENR+time,-0.12554602201466758,-0.15499105563055193
94,MC | F-fooof-asym | z | SVR,-0.011577526213507161,0.1256317202035986
94,MC | F-fooof-asym | z | SVR+time,-0.011394242642318364,0.1632685759042069
94,MC | F-fooof-asym | z | Anchor,-0.19418056681792062,0.152061628155154
94,MC | F-fooof-asym | z | ICP,0.026059304405381845,0.214761507100889
94,MC | F-fooof-riem | riem | ENR,-0.057433307670313516,-0.25051645628960734
94,MC | F-fooof-riem | riem | ENR+time,-0.3426920108094773,-0.19315788486745028
94,MC | F-fooof-riem | riem | SVR,-0.2520118978253634,-0.10074974264883704
94,MC | F-fooof-riem | riem | SVR+time,-0.09670357460289525,0.09152164955956744
94,MC | F-fooof-riem | riem | Anchor,-0.2536847731941603,0.1155213330087323
94,MC | F-fooof-riem | riem | ICP,-0.03209249479983822,-0.14710256655595474
95,noMC | F-fooof-full | none | ENR,-0.06878905243777789,-0.41999300711839194
95,noMC | F-fooof-full | none | ENR+time,-0.06878905243777789,-0.4199930071183919
95,noMC | F-fooof-full | none | SVR,-0.3977829278360352,-0.4288182472193671
95,noMC | F-fooof-full | none | SVR+time,-0.37914376846769593,-0.42174183230771095
95,noMC | F-fooof-full | none | Anchor,-1.1326344285546468,-0.39359375600872487
95,noMC | F-fooof-full | none | ICP,-0.16736085871885553,-0.4393658634405505
95,noMC | F-fooof-full | z | ENR,-0.09877974164259573,-0.3477424275617992
95,noMC | F-fooof-full | z | ENR+time,-0.08553012462728393,-0.3606118424525844
95,noMC | F-fooof-full | z | SVR,-0.22416202353605308,-0.18769691984379377
95,noMC | F-fooof-full | z | SVR+time,-0.22500592220270343,-0.2049067261607056
95,noMC | F-fooof-full | z | Anchor,-0.5344434566400982,-0.2713329821908675
95,noMC | F-fooof-full | z | ICP,-0.0795176929452388,-0.18616671015601857
95,noMC | F-fooof-aper | none | ENR,-0.04448526622425475,-0.3417634003035953
95,noMC | F-fooof-aper | none | ENR+time,-0.04448526622425475,-0.3417634003035953
95,noMC | F-fooof-aper | none | SVR,-0.47004830870463055,-0.3537205168470283
95,noMC | F-fooof-aper | none | SVR+time,-0.48895000186774573,-0.3847297958667179
95,noMC | F-fooof-aper | none | Anchor,-0.1452748196363447,-0.2661354838894422
95,noMC | F-fooof-aper | none | ICP,-0.20059881482708142,-0.27252690886736813
95,noMC | F-fooof-aper | z | ENR,-0.15438800786004547,-0.37722049521783885
95,noMC | F-fooof-aper | z | ENR+time,-0.04448526622425475,-0.3417634003035952
95,noMC | F-fooof-aper | z | SVR,-0.16038855569843546,-0.29332781272296304
95,noMC | F-fooof-aper | z | SVR+time,-0.18658333722034537,-0.3381667265923307
95,noMC | F-fooof-aper | z | Anchor,-0.20954533493598393,-0.272358473191554
95,noMC | F-fooof-aper | z | ICP,-0.04448526622425475,-0.3417634003035953
95,noMC | F-fooof-rel | none | ENR,-0.07469769579223207,-0.42710335656742104
95,noMC | F-fooof-rel | none | ENR+time,-0.07469769579223207,-0.42710335656742104
95,noMC | F-fooof-rel | none | SVR,-0.36606988678238017,-0.48611232562329043
95,noMC | F-fooof-rel | none | SVR+time,-0.36123620968176406,-0.4255560105275048
95,noMC | F-fooof-rel | none | Anchor,-0.35697862329400687,-0.29329375603428914
95,noMC | F-fooof-rel | none | ICP,-0.16195720854878748,-0.4202557906450911
95,noMC | F-fooof-rel | z | ENR,-0.12611050841277027,-0.4105190141204067
95,noMC | F-fooof-rel | z | ENR+time,-0.11986185549548112,-0.412326769781378
95,noMC | F-fooof-rel | z | SVR,-0.11359819138585969,0.05949797530386204
95,noMC | F-fooof-rel | z | SVR+time,-0.4959328943399066,-0.11854301735624487
95,noMC | F-fooof-rel | z | Anchor,-1.2682861547566358,-0.2735370308954066
95,noMC | F-fooof-rel | z | ICP,-0.05064327713277095,-0.33077331389739867
95,noMC | F-fooof-asym | none | ENR,-0.18474828973394342,-0.4863424787043304
95,noMC | F-fooof-asym | none | ENR+time,-0.21005500642551334,-0.5022455550740993
95,noMC | F-fooof-asym | none | SVR,-0.2942006504307271,-0.3682390530409422
95,noMC | F-fooof-asym | none | SVR+time,-0.32877062422259407,-0.4034985866310341
95,noMC | F-fooof-asym | none | Anchor,-0.2229137672044046,-0.4954098680558592
95,noMC | F-fooof-asym | none | ICP,-0.04448526622425475,-0.3417634003035953
95,noMC | F-fooof-asym | z | ENR,-0.32123910090075136,0.07123556657635244
95,noMC | F-fooof-asym | z | ENR+time,-0.24131447602265266,0.012366083374644898
95,noMC | F-fooof-asym | z | SVR,-0.23202094601094303,-0.03876881134413025
95,noMC | F-fooof-asym | z | SVR+time,-0.2322790329289821,-0.24281832300542222
95,noMC | F-fooof-asym | z | Anchor,-1.2288829524391516,0.017790358988180995
95,noMC | F-fooof-asym | z | ICP,-0.04448526622425475,-0.3417634003035953
95,noMC | F-fooof-riem | riem | ENR,-0.13169629937883842,-0.35333909954171
95,noMC | F-fooof-riem | riem | ENR+time,-0.06464665335475317,-0.41129691419929815
95,noMC | F-fooof-riem | riem | SVR,-0.017262636158865696,0.13258115848897598
95,noMC | F-fooof-riem | riem | SVR+time,-0.11980752490137236,-0.006278534560940033
95,noMC | F-fooof-riem | riem | Anchor,-1.9469620715553089,-0.3625761768829413
95,noMC | F-fooof-riem | riem | ICP,-0.04448526622425475,-0.3417634003035953
95,MC | F-fooof-full | none | ENR,-0.06749663476934464,-0.4174013865344182
95,MC | F-fooof-full | none | ENR+time,-0.06749663476934464,-0.4174013865344182
95,MC | F-fooof-full | none | SVR,-0.3917532511472599,-0.38538246655984
95,MC | F-fooof-full | none | SVR+time,-0.33876828718823937,-0.3622315800084419
95,MC | F-fooof-full | none | Anchor,-0.8735941771930842,-0.3293340179381682
95,MC | F-fooof-full | none | ICP,-0.17213110173960455,-0.4553284063475387
95,MC | F-fooof-full | z | ENR,-0.09243225621850715,-0.3584009067557523
95,MC | F-fooof-full | z | ENR+time,-0.08098795362982902,-0.3684855942420179
95,MC | F-fooof-full | z | SVR,-0.39892360245608405,-0.3102904787002254
95,MC | F-fooof-full | z | SVR+time,-0.3440614490689793,-0.28003398577043254
95,MC | F-fooof-full | z | Anchor,-0.7355247083522278,-0.377589719388144
95,MC | F-fooof-full | z | ICP,-0.04689303685872992,-0.3444200493937796
95,MC | F-fooof-aper | none | ENR,-0.04689303685872992,-0.3444200493937796
95,MC | F-fooof-aper | none | ENR+time,-0.04689303685872992,-0.3444200493937796
95,MC | F-fooof-aper | none | SVR,-0.3961361695264545,-0.34927648353764673
95,MC | F-fooof-aper | none | SVR+time,-0.39316796070738347,-0.36186368991407136
95,MC | F-fooof-aper | none | Anchor,-0.3170795801147728,-0.3734792191810831
95,MC | F-fooof-aper | none | ICP,-0.1647155681867689,-0.38050117628531577
95,MC | F-fooof-aper | z | ENR,-0.08749125306500738,-0.3130979049204281
95,MC | F-fooof-aper | z | ENR+time,-0.04689303685872992,-0.3444200493937796
95,MC | F-fooof-aper | z | SVR,-0.19508385874450473,-0.36457637213350935
95,MC | F-fooof-aper | z | SVR+time,-0.23036685649693567,-0.37225082240928326
95,MC | F-fooof-aper | z | Anchor,-0.1446206771977916,-0.3552301012670386
95,MC | F-fooof-aper | z | ICP,-0.11723961176016684,-0.2874368183989667
95,MC | F-fooof-rel | none | ENR,-0.10334843511933411,-0.45003016795321066
95,MC | F-fooof-rel | none | ENR+time,-0.10334843511933411,-0.45003016795321066
95,MC | F-fooof-rel | none | SVR,-0.3236008758340745,-0.3968364824961879
95,MC | F-fooof-rel | none | SVR+time,-0.28748193938600775,-0.3300980843963628
95,MC | F-fooof-rel | none | Anchor,-0.6677194783277585,-0.2621719508550536
95,MC | F-fooof-rel | none | ICP,-0.20957527663801123,-0.4425052097905201
95,MC | F-fooof-rel | z | ENR,-0.5007544209071797,-0.25050038776725264
95,MC | F-fooof-rel | z | ENR+time,-0.09121683806285219,-0.49478939706538094
95,MC | F-fooof-rel | z | SVR,-0.1466543392646178,-0.23250352547967326
95,MC | F-fooof-rel | z | SVR+time,-0.1603568131431774,-0.253936160975324
95,MC | F-fooof-rel | z | Anchor,-2.6839710782326462,0.05278244873358205
95,MC | F-fooof-rel | z | ICP,-0.06361452100478027,-0.22271377603795456
95,MC | F-fooof-asym | none | ENR,-0.18679287397781708,-0.5166300316032327
95,MC | F-fooof-asym | none | ENR+time,-0.17647540102607384,-0.5175034623813061
95,MC | F-fooof-asym | none | SVR,-0.4781173920575472,-0.4872976346418209
95,MC | F-fooof-asym | none | SVR+time,-0.44645918662496453,-0.4909788131541335
95,MC | F-fooof-asym | none | Anchor,-0.24970688661737905,-0.3458441951117157
95,MC | F-fooof-asym | none | ICP,-0.06405621872361089,-0.19371377911997006
95,MC | F-fooof-asym | z | ENR,-0.3089198516581786,-0.41043233005215385
95,MC | F-fooof-asym | z | ENR+time,-0.31089772405335947,-0.4432592351381523
95,MC | F-fooof-asym | z | SVR,-0.6870611209063135,-0.2351462574028977
95,MC | F-fooof-asym | z | SVR+time,-0.36661075878254246,-0.24918378051299644
95,MC | F-fooof-asym | z | Anchor,-0.3779916428848875,-0.27855699972980863
95,MC | F-fooof-asym | z | ICP,-0.07954392751253025,-0.17521190063231784
95,MC | F-fooof-riem | riem | ENR,-0.223707149710749,-0.4658155344124041
95,MC | F-fooof-riem | riem | ENR+time,-0.10856385598292939,-0.41457989697353287
95,MC | F-fooof-riem | riem | SVR,-0.16742626059378019,0.004377372824173741
95,MC | F-fooof-riem | riem | SVR+time,-0.10930481481913379,0.032086093656301606
95,MC | F-fooof-riem | riem | Anchor,-2.326328455543526,-0.3401656488886537
95,MC | F-fooof-riem | riem | ICP,-0.047161028818720974,-0.26890020369838696
96,noMC | F-fooof-full | none | ENR,-0.17918866816930112,-0.12049383869600742
96,noMC | F-fooof-full | none | ENR+time,-0.14608105723245401,-0.09191942954843582
96,noMC | F-fooof-full | none | SVR,-0.3144883621274561,-0.15516503471980597
96,noMC | F-fooof-full | none | SVR+time,-0.1906409593792715,-0.13976887703954508
96,noMC | F-fooof-full | none | Anchor,-0.2164797114404018,0.12453344676732271
96,noMC | F-fooof-full | none | ICP,-0.07633178980936095,-0.36416618951256086
96,noMC | F-fooof-full | z | ENR,-0.12478011413470247,-0.2576726856367655
96,noMC | F-fooof-full | z | ENR+time,-0.09392961509123054,-0.2643251959493443
96,noMC | F-fooof-full | z | SVR,-0.1394950988493333,-0.04290180473959429
96,noMC | F-fooof-full | z | SVR+time,-0.14512805780778804,-0.06815516374162797
96,noMC | F-fooof-full | z | Anchor,-1.8363762136298418,-0.08030165857447999
96,noMC | F-fooof-full | z | ICP,-0.07790463033226369,-0.14022854675034768
96,noMC | F-fooof-aper | none | ENR,-0.33848054255910687,-0.16650947106756486
96,noMC | F-fooof-aper | none | ENR+time,-0.163649864382309,-0.15098105484113314
96,noMC | F-fooof-aper | none | SVR,-0.3884119389079792,-0.16960748052821062
96,noMC | F-fooof-aper | none | SVR+time,-0.3506170259856969,-0.20990753479337737
96,noMC | F-fooof-aper | none | Anchor,-0.4792445202320603,-0.26151291387987297
96,noMC | F-fooof-aper | none | ICP,-0.12201075117808213,-0.319004522394591
96,noMC | F-fooof-aper | z | ENR,-0.06033408442005572,-0.34757157030817504
96,noMC | F-fooof-aper | z | ENR+time,-0.04339203596656138,-0.18180262343539427
96,noMC | F-fooof-aper | z | SVR,-0.16431555721110813,-0.3906954048034827
96,noMC | F-fooof-aper | z | SVR+time,-0.20659937393748362,-0.1627572812317983
96,noMC | F-fooof-aper | z | Anchor,-0.3548854416405991,-0.4074030642627117
96,noMC | F-fooof-aper | z | ICP,-0.06033408442005572,-0.34757157030817504
96,noMC | F-fooof-rel | none | ENR,-0.4345655861746436,0.07784793778141573
96,noMC | F-fooof-rel | none | ENR+time,-0.2668367383938228,0.08164350753524943
96,noMC | F-fooof-rel | none | SVR,-0.11793817815299912,0.004757560167595699
96,noMC | F-fooof-rel | none | SVR+time,-0.15015251683872877,0.00020610043089504607
96,noMC | F-fooof-rel | none | Anchor,-0.3638251663088339,0.16104162741887446
96,noMC | F-fooof-rel | none | ICP,-0.07192537419672096,-0.32664817237048704
96,noMC | F-fooof-rel | z | ENR,-5.807458996789554,0.11263201687541739
96,noMC | F-fooof-rel | z | ENR+time,-1.6984831672415508,0.11963733280376605
96,noMC | F-fooof-rel | z | SVR,-0.12120778050148262,0.04179172571580559
96,noMC | F-fooof-rel | z | SVR+time,-0.043017295631970764,0.07258945079233176
96,noMC | F-fooof-rel | z | Anchor,-11.048968532319677,0.10370869764194253
96,noMC | F-fooof-rel | z | ICP,-0.06033408442005572,-0.34757157030817504
96,noMC | F-fooof-asym | none | ENR,-0.12094973346852678,-0.1495623505819342
96,noMC | F-fooof-asym | none | ENR+time,-0.15733384540808393,-0.08718948401604835
96,noMC | F-fooof-asym | none | SVR,-0.22452759758869045,-0.06338809429955339
96,noMC | F-fooof-asym | none | SVR+time,-0.14117104931944313,0.033024834511655624
96,noMC | F-fooof-asym | none | Anchor,-0.18936734691678336,-0.1347263982144118
96,noMC | F-fooof-asym | none | ICP,-0.06966565395239943,-0.27687250510538197
96,noMC | F-fooof-asym | z | ENR,-0.1281897187568395,-0.04565744461284167
96,noMC | F-fooof-asym | z | ENR+time,-0.10199872671230548,0.0753393778465264
96,noMC | F-fooof-asym | z | SVR,-0.34250401261595775,0.22389896428479256
96,noMC | F-fooof-asym | z | SVR+time,-0.16568419912444043,0.02451878560978788
96,noMC | F-fooof-asym | z | Anchor,-0.10243988147634031,0.14538755470347658
96,noMC | F-fooof-asym | z | ICP,-0.06200561134410543,-0.282302411686691
96,noMC | F-fooof-riem | riem | ENR,-0.42732900604074775,-0.3255118072879664
96,noMC | F-fooof-riem | riem | ENR+time,-0.22729270527690937,-0.36677678943561
96,noMC | F-fooof-riem | riem | SVR,-0.3184493402959887,-0.2085552901251767
96,noMC | F-fooof-riem | riem | SVR+time,-0.28714774673454846,-0.21878095909978135
96,noMC | F-fooof-riem | riem | Anchor,-1.6084159521503332,0.04379469447010435
96,noMC | F-fooof-riem | riem | ICP,-0.029263391583226772,-0.1270385201292606
96,MC | F-fooof-full | none | ENR,-0.06029492264072944,-0.2886761694023119
96,MC | F-fooof-full | none | ENR+time,-0.06802959418112309,-0.3340189302564819
96,MC | F-fooof-full | none | SVR,-0.13003134932671734,0.009300833999010362
96,MC | F-fooof-full | none | SVR+time,-0.20262947669878795,-0.09552643734910447
96,MC | F-fooof-full | none | Anchor,-0.3896996733987883,0.21037145787110637
96,MC | F-fooof-full | none | ICP,-0.06358121271428674,-0.3589647762175081
96,MC | F-fooof-full | z | ENR,-0.11650349859526754,-0.28062998877982637
96,MC | F-fooof-full | z | ENR+time,-0.09026970765301745,-0.304361178752922
96,MC | F-fooof-full | z | SVR,-0.1512475574655363,-0.04109865787040255
96,MC | F-fooof-full | z | SVR+time,-0.23017136574867236,-0.10970612582995432
96,MC | F-fooof-full | z | Anchor,-0.35148304495765337,-0.019249765835658385
96,MC | F-fooof-full | z | ICP,-0.042485246892910666,0.020619612147835045
96,MC | F-fooof-aper | none | ENR,-0.1308742267727132,-0.26606046168669045
96,MC | F-fooof-aper | none | ENR+time,-0.11099756225968127,-0.23070145337852893
96,MC | F-fooof-aper | none | SVR,-0.28791850154728027,-0.3451608895876679
96,MC | F-fooof-aper | none | SVR+time,-0.30482058253790667,-0.301565907068573
96,MC | F-fooof-aper | none | Anchor,-0.1499009477661417,-0.2578372763081952
96,MC | F-fooof-aper | none | ICP,-0.20272337814481278,-0.2329242887543862
96,MC | F-fooof-aper | z | ENR,-0.10136952995465087,-0.2821835124624568
96,MC | F-fooof-aper | z | ENR+time,-0.08344753897697132,-0.2692486742820799
96,MC | F-fooof-aper | z | SVR,-0.18258410082996113,-0.3572501277769402
96,MC | F-fooof-aper | z | SVR+time,-0.16121769961785826,-0.24114761755489902
96,MC | F-fooof-aper | z | Anchor,-0.311823498641447,-0.3853278232051116
96,MC | F-fooof-aper | z | ICP,-0.06358121271428674,-0.3589647762175081
96,MC | F-fooof-rel | none | ENR,-0.1692540451638096,0.08891498234155959
96,MC | F-fooof-rel | none | ENR+time,-0.14916048966186524,0.06956712131198278
96,MC | F-fooof-rel | none | SVR,-0.48022733673492146,-0.11970323773646178
96,MC | F-fooof-rel | none | SVR+time,-0.17933553026159532,0.03297578375707573
96,MC | F-fooof-rel | none | Anchor,-0.23940632833820774,0.15179101511223636
96,MC | F-fooof-rel | none | ICP,-0.06111615789970393,-0.2486275511239734
96,MC | F-fooof-rel | z | ENR,-0.1040389286883121,-0.04626844004055787
96,MC | F-fooof-rel | z | ENR+time,-0.05727213514916074,0.06251355910278969
96,MC | F-fooof-rel | z | SVR,-0.09429308347394105,0.04752081125336335
96,MC | F-fooof-rel | z | SVR+time,-0.08559236578092588,0.010146442221163007
96,MC | F-fooof-rel | z | Anchor,-2.924685798529692,0.1101062182944639
96,MC | F-fooof-rel | z | ICP,-0.08622056953613799,-0.2506172049068203
96,MC | F-fooof-asym | none | ENR,-0.11186811689601517,-0.19681678897512833
96,MC | F-fooof-asym | none | ENR+time,-0.20257572459768491,-0.14682399195177726
96,MC | F-fooof-asym | none | SVR,-0.25087349886415966,-0.17437768443974525
96,MC | F-fooof-asym | none | SVR+time,-0.2289802667620684,-0.11245583048950593
96,MC | F-fooof-asym | none | Anchor,-0.3207066649921495,-0.1592487506094062
96,MC | F-fooof-asym | none | ICP,-0.1138602016986594,-0.2761901560553849
96,MC | F-fooof-asym | z | ENR,-0.3604728978744982,-0.29129061863564104
96,MC | F-fooof-asym | z | ENR+time,-0.0930162052742729,-0.06321356479981705
96,MC | F-fooof-asym | z | SVR,-0.0011170504405573212,0.22309461576764544
96,MC | F-fooof-asym | z | SVR+time,-0.1941143279389761,-0.03554238731696435
96,MC | F-fooof-asym | z | Anchor,-0.1491701445874276,0.10350927679155787
96,MC | F-fooof-asym | z | ICP,-0.06160246892029497,-0.27677447183286985
96,MC | F-fooof-riem | riem | ENR,-0.059308255449147085,-0.062393796200820556
96,MC | F-fooof-riem | riem | ENR+time,-0.07103750073424675,-0.11353500989265758
96,MC | F-fooof-riem | riem | SVR,-0.17864814518832794,-0.19829097060938894
96,MC | F-fooof-riem | riem | SVR+time,-0.21263475977703017,-0.2396911596798053
96,MC | F-fooof-riem | riem | Anchor,-0.4457147714071512,0.11079966333195812
96,MC | F-fooof-riem | riem | ICP,-0.029609976665469162,-0.12364824014518284
97,noMC | F-fooof-full | none | ENR,-0.10934140802084036,-0.33786759466026706
97,noMC | F-fooof-full | none | ENR+time,-0.10934140802084036,-0.33786759466026706
97,noMC | F-fooof-full | none | SVR,-0.2149909505376204,-0.2049779791523299
97,noMC | F-fooof-full | none | SVR+time,-0.2064028530126163,-0.16600843117534964
97,noMC | F-fooof-full | none | Anchor,-0.11162923354602605,0.0777851211512357
97,noMC | F-fooof-full | none | ICP,-0.068499132312555,-0.40541461110514976
97,noMC | F-fooof-full | z | ENR,-0.2001054125324604,-0.22858398416855638
97,noMC | F-fooof-full | z | ENR+time,-0.180125235441718,-0.23763676729691335
97,noMC | F-fooof-full | z | SVR,-0.33447896481087236,-0.3637191374303237
97,noMC | F-fooof-full | z | SVR+time,-0.33385188696885293,-0.3562205896977301
97,noMC | F-fooof-full | z | Anchor,-1.472807613877749,-0.02846050018484185
97,noMC | F-fooof-full | z | ICP,-0.08693487521576837,-0.10584420995502965
97,noMC | F-fooof-aper | none | ENR,-0.09804627750206096,-0.1026771593172897
97,noMC | F-fooof-aper | none | ENR+time,-0.09204487074562206,-0.12145246066595611
97,noMC | F-fooof-aper | none | SVR,-0.4620005509284546,-0.26204060521909794
97,noMC | F-fooof-aper | none | SVR+time,-0.27579485059793507,-0.20950415562691718
97,noMC | F-fooof-aper | none | Anchor,-0.3603037184314615,-0.15694719697955348
97,noMC | F-fooof-aper | none | ICP,-0.19054835426534278,-0.007559658918390055
97,noMC | F-fooof-aper | z | ENR,-0.068499132312555,-0.40541461110514976
97,noMC | F-fooof-aper | z | ENR+time,-0.068499132312555,-0.40541461110514976
97,noMC | F-fooof-aper | z | SVR,-0.40069113291176484,-0.22362219209911685
97,noMC | F-fooof-aper | z | SVR+time,-0.31624244912394617,-0.2390654803218089
97,noMC | F-fooof-aper | z | Anchor,-0.34696801481305717,-0.443732466222
97,noMC | F-fooof-aper | z | ICP,-0.068499132312555,-0.40541461110514976
97,noMC | F-fooof-rel | none | ENR,-0.20612461206021115,0.09284840646001839
97,noMC | F-fooof-rel | none | ENR+time,-0.1995554242709041,0.09069202557628198
97,noMC | F-fooof-rel | none | SVR,-0.16330346337461488,-0.01474706282172944
97,noMC | F-fooof-rel | none | SVR+time,-0.3062910812562054,-0.1557945444346315
97,noMC | F-fooof-rel | none | Anchor,-0.20933269819116584,0.12263979477851562
97,noMC | F-fooof-rel | none | ICP,-0.068499132312555,-0.40541461110514976
97,noMC | F-fooof-rel | z | ENR,-0.5752260467595884,0.10272553973580117
97,noMC | F-fooof-rel | z | ENR+time,-0.12349264026792617,-0.22554905039310236
97,noMC | F-fooof-rel | z | SVR,-0.24323360074276446,-0.25499935518335803
97,noMC | F-fooof-rel | z | SVR+time,-0.32780249251892624,-0.30995179240269843
97,noMC | F-fooof-rel | z | Anchor,-6.1839858667683885,0.1239550868362948
97,noMC | F-fooof-rel | z | ICP,-0.068499132312555,-0.40541461110514976
97,noMC | F-fooof-asym | none | ENR,-0.17412241290237596,-0.20049116961203586
97,noMC | F-fooof-asym | none | ENR+time,-0.17053164270151444,-0.20448467671517004
97,noMC | F-fooof-asym | none | SVR,-0.0905659051651615,0.007538812224496302
97,noMC | F-fooof-asym | none | SVR+time,-0.10035409324307287,-0.0418340434982533
97,noMC | F-fooof-asym | none | Anchor,-0.27624267318444207,-0.10936075950575137
97,noMC | F-fooof-asym | none | ICP,-0.08885131648695821,-0.2093794818792339
97,noMC | F-fooof-asym | z | ENR,-0.16843681273951772,0.1073495096612541
97,noMC | F-fooof-asym | z | ENR+time,-0.15037549453871368,-0.10551556240746261
97,noMC | F-fooof-asym | z | SVR,-0.13383222324030442,0.22327181994933784
97,noMC | F-fooof-asym | z | SVR+time,-0.021412977612504047,0.09514347502564079
97,noMC | F-fooof-asym | z | Anchor,-0.10851992644410369,0.20719176299212638
97,noMC | F-fooof-asym | z | ICP,-0.05548258776122572,-0.16268730125235514
97,noMC | F-fooof-riem | riem | ENR,-0.13999976280963855,-0.11084145963681694
97,noMC | F-fooof-riem | riem | ENR+time,-0.1410429874562351,-0.11228632066925973
97,noMC | F-fooof-riem | riem | SVR,-0.1650329567502593,-0.18948418065383632
97,noMC | F-fooof-riem | riem | SVR+time,-0.18447480153197815,-0.2268624496967369
97,noMC | F-fooof-riem | riem | Anchor,-1.4042511487107538,0.19252993733600715
97,noMC | F-fooof-riem | riem | ICP,-0.07389438878598242,-0.3988687201033161
97,MC | F-fooof-full | none | ENR,-0.09923640576459225,-0.3438211027250909
97,MC | F-fooof-full | none | ENR+time,-0.09923640576459225,-0.3438211027250909
97,MC | F-fooof-full | none | SVR,-0.19149070171596771,-0.07741166517188353
97,MC | F-fooof-full | none | SVR+time,-0.15112865949052523,-0.09581735952082807
97,MC | F-fooof-full | none | Anchor,-0.2224548405860418,0.16951742453022794
97,MC | F-fooof-full | none | ICP,-0.10940538070050554,-0.07583677167250502
97,MC | F-fooof-full | z | ENR,-0.20574690205652724,-0.2177985243996416
97,MC | F-fooof-full | z | ENR+time,-0.20358321945779245,-0.2189704174819555
97,MC | F-fooof-full | z | SVR,-0.39932512177098345,-0.16644318736548833
97,MC | F-fooof-full | z | SVR+time,-0.39059732632629274,-0.1839809034706108
97,MC | F-fooof-full | z | Anchor,-0.640957397363511,0.1087394917293852
97,MC | F-fooof-full | z | ICP,-0.12697487535412488,-0.1727914113209718
97,MC | F-fooof-aper | none | ENR,-0.11447067749098894,-0.13114174745404203
97,MC | F-fooof-aper | none | ENR+time,-0.10467388629415608,-0.1371890057511983
97,MC | F-fooof-aper | none | SVR,-0.10950169059667236,-0.10059671772631763
97,MC | F-fooof-aper | none | SVR+time,-0.17373605362693567,-0.16846804241796287
97,MC | F-fooof-aper | none | Anchor,-0.15537952398049315,-0.2989094732616468
97,MC | F-fooof-aper | none | ICP,-0.1708801416361565,-0.28997189282229513
97,MC | F-fooof-aper | z | ENR,-0.06909337021605388,-0.4112640271604756
97,MC | F-fooof-aper | z | ENR+time,-0.06909337021605388,-0.4112640271604756
97,MC | F-fooof-aper | z | SVR,-0.2007117421909883,-0.04169001224440434
97,MC | F-fooof-aper | z | SVR+time,-0.2635239959499154,-0.13972897082935962
97,MC | F-fooof-aper | z | Anchor,-0.28230700162444,-0.4807688361716941
97,MC | F-fooof-aper | z | ICP,-0.06909337021605388,-0.4112640271604756
97,MC | F-fooof-rel | none | ENR,-0.14647716309108283,0.09813851118897444
97,MC | F-fooof-rel | none | ENR+time,-0.14643201418611484,0.09790513944109183
97,MC | F-fooof-rel | none | SVR,-0.1560574936242234,0.1529625415714148
97,MC | F-fooof-rel | none | SVR+time,-0.19145823867688616,-0.06850773342791829
97,MC | F-fooof-rel | none | Anchor,-0.3403419236885077,0.22624974127755268
97,MC | F-fooof-rel | none | ICP,-0.06909337021605388,-0.4112640271604756
97,MC | F-fooof-rel | z | ENR,-0.10051707218836992,-0.19259920852018825
97,MC | F-fooof-rel | z | ENR+time,-0.10274155649703931,-0.18986549309453565
97,MC | F-fooof-rel | z | SVR,-0.22399325916929658,-0.17220720823655963
97,MC | F-fooof-rel | z | SVR+time,-0.2322245181931597,-0.2192665600850064
97,MC | F-fooof-rel | z | Anchor,-2.6166781621846558,0.20095153400554006
97,MC | F-fooof-rel | z | ICP,-0.07572939749575225,-0.42018338248263787
97,MC | F-fooof-asym | none | ENR,-0.10967790167823233,-0.14568339012200748
97,MC | F-fooof-asym | none | ENR+time,-0.10294960952276555,-0.14489917992862572
97,MC | F-fooof-asym | none | SVR,-0.12557653005578984,-0.07384855703843786
97,MC | F-fooof-asym | none | SVR+time,-0.12713000973229294,-0.11300329431088857
97,MC | F-fooof-asym | none | Anchor,-0.2525060300088542,-0.11936906691860051
97,MC | F-fooof-asym | none | ICP,-0.19790234432244103,-0.3095968840105048
97,MC | F-fooof-asym | z | ENR,-0.27168385591152533,-0.18828224256966786
97,MC | F-fooof-asym | z | ENR+time,-0.09064634232364233,-0.05433134296914643
97,MC | F-fooof-asym | z | SVR,-0.06220638434364645,0.032567386419475236
97,MC | F-fooof-asym | z | SVR+time,-0.12303758752189609,-0.11870454053016043
97,MC | F-fooof-asym | z | Anchor,-0.45076660686365133,-0.06845312511782523
97,MC | F-fooof-asym | z | ICP,-0.33709150621972417,-0.281351148899327
97,MC | F-fooof-riem | riem | ENR,-0.1555933228262265,-0.07321788241251756
97,MC | F-fooof-riem | riem | ENR+time,-0.15720146664921808,-0.0793299116307498
97,MC | F-fooof-riem | riem | SVR,-0.12868673522239904,-0.1234115525870553
97,MC | F-fooof-riem | riem | SVR+time,-0.1311942598633351,-0.10880740077911222
97,MC | F-fooof-riem | riem | Anchor,-0.3233665943413382,0.102781405849871
97,MC | F-fooof-riem | riem | ICP,-0.07316496520375204,-0.3623496207496072
98,noMC | F-fooof-full | none | ENR,-0.08531411689846635,-0.12629268893006007
98,noMC | F-fooof-full | none | ENR+time,-0.08825989704175363,-0.13237474807848332
98,noMC | F-fooof-full | none | SVR,-0.491453229342528,-0.3108555138540958
98,noMC | F-fooof-full | none | SVR+time,-0.29924246046860103,-0.2634147473922843
98,noMC | F-fooof-full | none | Anchor,-0.08349728502806086,-0.05825954018066819
98,noMC | F-fooof-full | none | ICP,-0.10659659886845851,-0.07399504193351174
98,noMC | F-fooof-full | z | ENR,-0.07150131163193629,-0.22132748228890653
98,noMC | F-fooof-full | z | ENR+time,-0.0744231024670341,-0.23492611033119667
98,noMC | F-fooof-full | z | SVR,-0.19404219410770862,-0.19183219099657983
98,noMC | F-fooof-full | z | SVR+time,-0.24006983525014558,-0.163245019131387
98,noMC | F-fooof-full | z | Anchor,-0.8913339336361135,-0.16013888631004547
98,noMC | F-fooof-full | z | ICP,-0.1940595668628371,-0.03608212220351533
98,noMC | F-fooof-aper | none | ENR,-0.11353202423636644,-0.22915945844576685
98,noMC | F-fooof-aper | none | ENR+time,-0.0616394411824126,0.03653671128155761
98,noMC | F-fooof-aper | none | SVR,-0.19964371364864109,-0.03627125158225158
98,noMC | F-fooof-aper | none | SVR+time,-0.335877071067882,-0.1546536140926521
98,noMC | F-fooof-aper | none | Anchor,-0.1579037059140631,0.06877012891330467
98,noMC | F-fooof-aper | none | ICP,-0.035019704442612154,0.07592908772002785
98,noMC | F-fooof-aper | z | ENR,-0.08400310065525307,-0.22788021674999864
98,noMC | F-fooof-aper | z | ENR+time,-0.08360940608988576,-0.24523947079338757
98,noMC | F-fooof-aper | z | SVR,-0.3596134258784378,-0.03508618775210883
98,noMC | F-fooof-aper | z | SVR+time,-0.4191501386921024,-0.05915023238348442
98,noMC | F-fooof-aper | z | Anchor,-0.14804509633205187,-0.0704041100630097
98,noMC | F-fooof-aper | z | ICP,-0.08077206973008488,-0.2961909352671743
98,noMC | F-fooof-rel | none | ENR,-0.21029729048700063,-0.18736690456342026
98,noMC | F-fooof-rel | none | ENR+time,-0.20347839443699334,-0.16926419280754876
98,noMC | F-fooof-rel | none | SVR,-0.14983211710442457,-0.0236688430959942
98,noMC | F-fooof-rel | none | SVR+time,-0.14697665634788737,-0.044837723076681914
98,noMC | F-fooof-rel | none | Anchor,-0.3663356835616738,-0.13145113505910214
98,noMC | F-fooof-rel | none | ICP,-0.07994796734184306,-0.05297567217915273
98,noMC | F-fooof-rel | z | ENR,-0.1666730784881041,-0.19334700992176587
98,noMC | F-fooof-rel | z | ENR+time,-0.17076286780082395,-0.21546753623984094
98,noMC | F-fooof-rel | z | SVR,-0.18254572654705936,-0.023996921760652448
98,noMC | F-fooof-rel | z | SVR+time,-0.14287769289330066,-0.041773457328136004
98,noMC | F-fooof-rel | z | Anchor,-0.8688397873234044,-0.11699047077131614
98,noMC | F-fooof-rel | z | ICP,-0.15290575096012837,0.0124346533277487
98,noMC | F-fooof-asym | none | ENR,-0.1329259615848033,-0.3302189379708509
98,noMC | F-fooof-asym | none | ENR+time,-0.17261174910876353,-0.3546467806155246
98,noMC | F-fooof-asym | none | SVR,-0.1641605238743058,-0.04825040877271377
98,noMC | F-fooof-asym | none | SVR+time,-0.22399342324390514,-0.03670529292864046
98,noMC | F-fooof-asym | none | Anchor,-0.19411077040351254,-0.1333329650702122
98,noMC | F-fooof-asym | none | ICP,-0.05149153234437631,-0.28500962366958055
98,noMC | F-fooof-asym | z | ENR,-0.1810242929300956,0.0011692116000276698
98,noMC | F-fooof-asym | z | ENR+time,-0.340347442821463,-0.042727604727316355
98,noMC | F-fooof-asym | z | SVR,-0.24253084579175543,-0.1683881519105563
98,noMC | F-fooof-asym | z | SVR+time,-0.1845814833427426,0.01297482628689696
98,noMC | F-fooof-asym | z | Anchor,-0.19802887280551285,0.11540952182690911
98,noMC | F-fooof-asym | z | ICP,-0.18663307502596482,-0.10793145120192257
98,noMC | F-fooof-riem | riem | ENR,-0.1688368337389068,-0.18790630200082786
98,noMC | F-fooof-riem | riem | ENR+time,-0.1688368337389068,-0.18790630200082786
98,noMC | F-fooof-riem | riem | SVR,-0.6690069645269845,-0.1825275835459024
98,noMC | F-fooof-riem | riem | SVR+time,-0.6402260262167014,-0.18573406788242552
98,noMC | F-fooof-riem | riem | Anchor,-0.8837250669637997,-0.18199301628614573
98,noMC | F-fooof-riem | riem | ICP,-0.05333921400600805,-0.06554561856194423
98,MC | F-fooof-full | none | ENR,-0.09265695497891513,-0.10805597019368543
98,MC | F-fooof-full | none | ENR+time,-0.09379367993487353,-0.110883830560873
98,MC | F-fooof-full | none | SVR,-0.18123871792855972,-0.10841266525869117
98,MC | F-fooof-full | none | SVR+time,-0.45003527677933275,-0.3058354168236833
98,MC | F-fooof-full | none | Anchor,-0.3660998827367479,0.029415479799073135
98,MC | F-fooof-full | none | ICP,-0.07339995567745516,0.0017099220447448008
98,MC | F-fooof-full | z | ENR,-0.11579363961219125,-0.14898044436264685
98,MC | F-fooof-full | z | ENR+time,-0.11261974965580213,-0.14617942570544906
98,MC | F-fooof-full | z | SVR,-0.19070238476276513,-0.14546314481441766
98,MC | F-fooof-full | z | SVR+time,-0.21144238456350828,-0.2035670881697214
98,MC | F-fooof-full | z | Anchor,-0.4111262203692667,-0.13850316809929608
98,MC | F-fooof-full | z | ICP,-0.0773670725232325,-0.1969160911137967
98,MC | F-fooof-aper | none | ENR,-0.1188493519901419,-0.24148562898885564
98,MC | F-fooof-aper | none | ENR+time,-0.13426667928741032,-0.24151465002504602
98,MC | F-fooof-aper | none | SVR,-0.25631558808073374,-0.15732209411808812
98,MC | F-fooof-aper | none | SVR+time,-0.3036022432227945,-0.18088242072948524
98,MC | F-fooof-aper | none | Anchor,-0.14268135445726293,-0.05204556216091601
98,MC | F-fooof-aper | none | ICP,-0.07531303781916399,-0.1602278565989863
98,MC | F-fooof-aper | z | ENR,-0.13129419609167137,-0.120908832828544
98,MC | F-fooof-aper | z | ENR+time,-0.1280370813122862,-0.16544729392158647
98,MC | F-fooof-aper | z | SVR,-0.21636664496195301,-0.2515414594510223
98,MC | F-fooof-aper | z | SVR+time,-0.2784309634095734,-0.12929688144247375
98,MC | F-fooof-aper | z | Anchor,-0.2460606171870945,-0.05016583372830039
98,MC | F-fooof-aper | z | ICP,-0.054977669957810615,-0.2833532855021628
98,MC | F-fooof-rel | none | ENR,-0.09327421581702477,-0.12561011467178695
98,MC | F-fooof-rel | none | ENR+time,-0.09166996910737013,-0.12815370508435892
98,MC | F-fooof-rel | none | SVR,-0.19065892462053968,-0.048609095821687064
98,MC | F-fooof-rel | none | SVR+time,-0.20605616855024134,-0.13833482260795388
98,MC | F-fooof-rel | none | Anchor,-0.5527427822083977,-0.1801233319184689
98,MC | F-fooof-rel | none | ICP,-0.1407494979692212,-0.08086034579611699
98,MC | F-fooof-rel | z | ENR,-0.146148046794633,-0.17781449041170316
98,MC | F-fooof-rel | z | ENR+time,-0.1586895515550173,-0.22230206695084287
98,MC | F-fooof-rel | z | SVR,-0.29843622984192675,-0.08812851620151452
98,MC | F-fooof-rel | z | SVR+time,-0.1606807738032512,-0.0799262132099559
98,MC | F-fooof-rel | z | Anchor,-0.48227068567729914,-0.16455244292059287
98,MC | F-fooof-rel | z | ICP,-0.2620050926704025,-0.19053110312344151
98,MC | F-fooof-asym | none | ENR,-0.0876890300952824,-0.10497865832539052
98,MC | F-fooof-asym | none | ENR+time,-0.13090739627020032,-0.23616574316599442
98,MC | F-fooof-asym | none | SVR,-0.1098259701318407,0.049317761066264156
98,MC | F-fooof-asym | none | SVR+time,-0.19220431265013005,0.027905830781295424
98,MC | F-fooof-asym | none | Anchor,-0.15046583710245032,-0.09922466236528456
98,MC | F-fooof-asym | none | ICP,-0.08743655913667836,-0.28182139656792715
98,MC | F-fooof-asym | z | ENR,-0.18831326982422603,-0.0022489151133563007
98,MC | F-fooof-asym | z | ENR+time,-0.18721117540654753,-0.02284771845835245
98,MC | F-fooof-asym | z | SVR,-0.2789667943013914,-0.1080511433515525
98,MC | F-fooof-asym | z | SVR+time,-0.1347258682026382,0.07904240342587798
98,MC | F-fooof-asym | z | Anchor,-0.14217351376417398,0.08556340364343368
98,MC | F-fooof-asym | z | ICP,-0.1184725279105252,0.029292504567338826
98,MC | F-fooof-riem | riem | ENR,-0.1384861035044278,-0.19117234018214369
98,MC | F-fooof-riem | riem | ENR+time,-0.1384861035044278,-0.19117234018214369
98,MC | F-fooof-riem | riem | SVR,-0.6077616961526398,-0.1164079880673555
98,MC | F-fooof-riem | riem | SVR+time,-0.6113018451404539,-0.094544823387151
98,MC | F-fooof-riem | riem | Anchor,-2.716202917667106,-0.08629907179056875
98,MC | F-fooof-riem | riem | ICP,-0.054977669957810615,-0.2833532855021628
99,noMC | F-fooof-full | none | ENR,-0.06469899756950359,-0.22985564182548654
99,noMC | F-fooof-full | none | ENR+time,-0.06014599673987009,-0.17676993313374426
99,noMC | F-fooof-full | none | SVR,-0.1900218961907567,-0.017029688299481954
99,noMC | F-fooof-full | none | SVR+time,-0.03056705711233354,0.1294744055702203
99,noMC | F-fooof-full | none | Anchor,-0.29627030088023276,0.10381367104375974
99,noMC | F-fooof-full | none | ICP,-0.09407341406350156,-0.2023445331434832
99,noMC | F-fooof-full | z | ENR,-0.04984762559438627,-0.2328984882784569
99,noMC | F-fooof-full | z | ENR+time,-0.060855564805629925,-0.05832764404397657
99,noMC | F-fooof-full | z | SVR,-0.04499122197108463,0.1044274902098892
99,noMC | F-fooof-full | z | SVR+time,-0.3608796104428944,0.02025340576765899
99,noMC | F-fooof-full | z | Anchor,-7.6399344061110455,0.13452772471978064
99,noMC | F-fooof-full | z | ICP,-0.12864161709326138,-0.03940543548507279
99,noMC | F-fooof-aper | none | ENR,-0.0508683114602575,-0.129609612410605
99,noMC | F-fooof-aper | none | ENR+time,-0.07406570042044058,-0.07134290894732286
99,noMC | F-fooof-aper | none | SVR,-0.2545872006081431,-0.1644093449978825
99,noMC | F-fooof-aper | none | SVR+time,-0.22086756133300445,-0.08879990308819422
99,noMC | F-fooof-aper | none | Anchor,-0.10082517680837721,-0.1128312558446196
99,noMC | F-fooof-aper | none | ICP,-0.037310214457883184,-0.23080797198201153
99,noMC | F-fooof-aper | z | ENR,-0.05598461938600696,-0.1006409691845652
99,noMC | F-fooof-aper | z | ENR+time,-0.020448201656473763,0.033627002023601374
99,noMC | F-fooof-aper | z | SVR,-0.0826597100960631,0.0001233852133267141
99,noMC | F-fooof-aper | z | SVR+time,-0.12096146944380859,-0.029246966798357338
99,noMC | F-fooof-aper | z | Anchor,-0.09373690409935631,-0.03577233810612204
99,noMC | F-fooof-aper | z | ICP,-0.03345835085187243,-0.13488693316455316
99,noMC | F-fooof-rel | none | ENR,-0.03993296846000871,-0.26794366069672015
99,noMC | F-fooof-rel | none | ENR+time,-0.05611518637578339,-0.11869404946619766
99,noMC | F-fooof-rel | none | SVR,-0.18097548903470573,-0.059231351911736486
99,noMC | F-fooof-rel | none | SVR+time,-0.03478002017149073,0.13195139664571082
99,noMC | F-fooof-rel | none | Anchor,-0.5726270410271284,-0.10756139776443961
99,noMC | F-fooof-rel | none | ICP,-0.037310214457883184,-0.23080797198201153
99,noMC | F-fooof-rel | z | ENR,-0.05252999938663572,-0.22953895153358256
99,noMC | F-fooof-rel | z | ENR+time,-0.034856863146487393,-0.08622542414539619
99,noMC | F-fooof-rel | z | SVR,-0.4185074108152276,-0.011401469284561493
99,noMC | F-fooof-rel | z | SVR+time,-0.31606180536488204,0.03207674061611606
99,noMC | F-fooof-rel | z | Anchor,-1.4200250141056503,0.04342620472353126
99,noMC | F-fooof-rel | z | ICP,-0.082301326786973,-0.05232320378546197
99,noMC | F-fooof-asym | none | ENR,-0.05319254458959333,-0.3223438167373223
99,noMC | F-fooof-asym | none | ENR+time,-0.03731974149656847,-0.16700653328318205
99,noMC | F-fooof-asym | none | SVR,-0.3924575823149341,-0.17068640551958553
99,noMC | F-fooof-asym | none | SVR+time,-0.20597170927926167,-0.01607336315224772
99,noMC | F-fooof-asym | none | Anchor,-0.7435666057864316,-0.24328898117962172
99,noMC | F-fooof-asym | none | ICP,-0.0777591579536514,-0.2825717397951457
99,noMC | F-fooof-asym | z | ENR,-0.037310214457883184,-0.23080797198201153
99,noMC | F-fooof-asym | z | ENR+time,-0.01846596999639405,-0.027900984519169603
99,noMC | F-fooof-asym | z | SVR,-0.16870732623299234,-0.05472593909331429
99,noMC | F-fooof-asym | z | SVR+time,-0.06133333117986006,0.061420336936424264
99,noMC | F-fooof-asym | z | Anchor,-0.3744906492314184,-0.07326931625938307
99,noMC | F-fooof-asym | z | ICP,-0.34961602958851246,0.028193842566245228
99,noMC | F-fooof-riem | riem | ENR,-0.08441827407283142,-0.046960340326174986
99,noMC | F-fooof-riem | riem | ENR+time,-0.17905605708929184,-0.046706201707250455
99,noMC | F-fooof-riem | riem | SVR,-0.21924892730891266,-0.08874547621918684
99,noMC | F-fooof-riem | riem | SVR+time,-0.12199260819200863,-0.024015630784224994
99,noMC | F-fooof-riem | riem | Anchor,-1.551487382274522,-0.016461562844855303
99,noMC | F-fooof-riem | riem | ICP,-0.054506960178125174,-0.0524017380864892
99,MC | F-fooof-full | none | ENR,-0.08024511532885459,-0.20008713770045564
99,MC | F-fooof-full | none | ENR+time,-0.07937964552287413,-0.0051522302390896585
99,MC | F-fooof-full | none | SVR,-0.11255242797031073,0.014366941497063409
99,MC | F-fooof-full | none | SVR+time,-0.020497290163743243,0.15026358129758313
99,MC | F-fooof-full | none | Anchor,-0.5346359501982143,0.03514874151560285
99,MC | F-fooof-full | none | ICP,-0.059902628336165664,-0.0446023554712985
99,MC | F-fooof-full | z | ENR,-0.09527270168807833,-0.153508281561617
99,MC | F-fooof-full | z | ENR+time,-0.09853782415596313,-0.047345459102453684
99,MC | F-fooof-full | z | SVR,-0.16177131288865176,-0.020583442874050544
99,MC | F-fooof-full | z | SVR+time,-0.03430283299755876,0.10016713780672544
99,MC | F-fooof-full | z | Anchor,-1.6940933162527103,-0.04191163125513023
99,MC | F-fooof-full | z | ICP,-0.15886890096081352,-0.1799482698505014
99,MC | F-fooof-aper | none | ENR,-0.05611862080904406,-0.12874641220168556
99,MC | F-fooof-aper | none | ENR+time,-0.0604798889244218,-0.0447021523327575
99,MC | F-fooof-aper | none | SVR,-0.2342117700564872,-0.10800030703122913
99,MC | F-fooof-aper | none | SVR+time,-0.16835121150371468,-0.030813070749235706
99,MC | F-fooof-aper | none | Anchor,-0.24697205928195287,-0.08597320628607028
99,MC | F-fooof-aper | none | ICP,-0.06632568255158877,-0.11273537325947917
99,MC | F-fooof-aper | z | ENR,-0.03867261193551563,-0.22986317540274748
99,MC | F-fooof-aper | z | ENR+time,-0.01136514057999749,0.061220445650591385
99,MC | F-fooof-aper | z | SVR,-0.07656792404888946,0.005318206474189308
99,MC | F-fooof-aper | z | SVR+time,-0.050402256252349176,0.004045684944806317
99,MC | F-fooof-aper | z | Anchor,-0.1252398513884716,-0.06687184727998893
99,MC | F-fooof-aper | z | ICP,-0.03867261193551563,-0.22986317540274748
99,MC | F-fooof-rel | none | ENR,-0.2824087860227409,-0.24287897622842697
99,MC | F-fooof-rel | none | ENR+time,-0.23446746624331993,-0.26339385276119676
99,MC | F-fooof-rel | none | SVR,-0.2291539914143188,-0.04997806665682692
99,MC | F-fooof-rel | none | SVR+time,-0.19049402019997497,0.0806367865862482
99,MC | F-fooof-rel | none | Anchor,-0.691925579720353,-0.03198606774216208
99,MC | F-fooof-rel | none | ICP,-0.19048994888488968,0.037591568243587316
99,MC | F-fooof-rel | z | ENR,-0.5071951342735246,0.02301492906042004
99,MC | F-fooof-rel | z | ENR+time,-0.2324758186603968,0.023929775274999163
99,MC | F-fooof-rel | z | SVR,-0.18371310607670321,-0.038138643697970445
99,MC | F-fooof-rel | z | SVR+time,-0.1628626232405872,0.07126042365475793
99,MC | F-fooof-rel | z | Anchor,-9.664484036752725,0.11282828444925626
99,MC | F-fooof-rel | z | ICP,-0.03944548348150212,0.000666855532929507
99,MC | F-fooof-asym | none | ENR,-0.07234831821595722,-0.1821518993060467
99,MC | F-fooof-asym | none | ENR+time,-0.07907732514481625,-0.14729876709829393
99,MC | F-fooof-asym | none | SVR,-0.21604720785324072,-0.07583047250116318
99,MC | F-fooof-asym | none | SVR+time,-0.08624853690474943,0.09399392972695114
99,MC | F-fooof-asym | none | Anchor,-0.692993483281237,-0.172955716497302
99,MC | F-fooof-asym | none | ICP,-0.03867261193551563,-0.22986317540274748
99,MC | F-fooof-asym | z | ENR,-0.20955628735241283,-0.08607914588052426
99,MC | F-fooof-asym | z | ENR+time,-0.017671115785738323,-0.03569968541662574
99,MC | F-fooof-asym | z | SVR,-0.281751922599919,-0.04771216830587165
99,MC | F-fooof-asym | z | SVR+time,-0.2147438673730382,0.03665047819219459
99,MC | F-fooof-asym | z | Anchor,-1.3447553085198622,-0.10649900052301432
99,MC | F-fooof-asym | z | ICP,-1.531720223072199,-0.11284296618772441
99,MC | F-fooof-riem | riem | ENR,-0.10554849817744794,-0.03725176737346326
99,MC | F-fooof-riem | riem | ENR+time,-0.29322105343400184,0.017441119928878125
99,MC | F-fooof-riem | riem | SVR,-0.154672374793569,-0.17120472437229012
99,MC | F-fooof-riem | riem | SVR+time,-0.1422391956705289,-0.034703212926967215
99,MC | F-fooof-riem | riem | Anchor,-1.9852745716594997,-0.025116879537414753
99,MC | F-fooof-riem | riem | ICP,-0.03867261193551563,-0.22986317540274748
