draw,correction,set,norm,model,R2,gain
0,K1,DR-SCC,raw,M2_ENR,-0.13856226995658383,-0.3351513189367632
0,K1,DR-SCC,raw,M3_ENR+time,-0.050220359761640854,-0.24680940874182022
0,K1,DR-SCC,raw,M4_mixed,-0.3707413690602448,-0.5673304180404242
0,K1,DR-SCC,raw,M5_SVR,-0.08038434928275007,-0.27697339826292944
0,K1,DR-SCC,raw,M6_SVR+time,-0.06050634880853445,-0.2570953977887138
0,K1,DR-SCC,baseline,M2_ENR,-0.07783453560049236,-0.27442358458067173
0,K1,DR-SCC,baseline,M3_ENR+time,-0.14563615207190206,-0.34222520105208143
0,K1,DR-SCC,baseline,M4_mixed,-0.8127660499862266,-1.009355098966406
0,K1,DR-SCC,baseline,M5_SVR,-0.17490088607514798,-0.37148993505532735
0,K1,DR-SCC,baseline,M6_SVR+time,-0.17711577263256784,-0.3737048216127472
0,K1,FOOOF,raw,M2_ENR,-0.09536814552504791,-0.2919571945052273
0,K1,FOOOF,raw,M3_ENR+time,-0.028167130053166067,-0.22475617903334544
0,K1,FOOOF,raw,M4_mixed,-0.2976606199514764,-0.4942496689316558
0,K1,FOOOF,raw,M5_SVR,0.07248179779778063,-0.12410725118239874
0,K1,FOOOF,raw,M6_SVR+time,-0.07499854594869038,-0.27158759492886975
0,K1,FOOOF,baseline,M2_ENR,-0.09841518965756313,-0.2950042386377425
0,K1,FOOOF,baseline,M3_ENR+time,-0.10277847461707723,-0.2993675235972566
0,K1,FOOOF,baseline,M4_mixed,-0.5228261161173025,-0.7194151650974818
0,K1,FOOOF,baseline,M5_SVR,-0.1696377507683895,-0.36622679974856887
0,K1,FOOOF,baseline,M6_SVR+time,-0.16151580880658045,-0.3581048577867598
0,K3,DR-SCC,raw,M2_ENR,-0.03864626845030994,-0.2352353174304893
0,K3,DR-SCC,raw,M3_ENR+time,-0.024151300772337292,-0.22074034975251666
0,K3,DR-SCC,raw,M4_mixed,-0.4642403904293848,-0.6608294394095642
0,K3,DR-SCC,raw,M5_SVR,0.11939419918579819,-0.07719484979438118
0,K3,DR-SCC,raw,M6_SVR+time,0.15151091352088852,-0.04507813545929085
0,K3,DR-SCC,baseline,M2_ENR,-0.05986357121992225,-0.2564526202001016
0,K3,DR-SCC,baseline,M3_ENR+time,-0.06035531769288216,-0.25694436667306153
0,K3,DR-SCC,baseline,M4_mixed,-2.2335852275323176,-2.430174276512497
0,K3,DR-SCC,baseline,M5_SVR,-0.1040550594041536,-0.300644108384333
0,K3,DR-SCC,baseline,M6_SVR+time,-0.13787004275635817,-0.33445909173653754
0,K3,FOOOF,raw,M2_ENR,-0.030648349218247217,-0.2272373981984266
0,K3,FOOOF,raw,M3_ENR+time,-0.07993706930074174,-0.2765261182809211
0,K3,FOOOF,raw,M4_mixed,-0.2784709557300118,-0.47506000471019116
0,K3,FOOOF,raw,M5_SVR,-0.12513537349346682,-0.3217244224736462
0,K3,FOOOF,raw,M6_SVR+time,-0.05105026701350157,-0.24763931599368094
0,K3,FOOOF,baseline,M2_ENR,-0.11782964764138293,-0.3144186966215623
0,K3,FOOOF,baseline,M3_ENR+time,-0.15868218311855808,-0.35527123209873746
0,K3,FOOOF,baseline,M4_mixed,-0.8825269198024863,-1.0791159687826657
0,K3,FOOOF,baseline,M5_SVR,-0.035321968813774474,-0.23191101779395384
0,K3,FOOOF,baseline,M6_SVR+time,0.005490643271112705,-0.19109840570906667
0,K4,DR-SCC,raw,M2_ENR,0.037605586498428156,-0.15898346248175121
0,K4,DR-SCC,raw,M3_ENR+time,0.03290330225056359,-0.16368574672961578
0,K4,DR-SCC,raw,M4_mixed,-0.24844482348305674,-0.4450338724632361
0,K4,DR-SCC,raw,M5_SVR,0.0390196054085693,-0.15756944357161007
0,K4,DR-SCC,raw,M6_SVR+time,-0.05162633945924244,-0.2482153884394218
0,K4,DR-SCC,baseline,M2_ENR,-0.18734160664767208,-0.38393065562785145
0,K4,DR-SCC,baseline,M3_ENR+time,-0.2148328796506298,-0.4114219286308092
0,K4,DR-SCC,baseline,M4_mixed,-0.8857628473915307,-1.08235189637171
0,K4,DR-SCC,baseline,M5_SVR,-0.011196674222301306,-0.20778572320248068
0,K4,DR-SCC,baseline,M6_SVR+time,0.01070586551943531,-0.18588318346074406
0,K4,FOOOF,raw,M2_ENR,-0.028575694446015154,-0.22516474342619452
0,K4,FOOOF,raw,M3_ENR+time,-0.028575694446015154,-0.22516474342619452
0,K4,FOOOF,raw,M4_mixed,-0.40036462122534355,-0.5969536702055229
0,K4,FOOOF,raw,M5_SVR,-0.03286281866089369,-0.22945186764107306
0,K4,FOOOF,raw,M6_SVR+time,-0.07003462097676327,-0.26662366995694264
0,K4,FOOOF,baseline,M2_ENR,-0.2869187415538301,-0.4835077905340095
0,K4,FOOOF,baseline,M3_ENR+time,-0.2847848934299475,-0.4813739424101269
0,K4,FOOOF,baseline,M4_mixed,-4.307697491092416,-4.504286540072595
0,K4,FOOOF,baseline,M5_SVR,-0.07268509929907396,-0.26927414827925333
0,K4,FOOOF,baseline,M6_SVR+time,-0.020625929159141743,-0.2172149781393211
1,K1,DR-SCC,raw,M2_ENR,-0.13720658440821865,-0.35132160235256715
1,K1,DR-SCC,raw,M3_ENR+time,-0.05646442165126131,-0.2705794395956098
1,K1,DR-SCC,raw,M4_mixed,-0.40783595978154796,-0.6219509777258965
1,K1,DR-SCC,raw,M5_SVR,-0.032691860618877966,-0.24680687856322647
1,K1,DR-SCC,raw,M6_SVR+time,-0.04437372316785715,-0.25848874111220566
1,K1,DR-SCC,baseline,M2_ENR,-0.14929330725837797,-0.3634083252027265
1,K1,DR-SCC,baseline,M3_ENR+time,-0.07581717821233958,-0.2899321961566881
1,K1,DR-SCC,baseline,M4_mixed,-0.42380930423784835,-0.6379243221821969
1,K1,DR-SCC,baseline,M5_SVR,-0.1112549342686977,-0.3253699522130462
1,K1,DR-SCC,baseline,M6_SVR+time,-0.1068698295996815,-0.32098484754403
1,K1,FOOOF,raw,M2_ENR,-0.017650954953488007,-0.23176597289783651
1,K1,FOOOF,raw,M3_ENR+time,-0.004183985588438688,-0.2182990035327872
1,K1,FOOOF,raw,M4_mixed,-0.6112957004398134,-0.8254107183841619
1,K1,FOOOF,raw,M5_SVR,-0.07208300592024486,-0.28619802386459336
1,K1,FOOOF,raw,M6_SVR+time,-0.2328163197075479,-0.4469313376518964
1,K1,FOOOF,baseline,M2_ENR,-0.12957059776239688,-0.3436856157067454
1,K1,FOOOF,baseline,M3_ENR+time,-0.13971344869802826,-0.35382846664237677
1,K1,FOOOF,baseline,M4_mixed,-2.3089509380607347,-2.523065956005083
1,K1,FOOOF,baseline,M5_SVR,-0.029582429346691086,-0.2436974472910396
1,K1,FOOOF,baseline,M6_SVR+time,-0.0930673246278444,-0.3071823425721929
1,K3,DR-SCC,raw,M2_ENR,-0.10467971304368029,-0.3187947309880288
1,K3,DR-SCC,raw,M3_ENR+time,-0.03637566177361595,-0.25049067971796446
1,K3,DR-SCC,raw,M4_mixed,-0.3169625226480579,-0.5310775405924064
1,K3,DR-SCC,raw,M5_SVR,-0.004089351303509847,-0.21820436924785835
1,K3,DR-SCC,raw,M6_SVR+time,0.10505734541559619,-0.10905767252875231
1,K3,DR-SCC,baseline,M2_ENR,-0.13403707820926947,-0.348152096153618
1,K3,DR-SCC,baseline,M3_ENR+time,-0.06957562488968372,-0.2836906428340322
1,K3,DR-SCC,baseline,M4_mixed,-0.7708752618949652,-0.9849902798393138
1,K3,DR-SCC,baseline,M5_SVR,-0.1295707871550782,-0.3436858050994267
1,K3,DR-SCC,baseline,M6_SVR+time,-0.10310826210573198,-0.3172232800500805
1,K3,FOOOF,raw,M2_ENR,-0.053111490745806345,-0.26722650869015485
1,K3,FOOOF,raw,M3_ENR+time,-0.03781530999877081,-0.2519303279431193
1,K3,FOOOF,raw,M4_mixed,0.021185784115317574,-0.19292923382903093
1,K3,FOOOF,raw,M5_SVR,-0.14626807911588102,-0.36038309706022953
1,K3,FOOOF,raw,M6_SVR+time,0.039937523633261196,-0.1741774943110873
1,K3,FOOOF,baseline,M2_ENR,-0.005854974245307343,-0.21996999218965585
1,K3,FOOOF,baseline,M3_ENR+time,-0.03158376481662817,-0.24569878276097668
1,K3,FOOOF,baseline,M4_mixed,-1.0321614067052605,-1.246276424649609
1,K3,FOOOF,baseline,M5_SVR,-0.1278871187864825,-0.342002136730831
1,K3,FOOOF,baseline,M6_SVR+time,-0.1358946094358675,-0.350009627380216
1,K4,DR-SCC,raw,M2_ENR,-0.0205625442555859,-0.2346775621999344
1,K4,DR-SCC,raw,M3_ENR+time,-0.013383809834110583,-0.2274988277784591
1,K4,DR-SCC,raw,M4_mixed,-0.31877931059122244,-0.532894328535571
1,K4,DR-SCC,raw,M5_SVR,-0.1631494968864089,-0.3772645148307574
1,K4,DR-SCC,raw,M6_SVR+time,-0.14552125497192003,-0.35963627291626854
1,K4,DR-SCC,baseline,M2_ENR,-0.07197688170392302,-0.28609189964827153
1,K4,DR-SCC,baseline,M3_ENR+time,-0.07472056460410981,-0.2888355825484583
1,K4,DR-SCC,baseline,M4_mixed,-0.9093027933629831,-1.1234178113073316
1,K4,DR-SCC,baseline,M5_SVR,-0.09297302657397521,-0.3070880445183237
1,K4,DR-SCC,baseline,M6_SVR+time,-0.08745148536309366,-0.30156650330744217
1,K4,FOOOF,raw,M2_ENR,0.0913983487714436,-0.12271666917290491
1,K4,FOOOF,raw,M3_ENR+time,0.11027107100391742,-0.10384394694043109
1,K4,FOOOF,raw,M4_mixed,0.006175762044100419,-0.2079392559002481
1,K4,FOOOF,raw,M5_SVR,-0.18030678203258232,-0.39442179997693083
1,K4,FOOOF,raw,M6_SVR+time,-0.12568637243950542,-0.33980139038385393
1,K4,FOOOF,baseline,M2_ENR,-0.034768319956506755,-0.24888333790085526
1,K4,FOOOF,baseline,M3_ENR+time,-0.03311063678863313,-0.24722565473298164
1,K4,FOOOF,baseline,M4_mixed,-1.4058026814571591,-1.6199176994015076
1,K4,FOOOF,baseline,M5_SVR,-0.08775302379678918,-0.3018680417411377
1,K4,FOOOF,baseline,M6_SVR+time,-0.12843192732667585,-0.34254694527102436
2,K1,DR-SCC,raw,M2_ENR,-0.05716956194521283,-0.3106000341115953
2,K1,DR-SCC,raw,M3_ENR+time,-0.02206282281143923,-0.2754932949778217
2,K1,DR-SCC,raw,M4_mixed,-0.26074071141308286,-0.5141711835794653
2,K1,DR-SCC,raw,M5_SVR,-0.08489063688864396,-0.33832110905502644
2,K1,DR-SCC,raw,M6_SVR+time,-0.0039911543549346895,-0.25742162652131717
2,K1,DR-SCC,baseline,M2_ENR,-0.020678149963539116,-0.2741086221299216
2,K1,DR-SCC,baseline,M3_ENR+time,-0.020678149963539116,-0.2741086221299216
2,K1,DR-SCC,baseline,M4_mixed,-0.6727032070989929,-0.9261336792653754
2,K1,DR-SCC,baseline,M5_SVR,0.03471068129874133,-0.21871979086764115
2,K1,DR-SCC,baseline,M6_SVR+time,-0.030124395550241045,-0.2835548677166235
2,K1,FOOOF,raw,M2_ENR,-0.05888961550297811,-0.3123200876693606
2,K1,FOOOF,raw,M3_ENR+time,-0.05614188361135364,-0.3095723557777361
2,K1,FOOOF,raw,M4_mixed,-0.5939797339327499,-0.8474102060991324
2,K1,FOOOF,raw,M5_SVR,-0.01153892576757043,-0.2649693979339529
2,K1,FOOOF,raw,M6_SVR+time,-0.0016138569048564921,-0.255044329071239
2,K1,FOOOF,baseline,M2_ENR,-0.11882329472940167,-0.37225376689578416
2,K1,FOOOF,baseline,M3_ENR+time,-0.07075783477494135,-0.32418830694132383
2,K1,FOOOF,baseline,M4_mixed,-0.5570997708242718,-0.8105302429906542
2,K1,FOOOF,baseline,M5_SVR,-0.012823793225456015,-0.2662542653918385
2,K1,FOOOF,baseline,M6_SVR+time,0.0060952628102407536,-0.24733520935614173
2,K3,DR-SCC,raw,M2_ENR,-0.016122302243946285,-0.26955277441032877
2,K3,DR-SCC,raw,M3_ENR+time,-0.03811047841881998,-0.29154095058520246
2,K3,DR-SCC,raw,M4_mixed,-0.29476646588311906,-0.5481969380495015
2,K3,DR-SCC,raw,M5_SVR,0.07845391556170045,-0.17497655660468203
2,K3,DR-SCC,raw,M6_SVR+time,0.055740885793032824,-0.19768958637334966
2,K3,DR-SCC,baseline,M2_ENR,-0.030141882306960355,-0.28357235447334284
2,K3,DR-SCC,baseline,M3_ENR+time,-0.0777414103377303,-0.3311718825041128
2,K3,DR-SCC,baseline,M4_mixed,-0.8391298612546068,-1.0925603334209892
2,K3,DR-SCC,baseline,M5_SVR,-0.25658166712220054,-0.510012139288583
2,K3,DR-SCC,baseline,M6_SVR+time,-0.14405077051990367,-0.39748124268628615
2,K3,FOOOF,raw,M2_ENR,0.033527469741037486,-0.219903002425345
2,K3,FOOOF,raw,M3_ENR+time,-0.0216867187991443,-0.2751171909655268
2,K3,FOOOF,raw,M4_mixed,-0.43179382833600544,-0.6852243005023879
2,K3,FOOOF,raw,M5_SVR,-0.036632086951753795,-0.2900625591181363
2,K3,FOOOF,raw,M6_SVR+time,-0.11677633917795127,-0.37020681134433375
2,K3,FOOOF,baseline,M2_ENR,-0.17700104375668624,-0.4304315159230687
2,K3,FOOOF,baseline,M3_ENR+time,-0.148363135018186,-0.40179360718456847
2,K3,FOOOF,baseline,M4_mixed,-0.7342417051649672,-0.9876721773313497
2,K3,FOOOF,baseline,M5_SVR,0.11498916730272002,-0.13844130486366246
2,K3,FOOOF,baseline,M6_SVR+time,0.079877294556434,-0.17355317760994848
2,K4,DR-SCC,raw,M2_ENR,0.006531927662404624,-0.24689854450397786
2,K4,DR-SCC,raw,M3_ENR+time,-0.01800574778117281,-0.2714362199475553
2,K4,DR-SCC,raw,M4_mixed,0.0640403979380284,-0.18939007422835408
2,K4,DR-SCC,raw,M5_SVR,-0.08942046526615521,-0.3428509374325377
2,K4,DR-SCC,raw,M6_SVR+time,-0.05482070407405182,-0.3082511762404343
2,K4,DR-SCC,baseline,M2_ENR,-0.019580807960377644,-0.2730112801267601
2,K4,DR-SCC,baseline,M3_ENR+time,-0.0315401973826237,-0.2849706695490062
2,K4,DR-SCC,baseline,M4_mixed,-0.4788886409043711,-0.7323191130707536
2,K4,DR-SCC,baseline,M5_SVR,0.0005021085084252475,-0.25292836365795723
2,K4,DR-SCC,baseline,M6_SVR+time,-0.053557455812086596,-0.3069879279784691
2,K4,FOOOF,raw,M2_ENR,-0.08304246569959295,-0.33647293786597543
2,K4,FOOOF,raw,M3_ENR+time,-0.08363797460021871,-0.3370684467666012
2,K4,FOOOF,raw,M4_mixed,-0.8076243610147744,-1.061054833181157
2,K4,FOOOF,raw,M5_SVR,-0.08795444155088017,-0.34138491371726265
2,K4,FOOOF,raw,M6_SVR+time,-0.10463545375440853,-0.358065925920791
2,K4,FOOOF,baseline,M2_ENR,-0.045187562618016486,-0.29861803478439897
2,K4,FOOOF,baseline,M3_ENR+time,-0.05453891546695244,-0.3079693876333349
2,K4,FOOOF,baseline,M4_mixed,-3.837700215740404,-4.091130687906786
2,K4,FOOOF,baseline,M5_SVR,-0.14208355540568096,-0.39551402757206344
2,K4,FOOOF,baseline,M6_SVR+time,-0.1487716183582939,-0.40220209052467637
3,K1,DR-SCC,raw,M2_ENR,0.20314766589899125,-0.17714690303954583
3,K1,DR-SCC,raw,M3_ENR+time,0.2316986355696743,-0.1485959333688628
3,K1,DR-SCC,raw,M4_mixed,0.23729661653471168,-0.1429979524038254
3,K1,DR-SCC,raw,M5_SVR,0.12233612991555176,-0.2579584390229853
3,K1,DR-SCC,raw,M6_SVR+time,0.18174282624543714,-0.19855174269309994
3,K1,DR-SCC,baseline,M2_ENR,0.018510134150641955,-0.3617844347878951
3,K1,DR-SCC,baseline,M3_ENR+time,0.057016088856105984,-0.3232784800824311
3,K1,DR-SCC,baseline,M4_mixed,-0.1391560193814565,-0.5194505883199936
3,K1,DR-SCC,baseline,M5_SVR,0.07271658627906086,-0.3075779826594762
3,K1,DR-SCC,baseline,M6_SVR+time,0.089150979834418,-0.2911435891041191
3,K1,FOOOF,raw,M2_ENR,-0.07402103157878814,-0.4543156005173252
3,K1,FOOOF,raw,M3_ENR+time,0.018281233551014298,-0.3620133353875228
3,K1,FOOOF,raw,M4_mixed,-0.14348022626411505,-0.5237747952026521
3,K1,FOOOF,raw,M5_SVR,0.003482293096039646,-0.37681227584249744
3,K1,FOOOF,raw,M6_SVR+time,0.05359272089721334,-0.32670184804132374
3,K1,FOOOF,baseline,M2_ENR,-0.05767923389362961,-0.4379738028321667
3,K1,FOOOF,baseline,M3_ENR+time,-0.0012353389064692077,-0.3815299078450063
3,K1,FOOOF,baseline,M4_mixed,-0.36711191359302187,-0.747406482531559
3,K1,FOOOF,baseline,M5_SVR,0.016385045054588265,-0.3639095238839488
3,K1,FOOOF,baseline,M6_SVR+time,0.002708302379069827,-0.37758626655946725
3,K3,DR-SCC,raw,M2_ENR,0.08935564279125197,-0.2909389261472851
3,K3,DR-SCC,raw,M3_ENR+time,0.08392444104369867,-0.2963701278948384
3,K3,DR-SCC,raw,M4_mixed,-0.09767355988846171,-0.4779681288269988
3,K3,DR-SCC,raw,M5_SVR,0.07220341195357372,-0.30809115698496337
3,K3,DR-SCC,raw,M6_SVR+time,0.21652806257518042,-0.16376650636335666
3,K3,DR-SCC,baseline,M2_ENR,-0.04597399982158068,-0.42626856876011776
3,K3,DR-SCC,baseline,M3_ENR+time,0.01894266464707739,-0.3613519042914597
3,K3,DR-SCC,baseline,M4_mixed,-0.43717046518802904,-0.8174650341265661
3,K3,DR-SCC,baseline,M5_SVR,-0.12298771072809633,-0.5032822796666334
3,K3,DR-SCC,baseline,M6_SVR+time,-0.019617462692432586,-0.39991203163096967
3,K3,FOOOF,raw,M2_ENR,0.01932476953673201,-0.36096979940180507
3,K3,FOOOF,raw,M3_ENR+time,0.15501797313572407,-0.225276595802813
3,K3,FOOOF,raw,M4_mixed,-0.13035165371413648,-0.5106462226526736
3,K3,FOOOF,raw,M5_SVR,-0.03531668898812601,-0.4156112579266631
3,K3,FOOOF,raw,M6_SVR+time,0.24137475899092853,-0.13891980994760855
3,K3,FOOOF,baseline,M2_ENR,-0.07365371149201128,-0.45394828043054836
3,K3,FOOOF,baseline,M3_ENR+time,-0.07949291725919827,-0.45978748619773535
3,K3,FOOOF,baseline,M4_mixed,-0.7364722500233027,-1.1167668189618398
3,K3,FOOOF,baseline,M5_SVR,0.2089409583621259,-0.17135361057641119
3,K3,FOOOF,baseline,M6_SVR+time,0.19469229545234001,-0.18560227348619707
3,K4,DR-SCC,raw,M2_ENR,0.24611552616579668,-0.1341790427727404
3,K4,DR-SCC,raw,M3_ENR+time,0.1960551475335056,-0.18423942140503147
3,K4,DR-SCC,raw,M4_mixed,0.22296495645913583,-0.15732961247940125
3,K4,DR-SCC,raw,M5_SVR,0.2653152291281552,-0.11497933981038189
3,K4,DR-SCC,raw,M6_SVR+time,0.3465311314492566,-0.03376343748928046
3,K4,DR-SCC,baseline,M2_ENR,-0.08807269287147079,-0.4683672618100079
3,K4,DR-SCC,baseline,M3_ENR+time,-0.08248961668339683,-0.4627841856219339
3,K4,DR-SCC,baseline,M4_mixed,-0.22141143299381216,-0.6017060019323492
3,K4,DR-SCC,baseline,M5_SVR,0.17070622146777692,-0.20958834747076016
3,K4,DR-SCC,baseline,M6_SVR+time,0.2668005662202141,-0.113494002718323
3,K4,FOOOF,raw,M2_ENR,0.06432880680529951,-0.31596576213323757
3,K4,FOOOF,raw,M3_ENR+time,0.06234662952009473,-0.31794793941844235
3,K4,FOOOF,raw,M4_mixed,-0.23227252883423422,-0.6125670977727713
3,K4,FOOOF,raw,M5_SVR,-0.004074412855245901,-0.384368981793783
3,K4,FOOOF,raw,M6_SVR+time,0.08361473421000087,-0.2966798347285362
3,K4,FOOOF,baseline,M2_ENR,-0.04317237942546126,-0.42346694836399834
3,K4,FOOOF,baseline,M3_ENR+time,0.05976149864767466,-0.3205330702908624
3,K4,FOOOF,baseline,M4_mixed,-0.6632855109904823,-1.0435800799290194
3,K4,FOOOF,baseline,M5_SVR,0.053072343144183964,-0.3272222257943531
3,K4,FOOOF,baseline,M6_SVR+time,0.12362931527108467,-0.2566652536674524
4,K1,DR-SCC,raw,M2_ENR,0.020075575418446734,-0.21441758483114326
4,K1,DR-SCC,raw,M3_ENR+time,-0.015035060908705544,-0.24952822115829554
4,K1,DR-SCC,raw,M4_mixed,-0.27912563151594116,-0.5136187917655312
4,K1,DR-SCC,raw,M5_SVR,0.014697275052622527,-0.21979588519696747
4,K1,DR-SCC,raw,M6_SVR+time,0.04301502048775485,-0.19147813976183514
4,K1,DR-SCC,baseline,M2_ENR,-0.14396211497035982,-0.3784552752199498
4,K1,DR-SCC,baseline,M3_ENR+time,-0.16613310427851058,-0.4006262645281006
4,K1,DR-SCC,baseline,M4_mixed,-0.6006948552169573,-0.8351880154665473
4,K1,DR-SCC,baseline,M5_SVR,-0.004927144693076313,-0.2394203049426663
4,K1,DR-SCC,baseline,M6_SVR+time,0.0328526015090973,-0.2016405587404927
4,K1,FOOOF,raw,M2_ENR,-0.07157096005402908,-0.30606412030361907
4,K1,FOOOF,raw,M3_ENR+time,-0.08273962347666175,-0.31723278372625174
4,K1,FOOOF,raw,M4_mixed,-0.16046598271479562,-0.3949591429643856
4,K1,FOOOF,raw,M5_SVR,-0.11985226143196637,-0.35434542168155636
4,K1,FOOOF,raw,M6_SVR+time,0.08952317267605059,-0.1449699875735394
4,K1,FOOOF,baseline,M2_ENR,-0.11785792165461317,-0.35235108190420317
4,K1,FOOOF,baseline,M3_ENR+time,-0.10745823606931837,-0.34195139631890836
4,K1,FOOOF,baseline,M4_mixed,-0.9445806449867118,-1.179073805236302
4,K1,FOOOF,baseline,M5_SVR,-0.03272191278302494,-0.26721507303261494
4,K1,FOOOF,baseline,M6_SVR+time,-0.10029420556325919,-0.3347873658128492
4,K3,DR-SCC,raw,M2_ENR,0.013595025470500066,-0.22089813477908993
4,K3,DR-SCC,raw,M3_ENR+time,0.07112927653203915,-0.16336388371755084
4,K3,DR-SCC,raw,M4_mixed,-0.645793244689733,-0.880286404939323
4,K3,DR-SCC,raw,M5_SVR,0.006753436488983855,-0.22773972376060614
4,K3,DR-SCC,raw,M6_SVR+time,-0.026372326416091108,-0.2608654866656811
4,K3,DR-SCC,baseline,M2_ENR,-0.045230974151927006,-0.279724134401517
4,K3,DR-SCC,baseline,M3_ENR+time,-0.20741055837446143,-0.4419037186240514
4,K3,DR-SCC,baseline,M4_mixed,-1.053576133570572,-1.288069293820162
4,K3,DR-SCC,baseline,M5_SVR,0.07112015863789678,-0.1633730016116932
4,K3,DR-SCC,baseline,M6_SVR+time,-0.02521625213508738,-0.2597094123846774
4,K3,FOOOF,raw,M2_ENR,-0.0337757227354647,-0.2682688829850547
4,K3,FOOOF,raw,M3_ENR+time,-0.00650505732282447,-0.24099821757241446
4,K3,FOOOF,raw,M4_mixed,-0.3530373616388569,-0.5875305218884469
4,K3,FOOOF,raw,M5_SVR,-0.09445891447464017,-0.32895207472423016
4,K3,FOOOF,raw,M6_SVR+time,-0.020250873963076454,-0.25474403421266645
4,K3,FOOOF,baseline,M2_ENR,-0.05696029272685621,-0.2914534529764462
4,K3,FOOOF,baseline,M3_ENR+time,-0.06979195252600667,-0.30428511277559667
4,K3,FOOOF,baseline,M4_mixed,-0.4090751970896651,-0.6435683573392551
4,K3,FOOOF,baseline,M5_SVR,-0.11927320537689945,-0.35376636562648944
4,K3,FOOOF,baseline,M6_SVR+time,-0.09251186326118344,-0.32700502351077343
4,K4,DR-SCC,raw,M2_ENR,-0.004640584936322911,-0.2391337451859129
4,K4,DR-SCC,raw,M3_ENR+time,-0.06748809463177707,-0.30198125488136707
4,K4,DR-SCC,raw,M4_mixed,-0.3885716323325661,-0.6230647925821561
4,K4,DR-SCC,raw,M5_SVR,-0.03679454872663013,-0.2712877089762201
4,K4,DR-SCC,raw,M6_SVR+time,0.03871253221446158,-0.1957806280351284
4,K4,DR-SCC,baseline,M2_ENR,0.03952805168148932,-0.19496510856810068
4,K4,DR-SCC,baseline,M3_ENR+time,-0.012974249000093918,-0.2474674092496839
4,K4,DR-SCC,baseline,M4_mixed,-0.6007257903376906,-0.8352189505872806
4,K4,DR-SCC,baseline,M5_SVR,0.007993387300049615,-0.22649977294954038
4,K4,DR-SCC,baseline,M6_SVR+time,0.2589417697424512,0.024448609492861206
4,K4,FOOOF,raw,M2_ENR,-0.05193612984328566,-0.28642929009287565
4,K4,FOOOF,raw,M3_ENR+time,-0.0893221510526796,-0.3238153113022696
4,K4,FOOOF,raw,M4_mixed,-0.5877306087404357,-0.8222237689900257
4,K4,FOOOF,raw,M5_SVR,0.019483895680521446,-0.21500926456906855
4,K4,FOOOF,raw,M6_SVR+time,0.044239546330057444,-0.19025361391953255
4,K4,FOOOF,baseline,M2_ENR,-0.04853119286207419,-0.2830243531116642
4,K4,FOOOF,baseline,M3_ENR+time,-0.07213709325795126,-0.30663025350754125
4,K4,FOOOF,baseline,M4_mixed,-2.0520350659994264,-2.2865282262490165
4,K4,FOOOF,baseline,M5_SVR,-0.08431262982686794,-0.31880579007645793
4,K4,FOOOF,baseline,M6_SVR+time,-0.012428449157755761,-0.24692160940734575
5,K1,DR-SCC,raw,M2_ENR,-0.05148979419308586,-0.31056482872137925
5,K1,DR-SCC,raw,M3_ENR+time,-0.040686032684076556,-0.29976106721236995
5,K1,DR-SCC,raw,M4_mixed,-0.1175635866719198,-0.3766386212002132
5,K1,DR-SCC,raw,M5_SVR,-0.051566127043082055,-0.31064116157137545
5,K1,DR-SCC,raw,M6_SVR+time,0.04769768740983471,-0.21137734711845868
5,K1,DR-SCC,baseline,M2_ENR,-0.0316534634390353,-0.2907284979673287
5,K1,DR-SCC,baseline,M3_ENR+time,-0.030016092756982804,-0.2890911272852762
5,K1,DR-SCC,baseline,M4_mixed,-0.4663788236790689,-0.7254538582073623
5,K1,DR-SCC,baseline,M5_SVR,-0.009185586034986315,-0.2682606205632797
5,K1,DR-SCC,baseline,M6_SVR+time,-0.07103172758420451,-0.3301067621124979
5,K1,FOOOF,raw,M2_ENR,-0.04202497672598238,-0.30110001125427577
5,K1,FOOOF,raw,M3_ENR+time,-0.02155057699778884,-0.28062561152608223
5,K1,FOOOF,raw,M4_mixed,-0.4218767764074922,-0.6809518109357856
5,K1,FOOOF,raw,M5_SVR,-0.02576675419770158,-0.28484178872599497
5,K1,FOOOF,raw,M6_SVR+time,-0.022533274834333206,-0.2816083093626266
5,K1,FOOOF,baseline,M2_ENR,-0.2001004025718638,-0.4591754371001572
5,K1,FOOOF,baseline,M3_ENR+time,-0.24747697488801657,-0.50655200941631
5,K1,FOOOF,baseline,M4_mixed,-1.2382336361756643,-1.4973086707039576
5,K1,FOOOF,baseline,M5_SVR,0.047018989697525604,-0.2120560448307678
5,K1,FOOOF,baseline,M6_SVR+time,-0.09158268430647176,-0.35065771883476515
5,K3,DR-SCC,raw,M2_ENR,-0.02344425196777955,-0.28251928649607294
5,K3,DR-SCC,raw,M3_ENR+time,-0.02150491996634507,-0.28057995449463846
5,K3,DR-SCC,raw,M4_mixed,-0.5766603107092048,-0.8357353452374982
5,K3,DR-SCC,raw,M5_SVR,-0.14228570573560906,-0.40136074026390245
5,K3,DR-SCC,raw,M6_SVR+time,-0.09653979035772342,-0.3556148248860168
5,K3,DR-SCC,baseline,M2_ENR,-0.06415584082939696,-0.32323087535769035
5,K3,DR-SCC,baseline,M3_ENR+time,-0.040775207165663296,-0.2998502416939567
5,K3,DR-SCC,baseline,M4_mixed,-0.741717800486102,-1.0007928350143955
5,K3,DR-SCC,baseline,M5_SVR,-0.13864825145287574,-0.39772328598116913
5,K3,DR-SCC,baseline,M6_SVR+time,-0.07711848291513901,-0.3361935174434324
5,K3,FOOOF,raw,M2_ENR,-0.011286227278746175,-0.27036126180703957
5,K3,FOOOF,raw,M3_ENR+time,-0.04190354773809313,-0.3009785822663865
5,K3,FOOOF,raw,M4_mixed,-0.760061581097158,-1.0191366156254515
5,K3,FOOOF,raw,M5_SVR,-0.17123088645541862,-0.430305920983712
5,K3,FOOOF,raw,M6_SVR+time,-0.1025562647519691,-0.3616312992802625
5,K3,FOOOF,baseline,M2_ENR,-0.1199856297281674,-0.3790606642564608
5,K3,FOOOF,baseline,M3_ENR+time,0.13618439095608148,-0.12289064357221191
5,K3,FOOOF,baseline,M4_mixed,-0.9007504703664986,-1.1598255048947919
5,K3,FOOOF,baseline,M5_SVR,-0.170152062469213,-0.4292270969975064
5,K3,FOOOF,baseline,M6_SVR+time,0.0009608687529139015,-0.2581141657753795
5,K4,DR-SCC,raw,M2_ENR,-0.14532878772603164,-0.40440382225432503
5,K4,DR-SCC,raw,M3_ENR+time,-0.09522289164161624,-0.3542979261699096
5,K4,DR-SCC,raw,M4_mixed,-0.2390717188043443,-0.4981467533326377
5,K4,DR-SCC,raw,M5_SVR,-0.1184029389761625,-0.3774779735044559
5,K4,DR-SCC,raw,M6_SVR+time,0.06403557952102812,-0.19503945500726527
5,K4,DR-SCC,baseline,M2_ENR,0.018938213813559313,-0.24013682071473408
5,K4,DR-SCC,baseline,M3_ENR+time,-0.09765962049400989,-0.3567346550223033
5,K4,DR-SCC,baseline,M4_mixed,-0.38050799953939474,-0.6395830340676881
5,K4,DR-SCC,baseline,M5_SVR,0.004695016055005774,-0.2543800184732876
5,K4,DR-SCC,baseline,M6_SVR+time,0.055746244454603966,-0.20332879007368942
5,K4,FOOOF,raw,M2_ENR,-0.06974429435150475,-0.32881932887979815
5,K4,FOOOF,raw,M3_ENR+time,-0.12708444466745128,-0.38615947919574467
5,K4,FOOOF,raw,M4_mixed,-0.13350840127276586,-0.39258343580105926
5,K4,FOOOF,raw,M5_SVR,-0.06735580886416459,-0.326430843392458
5,K4,FOOOF,raw,M6_SVR+time,-0.10071816354906948,-0.3597931980773629
5,K4,FOOOF,baseline,M2_ENR,-0.09942200542194457,-0.35849703995023796
5,K4,FOOOF,baseline,M3_ENR+time,-0.039724393980463235,-0.2987994285087566
5,K4,FOOOF,baseline,M4_mixed,-1.155057212404028,-1.4141322469323212
5,K4,FOOOF,baseline,M5_SVR,-0.14095777485848338,-0.40003280938677677
5,K4,FOOOF,baseline,M6_SVR+time,-0.0017223766231604376,-0.26079741115145383
6,K1,DR-SCC,raw,M2_ENR,-0.04263325190179912,-0.2211049793649602
6,K1,DR-SCC,raw,M3_ENR+time,-0.03212252969042173,-0.21059425715358282
6,K1,DR-SCC,raw,M4_mixed,-0.4869412270862792,-0.6654129545494403
6,K1,DR-SCC,raw,M5_SVR,0.018464586226717428,-0.16000714123644366
6,K1,DR-SCC,raw,M6_SVR+time,-0.1362198187296606,-0.3146915461928217
6,K1,DR-SCC,baseline,M2_ENR,-0.10205432004812787,-0.28052604751128896
6,K1,DR-SCC,baseline,M3_ENR+time,-0.03427659557792784,-0.21274832304108893
6,K1,DR-SCC,baseline,M4_mixed,-0.4799167132689923,-0.6583884407321534
6,K1,DR-SCC,baseline,M5_SVR,0.051034139746560014,-0.12743758771660108
6,K1,DR-SCC,baseline,M6_SVR+time,0.06225727441090012,-0.11621445305226097
6,K1,FOOOF,raw,M2_ENR,-0.076816229180527,-0.2552879566436881
6,K1,FOOOF,raw,M3_ENR+time,-0.0741465464766553,-0.2526182739398164
6,K1,FOOOF,raw,M4_mixed,-1.004277950168972,-1.1827496776321331
6,K1,FOOOF,raw,M5_SVR,-0.020570319756262112,-0.1990420472194232
6,K1,FOOOF,raw,M6_SVR+time,-0.028400194405837187,-0.20687192186899828
6,K1,FOOOF,baseline,M2_ENR,-0.049106646664392795,-0.22757837412755388
6,K1,FOOOF,baseline,M3_ENR+time,-0.04863685960325492,-0.227108587066416
6,K1,FOOOF,baseline,M4_mixed,-0.4681465182057418,-0.6466182456689029
6,K1,FOOOF,baseline,M5_SVR,0.03581155062090846,-0.14266017684225263
6,K1,FOOOF,baseline,M6_SVR+time,0.027210817481048255,-0.15126090998211283
6,K3,DR-SCC,raw,M2_ENR,0.005280946454499502,-0.1731907810086616
6,K3,DR-SCC,raw,M3_ENR+time,-0.04286204672571259,-0.22133377418887368
6,K3,DR-SCC,raw,M4_mixed,-0.5748557132028893,-0.7533274406660504
6,K3,DR-SCC,raw,M5_SVR,-0.019234878944745404,-0.1977066064079065
6,K3,DR-SCC,raw,M6_SVR+time,0.07300797667784154,-0.10546375078531955
6,K3,DR-SCC,baseline,M2_ENR,-0.08866763917179532,-0.2671393666349564
6,K3,DR-SCC,baseline,M3_ENR+time,-0.032922396869769166,-0.21139412433293026
6,K3,DR-SCC,baseline,M4_mixed,-0.7117898511851937,-0.8902615786483548
6,K3,DR-SCC,baseline,M5_SVR,-0.1569876582702452,-0.3354593857334063
6,K3,DR-SCC,baseline,M6_SVR+time,-0.009174057080310272,-0.18764578454347136
6,K3,FOOOF,raw,M2_ENR,-0.018402438936677257,-0.19687416639983835
6,K3,FOOOF,raw,M3_ENR+time,-0.0473293011233471,-0.2258010285865082
6,K3,FOOOF,raw,M4_mixed,-0.5330406910020544,-0.7115124184652155
6,K3,FOOOF,raw,M5_SVR,-0.048488686955569404,-0.2269604144187305
6,K3,FOOOF,raw,M6_SVR+time,-0.0620789530842738,-0.2405506805474349
6,K3,FOOOF,baseline,M2_ENR,-0.14976571721753817,-0.32823744468069926
6,K3,FOOOF,baseline,M3_ENR+time,-0.14260514774220212,-0.3210768752053632
6,K3,FOOOF,baseline,M4_mixed,-1.8066059913968617,-1.9850777188600228
6,K3,FOOOF,baseline,M5_SVR,0.08029947492041867,-0.09817225254274242
6,K3,FOOOF,baseline,M6_SVR+time,0.19689709606392225,0.01842536860076116
6,K4,DR-SCC,raw,M2_ENR,0.10074512890065335,-0.07772659856250774
6,K4,DR-SCC,raw,M3_ENR+time,0.010476373827523422,-0.16799535363563767
6,K4,DR-SCC,raw,M4_mixed,0.07707073236467388,-0.10140099509848721
6,K4,DR-SCC,raw,M5_SVR,-0.07520410051565607,-0.25367582797881716
6,K4,DR-SCC,raw,M6_SVR+time,0.006651009933624441,-0.17182071752953665
6,K4,DR-SCC,baseline,M2_ENR,0.17374953641386082,-0.004722191049300273
6,K4,DR-SCC,baseline,M3_ENR+time,0.08413804316170082,-0.09433368430146027
6,K4,DR-SCC,baseline,M4_mixed,-0.029521977141527378,-0.20799370460468847
6,K4,DR-SCC,baseline,M5_SVR,0.0708234233917241,-0.107648304071437
6,K4,DR-SCC,baseline,M6_SVR+time,0.11343820372651714,-0.06503352373664395
6,K4,FOOOF,raw,M2_ENR,-0.05013644750694035,-0.22860817497010144
6,K4,FOOOF,raw,M3_ENR+time,-0.04457781915439463,-0.22304954661755572
6,K4,FOOOF,raw,M4_mixed,-0.9066958599808967,-1.0851675874440578
6,K4,FOOOF,raw,M5_SVR,0.04062062049531101,-0.13785110696785008
6,K4,FOOOF,raw,M6_SVR+time,-0.01949909124963467,-0.19797081871279576
6,K4,FOOOF,baseline,M2_ENR,-0.04900975560455212,-0.2274814830677132
6,K4,FOOOF,baseline,M3_ENR+time,0.017970972791250928,-0.16050075467191016
6,K4,FOOOF,baseline,M4_mixed,-1.8463696599729547,-2.0248413874361155
6,K4,FOOOF,baseline,M5_SVR,0.009606284420522249,-0.16886544304263884
6,K4,FOOOF,baseline,M6_SVR+time,-0.004119634705738617,-0.1825913621688997
7,K1,DR-SCC,raw,M2_ENR,-0.03000959845730411,-0.29927650199320766
7,K1,DR-SCC,raw,M3_ENR+time,0.08512857152905784,-0.1841383320068457
7,K1,DR-SCC,raw,M4_mixed,-0.1723014780496026,-0.44156838158550615
7,K1,DR-SCC,raw,M5_SVR,-0.20770357036013243,-0.476970473896036
7,K1,DR-SCC,raw,M6_SVR+time,-0.05321639045840332,-0.32248329399430686
7,K1,DR-SCC,baseline,M2_ENR,-0.058243489966261386,-0.32751039350216493
7,K1,DR-SCC,baseline,M3_ENR+time,0.10976055670856755,-0.159506346827336
7,K1,DR-SCC,baseline,M4_mixed,-0.3328364291205277,-0.6021033326564312
7,K1,DR-SCC,baseline,M5_SVR,-0.21086611904173513,-0.4801330225776387
7,K1,DR-SCC,baseline,M6_SVR+time,-0.05536626925627108,-0.32463317279217463
7,K1,FOOOF,raw,M2_ENR,-0.02482412581801352,-0.29409102935391707
7,K1,FOOOF,raw,M3_ENR+time,0.07492277229653,-0.19434413123937355
7,K1,FOOOF,raw,M4_mixed,-0.5752993020471837,-0.8445662055830873
7,K1,FOOOF,raw,M5_SVR,-0.13929985153577262,-0.40856675507167617
7,K1,FOOOF,raw,M6_SVR+time,-0.05582579807173271,-0.32509270160763626
7,K1,FOOOF,baseline,M2_ENR,-0.061200608789271804,-0.33046751232517535
7,K1,FOOOF,baseline,M3_ENR+time,0.049663840833846784,-0.21960306270205676
7,K1,FOOOF,baseline,M4_mixed,-0.14253922674658814,-0.4118061302824917
7,K1,FOOOF,baseline,M5_SVR,-0.05994637878232312,-0.32921328231822666
7,K1,FOOOF,baseline,M6_SVR+time,0.03960885889227472,-0.22965804464362882
7,K3,DR-SCC,raw,M2_ENR,-0.033194002777667375,-0.3024609063135709
7,K3,DR-SCC,raw,M3_ENR+time,0.1134935299668125,-0.15577337356909104
7,K3,DR-SCC,raw,M4_mixed,-0.27213755202090417,-0.5414044555568077
7,K3,DR-SCC,raw,M5_SVR,-0.10792127395533302,-0.37718817749123656
7,K3,DR-SCC,raw,M6_SVR+time,0.22363893886248531,-0.04562796467341823
7,K3,DR-SCC,baseline,M2_ENR,-0.1618665281814382,-0.43113343171734175
7,K3,DR-SCC,baseline,M3_ENR+time,0.13112911088769785,-0.1381377926482057
7,K3,DR-SCC,baseline,M4_mixed,-0.11455052671049493,-0.38381743024639847
7,K3,DR-SCC,baseline,M5_SVR,-0.2945415111699021,-0.5638084147058057
7,K3,DR-SCC,baseline,M6_SVR+time,-0.08233803590377775,-0.3516049394396813
7,K3,FOOOF,raw,M2_ENR,-0.02482412581801352,-0.29409102935391707
7,K3,FOOOF,raw,M3_ENR+time,0.1138632192910406,-0.15540368424486295
7,K3,FOOOF,raw,M4_mixed,-0.5132189588839289,-0.7824858624198324
7,K3,FOOOF,raw,M5_SVR,0.05970165803408467,-0.20956524550181888
7,K3,FOOOF,raw,M6_SVR+time,0.042069945450573853,-0.2271969580853297
7,K3,FOOOF,baseline,M2_ENR,-0.07666484812746055,-0.3459317516633641
7,K3,FOOOF,baseline,M3_ENR+time,0.060385949933494776,-0.20888095360240877
7,K3,FOOOF,baseline,M4_mixed,-0.032596558883546844,-0.3018634624194504
7,K3,FOOOF,baseline,M5_SVR,-0.09707887925041692,-0.36634578278632046
7,K3,FOOOF,baseline,M6_SVR+time,0.014092943129539792,-0.25517396040636375
7,K4,DR-SCC,raw,M2_ENR,-0.1880325396399669,-0.45729944317587046
7,K4,DR-SCC,raw,M3_ENR+time,0.016956567522344868,-0.2523103360135587
7,K4,DR-SCC,raw,M4_mixed,0.09120836856546821,-0.17805853497043533
7,K4,DR-SCC,raw,M5_SVR,-0.07237143596146534,-0.3416383394973689
7,K4,DR-SCC,raw,M6_SVR+time,-0.007378335995505525,-0.27664523953140907
7,K4,DR-SCC,baseline,M2_ENR,-0.09863490473401093,-0.3679018082699145
7,K4,DR-SCC,baseline,M3_ENR+time,0.05017281698364939,-0.21909408655225415
7,K4,DR-SCC,baseline,M4_mixed,-0.41739038918855753,-0.6866572927244611
7,K4,DR-SCC,baseline,M5_SVR,-0.01925801881791478,-0.2885249223538183
7,K4,DR-SCC,baseline,M6_SVR+time,0.12518805097341967,-0.14407885256248387
7,K4,FOOOF,raw,M2_ENR,-0.026278490010817057,-0.2955453935467206
7,K4,FOOOF,raw,M3_ENR+time,-0.04831665930557927,-0.3175835628414828
7,K4,FOOOF,raw,M4_mixed,-0.12118327471905976,-0.3904501782549633
7,K4,FOOOF,raw,M5_SVR,0.05724497310162535,-0.2120219304342782
7,K4,FOOOF,raw,M6_SVR+time,0.061954551831458704,-0.20731235170444484
7,K4,FOOOF,baseline,M2_ENR,-0.0599031096818603,-0.32917001321776385
7,K4,FOOOF,baseline,M3_ENR+time,0.1404695557263217,-0.12879734780958185
7,K4,FOOOF,baseline,M4_mixed,0.03852567317423872,-0.23074123036166483
7,K4,FOOOF,baseline,M5_SVR,-0.009182915866455588,-0.27844981940235913
7,K4,FOOOF,baseline,M6_SVR+time,0.05987771018872001,-0.20938919334718353
8,K1,DR-SCC,raw,M2_ENR,-0.056753241212792904,-0.3010664088027155
8,K1,DR-SCC,raw,M3_ENR+time,-0.06594239430736537,-0.310255561897288
8,K1,DR-SCC,raw,M4_mixed,-0.11374010278292901,-0.3580532703728516
8,K1,DR-SCC,raw,M5_SVR,-0.021970509552788897,-0.2662836771427115
8,K1,DR-SCC,raw,M6_SVR+time,-0.018128849304768657,-0.26244201689469127
8,K1,DR-SCC,baseline,M2_ENR,-0.06641776830898283,-0.31073093589890544
8,K1,DR-SCC,baseline,M3_ENR+time,0.05239901474953412,-0.19191415284038849
8,K1,DR-SCC,baseline,M4_mixed,-0.20055710963020856,-0.44487027722013117
8,K1,DR-SCC,baseline,M5_SVR,-0.1003941790296119,-0.3447073466195345
8,K1,DR-SCC,baseline,M6_SVR+time,0.03886118240383829,-0.20545198518608432
8,K1,FOOOF,raw,M2_ENR,0.001824229340389505,-0.2424889382495331
8,K1,FOOOF,raw,M3_ENR+time,0.09901946554674534,-0.14529370204317726
8,K1,FOOOF,raw,M4_mixed,0.009115944213074156,-0.23519722337684845
8,K1,FOOOF,raw,M5_SVR,-0.1434617551767221,-0.3877749227666447
8,K1,FOOOF,raw,M6_SVR+time,-0.0007889834350853775,-0.24510215102500799
8,K1,FOOOF,baseline,M2_ENR,-0.12985686574404687,-0.3741700333339695
8,K1,FOOOF,baseline,M3_ENR+time,-0.0009204177517381229,-0.24523358534166073
8,K1,FOOOF,baseline,M4_mixed,-0.9236266978294958,-1.1679398654194184
8,K1,FOOOF,baseline,M5_SVR,-0.05753366544257599,-0.3018468330324986
8,K1,FOOOF,baseline,M6_SVR+time,-0.08960757911841877,-0.3339207467083414
8,K3,DR-SCC,raw,M2_ENR,-0.050603454070035525,-0.29491662165995813
8,K3,DR-SCC,raw,M3_ENR+time,0.08299759530292816,-0.16131557228699445
8,K3,DR-SCC,raw,M4_mixed,-0.2715137351045287,-0.5158269026944513
8,K3,DR-SCC,raw,M5_SVR,-0.16413824277469335,-0.40845141036461596
8,K3,DR-SCC,raw,M6_SVR+time,0.10925088880554856,-0.13506227878437405
8,K3,DR-SCC,baseline,M2_ENR,-0.13406751743103307,-0.3783806850209557
8,K3,DR-SCC,baseline,M3_ENR+time,0.11376071036464519,-0.13055245722527742
8,K3,DR-SCC,baseline,M4_mixed,-0.6037291896882173,-0.8480423572781399
8,K3,DR-SCC,baseline,M5_SVR,-0.1219444572983881,-0.3662576248883107
8,K3,DR-SCC,baseline,M6_SVR+time,-0.02787564655915875,-0.27218881414908136
8,K3,FOOOF,raw,M2_ENR,-0.055780129172995574,-0.3000932967629182
8,K3,FOOOF,raw,M3_ENR+time,0.08848096093400326,-0.15583220665591935
8,K3,FOOOF,raw,M4_mixed,-0.5936935783696891,-0.8380067459596117
8,K3,FOOOF,raw,M5_SVR,-0.08749183585339337,-0.331805003443316
8,K3,FOOOF,raw,M6_SVR+time,0.07335103769004425,-0.17096212989987836
8,K3,FOOOF,baseline,M2_ENR,-0.04770968266222386,-0.29202285025214647
8,K3,FOOOF,baseline,M3_ENR+time,0.06114190683175147,-0.18317126075817114
8,K3,FOOOF,baseline,M4_mixed,-0.5003701505021374,-0.74468331809206
8,K3,FOOOF,baseline,M5_SVR,0.054814415277144146,-0.18949875231277846
8,K3,FOOOF,baseline,M6_SVR+time,0.16744267659359746,-0.07687049099632515
8,K4,DR-SCC,raw,M2_ENR,-0.06241870775426861,-0.3067318753441912
8,K4,DR-SCC,raw,M3_ENR+time,0.15709057080183353,-0.08722259678808908
8,K4,DR-SCC,raw,M4_mixed,0.189336635135255,-0.054976532454667604
8,K4,DR-SCC,raw,M5_SVR,-0.15366697573582266,-0.3979801433257453
8,K4,DR-SCC,raw,M6_SVR+time,0.047817804591757884,-0.19649536299816472
8,K4,DR-SCC,baseline,M2_ENR,-0.0287088539164968,-0.2730220215064194
8,K4,DR-SCC,baseline,M3_ENR+time,0.0720146913667894,-0.1722984762231332
8,K4,DR-SCC,baseline,M4_mixed,-1.276286245918023,-1.5205994135079457
8,K4,DR-SCC,baseline,M5_SVR,-0.18130644031371435,-0.42561960790363695
8,K4,DR-SCC,baseline,M6_SVR+time,0.037083585882586756,-0.20722958170733585
8,K4,FOOOF,raw,M2_ENR,-0.028918726523788685,-0.2732318941137113
8,K4,FOOOF,raw,M3_ENR+time,-0.06357410104916794,-0.30788726863909055
8,K4,FOOOF,raw,M4_mixed,-0.3899755344690048,-0.6342887020589274
8,K4,FOOOF,raw,M5_SVR,-0.05633586658014211,-0.3006490341700647
8,K4,FOOOF,raw,M6_SVR+time,0.005700900623151206,-0.2386122669667714
8,K4,FOOOF,baseline,M2_ENR,0.0965699461207501,-0.14774322146917251
8,K4,FOOOF,baseline,M3_ENR+time,0.16961715391314847,-0.07469601367677414
8,K4,FOOOF,baseline,M4_mixed,-1.2284439177119388,-1.4727570853018614
8,K4,FOOOF,baseline,M5_SVR,-0.05887184864926054,-0.30318501623918315
8,K4,FOOOF,baseline,M6_SVR+time,0.016975951252548693,-0.22733721633737392
9,K1,DR-SCC,raw,M2_ENR,-0.03968190239956315,-0.21279782067587016
9,K1,DR-SCC,raw,M3_ENR+time,-0.04356088636931599,-0.216676804645623
9,K1,DR-SCC,raw,M4_mixed,-0.3350057403569229,-0.5081216586332299
9,K1,DR-SCC,raw,M5_SVR,-0.0718993445556777,-0.24501526283198471
9,K1,DR-SCC,raw,M6_SVR+time,-0.08314929726050435,-0.25626521553681136
9,K1,DR-SCC,baseline,M2_ENR,-0.06360478167547678,-0.2367206999517838
9,K1,DR-SCC,baseline,M3_ENR+time,-0.06635698732706707,-0.2394729056033741
9,K1,DR-SCC,baseline,M4_mixed,-0.07726814798610393,-0.25038406626241094
9,K1,DR-SCC,baseline,M5_SVR,-0.08007969951618543,-0.25319561779249244
9,K1,DR-SCC,baseline,M6_SVR+time,-0.011413720898532098,-0.1845296391748391
9,K1,FOOOF,raw,M2_ENR,-0.03066311691634649,-0.2037790351926535
9,K1,FOOOF,raw,M3_ENR+time,-0.03066311691634649,-0.2037790351926535
9,K1,FOOOF,raw,M4_mixed,-0.47034168894784156,-0.6434576072241486
9,K1,FOOOF,raw,M5_SVR,-0.011588421480295041,-0.18470433975660205
9,K1,FOOOF,raw,M6_SVR+time,0.020769574972806626,-0.1523463433035004
9,K1,FOOOF,baseline,M2_ENR,-0.03404732852031289,-0.2071632467966199
9,K1,FOOOF,baseline,M3_ENR+time,-0.05698486095556632,-0.23010077923187333
9,K1,FOOOF,baseline,M4_mixed,-0.37229351685411993,-0.545409435130427
9,K1,FOOOF,baseline,M5_SVR,-0.02326714772703875,-0.19638306600334576
9,K1,FOOOF,baseline,M6_SVR+time,0.009958377915970762,-0.16315754036033625
9,K3,DR-SCC,raw,M2_ENR,-0.0282679176696643,-0.2013838359459713
9,K3,DR-SCC,raw,M3_ENR+time,-0.0282679176696643,-0.2013838359459713
9,K3,DR-SCC,raw,M4_mixed,-0.15641440533367934,-0.32953032360998635
9,K3,DR-SCC,raw,M5_SVR,-0.07408247295727133,-0.24719839123357834
9,K3,DR-SCC,raw,M6_SVR+time,-0.04835749713907034,-0.22147341541537735
9,K3,DR-SCC,baseline,M2_ENR,-0.06357168703766192,-0.23668760531396893
9,K3,DR-SCC,baseline,M3_ENR+time,-0.04181674354443854,-0.21493266182074555
9,K3,DR-SCC,baseline,M4_mixed,-0.3980978409558005,-0.5712137592321075
9,K3,DR-SCC,baseline,M5_SVR,-0.12102033458288242,-0.29413625285918943
9,K3,DR-SCC,baseline,M6_SVR+time,-0.0024096071366965788,-0.1755255254130036
9,K3,FOOOF,raw,M2_ENR,-0.035094582622891446,-0.20821050089919846
9,K3,FOOOF,raw,M3_ENR+time,-0.13243157146756945,-0.30554748974387647
9,K3,FOOOF,raw,M4_mixed,-0.48118871705456656,-0.6543046353308736
9,K3,FOOOF,raw,M5_SVR,-0.28316007141977195,-0.45627598969607897
9,K3,FOOOF,raw,M6_SVR+time,-0.04834939516638603,-0.22146531344269305
9,K3,FOOOF,baseline,M2_ENR,-0.07052297441906541,-0.24363889269537242
9,K3,FOOOF,baseline,M3_ENR+time,-0.03522527226771843,-0.20834119054402545
9,K3,FOOOF,baseline,M4_mixed,-2.2468716149911723,-2.4199875332674794
9,K3,FOOOF,baseline,M5_SVR,-0.0764824065707681,-0.24959832484707511
9,K3,FOOOF,baseline,M6_SVR+time,0.07860765172445405,-0.09450826655185296
9,K4,DR-SCC,raw,M2_ENR,-0.038989666619035246,-0.21210558489534226
9,K4,DR-SCC,raw,M3_ENR+time,-0.10284451639031555,-0.27596043466662257
9,K4,DR-SCC,raw,M4_mixed,-0.2930347717664017,-0.4661506900427087
9,K4,DR-SCC,raw,M5_SVR,-0.12453018053083875,-0.29764609880714576
9,K4,DR-SCC,raw,M6_SVR+time,0.07539697289248137,-0.09771894538382564
9,K4,DR-SCC,baseline,M2_ENR,-0.3259176781094615,-0.4990335963857685
9,K4,DR-SCC,baseline,M3_ENR+time,-1.2156935222916676,-1.3888094405679747
9,K4,DR-SCC,baseline,M4_mixed,-1.3649440565164594,-1.5380599747927666
9,K4,DR-SCC,baseline,M5_SVR,-0.1665668713899735,-0.3396827896662805
9,K4,DR-SCC,baseline,M6_SVR+time,-0.07587423451733799,-0.248990152793645
9,K4,FOOOF,raw,M2_ENR,-0.03480648145498466,-0.20792239973129167
9,K4,FOOOF,raw,M3_ENR+time,-0.040626532393155834,-0.21374245066946285
9,K4,FOOOF,raw,M4_mixed,-0.2435416676342983,-0.4166575859106053
9,K4,FOOOF,raw,M5_SVR,-0.007222326111488098,-0.1803382443877951
9,K4,FOOOF,raw,M6_SVR+time,-0.13529797807401955,-0.30841389635032657
9,K4,FOOOF,baseline,M2_ENR,-0.06571421853065185,-0.23883013680695886
9,K4,FOOOF,baseline,M3_ENR+time,-0.023975433920845113,-0.19709135219715213
9,K4,FOOOF,baseline,M4_mixed,-1.1872986089169295,-1.3604145271932366
9,K4,FOOOF,baseline,M5_SVR,-0.10889735447011195,-0.28201327274641896
9,K4,FOOOF,baseline,M6_SVR+time,-0.06247796662284011,-0.23559388489914712
10,K1,DR-SCC,raw,M2_ENR,-0.012798385660772293,-0.2766247973727832
10,K1,DR-SCC,raw,M3_ENR+time,-0.12551287718196802,-0.38933928889397895
10,K1,DR-SCC,raw,M4_mixed,-0.08963334220107022,-0.35345975391308115
10,K1,DR-SCC,raw,M5_SVR,-0.07379757194486736,-0.3376239836568783
10,K1,DR-SCC,raw,M6_SVR+time,-0.022876084774845484,-0.2867024964868564
10,K1,DR-SCC,baseline,M2_ENR,-0.0967971691178875,-0.3606235808298984
10,K1,DR-SCC,baseline,M3_ENR+time,-0.11874363261832377,-0.3825700443303347
10,K1,DR-SCC,baseline,M4_mixed,-0.30759477523283163,-0.5714211869448426
10,K1,DR-SCC,baseline,M5_SVR,-0.12537553969251714,-0.38920195140452807
10,K1,DR-SCC,baseline,M6_SVR+time,-0.12215739685073079,-0.3859838085627417
10,K1,FOOOF,raw,M2_ENR,-0.05738066994181157,-0.3212070816538225
10,K1,FOOOF,raw,M3_ENR+time,-0.015672364340401757,-0.2794987760524127
10,K1,FOOOF,raw,M4_mixed,-0.025709306608607596,-0.28953571832061853
10,K1,FOOOF,raw,M5_SVR,-0.015013212180875923,-0.27883962389288686
10,K1,FOOOF,raw,M6_SVR+time,-0.04309068290322293,-0.30691709461523387
10,K1,FOOOF,baseline,M2_ENR,-0.07642861103880016,-0.3402550227508111
10,K1,FOOOF,baseline,M3_ENR+time,-0.09003956842942284,-0.3538659801414338
10,K1,FOOOF,baseline,M4_mixed,-0.8719906777574127,-1.1358170894694237
10,K1,FOOOF,baseline,M5_SVR,-0.1286719801299976,-0.3924983918420085
10,K1,FOOOF,baseline,M6_SVR+time,-0.0590996087988942,-0.32292602051090513
10,K3,DR-SCC,raw,M2_ENR,-0.2575337952612835,-0.5213602069732944
10,K3,DR-SCC,raw,M3_ENR+time,-0.17434312110830175,-0.4381695328203127
10,K3,DR-SCC,raw,M4_mixed,-0.2831318920861212,-0.5469583037981322
10,K3,DR-SCC,raw,M5_SVR,-0.045838228293852756,-0.3096646400058637
10,K3,DR-SCC,raw,M6_SVR+time,-0.040200353100684705,-0.30402676481269564
10,K3,DR-SCC,baseline,M2_ENR,0.021624845003833104,-0.24220156670817783
10,K3,DR-SCC,baseline,M3_ENR+time,0.06029229179825679,-0.20353411991375414
10,K3,DR-SCC,baseline,M4_mixed,-1.6113845007074392,-1.8752109124194503
10,K3,DR-SCC,baseline,M5_SVR,-0.08175633556359996,-0.3455827472756109
10,K3,DR-SCC,baseline,M6_SVR+time,-0.04963770259011557,-0.3134641143021265
10,K3,FOOOF,raw,M2_ENR,-0.08229205210624957,-0.3461184638182605
10,K3,FOOOF,raw,M3_ENR+time,-0.07186541488918907,-0.3356918266012
10,K3,FOOOF,raw,M4_mixed,-0.34955380886896315,-0.6133802205809741
10,K3,FOOOF,raw,M5_SVR,-0.06914010568471851,-0.33296651739672944
10,K3,FOOOF,raw,M6_SVR+time,0.005713073458222695,-0.25811333825378824
10,K3,FOOOF,baseline,M2_ENR,-0.11295602866923304,-0.376782440381244
10,K3,FOOOF,baseline,M3_ENR+time,-0.09398866510317294,-0.3578150768151839
10,K3,FOOOF,baseline,M4_mixed,-1.3191933697608844,-1.5830197814728955
10,K3,FOOOF,baseline,M5_SVR,-0.046351203216366654,-0.3101776149283776
10,K3,FOOOF,baseline,M6_SVR+time,0.056072721642946965,-0.20775369006906397
10,K4,DR-SCC,raw,M2_ENR,0.12917407636160272,-0.13465233535040821
10,K4,DR-SCC,raw,M3_ENR+time,0.1034407653947611,-0.16038564631724983
10,K4,DR-SCC,raw,M4_mixed,-0.003088753470007033,-0.26691516518201797
10,K4,DR-SCC,raw,M5_SVR,-0.02493977495205013,-0.28876618666406106
10,K4,DR-SCC,raw,M6_SVR+time,0.13213405168090697,-0.13169236003110396
10,K4,DR-SCC,baseline,M2_ENR,-0.15434686767382666,-0.4181732793858376
10,K4,DR-SCC,baseline,M3_ENR+time,-0.13652091370900776,-0.4003473254210187
10,K4,DR-SCC,baseline,M4_mixed,-0.7423321055441183,-1.0061585172561291
10,K4,DR-SCC,baseline,M5_SVR,0.05850418461360263,-0.2053222270984083
10,K4,DR-SCC,baseline,M6_SVR+time,0.0398578329128535,-0.22396857879915744
10,K4,FOOOF,raw,M2_ENR,-0.0511300187843482,-0.31495643049635913
10,K4,FOOOF,raw,M3_ENR+time,-0.03000515524859626,-0.2938315669606072
10,K4,FOOOF,raw,M4_mixed,-0.4743166082262167,-0.7381430199382276
10,K4,FOOOF,raw,M5_SVR,-0.10949327710262113,-0.37331968881463207
10,K4,FOOOF,raw,M6_SVR+time,-0.05682993285880422,-0.32065634457081515
10,K4,FOOOF,baseline,M2_ENR,0.03179232126022524,-0.2320340904517857
10,K4,FOOOF,baseline,M3_ENR+time,-0.17999732457790651,-0.44382373628991745
10,K4,FOOOF,baseline,M4_mixed,-1.1645153671376,-1.428341778849611
10,K4,FOOOF,baseline,M5_SVR,-0.2211702513013527,-0.48499666301336364
10,K4,FOOOF,baseline,M6_SVR+time,-0.1449102589996032,-0.4087366707116141
11,K1,DR-SCC,raw,M2_ENR,-0.23954380124222818,-0.47165754710903096
11,K1,DR-SCC,raw,M3_ENR+time,-0.22678068229296122,-0.458894428159764
11,K1,DR-SCC,raw,M4_mixed,-0.20303063430139745,-0.43514438016820023
11,K1,DR-SCC,raw,M5_SVR,0.00590919317146732,-0.22620455269533546
11,K1,DR-SCC,raw,M6_SVR+time,-0.1102007784832788,-0.3423145243500816
11,K1,DR-SCC,baseline,M2_ENR,-0.07357411828519678,-0.30568786415199956
11,K1,DR-SCC,baseline,M3_ENR+time,-0.07513976727868221,-0.307253513145485
11,K1,DR-SCC,baseline,M4_mixed,-0.4946073996663676,-0.7267211455331704
11,K1,DR-SCC,baseline,M5_SVR,-0.14784703949893974,-0.3799607853657425
11,K1,DR-SCC,baseline,M6_SVR+time,-0.06892360680225962,-0.3010373526690624
11,K1,FOOOF,raw,M2_ENR,-0.20130849229490377,-0.43342223816170655
11,K1,FOOOF,raw,M3_ENR+time,-0.1336968705509778,-0.36581061641778057
11,K1,FOOOF,raw,M4_mixed,-0.532861382079844,-0.7649751279466468
11,K1,FOOOF,raw,M5_SVR,-0.0900122628994715,-0.3221260087662743
11,K1,FOOOF,raw,M6_SVR+time,-0.10232384834237362,-0.3344375942091764
11,K1,FOOOF,baseline,M2_ENR,-0.32965290659233504,-0.5617666524591378
11,K1,FOOOF,baseline,M3_ENR+time,-0.38085818708085184,-0.6129719329476546
11,K1,FOOOF,baseline,M4_mixed,-1.7687217150302685,-2.000835460897071
11,K1,FOOOF,baseline,M5_SVR,-0.08213147699586987,-0.31424522286267265
11,K1,FOOOF,baseline,M6_SVR+time,-0.027617534258321363,-0.25973128012512414
11,K3,DR-SCC,raw,M2_ENR,-0.13644722908164875,-0.3685609749484515
11,K3,DR-SCC,raw,M3_ENR+time,-0.03186773006515131,-0.2639814759319541
11,K3,DR-SCC,raw,M4_mixed,-0.3268443392384093,-0.558958085105212
11,K3,DR-SCC,raw,M5_SVR,-0.1227255213154963,-0.3548392671822991
11,K3,DR-SCC,raw,M6_SVR+time,-0.09383011811358877,-0.32594386398039155
11,K3,DR-SCC,baseline,M2_ENR,0.05671824325600572,-0.17539550261079706
11,K3,DR-SCC,baseline,M3_ENR+time,0.04445974732248692,-0.18765399854431586
11,K3,DR-SCC,baseline,M4_mixed,-0.9236527771141883,-1.155766522980991
11,K3,DR-SCC,baseline,M5_SVR,-0.14965176556923954,-0.3817655114360423
11,K3,DR-SCC,baseline,M6_SVR+time,-0.028685282041881255,-0.26079902790868403
11,K3,FOOOF,raw,M2_ENR,-0.06563167290949878,-0.29774541877630156
11,K3,FOOOF,raw,M3_ENR+time,-0.03213193258829872,-0.2642456784551015
11,K3,FOOOF,raw,M4_mixed,-0.6747272694887425,-0.9068410153555453
11,K3,FOOOF,raw,M5_SVR,-0.10833810269343025,-0.34045184856023303
11,K3,FOOOF,raw,M6_SVR+time,-0.10098870051692632,-0.3331024463837291
11,K3,FOOOF,baseline,M2_ENR,-0.08426385796471769,-0.31637760383152047
11,K3,FOOOF,baseline,M3_ENR+time,-0.11528065997583381,-0.3473944058426366
11,K3,FOOOF,baseline,M4_mixed,-1.2462583769120106,-1.4783721227788134
11,K3,FOOOF,baseline,M5_SVR,-0.05204031531160225,-0.284154061178405
11,K3,FOOOF,baseline,M6_SVR+time,-0.003296704238122894,-0.23541045010492567
11,K4,DR-SCC,raw,M2_ENR,-0.035671464818916476,-0.26778521068571925
11,K4,DR-SCC,raw,M3_ENR+time,-0.06636653166077666,-0.29848027752757944
11,K4,DR-SCC,raw,M4_mixed,-0.1264423521790352,-0.358556098045838
11,K4,DR-SCC,raw,M5_SVR,0.05935918289606634,-0.17275456297073644
11,K4,DR-SCC,raw,M6_SVR+time,0.034837126500224525,-0.19727661936657825
11,K4,DR-SCC,baseline,M2_ENR,-0.2178658745686881,-0.4499796204354909
11,K4,DR-SCC,baseline,M3_ENR+time,-0.24118927060608653,-0.4733030164728893
11,K4,DR-SCC,baseline,M4_mixed,-1.2924671450571963,-1.524580890923999
11,K4,DR-SCC,baseline,M5_SVR,-0.091427564141354,-0.3235413100081568
11,K4,DR-SCC,baseline,M6_SVR+time,-0.024705674042459158,-0.25681941990926194
11,K4,FOOOF,raw,M2_ENR,-0.024009410202120218,-0.256123156068923
11,K4,FOOOF,raw,M3_ENR+time,-0.023806866457327658,-0.25592061232413044
11,K4,FOOOF,raw,M4_mixed,-0.3793549989728604,-0.6114687448396632
11,K4,FOOOF,raw,M5_SVR,-0.08939472748974753,-0.3215084733565503
11,K4,FOOOF,raw,M6_SVR+time,-0.11999605734685792,-0.3521098032136607
11,K4,FOOOF,baseline,M2_ENR,-0.04300021363204665,-0.2751139594988494
11,K4,FOOOF,baseline,M3_ENR+time,-0.10091433271189199,-0.33302807857869476
11,K4,FOOOF,baseline,M4_mixed,-0.4733820867922529,-0.7054958326590557
11,K4,FOOOF,baseline,M5_SVR,-0.13527256175006008,-0.36738630761686286
11,K4,FOOOF,baseline,M6_SVR+time,-0.06662030967438626,-0.29873405554118904
12,K1,DR-SCC,raw,M2_ENR,-0.05695011216963852,-0.2915905828905411
12,K1,DR-SCC,raw,M3_ENR+time,-0.04618440303386939,-0.28082487375477194
12,K1,DR-SCC,raw,M4_mixed,-0.2918866274144156,-0.5265270981353182
12,K1,DR-SCC,raw,M5_SVR,-0.15707937261674942,-0.391719843337652
12,K1,DR-SCC,raw,M6_SVR+time,-0.18680647884626445,-0.421446949567167
12,K1,DR-SCC,baseline,M2_ENR,-0.07288417117916235,-0.3075246419000649
12,K1,DR-SCC,baseline,M3_ENR+time,-0.07916974732599935,-0.3138102180469019
12,K1,DR-SCC,baseline,M4_mixed,-0.3228890979543979,-0.5575295686753005
12,K1,DR-SCC,baseline,M5_SVR,-0.23587104947787907,-0.4705115201987816
12,K1,DR-SCC,baseline,M6_SVR+time,-0.1658332273273022,-0.40047369804820476
12,K1,FOOOF,raw,M2_ENR,-0.31577494267542505,-0.5504154133963276
12,K1,FOOOF,raw,M3_ENR+time,-0.13028486517194104,-0.3649253358928436
12,K1,FOOOF,raw,M4_mixed,-0.5182010871138196,-0.7528415578347222
12,K1,FOOOF,raw,M5_SVR,-0.06301045857655252,-0.29765092929745507
12,K1,FOOOF,raw,M6_SVR+time,-0.05926239983183601,-0.29390287055273856
12,K1,FOOOF,baseline,M2_ENR,-0.10576045934903822,-0.34040093006994077
12,K1,FOOOF,baseline,M3_ENR+time,-0.14667197696749423,-0.3813124476883968
12,K1,FOOOF,baseline,M4_mixed,-0.667636944726157,-0.9022774154470595
12,K1,FOOOF,baseline,M5_SVR,-0.19863505424412176,-0.4332755249650243
12,K1,FOOOF,baseline,M6_SVR+time,-0.10972226412359065,-0.3443627348444932
12,K3,DR-SCC,raw,M2_ENR,-0.03936175606392278,-0.27400222678482533
12,K3,DR-SCC,raw,M3_ENR+time,-0.05666181461959563,-0.2913022853404982
12,K3,DR-SCC,raw,M4_mixed,-0.9003180954912471,-1.1349585662121497
12,K3,DR-SCC,raw,M5_SVR,-0.16510510417614355,-0.3997455748970461
12,K3,DR-SCC,raw,M6_SVR+time,-0.07549691492442179,-0.31013738564532434
12,K3,DR-SCC,baseline,M2_ENR,-0.08587899329285231,-0.32051946401375486
12,K3,DR-SCC,baseline,M3_ENR+time,-0.29075804304388764,-0.5253985137647902
12,K3,DR-SCC,baseline,M4_mixed,-0.9485980363912858,-1.1832385071121885
12,K3,DR-SCC,baseline,M5_SVR,-0.18585709085306856,-0.4204975615739711
12,K3,DR-SCC,baseline,M6_SVR+time,-0.08272270595058484,-0.3173631766714874
12,K3,FOOOF,raw,M2_ENR,-0.031194892264163387,-0.26583536298506594
12,K3,FOOOF,raw,M3_ENR+time,-0.03773623375371371,-0.27237670447461626
12,K3,FOOOF,raw,M4_mixed,-0.446795525826178,-0.6814359965470805
12,K3,FOOOF,raw,M5_SVR,-0.21132722606567,-0.44596769678657255
12,K3,FOOOF,raw,M6_SVR+time,-0.11611503355375508,-0.3507555042746576
12,K3,FOOOF,baseline,M2_ENR,-0.05168095597711386,-0.2863214266980164
12,K3,FOOOF,baseline,M3_ENR+time,-0.0514660492383201,-0.28610651995922265
12,K3,FOOOF,baseline,M4_mixed,-0.428842770911533,-0.6634832416324355
12,K3,FOOOF,baseline,M5_SVR,-0.02947212143360023,-0.2641125921545028
12,K3,FOOOF,baseline,M6_SVR+time,-0.18411266650026303,-0.4187531372211656
12,K4,DR-SCC,raw,M2_ENR,-0.030269243343561625,-0.2649097140644642
12,K4,DR-SCC,raw,M3_ENR+time,-0.063351998390347,-0.29799246911124955
12,K4,DR-SCC,raw,M4_mixed,-0.3607043907459908,-0.5953448614668934
12,K4,DR-SCC,raw,M5_SVR,-0.11410118042039419,-0.34874165114129674
12,K4,DR-SCC,raw,M6_SVR+time,-0.18180266155239821,-0.41644313227330076
12,K4,DR-SCC,baseline,M2_ENR,-0.02372415430738406,-0.2583646250282866
12,K4,DR-SCC,baseline,M3_ENR+time,-0.02169162166432259,-0.25633209238522514
12,K4,DR-SCC,baseline,M4_mixed,-1.0386213556207755,-1.273261826341678
12,K4,DR-SCC,baseline,M5_SVR,-0.17200823733503445,-0.406648708055937
12,K4,DR-SCC,baseline,M6_SVR+time,-0.08150692570130436,-0.3161473964222069
12,K4,FOOOF,raw,M2_ENR,0.047219596853523615,-0.18742087386737893
12,K4,FOOOF,raw,M3_ENR+time,0.058404138096136315,-0.17623633262476623
12,K4,FOOOF,raw,M4_mixed,-0.166727423627278,-0.40136789434818054
12,K4,FOOOF,raw,M5_SVR,-0.06386363314515475,-0.2985041038660573
12,K4,FOOOF,raw,M6_SVR+time,0.07226332541923064,-0.1623771453016719
12,K4,FOOOF,baseline,M2_ENR,0.0628732223710311,-0.17176724834987145
12,K4,FOOOF,baseline,M3_ENR+time,0.040634835118627755,-0.1940056356022748
12,K4,FOOOF,baseline,M4_mixed,-0.9587551953611102,-1.1933956660820129
12,K4,FOOOF,baseline,M5_SVR,-0.120044758921801,-0.35468522964270355
12,K4,FOOOF,baseline,M6_SVR+time,-0.06386356101573654,-0.2985040317366391
13,K1,DR-SCC,raw,M2_ENR,-0.032549194904744505,-0.2237916812006081
13,K1,DR-SCC,raw,M3_ENR+time,-0.032549194904744505,-0.2237916812006081
13,K1,DR-SCC,raw,M4_mixed,-0.6621340014440651,-0.8533764877399287
13,K1,DR-SCC,raw,M5_SVR,-0.13629709806248358,-0.3275395843583472
13,K1,DR-SCC,raw,M6_SVR+time,-0.11196822077933999,-0.3032107070752036
13,K1,DR-SCC,baseline,M2_ENR,-0.045152884826189066,-0.23639537112205267
13,K1,DR-SCC,baseline,M3_ENR+time,-0.03163922509427275,-0.22288171139013635
13,K1,DR-SCC,baseline,M4_mixed,-0.47343320445219406,-0.6646756907480577
13,K1,DR-SCC,baseline,M5_SVR,-0.09482006028867973,-0.28606254658454333
13,K1,DR-SCC,baseline,M6_SVR+time,-0.11750461804433332,-0.3087471043401969
13,K1,FOOOF,raw,M2_ENR,-0.026188644895208446,-0.21743113119107205
13,K1,FOOOF,raw,M3_ENR+time,-0.026188644895208446,-0.21743113119107205
13,K1,FOOOF,raw,M4_mixed,-1.160965525640672,-1.3522080119365354
13,K1,FOOOF,raw,M5_SVR,-0.1017850081229923,-0.2930274944188559
13,K1,FOOOF,raw,M6_SVR+time,-0.06367326996145839,-0.254915756257322
13,K1,FOOOF,baseline,M2_ENR,-0.02505368026047128,-0.21629616655633488
13,K1,FOOOF,baseline,M3_ENR+time,-0.025053680260471056,-0.21629616655633466
13,K1,FOOOF,baseline,M4_mixed,-0.3467507548532125,-0.5379932411490761
13,K1,FOOOF,baseline,M5_SVR,-0.10881841328629815,-0.30006089958216176
13,K1,FOOOF,baseline,M6_SVR+time,-0.11038402350777643,-0.30162650980364003
13,K3,DR-SCC,raw,M2_ENR,-0.047209604560407126,-0.23845209085627073
13,K3,DR-SCC,raw,M3_ENR+time,-0.04154810922412189,-0.2327905955199855
13,K3,DR-SCC,raw,M4_mixed,-1.0198020938118484,-1.2110445801077119
13,K3,DR-SCC,raw,M5_SVR,-0.11162742806370685,-0.30286991435957045
13,K3,DR-SCC,raw,M6_SVR+time,-0.1414260239427294,-0.332668510238593
13,K3,DR-SCC,baseline,M2_ENR,-0.1637607127267895,-0.3550031990226531
13,K3,DR-SCC,baseline,M3_ENR+time,-0.16225534042352896,-0.35349782671939256
13,K3,DR-SCC,baseline,M4_mixed,-1.0104484197962145,-1.201690906092078
13,K3,DR-SCC,baseline,M5_SVR,-0.1404692168218642,-0.3317117031177278
13,K3,DR-SCC,baseline,M6_SVR+time,-0.014305831196496532,-0.20554831749236013
13,K3,FOOOF,raw,M2_ENR,-0.07664506991009756,-0.26788755620596116
13,K3,FOOOF,raw,M3_ENR+time,-0.05452804920825227,-0.24577053550411587
13,K3,FOOOF,raw,M4_mixed,-1.0869917570316532,-1.2782342433275167
13,K3,FOOOF,raw,M5_SVR,-0.1342618050388531,-0.3255042913347167
13,K3,FOOOF,raw,M6_SVR+time,0.0852690505075605,-0.1059734357883031
13,K3,FOOOF,baseline,M2_ENR,0.00019691286120093743,-0.19104557343466266
13,K3,FOOOF,baseline,M3_ENR+time,0.007564988279276652,-0.18367749801658695
13,K3,FOOOF,baseline,M4_mixed,-0.8528168827736122,-1.0440593690694757
13,K3,FOOOF,baseline,M5_SVR,-0.062262186248672524,-0.2535046725445361
13,K3,FOOOF,baseline,M6_SVR+time,-0.08382858831970452,-0.2750710746155681
13,K4,DR-SCC,raw,M2_ENR,-0.0421924465031398,-0.2334349327990034
13,K4,DR-SCC,raw,M3_ENR+time,-0.05182878039237626,-0.24307126668823986
13,K4,DR-SCC,raw,M4_mixed,0.022728065112072593,-0.168514421183791
13,K4,DR-SCC,raw,M5_SVR,-0.04084503997779754,-0.23208752627366114
13,K4,DR-SCC,raw,M6_SVR+time,-0.06012991981006022,-0.2513724061059238
13,K4,DR-SCC,baseline,M2_ENR,-0.04006401584882968,-0.23130650214469328
13,K4,DR-SCC,baseline,M3_ENR+time,-0.039694772150562274,-0.23093725844642587
13,K4,DR-SCC,baseline,M4_mixed,-0.8749331163013978,-1.0661756025972613
13,K4,DR-SCC,baseline,M5_SVR,0.002182255386580345,-0.18906023090928326
13,K4,DR-SCC,baseline,M6_SVR+time,0.024944180060190058,-0.16629830623567354
13,K4,FOOOF,raw,M2_ENR,-0.026188644895208446,-0.21743113119107205
13,K4,FOOOF,raw,M3_ENR+time,-0.026188644895208668,-0.21743113119107227
13,K4,FOOOF,raw,M4_mixed,-0.24892427884684776,-0.44016676514271136
13,K4,FOOOF,raw,M5_SVR,-0.04368024948763383,-0.23492273578349743
13,K4,FOOOF,raw,M6_SVR+time,0.05300609292906977,-0.13823639336679383
13,K4,FOOOF,baseline,M2_ENR,-0.04992651597038189,-0.2411690022662455
13,K4,FOOOF,baseline,M3_ENR+time,-0.056741733757073254,-0.24798422005293685
13,K4,FOOOF,baseline,M4_mixed,-0.10149945044936626,-0.29274193674522986
13,K4,FOOOF,baseline,M5_SVR,-0.0690371239176899,-0.2602796102135535
13,K4,FOOOF,baseline,M6_SVR+time,0.02046945883070006,-0.17077302746516354
14,K1,DR-SCC,raw,M2_ENR,-0.015157562568541172,-0.3024915604199112
14,K1,DR-SCC,raw,M3_ENR+time,-0.018940200112744776,-0.3062741979641148
14,K1,DR-SCC,raw,M4_mixed,-0.09405853959016897,-0.381392537441539
14,K1,DR-SCC,raw,M5_SVR,-0.053744627709906956,-0.341078625561277
14,K1,DR-SCC,raw,M6_SVR+time,-0.12296248656813291,-0.41029648441950295
14,K1,DR-SCC,baseline,M2_ENR,-0.029012229272936674,-0.3163462271243067
14,K1,DR-SCC,baseline,M3_ENR+time,-0.025916720433150076,-0.3132507182845201
14,K1,DR-SCC,baseline,M4_mixed,-0.3280137160714558,-0.6153477139228258
14,K1,DR-SCC,baseline,M5_SVR,-0.1411194382322174,-0.42845343608358744
14,K1,DR-SCC,baseline,M6_SVR+time,-0.11228745026824494,-0.399621448119615
14,K1,FOOOF,raw,M2_ENR,-0.051323214388618865,-0.3386572122399889
14,K1,FOOOF,raw,M3_ENR+time,-0.024131305205668863,-0.3114653030570389
14,K1,FOOOF,raw,M4_mixed,-0.24213107296353997,-0.52946507081491
14,K1,FOOOF,raw,M5_SVR,-0.22010415039405418,-0.5074381482454242
14,K1,FOOOF,raw,M6_SVR+time,-0.03868681880092639,-0.32602081665229643
14,K1,FOOOF,baseline,M2_ENR,-0.027544927599302937,-0.314878925450673
14,K1,FOOOF,baseline,M3_ENR+time,0.022259851823325794,-0.26507414602804424
14,K1,FOOOF,baseline,M4_mixed,-0.3525044268645223,-0.6398384247158924
14,K1,FOOOF,baseline,M5_SVR,-0.005983345611350721,-0.29331734346272076
14,K1,FOOOF,baseline,M6_SVR+time,-0.0753094246623176,-0.36264342251368764
14,K3,DR-SCC,raw,M2_ENR,-0.012290750826367436,-0.2996247486777375
14,K3,DR-SCC,raw,M3_ENR+time,-0.018940200112744776,-0.3062741979641148
14,K3,DR-SCC,raw,M4_mixed,-0.9085388684262985,-1.1958728662776685
14,K3,DR-SCC,raw,M5_SVR,0.0350639695580649,-0.25227002829330514
14,K3,DR-SCC,raw,M6_SVR+time,0.03688462369527079,-0.25044937415609925
14,K3,DR-SCC,baseline,M2_ENR,-0.1673825784186762,-0.45471657627004625
14,K3,DR-SCC,baseline,M3_ENR+time,-0.06017191790821608,-0.3475059157595861
14,K3,DR-SCC,baseline,M4_mixed,-1.1954540996009104,-1.4827880974522805
14,K3,DR-SCC,baseline,M5_SVR,-0.21051815141445696,-0.497852149265827
14,K3,DR-SCC,baseline,M6_SVR+time,-0.19467268312578723,-0.48200668097715726
14,K3,FOOOF,raw,M2_ENR,0.060589301101945714,-0.22674469674942432
14,K3,FOOOF,raw,M3_ENR+time,-0.05821132562491327,-0.3455453234762833
14,K3,FOOOF,raw,M4_mixed,-0.4095662167742562,-0.6969002146256262
14,K3,FOOOF,raw,M5_SVR,0.19173459597293874,-0.0955994018784313
14,K3,FOOOF,raw,M6_SVR+time,0.2156472954304891,-0.07168670242088093
14,K3,FOOOF,baseline,M2_ENR,-0.07010054561365853,-0.35743454346502856
14,K3,FOOOF,baseline,M3_ENR+time,-0.4560761030930276,-0.7434101009443976
14,K3,FOOOF,baseline,M4_mixed,-2.721079692199429,-3.0084136900507987
14,K3,FOOOF,baseline,M5_SVR,0.08927398532192332,-0.19806001252944672
14,K3,FOOOF,baseline,M6_SVR+time,-0.056620317959737765,-0.3439543158111078
14,K4,DR-SCC,raw,M2_ENR,-0.0638858603919803,-0.35121985824335034
14,K4,DR-SCC,raw,M3_ENR+time,-0.044800973314064185,-0.3321349711654342
14,K4,DR-SCC,raw,M4_mixed,-0.2748321778705314,-0.5621661757219014
14,K4,DR-SCC,raw,M5_SVR,0.11990271378015493,-0.1674312840712151
14,K4,DR-SCC,raw,M6_SVR+time,-0.04128429766304409,-0.3286182955144141
14,K4,DR-SCC,baseline,M2_ENR,0.017604128238342565,-0.2697298696130275
14,K4,DR-SCC,baseline,M3_ENR+time,0.004481556017122412,-0.2828524418342476
14,K4,DR-SCC,baseline,M4_mixed,-0.5524042158024858,-0.8397382136538558
14,K4,DR-SCC,baseline,M5_SVR,-0.06558974358448544,-0.3529237414358555
14,K4,DR-SCC,baseline,M6_SVR+time,-0.01775189550397127,-0.3050858933553413
14,K4,FOOOF,raw,M2_ENR,0.04753420899452199,-0.23979978885684805
14,K4,FOOOF,raw,M3_ENR+time,0.0011056930896987671,-0.28622830476167127
14,K4,FOOOF,raw,M4_mixed,-0.3438503292532793,-0.6311843271046493
14,K4,FOOOF,raw,M5_SVR,0.04857271784838124,-0.2387612800029888
14,K4,FOOOF,raw,M6_SVR+time,0.012153863486088379,-0.27518013436528166
14,K4,FOOOF,baseline,M2_ENR,-0.006880000636448225,-0.29421399848781826
14,K4,FOOOF,baseline,M3_ENR+time,-0.04281219745359088,-0.3301461953049609
14,K4,FOOOF,baseline,M4_mixed,-1.4499904065078622,-1.7373244043592322
14,K4,FOOOF,baseline,M5_SVR,0.12410805080823883,-0.1632259470431312
14,K4,FOOOF,baseline,M6_SVR+time,0.08488755248023194,-0.2024464453711381
15,K1,DR-SCC,raw,M2_ENR,-0.019742888507261025,-0.3273362809910053
15,K1,DR-SCC,raw,M3_ENR+time,0.01452738850628621,-0.2930660039774581
15,K1,DR-SCC,raw,M4_mixed,-0.18775879853955657,-0.49535219102330086
15,K1,DR-SCC,raw,M5_SVR,-0.13917849957542572,-0.44677189205917
15,K1,DR-SCC,raw,M6_SVR+time,-0.13261705616037478,-0.44021044864411907
15,K1,DR-SCC,baseline,M2_ENR,-0.10494894404768407,-0.41254233653142836
15,K1,DR-SCC,baseline,M3_ENR+time,0.007610098443022295,-0.299983294040722
15,K1,DR-SCC,baseline,M4_mixed,-0.2475662491964774,-0.5551596416802217
15,K1,DR-SCC,baseline,M5_SVR,-0.17826146595013115,-0.48585485843387544
15,K1,DR-SCC,baseline,M6_SVR+time,-0.05619869654611542,-0.3637920890298597
15,K1,FOOOF,raw,M2_ENR,-0.030360849439757587,-0.3379542419235019
15,K1,FOOOF,raw,M3_ENR+time,-0.00011848841661388221,-0.30771188090035817
15,K1,FOOOF,raw,M4_mixed,-0.2006059380919567,-0.508199330575701
15,K1,FOOOF,raw,M5_SVR,-0.1390523620519597,-0.446645754535704
15,K1,FOOOF,raw,M6_SVR+time,-0.14613591177277585,-0.45372930425652014
15,K1,FOOOF,baseline,M2_ENR,-0.0283096723678804,-0.3359030648516247
15,K1,FOOOF,baseline,M3_ENR+time,0.14011921359435198,-0.1674741788893923
15,K1,FOOOF,baseline,M4_mixed,-0.2305723804404869,-0.5381657729242312
15,K1,FOOOF,baseline,M5_SVR,-0.028545042746925597,-0.3361384352306699
15,K1,FOOOF,baseline,M6_SVR+time,0.021832989580510387,-0.2857604029032339
15,K3,DR-SCC,raw,M2_ENR,-0.022911671131105926,-0.3305050636148502
15,K3,DR-SCC,raw,M3_ENR+time,0.1032154993648825,-0.2043778931188618
15,K3,DR-SCC,raw,M4_mixed,-0.2141269109399646,-0.5217203034237089
15,K3,DR-SCC,raw,M5_SVR,0.12213173878824923,-0.18546165369549505
15,K3,DR-SCC,raw,M6_SVR+time,0.2622051378850273,-0.04538825459871698
15,K3,DR-SCC,baseline,M2_ENR,-0.19074172794289557,-0.49833512042663985
15,K3,DR-SCC,baseline,M3_ENR+time,-0.0844529111587855,-0.3920463036425298
15,K3,DR-SCC,baseline,M4_mixed,-0.9476538781067354,-1.2552472705904796
15,K3,DR-SCC,baseline,M5_SVR,-0.24467991133645772,-0.552273303820202
15,K3,DR-SCC,baseline,M6_SVR+time,-0.1320993717419685,-0.4396927642257128
15,K3,FOOOF,raw,M2_ENR,-0.019742888507261025,-0.3273362809910053
15,K3,FOOOF,raw,M3_ENR+time,0.13872381598993788,-0.1688695764938064
15,K3,FOOOF,raw,M4_mixed,-0.06109144734394545,-0.36868483982768974
15,K3,FOOOF,raw,M5_SVR,0.21976726839600924,-0.08782612408773505
15,K3,FOOOF,raw,M6_SVR+time,0.25897074716161483,-0.048622645322129454
15,K3,FOOOF,baseline,M2_ENR,0.008819288011013393,-0.2987741044727309
15,K3,FOOOF,baseline,M3_ENR+time,0.12089643098935787,-0.18669696149438642
15,K3,FOOOF,baseline,M4_mixed,0.12400667304012158,-0.1835867194436227
15,K3,FOOOF,baseline,M5_SVR,0.12509899799065793,-0.18249439449308635
15,K3,FOOOF,baseline,M6_SVR+time,0.028022329852926298,-0.279571062630818
15,K4,DR-SCC,raw,M2_ENR,-0.05740368588470024,-0.3649970783684445
15,K4,DR-SCC,raw,M3_ENR+time,0.09572291914819109,-0.2118704733355532
15,K4,DR-SCC,raw,M4_mixed,0.032812345005040267,-0.274781047478704
15,K4,DR-SCC,raw,M5_SVR,-0.19689973036935426,-0.5044931228530986
15,K4,DR-SCC,raw,M6_SVR+time,0.11018598093020593,-0.19740741155353836
15,K4,DR-SCC,baseline,M2_ENR,-0.022109461901605787,-0.3297028543853501
15,K4,DR-SCC,baseline,M3_ENR+time,0.15231047281914056,-0.15528291966460372
15,K4,DR-SCC,baseline,M4_mixed,-1.007039201799416,-1.3146325942831605
15,K4,DR-SCC,baseline,M5_SVR,-0.009825017783036794,-0.3174184102667811
15,K4,DR-SCC,baseline,M6_SVR+time,0.27453866877073063,-0.033054723713013656
15,K4,FOOOF,raw,M2_ENR,0.0052251680418140545,-0.30236822444193023
15,K4,FOOOF,raw,M3_ENR+time,0.0917390903696993,-0.215854302114045
15,K4,FOOOF,raw,M4_mixed,-0.1319648836068612,-0.4395582760906055
15,K4,FOOOF,raw,M5_SVR,0.13431582989697666,-0.17327756258676763
15,K4,FOOOF,raw,M6_SVR+time,0.0073049025826160685,-0.3002884899011282
15,K4,FOOOF,baseline,M2_ENR,0.24163265098106868,-0.06596074150267561
15,K4,FOOOF,baseline,M3_ENR+time,0.2537408633425756,-0.05385252914116867
15,K4,FOOOF,baseline,M4_mixed,-2.2147775838624333,-2.5223709763461777
15,K4,FOOOF,baseline,M5_SVR,0.18881431282350836,-0.11877907966023593
15,K4,FOOOF,baseline,M6_SVR+time,0.20589006463124615,-0.10170332785249814
16,K1,DR-SCC,raw,M2_ENR,-0.16939246597160706,-0.30733272738986495
16,K1,DR-SCC,raw,M3_ENR+time,-0.11187382930773282,-0.2498140907259907
16,K1,DR-SCC,raw,M4_mixed,-0.33750189398137986,-0.47544215539963774
16,K1,DR-SCC,raw,M5_SVR,-0.202354339033056,-0.3402946004513139
16,K1,DR-SCC,raw,M6_SVR+time,-0.14981223462079152,-0.2877524960390494
16,K1,DR-SCC,baseline,M2_ENR,-0.03872217224885577,-0.17666243366711365
16,K1,DR-SCC,baseline,M3_ENR+time,-0.0043470934287348495,-0.14228735484699273
16,K1,DR-SCC,baseline,M4_mixed,-0.21117657303776083,-0.3491168344560187
16,K1,DR-SCC,baseline,M5_SVR,-0.07034510411262129,-0.20828536553087917
16,K1,DR-SCC,baseline,M6_SVR+time,0.10449096102679511,-0.033449300391462766
16,K1,FOOOF,raw,M2_ENR,-0.08278919446270483,-0.2207294558809627
16,K1,FOOOF,raw,M3_ENR+time,-0.09592033645207487,-0.23386059787033275
16,K1,FOOOF,raw,M4_mixed,-0.5268512079976742,-0.664791469415932
16,K1,FOOOF,raw,M5_SVR,-0.09674971949768318,-0.23468998091594107
16,K1,FOOOF,raw,M6_SVR+time,0.020009124956907876,-0.11793113646135
16,K1,FOOOF,baseline,M2_ENR,-0.3009005595674814,-0.4388408209857393
16,K1,FOOOF,baseline,M3_ENR+time,0.07954378307195331,-0.05839647834630457
16,K1,FOOOF,baseline,M4_mixed,-0.7365593825996688,-0.8744996440179267
16,K1,FOOOF,baseline,M5_SVR,-0.020546913830523206,-0.1584871752487811
16,K1,FOOOF,baseline,M6_SVR+time,0.020523711266581923,-0.11741655015167596
16,K3,DR-SCC,raw,M2_ENR,-0.1767173272469751,-0.31465758866523297
16,K3,DR-SCC,raw,M3_ENR+time,-0.15883643406507963,-0.2967766954833375
16,K3,DR-SCC,raw,M4_mixed,-0.5472449469391838,-0.6851852083574417
16,K3,DR-SCC,raw,M5_SVR,-0.11936243804570434,-0.2573026994639622
16,K3,DR-SCC,raw,M6_SVR+time,-0.25246471578467644,-0.3904049772029343
16,K3,DR-SCC,baseline,M2_ENR,-0.10809027017846429,-0.24603053159672217
16,K3,DR-SCC,baseline,M3_ENR+time,-0.12827160666461723,-0.2662118680828751
16,K3,DR-SCC,baseline,M4_mixed,-0.3635253102939846,-0.5014655717122425
16,K3,DR-SCC,baseline,M5_SVR,-0.20786588455974475,-0.34580614597800263
16,K3,DR-SCC,baseline,M6_SVR+time,-0.2891538857517546,-0.4270941471700125
16,K3,FOOOF,raw,M2_ENR,-0.027790563397866563,-0.16573082481612444
16,K3,FOOOF,raw,M3_ENR+time,-0.1497086747283678,-0.2876489361466257
16,K3,FOOOF,raw,M4_mixed,-0.24385248447745944,-0.3817927458957173
16,K3,FOOOF,raw,M5_SVR,-0.21223540998034252,-0.3501756713986004
16,K3,FOOOF,raw,M6_SVR+time,-0.14483762805668166,-0.28277788947493954
16,K3,FOOOF,baseline,M2_ENR,-0.05332268622172842,-0.1912629476399863
16,K3,FOOOF,baseline,M3_ENR+time,-0.17454162574383303,-0.3124818871620909
16,K3,FOOOF,baseline,M4_mixed,-0.5000429353906362,-0.637983196808894
16,K3,FOOOF,baseline,M5_SVR,0.008028233045188071,-0.1299120283730698
16,K3,FOOOF,baseline,M6_SVR+time,-0.059024934354154235,-0.19696519577241212
16,K4,DR-SCC,raw,M2_ENR,-0.09356372108216604,-0.23150398250042392
16,K4,DR-SCC,raw,M3_ENR+time,-0.04323415330266189,-0.18117441472091977
16,K4,DR-SCC,raw,M4_mixed,-0.2819333850204768,-0.4198736464387347
16,K4,DR-SCC,raw,M5_SVR,-0.028805262309712143,-0.16674552372797002
16,K4,DR-SCC,raw,M6_SVR+time,0.04378450626159491,-0.09415575515666297
16,K4,DR-SCC,baseline,M2_ENR,-0.4210979947697109,-0.5590382561879688
16,K4,DR-SCC,baseline,M3_ENR+time,-0.2557951838910528,-0.3937354453093107
16,K4,DR-SCC,baseline,M4_mixed,-0.4741658842460881,-0.612106145664346
16,K4,DR-SCC,baseline,M5_SVR,-0.16890915539231366,-0.30684941681057154
16,K4,DR-SCC,baseline,M6_SVR+time,0.053479226311926364,-0.08446103510633152
16,K4,FOOOF,raw,M2_ENR,0.21638258154437096,0.07844232012611307
16,K4,FOOOF,raw,M3_ENR+time,0.16534261742613776,0.02740235600787988
16,K4,FOOOF,raw,M4_mixed,-0.059780807958050186,-0.19772106937630807
16,K4,FOOOF,raw,M5_SVR,0.19209082314849202,0.05415056173023414
16,K4,FOOOF,raw,M6_SVR+time,0.16265371209919421,0.024713450680936333
16,K4,FOOOF,baseline,M2_ENR,-0.18374211804062734,-0.3216823794588852
16,K4,FOOOF,baseline,M3_ENR+time,-0.07210142717014523,-0.2100416885884031
16,K4,FOOOF,baseline,M4_mixed,-3.013554052605609,-3.151494314023867
16,K4,FOOOF,baseline,M5_SVR,-0.10009392752000323,-0.23803418893826112
16,K4,FOOOF,baseline,M6_SVR+time,0.06605662277362934,-0.07188363864462854
17,K1,DR-SCC,raw,M2_ENR,-0.03697166581973321,-0.2879689688602889
17,K1,DR-SCC,raw,M3_ENR+time,-0.019655788226179638,-0.2706530912667353
17,K1,DR-SCC,raw,M4_mixed,-0.2506047517257495,-0.5016020547663051
17,K1,DR-SCC,raw,M5_SVR,0.03790236618860876,-0.21309493685194691
17,K1,DR-SCC,raw,M6_SVR+time,0.031516214526152386,-0.2194810885144033
17,K1,DR-SCC,baseline,M2_ENR,-0.018900374954690102,-0.2698976779952458
17,K1,DR-SCC,baseline,M3_ENR+time,-0.0369075023159533,-0.287904805356509
17,K1,DR-SCC,baseline,M4_mixed,-0.6107435161527088,-0.8617408191932645
17,K1,DR-SCC,baseline,M5_SVR,-0.03379507350284805,-0.2847923765434037
17,K1,DR-SCC,baseline,M6_SVR+time,-0.026241847717708877,-0.27723915075826455
17,K1,FOOOF,raw,M2_ENR,-0.10874766198695474,-0.3597449650275104
17,K1,FOOOF,raw,M3_ENR+time,-0.084369985468141,-0.3353672885086967
17,K1,FOOOF,raw,M4_mixed,-0.5909046880959203,-0.841901991136476
17,K1,FOOOF,raw,M5_SVR,-0.0018949580706679736,-0.25289226111122365
17,K1,FOOOF,raw,M6_SVR+time,0.010940488581090424,-0.24005681445946525
17,K1,FOOOF,baseline,M2_ENR,-0.10019736936697865,-0.3511946724075343
17,K1,FOOOF,baseline,M3_ENR+time,-0.10299714318035047,-0.35399444622090614
17,K1,FOOOF,baseline,M4_mixed,-0.8913269519752713,-1.142324255015827
17,K1,FOOOF,baseline,M5_SVR,-0.08147275481634497,-0.33247005785690065
17,K1,FOOOF,baseline,M6_SVR+time,-0.08102551598909691,-0.3320228190296526
17,K3,DR-SCC,raw,M2_ENR,-0.014142991077970457,-0.26514029411852613
17,K3,DR-SCC,raw,M3_ENR+time,-0.0399697952063629,-0.2909670982469186
17,K3,DR-SCC,raw,M4_mixed,-0.18185817954346795,-0.4328554825840236
17,K3,DR-SCC,raw,M5_SVR,0.0337022958082015,-0.21729500723235418
17,K3,DR-SCC,raw,M6_SVR+time,0.08002737468101206,-0.1709699283595436
17,K3,DR-SCC,baseline,M2_ENR,-0.0474514066611349,-0.2984487097016906
17,K3,DR-SCC,baseline,M3_ENR+time,0.0020453361568474326,-0.24895196688370824
17,K3,DR-SCC,baseline,M4_mixed,-0.5559947823933227,-0.8069920854338783
17,K3,DR-SCC,baseline,M5_SVR,-0.07722150605154443,-0.3282188090921001
17,K3,DR-SCC,baseline,M6_SVR+time,-0.11137578941686765,-0.36237309245742333
17,K3,FOOOF,raw,M2_ENR,-0.02392161444609653,-0.2749189174866522
17,K3,FOOOF,raw,M3_ENR+time,-0.03261186005407013,-0.2836091630946258
17,K3,FOOOF,raw,M4_mixed,-0.4017313291928779,-0.6527286322334336
17,K3,FOOOF,raw,M5_SVR,-0.07151248718599734,-0.322509790226553
17,K3,FOOOF,raw,M6_SVR+time,0.011205362114401707,-0.23979194092615397
17,K3,FOOOF,baseline,M2_ENR,-0.03753274961692199,-0.28853005265747766
17,K3,FOOOF,baseline,M3_ENR+time,-0.14463725054605425,-0.3956345535866099
17,K3,FOOOF,baseline,M4_mixed,-0.32426051799597944,-0.5752578210365351
17,K3,FOOOF,baseline,M5_SVR,-0.06262112469016112,-0.3136184277307168
17,K3,FOOOF,baseline,M6_SVR+time,-0.029455849945371204,-0.2804531529859269
17,K4,DR-SCC,raw,M2_ENR,0.22143962942957318,-0.029557673610982493
17,K4,DR-SCC,raw,M3_ENR+time,0.15579235827493376,-0.09520494476562191
17,K4,DR-SCC,raw,M4_mixed,0.10443839706452751,-0.14655890597602816
17,K4,DR-SCC,raw,M5_SVR,0.07189582677440542,-0.17910147626615025
17,K4,DR-SCC,raw,M6_SVR+time,0.1771948152577545,-0.07380248778280118
17,K4,DR-SCC,baseline,M2_ENR,0.053631431569956645,-0.19736587147059903
17,K4,DR-SCC,baseline,M3_ENR+time,0.016924876028268088,-0.2340724270122876
17,K4,DR-SCC,baseline,M4_mixed,-0.7158568178148159,-0.9668541208553716
17,K4,DR-SCC,baseline,M5_SVR,0.056107540413574575,-0.1948897626269811
17,K4,DR-SCC,baseline,M6_SVR+time,0.034722745293867874,-0.2162745577466878
17,K4,FOOOF,raw,M2_ENR,0.06592410825703166,-0.18507319478352402
17,K4,FOOOF,raw,M3_ENR+time,0.033729727440735435,-0.21726757559982024
17,K4,FOOOF,raw,M4_mixed,-0.6184855567699261,-0.8694828598104818
17,K4,FOOOF,raw,M5_SVR,-0.0065517222517859075,-0.2575490252923416
17,K4,FOOOF,raw,M6_SVR+time,-0.031113982097449755,-0.28211128513800543
17,K4,FOOOF,baseline,M2_ENR,-0.0820794815573771,-0.3330767845979328
17,K4,FOOOF,baseline,M3_ENR+time,-0.042630982175536625,-0.2936282852160923
17,K4,FOOOF,baseline,M4_mixed,-3.8921812337377553,-4.143178536778311
17,K4,FOOOF,baseline,M5_SVR,-0.029300928783480895,-0.28029823182403657
17,K4,FOOOF,baseline,M6_SVR+time,-0.05925990580118934,-0.310257208841745
18,K1,DR-SCC,raw,M2_ENR,-0.07526400905253072,-0.25196682200255005
18,K1,DR-SCC,raw,M3_ENR+time,-0.12359171404694935,-0.3002945269969687
18,K1,DR-SCC,raw,M4_mixed,-0.25103152062426104,-0.42773433357428037
18,K1,DR-SCC,raw,M5_SVR,0.1578820804586385,-0.01882073249138083
18,K1,DR-SCC,raw,M6_SVR+time,0.22761573928484957,0.050912926334830244
18,K1,DR-SCC,baseline,M2_ENR,-0.03343264706212956,-0.2101354600121489
18,K1,DR-SCC,baseline,M3_ENR+time,0.22244031437313772,0.04573750142311839
18,K1,DR-SCC,baseline,M4_mixed,-0.021068601714109292,-0.19777141466412862
18,K1,DR-SCC,baseline,M5_SVR,-0.11358730611503964,-0.29029011906505897
18,K1,DR-SCC,baseline,M6_SVR+time,-0.024790506677358604,-0.20149331962737793
18,K1,FOOOF,raw,M2_ENR,-0.07783039510748502,-0.25453320805750435
18,K1,FOOOF,raw,M3_ENR+time,0.3431642656976218,0.1664614527476025
18,K1,FOOOF,raw,M4_mixed,0.21538903832230516,0.03868622537228583
18,K1,FOOOF,raw,M5_SVR,-0.28631073239200355,-0.4630135453420229
18,K1,FOOOF,raw,M6_SVR+time,-0.15288444717086414,-0.32958726012088346
18,K1,FOOOF,baseline,M2_ENR,0.10376597216271544,-0.07293684078730389
18,K1,FOOOF,baseline,M3_ENR+time,0.27910916010038156,0.10240634715036223
18,K1,FOOOF,baseline,M4_mixed,-0.1724497429725791,-0.3491525559225984
18,K1,FOOOF,baseline,M5_SVR,-0.12541342963261193,-0.30211624258263126
18,K1,FOOOF,baseline,M6_SVR+time,0.12347762036706889,-0.05322519258295044
18,K3,DR-SCC,raw,M2_ENR,-0.06852836682261754,-0.24523117977263686
18,K3,DR-SCC,raw,M3_ENR+time,-0.0550115093290664,-0.23171432227908573
18,K3,DR-SCC,raw,M4_mixed,-0.4343814873372498,-0.6110843002872691
18,K3,DR-SCC,raw,M5_SVR,-0.10798809560957223,-0.28469090855959156
18,K3,DR-SCC,raw,M6_SVR+time,0.04102295619393037,-0.13567985675608896
18,K3,DR-SCC,baseline,M2_ENR,-0.06509241756229445,-0.24179523051231377
18,K3,DR-SCC,baseline,M3_ENR+time,-0.08691410538597988,-0.2636169183359992
18,K3,DR-SCC,baseline,M4_mixed,-1.088218451834872,-1.2649212647848915
18,K3,DR-SCC,baseline,M5_SVR,-0.18355901274401987,-0.3602618256940392
18,K3,DR-SCC,baseline,M6_SVR+time,-0.10045115312801389,-0.2771539660780332
18,K3,FOOOF,raw,M2_ENR,-0.03739072981762348,-0.2140935427676428
18,K3,FOOOF,raw,M3_ENR+time,-0.010970033479891006,-0.18767284642991033
18,K3,FOOOF,raw,M4_mixed,-0.09432977481916471,-0.27103258776918404
18,K3,FOOOF,raw,M5_SVR,-0.21794660046039183,-0.39464941341041115
18,K3,FOOOF,raw,M6_SVR+time,-0.09171299327320326,-0.2684158062232226
18,K3,FOOOF,baseline,M2_ENR,-0.08791892690577674,-0.26462173985579607
18,K3,FOOOF,baseline,M3_ENR+time,-0.07958044640927842,-0.25628325935929774
18,K3,FOOOF,baseline,M4_mixed,-0.2548291671945426,-0.43153198014456196
18,K3,FOOOF,baseline,M5_SVR,-0.11924762353192642,-0.29595043648194574
18,K3,FOOOF,baseline,M6_SVR+time,-0.036346304639689464,-0.2130491175897088
18,K4,DR-SCC,raw,M2_ENR,-0.025039679988809516,-0.20174249293882884
18,K4,DR-SCC,raw,M3_ENR+time,-0.08185235668357405,-0.2585551696335934
18,K4,DR-SCC,raw,M4_mixed,-0.44004859352113246,-0.6167514064711518
18,K4,DR-SCC,raw,M5_SVR,-0.06254082869670197,-0.2392436416467213
18,K4,DR-SCC,raw,M6_SVR+time,0.28074939175729696,0.10404657880727763
18,K4,DR-SCC,baseline,M2_ENR,-0.22856337231012636,-0.4052661852601457
18,K4,DR-SCC,baseline,M3_ENR+time,-0.13673874792684537,-0.3134415608768647
18,K4,DR-SCC,baseline,M4_mixed,-1.4418025298354942,-1.6185053427855136
18,K4,DR-SCC,baseline,M5_SVR,-0.10566607504202485,-0.2823688879920442
18,K4,DR-SCC,baseline,M6_SVR+time,0.11353137420879555,-0.06317143874122377
18,K4,FOOOF,raw,M2_ENR,-0.03705509860763034,-0.21375791155764967
18,K4,FOOOF,raw,M3_ENR+time,0.028313453657557552,-0.14838935929246178
18,K4,FOOOF,raw,M4_mixed,0.03990612308839592,-0.1367966898616234
18,K4,FOOOF,raw,M5_SVR,-0.046785966930875,-0.22348877988089433
18,K4,FOOOF,raw,M6_SVR+time,0.22156012651723933,0.04485731356722
18,K4,FOOOF,baseline,M2_ENR,-0.0658568077982502,-0.24255962074826953
18,K4,FOOOF,baseline,M3_ENR+time,-0.046677814854216626,-0.22338062780423595
18,K4,FOOOF,baseline,M4_mixed,-0.12696798043179336,-0.3036707933818127
18,K4,FOOOF,baseline,M5_SVR,-0.03196111342077668,-0.208663926370796
18,K4,FOOOF,baseline,M6_SVR+time,0.025937364302143773,-0.15076544864787556
19,K1,DR-SCC,raw,M2_ENR,-0.042888164359392356,-0.3829903329120876
19,K1,DR-SCC,raw,M3_ENR+time,-0.060890127486776136,-0.4009922960394714
19,K1,DR-SCC,raw,M4_mixed,-0.1660542634884632,-0.5061564320411585
19,K1,DR-SCC,raw,M5_SVR,-0.1111237998386736,-0.45122596839136886
19,K1,DR-SCC,raw,M6_SVR+time,-0.0457771664978992,-0.38587933505059446
19,K1,DR-SCC,baseline,M2_ENR,-0.15392822531106187,-0.49403039386375713
19,K1,DR-SCC,baseline,M3_ENR+time,-0.16648439652895797,-0.5065865650816532
19,K1,DR-SCC,baseline,M4_mixed,-0.42128612647240393,-0.7613882950250992
19,K1,DR-SCC,baseline,M5_SVR,-0.2537847587730502,-0.5938869273257454
19,K1,DR-SCC,baseline,M6_SVR+time,-0.11260216551455215,-0.4527043340672474
19,K1,FOOOF,raw,M2_ENR,-0.012446509084594437,-0.3525486776372897
19,K1,FOOOF,raw,M3_ENR+time,-0.04260532580246679,-0.38270749435516205
19,K1,FOOOF,raw,M4_mixed,-0.07263235700233084,-0.4127345255550261
19,K1,FOOOF,raw,M5_SVR,-0.013662397376639657,-0.3537645659293349
19,K1,FOOOF,raw,M6_SVR+time,0.03494143783010473,-0.30516073072259053
19,K1,FOOOF,baseline,M2_ENR,0.02533697515447797,-0.3147651933982173
19,K1,FOOOF,baseline,M3_ENR+time,-0.03405819771779606,-0.3741603662704913
19,K1,FOOOF,baseline,M4_mixed,-0.3954783350577957,-0.735580503610491
19,K1,FOOOF,baseline,M5_SVR,0.022390933211950625,-0.31771123534074464
19,K1,FOOOF,baseline,M6_SVR+time,-0.020774433753155686,-0.36087660230585095
19,K3,DR-SCC,raw,M2_ENR,-0.05784559142588375,-0.397947759978579
19,K3,DR-SCC,raw,M3_ENR+time,-0.03174915763660202,-0.3718513261892973
19,K3,DR-SCC,raw,M4_mixed,-1.205993110729226,-1.5460952792819214
19,K3,DR-SCC,raw,M5_SVR,-0.09349066350333746,-0.4335928320560327
19,K3,DR-SCC,raw,M6_SVR+time,-0.005605081723006888,-0.34570725027570215
19,K3,DR-SCC,baseline,M2_ENR,-0.02213976975957288,-0.36224193831226814
19,K3,DR-SCC,baseline,M3_ENR+time,-0.02723961141313591,-0.36734177996583117
19,K3,DR-SCC,baseline,M4_mixed,-1.1154195262148563,-1.4555216947675516
19,K3,DR-SCC,baseline,M5_SVR,-0.11742316680185394,-0.4575253353545492
19,K3,DR-SCC,baseline,M6_SVR+time,-0.10807465685115591,-0.4481768254038512
19,K3,FOOOF,raw,M2_ENR,-0.0040629650958223795,-0.34416513364851764
19,K3,FOOOF,raw,M3_ENR+time,-0.00565954530364432,-0.3457617138563396
19,K3,FOOOF,raw,M4_mixed,-0.46233577522878244,-0.8024379437814777
19,K3,FOOOF,raw,M5_SVR,-0.08773259896645613,-0.4278347675191514
19,K3,FOOOF,raw,M6_SVR+time,-0.042560343814468604,-0.38266251236716387
19,K3,FOOOF,baseline,M2_ENR,-0.050730825614832664,-0.3908329941675279
19,K3,FOOOF,baseline,M3_ENR+time,-0.04272280205043222,-0.3828249706031275
19,K3,FOOOF,baseline,M4_mixed,-0.18726826223611082,-0.5273704307888061
19,K3,FOOOF,baseline,M5_SVR,-0.04165104288858723,-0.3817532114412825
19,K3,FOOOF,baseline,M6_SVR+time,0.08253769289347923,-0.25756447565921603
19,K4,DR-SCC,raw,M2_ENR,-0.053768763299549605,-0.39387093185224487
19,K4,DR-SCC,raw,M3_ENR+time,-0.05199291141341722,-0.3920950799661125
19,K4,DR-SCC,raw,M4_mixed,-0.5326476118947931,-0.8727497804474884
19,K4,DR-SCC,raw,M5_SVR,0.0077966494956307475,-0.3323055190570645
19,K4,DR-SCC,raw,M6_SVR+time,0.024494208219192015,-0.31560796033350325
19,K4,DR-SCC,baseline,M2_ENR,-0.1669293587581815,-0.5070315273108768
19,K4,DR-SCC,baseline,M3_ENR+time,-0.1637015980867278,-0.5038037666394231
19,K4,DR-SCC,baseline,M4_mixed,-0.8477307533887222,-1.1878329219414174
19,K4,DR-SCC,baseline,M5_SVR,-0.06911323479614473,-0.40921540334884
19,K4,DR-SCC,baseline,M6_SVR+time,0.06735613108093685,-0.2727460374717584
19,K4,FOOOF,raw,M2_ENR,-0.020393082740180812,-0.3604952512928761
19,K4,FOOOF,raw,M3_ENR+time,-0.020393082740180812,-0.3604952512928761
19,K4,FOOOF,raw,M4_mixed,-0.6250441820599217,-0.965146350612617
19,K4,FOOOF,raw,M5_SVR,-0.014597313286234481,-0.35469948183892974
19,K4,FOOOF,raw,M6_SVR+time,-0.012118938991930728,-0.352221107544626
19,K4,FOOOF,baseline,M2_ENR,-0.3580134305185594,-0.6981155990712546
19,K4,FOOOF,baseline,M3_ENR+time,-0.3141424693104409,-0.6542446378631361
19,K4,FOOOF,baseline,M4_mixed,-1.14927628704012,-1.4893784555928153
19,K4,FOOOF,baseline,M5_SVR,-0.0871151213530097,-0.42721728990570496
19,K4,FOOOF,baseline,M6_SVR+time,-0.05199963722467338,-0.39210180577736864
20,K1,DR-SCC,raw,M2_ENR,-0.037256320681473554,-0.18160727533765486
20,K1,DR-SCC,raw,M3_ENR+time,-0.047574941888417044,-0.19192589654459835
20,K1,DR-SCC,raw,M4_mixed,-0.3640482190757537,-0.508399173731935
20,K1,DR-SCC,raw,M5_SVR,-0.13612082381160162,-0.28047177846778293
20,K1,DR-SCC,raw,M6_SVR+time,-0.13245325064568014,-0.27680420530186145
20,K1,DR-SCC,baseline,M2_ENR,0.02043925529190671,-0.1239116993642746
20,K1,DR-SCC,baseline,M3_ENR+time,-0.0359404788631732,-0.1802914335193545
20,K1,DR-SCC,baseline,M4_mixed,-0.16711621729066972,-0.31146717194685103
20,K1,DR-SCC,baseline,M5_SVR,-0.0779915681248704,-0.2223425227810517
20,K1,DR-SCC,baseline,M6_SVR+time,-0.039246926215674716,-0.18359788087185602
20,K1,FOOOF,raw,M2_ENR,-0.03352937673210987,-0.17788033138829118
20,K1,FOOOF,raw,M3_ENR+time,-0.024862800963882714,-0.16921375562006402
20,K1,FOOOF,raw,M4_mixed,-1.1917951087667689,-1.3361460634229503
20,K1,FOOOF,raw,M5_SVR,-0.1372610675874988,-0.2816120222436801
20,K1,FOOOF,raw,M6_SVR+time,0.0229614093710232,-0.1213895452851581
20,K1,FOOOF,baseline,M2_ENR,-0.03664424062830696,-0.18099519528448826
20,K1,FOOOF,baseline,M3_ENR+time,-0.03664424062830696,-0.18099519528448826
20,K1,FOOOF,baseline,M4_mixed,-2.363923843124959,-2.5082747977811404
20,K1,FOOOF,baseline,M5_SVR,0.041041657291482014,-0.10330929736469929
20,K1,FOOOF,baseline,M6_SVR+time,0.03661367227676626,-0.10773728237941504
20,K3,DR-SCC,raw,M2_ENR,-0.07570463862970889,-0.2200555932858902
20,K3,DR-SCC,raw,M3_ENR+time,-0.11735488153389184,-0.26170583619007315
20,K3,DR-SCC,raw,M4_mixed,-0.9758666309534829,-1.1202175856096641
20,K3,DR-SCC,raw,M5_SVR,-0.09422876838385519,-0.2385797230400365
20,K3,DR-SCC,raw,M6_SVR+time,-0.12206108586543207,-0.2664120405216134
20,K3,DR-SCC,baseline,M2_ENR,-0.1692724416470519,-0.3136233963032332
20,K3,DR-SCC,baseline,M3_ENR+time,-0.0502276878132073,-0.1945786424693886
20,K3,DR-SCC,baseline,M4_mixed,-0.3036119360053049,-0.4479628906614862
20,K3,DR-SCC,baseline,M5_SVR,-0.09318818282557895,-0.23753913748176025
20,K3,DR-SCC,baseline,M6_SVR+time,-0.06931922076953723,-0.21367017542571853
20,K3,FOOOF,raw,M2_ENR,-0.09660673904657746,-0.24095769370275877
20,K3,FOOOF,raw,M3_ENR+time,-0.10857947029526249,-0.2529304249514438
20,K3,FOOOF,raw,M4_mixed,-0.86254497335627,-1.0068959280124514
20,K3,FOOOF,raw,M5_SVR,-0.10541955850633089,-0.2497705131625122
20,K3,FOOOF,raw,M6_SVR+time,-0.05525337231874228,-0.19960432697492358
20,K3,FOOOF,baseline,M2_ENR,-0.09579705692916729,-0.2401480115853486
20,K3,FOOOF,baseline,M3_ENR+time,-0.04701407130857005,-0.19136502596475136
20,K3,FOOOF,baseline,M4_mixed,-0.503456012756883,-0.6478069674130643
20,K3,FOOOF,baseline,M5_SVR,-0.0753548300339777,-0.219705784690159
20,K3,FOOOF,baseline,M6_SVR+time,0.02959256953574685,-0.11475838512043446
20,K4,DR-SCC,raw,M2_ENR,-0.029057149194910092,-0.1734081038510914
20,K4,DR-SCC,raw,M3_ENR+time,-0.012605890645657203,-0.1569568453018385
20,K4,DR-SCC,raw,M4_mixed,-0.37625404828305054,-0.5206050029392318
20,K4,DR-SCC,raw,M5_SVR,0.04426650123275144,-0.10008445342342986
20,K4,DR-SCC,raw,M6_SVR+time,0.024496645332889644,-0.11985430932329166
20,K4,DR-SCC,baseline,M2_ENR,-0.04954550638470634,-0.19389646104088765
20,K4,DR-SCC,baseline,M3_ENR+time,-0.0687569453925363,-0.2131079000487176
20,K4,DR-SCC,baseline,M4_mixed,-0.5189119846229919,-0.6632629392791732
20,K4,DR-SCC,baseline,M5_SVR,-0.02954750304245346,-0.17389845769863477
20,K4,DR-SCC,baseline,M6_SVR+time,-0.006857189868713531,-0.15120814452489484
20,K4,FOOOF,raw,M2_ENR,-0.0364722502271535,-0.1808232048833348
20,K4,FOOOF,raw,M3_ENR+time,-0.0364722502271535,-0.1808232048833348
20,K4,FOOOF,raw,M4_mixed,-0.3420515824848185,-0.4864025371409998
20,K4,FOOOF,raw,M5_SVR,-0.04056004579660133,-0.18491100045278264
20,K4,FOOOF,raw,M6_SVR+time,-0.051530041656769665,-0.19588099631295097
20,K4,FOOOF,baseline,M2_ENR,-0.08510070172772344,-0.22945165638390475
20,K4,FOOOF,baseline,M3_ENR+time,-0.08807321976134319,-0.2324241744175245
20,K4,FOOOF,baseline,M4_mixed,-1.6201321778512767,-1.7644831325074581
20,K4,FOOOF,baseline,M5_SVR,-0.08016887117334437,-0.22451982582952568
20,K4,FOOOF,baseline,M6_SVR+time,-0.11397386090403971,-0.258324815560221
21,K1,DR-SCC,raw,M2_ENR,-0.08538238217081418,-0.26087054956811007
21,K1,DR-SCC,raw,M3_ENR+time,-0.11760272385986137,-0.29309089125715726
21,K1,DR-SCC,raw,M4_mixed,-0.17953377595331577,-0.35502194335061166
21,K1,DR-SCC,raw,M5_SVR,-0.18998778867689614,-0.36547595607419203
21,K1,DR-SCC,raw,M6_SVR+time,-0.04106639157567171,-0.2165545589729676
21,K1,DR-SCC,baseline,M2_ENR,-0.07680863329424548,-0.25229680069154137
21,K1,DR-SCC,baseline,M3_ENR+time,-0.030857776877318388,-0.20634594427461428
21,K1,DR-SCC,baseline,M4_mixed,-0.38483603191215354,-0.5603241993094494
21,K1,DR-SCC,baseline,M5_SVR,-0.12402179316197048,-0.2995099605592664
21,K1,DR-SCC,baseline,M6_SVR+time,-0.06162739908279846,-0.23711556648009435
21,K1,FOOOF,raw,M2_ENR,-0.1123979711186529,-0.2878861385159488
21,K1,FOOOF,raw,M3_ENR+time,-0.046415893572394396,-0.2219040609696903
21,K1,FOOOF,raw,M4_mixed,-0.4683192135062426,-0.6438073809035385
21,K1,FOOOF,raw,M5_SVR,-0.13449310346254917,-0.30998127085984506
21,K1,FOOOF,raw,M6_SVR+time,0.016334996605690044,-0.15915317079160585
21,K1,FOOOF,baseline,M2_ENR,0.029598265734183893,-0.145889901663112
21,K1,FOOOF,baseline,M3_ENR+time,-0.030510770013753463,-0.20599893741104935
21,K1,FOOOF,baseline,M4_mixed,-0.4946262033495663,-0.6701143707468622
21,K1,FOOOF,baseline,M5_SVR,-0.05039541481122756,-0.22588358220852345
21,K1,FOOOF,baseline,M6_SVR+time,0.11872545409388391,-0.05676271330341198
21,K3,DR-SCC,raw,M2_ENR,-0.017145888542555054,-0.19263405593985095
21,K3,DR-SCC,raw,M3_ENR+time,-0.026814997669141416,-0.2023031650664373
21,K3,DR-SCC,raw,M4_mixed,-0.47722929268963377,-0.6527174600869297
21,K3,DR-SCC,raw,M5_SVR,-0.1250098182746464,-0.3004979856719423
21,K3,DR-SCC,raw,M6_SVR+time,-0.1080961565352887,-0.2835843239325846
21,K3,DR-SCC,baseline,M2_ENR,-0.15332080762113653,-0.3288089750184324
21,K3,DR-SCC,baseline,M3_ENR+time,-0.11785455982348925,-0.29334272722078514
21,K3,DR-SCC,baseline,M4_mixed,-1.262041876443352,-1.437530043840648
21,K3,DR-SCC,baseline,M5_SVR,-0.2199751543945725,-0.3954633217918684
21,K3,DR-SCC,baseline,M6_SVR+time,-0.09964281394816021,-0.2751309813454561
21,K3,FOOOF,raw,M2_ENR,-0.05480771574987031,-0.2302958831471662
21,K3,FOOOF,raw,M3_ENR+time,-0.09474102552723185,-0.27022919292452774
21,K3,FOOOF,raw,M4_mixed,-0.4211153487849961,-0.596603516182292
21,K3,FOOOF,raw,M5_SVR,-0.2136946215620965,-0.3891827889593924
21,K3,FOOOF,raw,M6_SVR+time,-0.0996173660471682,-0.2751055334444641
21,K3,FOOOF,baseline,M2_ENR,-0.17484703474295404,-0.35033520214024993
21,K3,FOOOF,baseline,M3_ENR+time,-0.10291251353096698,-0.27840068092826287
21,K3,FOOOF,baseline,M4_mixed,-0.7511446845247929,-0.9266328519220888
21,K3,FOOOF,baseline,M5_SVR,-0.09755465513933492,-0.2730428225366308
21,K3,FOOOF,baseline,M6_SVR+time,-0.11023968486117552,-0.2857278522584714
21,K4,DR-SCC,raw,M2_ENR,-0.05082890332580181,-0.2263170707230977
21,K4,DR-SCC,raw,M3_ENR+time,-0.07598526027568764,-0.25147342767298353
21,K4,DR-SCC,raw,M4_mixed,-0.42350742797946417,-0.5989955953767601
21,K4,DR-SCC,raw,M5_SVR,-0.20735990576761454,-0.38284807316491043
21,K4,DR-SCC,raw,M6_SVR+time,-0.09832770018195336,-0.27381586757924925
21,K4,DR-SCC,baseline,M2_ENR,-0.028131553052037406,-0.2036197204493333
21,K4,DR-SCC,baseline,M3_ENR+time,-0.030115078436292686,-0.20560324583358858
21,K4,DR-SCC,baseline,M4_mixed,-0.5462922929074652,-0.7217804603047611
21,K4,DR-SCC,baseline,M5_SVR,-0.21302685740231087,-0.38851502479960676
21,K4,DR-SCC,baseline,M6_SVR+time,-0.16152825451023856,-0.33701642190753445
21,K4,FOOOF,raw,M2_ENR,-0.005604005444556082,-0.18109217284185197
21,K4,FOOOF,raw,M3_ENR+time,-0.0035060925236936047,-0.1789942599209895
21,K4,FOOOF,raw,M4_mixed,-0.5015501414602184,-0.6770383088575143
21,K4,FOOOF,raw,M5_SVR,-0.13438638045535312,-0.309874547852649
21,K4,FOOOF,raw,M6_SVR+time,-0.01379368347742882,-0.1892818508747247
21,K4,FOOOF,baseline,M2_ENR,-0.03041803214224892,-0.2059061995395448
21,K4,FOOOF,baseline,M3_ENR+time,-0.04562261015868674,-0.22111077755598263
21,K4,FOOOF,baseline,M4_mixed,-1.2721360487148332,-1.447624216112129
21,K4,FOOOF,baseline,M5_SVR,-0.044908174917394295,-0.22039634231469019
21,K4,FOOOF,baseline,M6_SVR+time,-0.0791232189021247,-0.2546113862994206
22,K1,DR-SCC,raw,M2_ENR,-0.02875342088685362,-0.20025693595486005
22,K1,DR-SCC,raw,M3_ENR+time,-0.04118439364495252,-0.21268790871295895
22,K1,DR-SCC,raw,M4_mixed,-0.3278051952960932,-0.49930871036409963
22,K1,DR-SCC,raw,M5_SVR,-0.1491759919797906,-0.320679507047797
22,K1,DR-SCC,raw,M6_SVR+time,-0.14480920026769462,-0.31631271533570104
22,K1,DR-SCC,baseline,M2_ENR,-0.04482367340124749,-0.21632718846925392
22,K1,DR-SCC,baseline,M3_ENR+time,-0.047084594494455345,-0.21858810956246177
22,K1,DR-SCC,baseline,M4_mixed,-1.1952241832809096,-1.366727698348916
22,K1,DR-SCC,baseline,M5_SVR,-0.16671663844049456,-0.338220153508501
22,K1,DR-SCC,baseline,M6_SVR+time,-0.17054097197562657,-0.342044487043633
22,K1,FOOOF,raw,M2_ENR,-0.0013991883141013517,-0.17290270338210778
22,K1,FOOOF,raw,M3_ENR+time,-0.10464588959541787,-0.2761494046634243
22,K1,FOOOF,raw,M4_mixed,-0.5073192550497101,-0.6788227701177165
22,K1,FOOOF,raw,M5_SVR,-0.11880430023935795,-0.2903078153073644
22,K1,FOOOF,raw,M6_SVR+time,-0.08128495981914319,-0.2527884748871496
22,K1,FOOOF,baseline,M2_ENR,-0.025251729022344627,-0.19675524409035106
22,K1,FOOOF,baseline,M3_ENR+time,-0.025823932385199422,-0.19732744745320585
22,K1,FOOOF,baseline,M4_mixed,-1.0175031352354078,-1.1890066503034142
22,K1,FOOOF,baseline,M5_SVR,-0.12863183706933157,-0.300135352137338
22,K1,FOOOF,baseline,M6_SVR+time,-0.15007799993390858,-0.321581515001915
22,K3,DR-SCC,raw,M2_ENR,0.0047653216657416175,-0.1667381934022648
22,K3,DR-SCC,raw,M3_ENR+time,0.047873080744772034,-0.1236304343232344
22,K3,DR-SCC,raw,M4_mixed,-0.47103294872118373,-0.6425364637891902
22,K3,DR-SCC,raw,M5_SVR,-0.14283476448332633,-0.31433827955133276
22,K3,DR-SCC,raw,M6_SVR+time,-0.15432724161560385,-0.3258307566836103
22,K3,DR-SCC,baseline,M2_ENR,0.008941441035732911,-0.16256207403227352
22,K3,DR-SCC,baseline,M3_ENR+time,-0.03144946341719779,-0.20295297848520422
22,K3,DR-SCC,baseline,M4_mixed,-0.5414911167483165,-0.7129946318163229
22,K3,DR-SCC,baseline,M5_SVR,-0.13022170232680574,-0.3017252173948122
22,K3,DR-SCC,baseline,M6_SVR+time,-0.10346876679605765,-0.2749722818640641
22,K3,FOOOF,raw,M2_ENR,-0.056466161699781914,-0.22796967676778834
22,K3,FOOOF,raw,M3_ENR+time,-0.08109516467992961,-0.25259867974793604
22,K3,FOOOF,raw,M4_mixed,-0.8497843206736166,-1.021287835741623
22,K3,FOOOF,raw,M5_SVR,-0.125309782105391,-0.29681329717339744
22,K3,FOOOF,raw,M6_SVR+time,0.00486299959892178,-0.16664051546908465
22,K3,FOOOF,baseline,M2_ENR,-0.1053398082363819,-0.2768433233043883
22,K3,FOOOF,baseline,M3_ENR+time,-0.030800348798661226,-0.20230386386666765
22,K3,FOOOF,baseline,M4_mixed,-0.4734712507912282,-0.6449747658592346
22,K3,FOOOF,baseline,M5_SVR,-0.10430137868629208,-0.2758048937542985
22,K3,FOOOF,baseline,M6_SVR+time,-0.09086899543443705,-0.2623725105024435
22,K4,DR-SCC,raw,M2_ENR,-0.0258239323851992,-0.19732744745320563
22,K4,DR-SCC,raw,M3_ENR+time,-0.025823932385199422,-0.19732744745320585
22,K4,DR-SCC,raw,M4_mixed,-0.5613411798328158,-0.7328446949008223
22,K4,DR-SCC,raw,M5_SVR,-0.019665493378446364,-0.1911690084464528
22,K4,DR-SCC,raw,M6_SVR+time,-0.0037411914754357234,-0.17524470654344215
22,K4,DR-SCC,baseline,M2_ENR,-0.0067729611558804415,-0.17827647622388687
22,K4,DR-SCC,baseline,M3_ENR+time,-0.02952011575803848,-0.2010236308260449
22,K4,DR-SCC,baseline,M4_mixed,-0.8108732897138851,-0.9823768047818915
22,K4,DR-SCC,baseline,M5_SVR,-0.07060404618431582,-0.24210756125232225
22,K4,DR-SCC,baseline,M6_SVR+time,-0.07387780079264994,-0.24538131586065637
22,K4,FOOOF,raw,M2_ENR,-0.031953529555773574,-0.20345704462378
22,K4,FOOOF,raw,M3_ENR+time,-0.029238879823773933,-0.20074239489178036
22,K4,FOOOF,raw,M4_mixed,-0.7638896824333257,-0.9353931975013321
22,K4,FOOOF,raw,M5_SVR,-0.21598246004287125,-0.3874859751108777
22,K4,FOOOF,raw,M6_SVR+time,-0.2311901044617901,-0.40269361952979654
22,K4,FOOOF,baseline,M2_ENR,-0.08420091505062999,-0.2557044301186364
22,K4,FOOOF,baseline,M3_ENR+time,-0.028191498107078772,-0.1996950131750852
22,K4,FOOOF,baseline,M4_mixed,-1.898291396968327,-2.0697949120363335
22,K4,FOOOF,baseline,M5_SVR,-0.057133628670556824,-0.22863714373856325
22,K4,FOOOF,baseline,M6_SVR+time,-0.0554366730121405,-0.22694018808014693
23,K1,DR-SCC,raw,M2_ENR,-0.0213374782759157,-0.3993257483492473
23,K1,DR-SCC,raw,M3_ENR+time,-0.02846866249822133,-0.4064569325715529
23,K1,DR-SCC,raw,M4_mixed,-0.1248521714720261,-0.5028404415453577
23,K1,DR-SCC,raw,M5_SVR,-0.023831972655481648,-0.4018202427288132
23,K1,DR-SCC,raw,M6_SVR+time,-0.0002997222561487156,-0.3782879923294803
23,K1,DR-SCC,baseline,M2_ENR,-0.14429655058803736,-0.5222848206613689
23,K1,DR-SCC,baseline,M3_ENR+time,-0.02327379180540956,-0.40126206187874114
23,K1,DR-SCC,baseline,M4_mixed,0.009599612566199012,-0.36838865750713257
23,K1,DR-SCC,baseline,M5_SVR,-0.12052682381746105,-0.4985150938907926
23,K1,DR-SCC,baseline,M6_SVR+time,0.0473548119663999,-0.3306334581069317
23,K1,FOOOF,raw,M2_ENR,-0.030119871480276172,-0.40810814155360775
23,K1,FOOOF,raw,M3_ENR+time,0.03291792043170583,-0.34507034964162575
23,K1,FOOOF,raw,M4_mixed,-0.42322871931415196,-0.8012169893874835
23,K1,FOOOF,raw,M5_SVR,-0.06359415238127508,-0.44158242245460666
23,K1,FOOOF,raw,M6_SVR+time,0.005415069601471201,-0.3725732004718604
23,K1,FOOOF,baseline,M2_ENR,-0.02576900583992292,-0.4037572759132545
23,K1,FOOOF,baseline,M3_ENR+time,0.19163852222857014,-0.18634974784476144
23,K1,FOOOF,baseline,M4_mixed,-0.8875680284216405,-1.265556298494972
23,K1,FOOOF,baseline,M5_SVR,0.07573205025730001,-0.30225621981603157
23,K1,FOOOF,baseline,M6_SVR+time,0.05209258170178155,-0.32589568837155003
23,K3,DR-SCC,raw,M2_ENR,-0.018608605743210438,-0.396596875816542
23,K3,DR-SCC,raw,M3_ENR+time,-0.024886246494673303,-0.4028745165680049
23,K3,DR-SCC,raw,M4_mixed,-1.1999875713780503,-1.5779758414513818
23,K3,DR-SCC,raw,M5_SVR,-0.18685534274002236,-0.5648436128133539
23,K3,DR-SCC,raw,M6_SVR+time,0.23323518493356477,-0.1447530851397668
23,K3,DR-SCC,baseline,M2_ENR,-0.018776829455230848,-0.3967650995285624
23,K3,DR-SCC,baseline,M3_ENR+time,-0.036762192239132574,-0.41475046231246415
23,K3,DR-SCC,baseline,M4_mixed,-1.8695360219401853,-2.2475242920135168
23,K3,DR-SCC,baseline,M5_SVR,-0.1638041160239887,-0.5417923860973203
23,K3,DR-SCC,baseline,M6_SVR+time,0.05466350001505205,-0.32332477005827953
23,K3,FOOOF,raw,M2_ENR,-0.019050174890260507,-0.3970384449635921
23,K3,FOOOF,raw,M3_ENR+time,-0.023940089898278893,-0.40192835997161047
23,K3,FOOOF,raw,M4_mixed,-1.0495307542634498,-1.4275190243367812
23,K3,FOOOF,raw,M5_SVR,-0.05159309285865232,-0.4295813629319839
23,K3,FOOOF,raw,M6_SVR+time,-0.07155328274406658,-0.44954155281739816
23,K3,FOOOF,baseline,M2_ENR,-0.018808811561873418,-0.396797081635205
23,K3,FOOOF,baseline,M3_ENR+time,-0.05985666924728772,-0.4378449393206193
23,K3,FOOOF,baseline,M4_mixed,-2.2200610181721236,-2.598049288245455
23,K3,FOOOF,baseline,M5_SVR,0.032200093682942965,-0.3457881763903886
23,K3,FOOOF,baseline,M6_SVR+time,0.11732903365329095,-0.26065923642004063
23,K4,DR-SCC,raw,M2_ENR,0.01686481224783931,-0.36112345782549227
23,K4,DR-SCC,raw,M3_ENR+time,0.1600008020566026,-0.21798746801672897
23,K4,DR-SCC,raw,M4_mixed,0.05320930457925166,-0.3247789654940799
23,K4,DR-SCC,raw,M5_SVR,0.03327397530196807,-0.3447142947713635
23,K4,DR-SCC,raw,M6_SVR+time,0.07199865490211288,-0.3059896151712187
23,K4,DR-SCC,baseline,M2_ENR,0.0006848510322615686,-0.37730341904107
23,K4,DR-SCC,baseline,M3_ENR+time,0.00909983584200802,-0.36888843423132356
23,K4,DR-SCC,baseline,M4_mixed,-0.4015380424146513,-0.7795263124879829
23,K4,DR-SCC,baseline,M5_SVR,0.0602128078350056,-0.317775462238326
23,K4,DR-SCC,baseline,M6_SVR+time,-0.023310310140918444,-0.40129858021425
23,K4,FOOOF,raw,M2_ENR,0.10372672534560712,-0.27426154472772446
23,K4,FOOOF,raw,M3_ENR+time,0.28785484475418655,-0.09013342531914503
23,K4,FOOOF,raw,M4_mixed,0.09839865213574062,-0.27958961793759096
23,K4,FOOOF,raw,M5_SVR,0.1502790264965398,-0.2277092435767918
23,K4,FOOOF,raw,M6_SVR+time,0.15258851692216224,-0.22539975315116934
23,K4,FOOOF,baseline,M2_ENR,-0.04462675804894656,-0.42261502812227814
23,K4,FOOOF,baseline,M3_ENR+time,0.01263913667180483,-0.36534913340152675
23,K4,FOOOF,baseline,M4_mixed,-0.5931789307299349,-0.9711672008032665
23,K4,FOOOF,baseline,M5_SVR,-0.011358810615978099,-0.3893470806893097
23,K4,FOOOF,baseline,M6_SVR+time,0.00998297739426346,-0.3680052926790681
24,K1,DR-SCC,raw,M2_ENR,-0.0342436008010758,-0.27578604010611985
24,K1,DR-SCC,raw,M3_ENR+time,-0.032280909777057554,-0.2738233490821016
24,K1,DR-SCC,raw,M4_mixed,-0.3199584496651895,-0.5615008889702335
24,K1,DR-SCC,raw,M5_SVR,-0.2645484003657641,-0.5060908396708081
24,K1,DR-SCC,raw,M6_SVR+time,-0.1766191142349478,-0.41816155353999185
24,K1,DR-SCC,baseline,M2_ENR,-0.02413701651399691,-0.26567945581904095
24,K1,DR-SCC,baseline,M3_ENR+time,-0.02284763219304775,-0.2643900714980918
24,K1,DR-SCC,baseline,M4_mixed,-0.07914241254115084,-0.3206848518461949
24,K1,DR-SCC,baseline,M5_SVR,-0.1563089706915486,-0.39785140999659263
24,K1,DR-SCC,baseline,M6_SVR+time,-0.051519126205256116,-0.29306156551030016
24,K1,FOOOF,raw,M2_ENR,-0.021075106438172453,-0.2626175457432165
24,K1,FOOOF,raw,M3_ENR+time,-0.032013075962913584,-0.2735555152679576
24,K1,FOOOF,raw,M4_mixed,-0.5499762167098179,-0.7915186560148619
24,K1,FOOOF,raw,M5_SVR,-0.0044954080027050924,-0.24603784730774914
24,K1,FOOOF,raw,M6_SVR+time,-0.029441856512761877,-0.2709842958178059
24,K1,FOOOF,baseline,M2_ENR,-0.11828996726170193,-0.359832406566746
24,K1,FOOOF,baseline,M3_ENR+time,-0.08049842555095132,-0.32204086485599537
24,K1,FOOOF,baseline,M4_mixed,-1.426361511816395,-1.667903951121439
24,K1,FOOOF,baseline,M5_SVR,-0.07210652948040064,-0.3136489687854447
24,K1,FOOOF,baseline,M6_SVR+time,-0.08142364001535629,-0.32296607932040033
24,K3,DR-SCC,raw,M2_ENR,-0.05746262372551758,-0.2990050630305616
24,K3,DR-SCC,raw,M3_ENR+time,-0.039857481956414365,-0.2813999212614584
24,K3,DR-SCC,raw,M4_mixed,-0.9097445988890869,-1.151287038194131
24,K3,DR-SCC,raw,M5_SVR,-0.12781632713451585,-0.3693587664395599
24,K3,DR-SCC,raw,M6_SVR+time,-0.1302470933285249,-0.37178953263356895
24,K3,DR-SCC,baseline,M2_ENR,-0.3697414338750846,-0.6112838731801287
24,K3,DR-SCC,baseline,M3_ENR+time,-0.4715737653880234,-0.7131162046930675
24,K3,DR-SCC,baseline,M4_mixed,-1.3648642668263928,-1.6064067061314369
24,K3,DR-SCC,baseline,M5_SVR,-0.2483750086831631,-0.48991744798820713
24,K3,DR-SCC,baseline,M6_SVR+time,-0.20937871182438883,-0.4509211511294329
24,K3,FOOOF,raw,M2_ENR,-0.039876558245008464,-0.2814189975500525
24,K3,FOOOF,raw,M3_ENR+time,-0.02441616654590617,-0.2659586058509502
24,K3,FOOOF,raw,M4_mixed,-0.5021061981361798,-0.7436486374412239
24,K3,FOOOF,raw,M5_SVR,-0.0767433849059942,-0.31828582421103824
24,K3,FOOOF,raw,M6_SVR+time,-0.06692368778623847,-0.3084661270912825
24,K3,FOOOF,baseline,M2_ENR,-0.026284800901210215,-0.26782724020625426
24,K3,FOOOF,baseline,M3_ENR+time,-0.7618492692101384,-1.0033917085151824
24,K3,FOOOF,baseline,M4_mixed,-1.8102839992128184,-2.051826438517862
24,K3,FOOOF,baseline,M5_SVR,-0.05611225646970519,-0.29765469577474923
24,K3,FOOOF,baseline,M6_SVR+time,-0.03156261747768507,-0.2731050567827291
24,K4,DR-SCC,raw,M2_ENR,-0.018429361665030175,-0.2599718009700742
24,K4,DR-SCC,raw,M3_ENR+time,-0.014104042626647884,-0.2556464819316919
24,K4,DR-SCC,raw,M4_mixed,-0.15920356343273223,-0.4007460027377763
24,K4,DR-SCC,raw,M5_SVR,-0.029985076226638263,-0.2715275155316823
24,K4,DR-SCC,raw,M6_SVR+time,0.035261171869026664,-0.20628126743601738
24,K4,DR-SCC,baseline,M2_ENR,-0.05323759196952227,-0.2947800312745663
24,K4,DR-SCC,baseline,M3_ENR+time,0.0019843973903931333,-0.2395580419146509
24,K4,DR-SCC,baseline,M4_mixed,-0.3701510111478299,-0.6116934504528739
24,K4,DR-SCC,baseline,M5_SVR,-0.01690524662073911,-0.25844768592578315
24,K4,DR-SCC,baseline,M6_SVR+time,0.01233256147885653,-0.2292098778261875
24,K4,FOOOF,raw,M2_ENR,-0.02383580854099332,-0.26537824784603736
24,K4,FOOOF,raw,M3_ENR+time,-0.04243350774332466,-0.2839759470483687
24,K4,FOOOF,raw,M4_mixed,-0.12429296937661927,-0.3658354086816633
24,K4,FOOOF,raw,M5_SVR,0.0115568817076237,-0.22998555759742034
24,K4,FOOOF,raw,M6_SVR+time,0.05204859028727071,-0.18949384901777333
24,K4,FOOOF,baseline,M2_ENR,-0.05405254236770807,-0.2955949816727521
24,K4,FOOOF,baseline,M3_ENR+time,-0.03993581773445154,-0.2814782570394956
24,K4,FOOOF,baseline,M4_mixed,-0.8674149045806927,-1.1089573438857367
24,K4,FOOOF,baseline,M5_SVR,0.010179681659076123,-0.23136275764596792
24,K4,FOOOF,baseline,M6_SVR+time,0.02578911292823527,-0.21575332637680877
25,K1,DR-SCC,raw,M2_ENR,-0.0192351028971518,-0.2868896357813404
25,K1,DR-SCC,raw,M3_ENR+time,-0.0192351028971518,-0.2868896357813404
25,K1,DR-SCC,raw,M4_mixed,-0.18083394957373788,-0.4484884824579265
25,K1,DR-SCC,raw,M5_SVR,-0.11866893748763263,-0.38632347037182124
25,K1,DR-SCC,raw,M6_SVR+time,-0.021682911343093636,-0.28933744422728225
25,K1,DR-SCC,baseline,M2_ENR,-0.030663418729555136,-0.29831795161374375
25,K1,DR-SCC,baseline,M3_ENR+time,-0.030663418729555136,-0.29831795161374375
25,K1,DR-SCC,baseline,M4_mixed,-0.27074861519972604,-0.5384031480839147
25,K1,DR-SCC,baseline,M5_SVR,-0.011978775413404197,-0.2796333082975928
25,K1,DR-SCC,baseline,M6_SVR+time,0.054300183135824964,-0.21335434974836365
25,K1,FOOOF,raw,M2_ENR,-0.05384965613566561,-0.3215041890198542
25,K1,FOOOF,raw,M3_ENR+time,-0.0559483414752473,-0.3236028743594359
25,K1,FOOOF,raw,M4_mixed,-0.27346989437145575,-0.5411244272556444
25,K1,FOOOF,raw,M5_SVR,-0.023417839249040062,-0.2910723721332287
25,K1,FOOOF,raw,M6_SVR+time,0.0339007022871608,-0.2337538305970278
25,K1,FOOOF,baseline,M2_ENR,0.003510384539360145,-0.26414414834482847
25,K1,FOOOF,baseline,M3_ENR+time,0.00024047402392535222,-0.26741405886026326
25,K1,FOOOF,baseline,M4_mixed,-0.11867582289166934,-0.38633035577585795
25,K1,FOOOF,baseline,M5_SVR,0.05790222260999822,-0.2097523102741904
25,K1,FOOOF,baseline,M6_SVR+time,0.05364213053684819,-0.21401240234734042
25,K3,DR-SCC,raw,M2_ENR,-0.052332821318161526,-0.31998735420235014
25,K3,DR-SCC,raw,M3_ENR+time,-0.051808720644838546,-0.31946325352902716
25,K3,DR-SCC,raw,M4_mixed,-0.9618922606986899,-1.2295467935828785
25,K3,DR-SCC,raw,M5_SVR,-0.10644310489567621,-0.3740976377798648
25,K3,DR-SCC,raw,M6_SVR+time,-0.08640632571331786,-0.35406085859750647
25,K3,DR-SCC,baseline,M2_ENR,-0.024339215256254265,-0.2919937481404429
25,K3,DR-SCC,baseline,M3_ENR+time,-0.03292303623007564,-0.30057756911426425
25,K3,DR-SCC,baseline,M4_mixed,-1.4620207335142474,-1.729675266398436
25,K3,DR-SCC,baseline,M5_SVR,-0.09097519504489915,-0.35862972792908776
25,K3,DR-SCC,baseline,M6_SVR+time,-0.06383895695413333,-0.33149348983832194
25,K3,FOOOF,raw,M2_ENR,-0.033414220344761825,-0.30106875322895044
25,K3,FOOOF,raw,M3_ENR+time,-0.03816850145487649,-0.3058230343390651
25,K3,FOOOF,raw,M4_mixed,-0.2474261008274834,-0.515080633711672
25,K3,FOOOF,raw,M5_SVR,0.05028826793639296,-0.21736626494779565
25,K3,FOOOF,raw,M6_SVR+time,-0.06336150700177567,-0.3310160398859643
25,K3,FOOOF,baseline,M2_ENR,-0.032579000482344744,-0.30023353336653336
25,K3,FOOOF,baseline,M3_ENR+time,-0.01933107144758095,-0.28698560433176956
25,K3,FOOOF,baseline,M4_mixed,-0.2993222369814126,-0.5669767698656012
25,K3,FOOOF,baseline,M5_SVR,0.042125849866827214,-0.2255286830173614
25,K3,FOOOF,baseline,M6_SVR+time,0.07753538439223318,-0.19011914849195544
25,K4,DR-SCC,raw,M2_ENR,-0.05139950018592021,-0.3190540330701088
25,K4,DR-SCC,raw,M3_ENR+time,-0.043167848702196254,-0.31082238158638487
25,K4,DR-SCC,raw,M4_mixed,-0.025893224868383635,-0.29354775775257225
25,K4,DR-SCC,raw,M5_SVR,0.10227155553629597,-0.16538297734789265
25,K4,DR-SCC,raw,M6_SVR+time,-0.017879212841048098,-0.2855337457252367
25,K4,DR-SCC,baseline,M2_ENR,-0.14918935030362568,-0.4168438831878143
25,K4,DR-SCC,baseline,M3_ENR+time,-0.1384917611908616,-0.4061462940750502
25,K4,DR-SCC,baseline,M4_mixed,-0.6588965452348094,-0.9265510781189981
25,K4,DR-SCC,baseline,M5_SVR,-0.022381303887229365,-0.290035836771418
25,K4,DR-SCC,baseline,M6_SVR+time,0.03534318134651504,-0.23231135153767357
25,K4,FOOOF,raw,M2_ENR,0.1837106826808962,-0.08394385020329242
25,K4,FOOOF,raw,M3_ENR+time,0.12114176957255052,-0.1465127633116381
25,K4,FOOOF,raw,M4_mixed,0.1827797578343464,-0.0848747750498422
25,K4,FOOOF,raw,M5_SVR,0.09029163445658428,-0.17736289842760433
25,K4,FOOOF,raw,M6_SVR+time,0.08816453809599978,-0.17948999478818883
25,K4,FOOOF,baseline,M2_ENR,-0.5063646789935836,-0.7740192118777722
25,K4,FOOOF,baseline,M3_ENR+time,-0.4092074968526578,-0.6768620297368464
25,K4,FOOOF,baseline,M4_mixed,-4.43594368395324,-4.703598216837428
25,K4,FOOOF,baseline,M5_SVR,-0.006221671562282705,-0.2738762044464713
25,K4,FOOOF,baseline,M6_SVR+time,-0.027404158479789942,-0.29505869136397855
26,K1,DR-SCC,raw,M2_ENR,-0.016056872285572954,-0.19074030692119637
26,K1,DR-SCC,raw,M3_ENR+time,-0.024135619788047125,-0.19881905442367054
26,K1,DR-SCC,raw,M4_mixed,-0.3984871038770339,-0.5731705385126573
26,K1,DR-SCC,raw,M5_SVR,-0.25792476818961263,-0.43260820282523604
26,K1,DR-SCC,raw,M6_SVR+time,-0.20114380087602823,-0.37582723551165165
26,K1,DR-SCC,baseline,M2_ENR,-0.08430425509374073,-0.25898768972936415
26,K1,DR-SCC,baseline,M3_ENR+time,-0.0756591651090397,-0.2503425997446631
26,K1,DR-SCC,baseline,M4_mixed,-0.6390131996622144,-0.8136966342978378
26,K1,DR-SCC,baseline,M5_SVR,-0.14284609596488362,-0.31752953060050704
26,K1,DR-SCC,baseline,M6_SVR+time,-0.10363420510922361,-0.278317639744847
26,K1,FOOOF,raw,M2_ENR,-0.052799844244148186,-0.2274832788797716
26,K1,FOOOF,raw,M3_ENR+time,-0.04775319351305374,-0.22243662814867715
26,K1,FOOOF,raw,M4_mixed,-0.7769692461795608,-0.9516526808151842
26,K1,FOOOF,raw,M5_SVR,-0.14507019342664784,-0.31975362806227126
26,K1,FOOOF,raw,M6_SVR+time,-0.14678728748217806,-0.3214707221178015
26,K1,FOOOF,baseline,M2_ENR,-0.09106276186059792,-0.26574619649622133
26,K1,FOOOF,baseline,M3_ENR+time,-0.09579929477453986,-0.27048272941016327
26,K1,FOOOF,baseline,M4_mixed,-0.7860389198858839,-0.9607223545215073
26,K1,FOOOF,baseline,M5_SVR,-0.037930066032132226,-0.21261350066775564
26,K1,FOOOF,baseline,M6_SVR+time,-0.07196691198885552,-0.24665034662447893
26,K3,DR-SCC,raw,M2_ENR,-0.17682754150059687,-0.3515109761362203
26,K3,DR-SCC,raw,M3_ENR+time,-0.0679374475445107,-0.2426208821801341
26,K3,DR-SCC,raw,M4_mixed,-1.0696192361360466,-1.24430267077167
26,K3,DR-SCC,raw,M5_SVR,-0.08743814655780024,-0.26212158119342366
26,K3,DR-SCC,raw,M6_SVR+time,-0.11985774357328038,-0.2945411782089038
26,K3,DR-SCC,baseline,M2_ENR,-0.1457509860831021,-0.3204344207187255
26,K3,DR-SCC,baseline,M3_ENR+time,-0.08553899503118712,-0.26022242966681053
26,K3,DR-SCC,baseline,M4_mixed,-0.4228242189406404,-0.5975076535762638
26,K3,DR-SCC,baseline,M5_SVR,-0.15112422382195212,-0.32580765845757553
26,K3,DR-SCC,baseline,M6_SVR+time,-0.10569547404929902,-0.28037890868492243
26,K3,FOOOF,raw,M2_ENR,-0.08029271674537641,-0.2549761513809998
26,K3,FOOOF,raw,M3_ENR+time,-0.06965538952919537,-0.24433882416481878
26,K3,FOOOF,raw,M4_mixed,-0.9993342413522355,-1.1740176759878589
26,K3,FOOOF,raw,M5_SVR,-0.1655063235077836,-0.340189758143407
26,K3,FOOOF,raw,M6_SVR+time,-0.11474238425146521,-0.2894258188870886
26,K3,FOOOF,baseline,M2_ENR,-0.16232433932108847,-0.3370077739567119
26,K3,FOOOF,baseline,M3_ENR+time,-0.10899141382751587,-0.2836748484631393
26,K3,FOOOF,baseline,M4_mixed,-2.022459169195651,-2.1971426038312742
26,K3,FOOOF,baseline,M5_SVR,0.10161482859740567,-0.07306860603821774
26,K3,FOOOF,baseline,M6_SVR+time,-0.01730235885322018,-0.1919857934888436
26,K4,DR-SCC,raw,M2_ENR,-0.05363310455118597,-0.2283165391868094
26,K4,DR-SCC,raw,M3_ENR+time,-0.055983654948452255,-0.23066708958407567
26,K4,DR-SCC,raw,M4_mixed,-0.09157809176258036,-0.2662615263982038
26,K4,DR-SCC,raw,M5_SVR,-0.043931123393637694,-0.2186145580292611
26,K4,DR-SCC,raw,M6_SVR+time,-0.09082939917740407,-0.2655128338130275
26,K4,DR-SCC,baseline,M2_ENR,-0.06484516260066098,-0.2395285972362844
26,K4,DR-SCC,baseline,M3_ENR+time,-0.06446823968884718,-0.2391516743244706
26,K4,DR-SCC,baseline,M4_mixed,-0.45065401756875456,-0.625337452204378
26,K4,DR-SCC,baseline,M5_SVR,-0.14309602684712508,-0.3177794614827485
26,K4,DR-SCC,baseline,M6_SVR+time,-0.16005969398726383,-0.33474312862288724
26,K4,FOOOF,raw,M2_ENR,-0.06306539295835689,-0.2377488275939803
26,K4,FOOOF,raw,M3_ENR+time,-0.061353881480673556,-0.23603731611629697
26,K4,FOOOF,raw,M4_mixed,-0.4216554099921126,-0.596338844627736
26,K4,FOOOF,raw,M5_SVR,-0.01485201905180511,-0.18953545368742852
26,K4,FOOOF,raw,M6_SVR+time,-0.04045022097511586,-0.21513365561073927
26,K4,FOOOF,baseline,M2_ENR,-0.0910514159896223,-0.2657348506252457
26,K4,FOOOF,baseline,M3_ENR+time,-0.10402957956426939,-0.2787130141998928
26,K4,FOOOF,baseline,M4_mixed,-2.4484667324403215,-2.623150167075945
26,K4,FOOOF,baseline,M5_SVR,-0.10043722629402807,-0.2751206609296515
26,K4,FOOOF,baseline,M6_SVR+time,-0.09547774548017895,-0.27016118011580237
27,K1,DR-SCC,raw,M2_ENR,-0.052248155926708506,-0.2893959174393308
27,K1,DR-SCC,raw,M3_ENR+time,-0.04742435381361365,-0.28457211532623594
27,K1,DR-SCC,raw,M4_mixed,-0.6451571862249375,-0.8823049477375597
27,K1,DR-SCC,raw,M5_SVR,-0.08164309115874868,-0.318790852671371
27,K1,DR-SCC,raw,M6_SVR+time,-0.12298907671180714,-0.36013683822442943
27,K1,DR-SCC,baseline,M2_ENR,-0.0201821205574384,-0.2573298820700607
27,K1,DR-SCC,baseline,M3_ENR+time,-0.041922493709094066,-0.27907025522171636
27,K1,DR-SCC,baseline,M4_mixed,-0.6469370668679957,-0.884084828380618
27,K1,DR-SCC,baseline,M5_SVR,-0.133688147848662,-0.3708359093612843
27,K1,DR-SCC,baseline,M6_SVR+time,-0.13894338203704715,-0.37609114354966944
27,K1,FOOOF,raw,M2_ENR,-0.10422806073858393,-0.3413758222512062
27,K1,FOOOF,raw,M3_ENR+time,-0.021389946857234055,-0.25853770836985634
27,K1,FOOOF,raw,M4_mixed,-0.2804381960264035,-0.5175859575390258
27,K1,FOOOF,raw,M5_SVR,-0.13941270974104247,-0.37656047125366476
27,K1,FOOOF,raw,M6_SVR+time,-0.049284614716087694,-0.28643237622871
27,K1,FOOOF,baseline,M2_ENR,-0.0964689497720661,-0.3336167112846884
27,K1,FOOOF,baseline,M3_ENR+time,-0.07484234361014885,-0.31199010512277114
27,K1,FOOOF,baseline,M4_mixed,-0.9556708076125844,-1.1928185691252067
27,K1,FOOOF,baseline,M5_SVR,-0.09213998587865757,-0.32928774739127986
27,K1,FOOOF,baseline,M6_SVR+time,-0.18451198656879297,-0.42165974808141526
27,K3,DR-SCC,raw,M2_ENR,-0.024882916862515536,-0.2620306783751378
27,K3,DR-SCC,raw,M3_ENR+time,-0.021039983619313363,-0.25818774513193565
27,K3,DR-SCC,raw,M4_mixed,-0.7204536442180116,-0.9576014057306339
27,K3,DR-SCC,raw,M5_SVR,-0.1710342369065294,-0.4081819984191517
27,K3,DR-SCC,raw,M6_SVR+time,-0.04657953687308902,-0.2837272983857113
27,K3,DR-SCC,baseline,M2_ENR,-0.03987806847699171,-0.277025829989614
27,K3,DR-SCC,baseline,M3_ENR+time,-0.018320287851959716,-0.255468049364582
27,K3,DR-SCC,baseline,M4_mixed,-0.9917747658403677,-1.22892252735299
27,K3,DR-SCC,baseline,M5_SVR,-0.15059440636431898,-0.38774216787694127
27,K3,DR-SCC,baseline,M6_SVR+time,-0.17250891663215207,-0.40965667814477436
27,K3,FOOOF,raw,M2_ENR,-0.06291989727481839,-0.3000676587874407
27,K3,FOOOF,raw,M3_ENR+time,-0.018049042840718288,-0.2551968043533406
27,K3,FOOOF,raw,M4_mixed,-1.1215402726468429,-1.3586880341594652
27,K3,FOOOF,raw,M5_SVR,-0.20774003500300697,-0.44488779651562926
27,K3,FOOOF,raw,M6_SVR+time,-0.12475273110233998,-0.36190049261496227
27,K3,FOOOF,baseline,M2_ENR,-0.04556839352560882,-0.2827161550382311
27,K3,FOOOF,baseline,M3_ENR+time,-0.08482490344559146,-0.32197266495821375
27,K3,FOOOF,baseline,M4_mixed,-2.527647052926502,-2.7647948144391243
27,K3,FOOOF,baseline,M5_SVR,-0.14910416098523438,-0.38625192249785667
27,K3,FOOOF,baseline,M6_SVR+time,-0.07331288010635761,-0.3104606416189799
27,K4,DR-SCC,raw,M2_ENR,-0.0691957342129006,-0.3063434957255229
27,K4,DR-SCC,raw,M3_ENR+time,-0.05217145389784239,-0.2893192154104647
27,K4,DR-SCC,raw,M4_mixed,-0.09011175717731157,-0.32725951868993386
27,K4,DR-SCC,raw,M5_SVR,-0.18921706656495196,-0.42636482807757425
27,K4,DR-SCC,raw,M6_SVR+time,-0.1485626346616722,-0.3857103961742945
27,K4,DR-SCC,baseline,M2_ENR,-0.05510481328957728,-0.29225257480219957
27,K4,DR-SCC,baseline,M3_ENR+time,0.008160240112710881,-0.2289875213999114
27,K4,DR-SCC,baseline,M4_mixed,-1.3947156990576102,-1.6318634605702325
27,K4,DR-SCC,baseline,M5_SVR,-0.2373411587959693,-0.4744889203085916
27,K4,DR-SCC,baseline,M6_SVR+time,-0.14044913638014123,-0.3775968978927635
27,K4,FOOOF,raw,M2_ENR,-0.02652636118798335,-0.26367412270060564
27,K4,FOOOF,raw,M3_ENR+time,-0.026660662998876372,-0.26380842451149866
27,K4,FOOOF,raw,M4_mixed,-0.32267579510376354,-0.5598235566163858
27,K4,FOOOF,raw,M5_SVR,-0.11040294811511009,-0.3475507096277324
27,K4,FOOOF,raw,M6_SVR+time,-0.08231809567635384,-0.31946585718897613
27,K4,FOOOF,baseline,M2_ENR,-0.11881065760150267,-0.35595841911412496
27,K4,FOOOF,baseline,M3_ENR+time,-0.05839609671057144,-0.29554385822319373
27,K4,FOOOF,baseline,M4_mixed,-0.803568341245295,-1.0407161027579173
27,K4,FOOOF,baseline,M5_SVR,-0.2045320367655954,-0.4416797982782177
27,K4,FOOOF,baseline,M6_SVR+time,0.11587654880068177,-0.12127121271194052
28,K1,DR-SCC,raw,M2_ENR,-0.06615801462000293,-0.21424021450431807
28,K1,DR-SCC,raw,M3_ENR+time,-0.05275227105726832,-0.20083447094158347
28,K1,DR-SCC,raw,M4_mixed,-0.45135705107518564,-0.5994392509595008
28,K1,DR-SCC,raw,M5_SVR,-0.017966740920452473,-0.16604894080476762
28,K1,DR-SCC,raw,M6_SVR+time,-0.007089999430508254,-0.1551721993148234
28,K1,DR-SCC,baseline,M2_ENR,-0.007958876004056759,-0.1560410758883719
28,K1,DR-SCC,baseline,M3_ENR+time,-0.04901813577259406,-0.1971003356569092
28,K1,DR-SCC,baseline,M4_mixed,-0.40276372294668716,-0.5508459228310023
28,K1,DR-SCC,baseline,M5_SVR,0.01819953516891859,-0.12988266471539656
28,K1,DR-SCC,baseline,M6_SVR+time,0.20857157855616848,0.06048937867185333
28,K1,FOOOF,raw,M2_ENR,-0.06413573949428963,-0.21221793937860478
28,K1,FOOOF,raw,M3_ENR+time,0.010933206651915883,-0.13714899323239926
28,K1,FOOOF,raw,M4_mixed,-0.4683743280898178,-0.616456527974133
28,K1,FOOOF,raw,M5_SVR,-0.25423989001023095,-0.4023220898945461
28,K1,FOOOF,raw,M6_SVR+time,-0.1472443927311442,-0.29532659261545935
28,K1,FOOOF,baseline,M2_ENR,-0.8896848236453869,-1.037767023529702
28,K1,FOOOF,baseline,M3_ENR+time,-0.4050759762990874,-0.5531581761834026
28,K1,FOOOF,baseline,M4_mixed,-1.3178546961632192,-1.4659368960475343
28,K1,FOOOF,baseline,M5_SVR,-0.0639121564358458,-0.21199435632016095
28,K1,FOOOF,baseline,M6_SVR+time,-0.07900738282862352,-0.22708958271293866
28,K3,DR-SCC,raw,M2_ENR,-0.056217059309372264,-0.2042992591936874
28,K3,DR-SCC,raw,M3_ENR+time,-0.007130671989554305,-0.15521287187386945
28,K3,DR-SCC,raw,M4_mixed,-0.24933946495331427,-0.3974216648376294
28,K3,DR-SCC,raw,M5_SVR,-0.22636092731100277,-0.3744431271953179
28,K3,DR-SCC,raw,M6_SVR+time,-0.16333470943428385,-0.311416909318599
28,K3,DR-SCC,baseline,M2_ENR,-1.6281401948162664,-1.7762223947005815
28,K3,DR-SCC,baseline,M3_ENR+time,0.02122208159357153,-0.12686011829074362
28,K3,DR-SCC,baseline,M4_mixed,-1.1448065417066209,-1.292888741590936
28,K3,DR-SCC,baseline,M5_SVR,-0.20129796946230227,-0.3493801693466174
28,K3,DR-SCC,baseline,M6_SVR+time,-0.06967855485320884,-0.217760754737524
28,K3,FOOOF,raw,M2_ENR,-0.07896887582988699,-0.22705107571420213
28,K3,FOOOF,raw,M3_ENR+time,0.013214771555828064,-0.13486742832848708
28,K3,FOOOF,raw,M4_mixed,-0.2730925602449257,-0.4211747601292408
28,K3,FOOOF,raw,M5_SVR,-0.25101958642581357,-0.3991017863101287
28,K3,FOOOF,raw,M6_SVR+time,-0.19462810308880996,-0.3427103029731251
28,K3,FOOOF,baseline,M2_ENR,-0.23136186636444478,-0.3794440662487599
28,K3,FOOOF,baseline,M3_ENR+time,0.023655989964265878,-0.12442620992004927
28,K3,FOOOF,baseline,M4_mixed,-0.6870663465456459,-0.8351485464299611
28,K3,FOOOF,baseline,M5_SVR,-0.27174723933001266,-0.4198294392143278
28,K3,FOOOF,baseline,M6_SVR+time,-0.31146619465557834,-0.4595483945398935
28,K4,DR-SCC,raw,M2_ENR,-0.07184607195018833,-0.21992827183450347
28,K4,DR-SCC,raw,M3_ENR+time,0.00779282614721144,-0.1402893737371037
28,K4,DR-SCC,raw,M4_mixed,-0.39226528079804246,-0.5403474806823576
28,K4,DR-SCC,raw,M5_SVR,-0.08081739589878212,-0.22889959578309726
28,K4,DR-SCC,raw,M6_SVR+time,-0.02112757397059073,-0.16920977385490588
28,K4,DR-SCC,baseline,M2_ENR,-0.17443175313620274,-0.3225139530205179
28,K4,DR-SCC,baseline,M3_ENR+time,-0.020912298981065502,-0.16899449886538065
28,K4,DR-SCC,baseline,M4_mixed,-0.31979442487192355,-0.4678766247562387
28,K4,DR-SCC,baseline,M5_SVR,-0.12400095571766112,-0.27208315560197627
28,K4,DR-SCC,baseline,M6_SVR+time,-0.07059762907914258,-0.21867982896345772
28,K4,FOOOF,raw,M2_ENR,-0.04686083845756661,-0.19494303834188176
28,K4,FOOOF,raw,M3_ENR+time,-0.0014539619335025566,-0.1495361618178177
28,K4,FOOOF,raw,M4_mixed,-0.7865056530678274,-0.9345878529521425
28,K4,FOOOF,raw,M5_SVR,-0.2544487172787735,-0.40253091716308864
28,K4,FOOOF,raw,M6_SVR+time,-0.12028805564262868,-0.2683702555269438
28,K4,FOOOF,baseline,M2_ENR,-0.11520037341452527,-0.2632825732988404
28,K4,FOOOF,baseline,M3_ENR+time,0.02516190825264064,-0.1229202916316745
28,K4,FOOOF,baseline,M4_mixed,-1.8318056615456793,-1.9798878614299944
28,K4,FOOOF,baseline,M5_SVR,-0.27479485033095297,-0.4228770502152681
28,K4,FOOOF,baseline,M6_SVR+time,-0.16456307046748675,-0.3126452703518019
29,K1,DR-SCC,raw,M2_ENR,0.09384946800101135,-0.13376936175019938
29,K1,DR-SCC,raw,M3_ENR+time,0.13489328757233177,-0.09272554217887896
29,K1,DR-SCC,raw,M4_mixed,0.15450345588534575,-0.07311537386586497
29,K1,DR-SCC,raw,M5_SVR,0.07616906837799431,-0.15144976137321642
29,K1,DR-SCC,raw,M6_SVR+time,0.08605568702353983,-0.1415631427276709
29,K1,DR-SCC,baseline,M2_ENR,0.12892959206520993,-0.0986892376860008
29,K1,DR-SCC,baseline,M3_ENR+time,0.15978122120821403,-0.0678376085429967
29,K1,DR-SCC,baseline,M4_mixed,0.1053668707251888,-0.12225195902602193
29,K1,DR-SCC,baseline,M5_SVR,0.11459425737670992,-0.11302457237450081
29,K1,DR-SCC,baseline,M6_SVR+time,0.1205026278175998,-0.10711620193361093
29,K1,FOOOF,raw,M2_ENR,-0.08322277371274356,-0.3108416034639543
29,K1,FOOOF,raw,M3_ENR+time,-0.13824030670431386,-0.3658591364555246
29,K1,FOOOF,raw,M4_mixed,0.03384450177984244,-0.1937743279713683
29,K1,FOOOF,raw,M5_SVR,-0.10298514561408068,-0.3306039753652914
29,K1,FOOOF,raw,M6_SVR+time,-0.036860957454865284,-0.264479787206076
29,K1,FOOOF,baseline,M2_ENR,0.22927411209459403,0.001655282343383302
29,K1,FOOOF,baseline,M3_ENR+time,0.026858790533649146,-0.20076003921756158
29,K1,FOOOF,baseline,M4_mixed,0.05896543896554407,-0.16865339078566666
29,K1,FOOOF,baseline,M5_SVR,0.13714851269318984,-0.09047031705802089
29,K1,FOOOF,baseline,M6_SVR+time,0.04712030093440245,-0.18049852881680828
29,K3,DR-SCC,raw,M2_ENR,-0.12992202913426842,-0.35754085888547915
29,K3,DR-SCC,raw,M3_ENR+time,-0.08652263304368768,-0.3141414627948984
29,K3,DR-SCC,raw,M4_mixed,-0.4843832876778156,-0.7120021174290263
29,K3,DR-SCC,raw,M5_SVR,-0.18929557440846412,-0.41691440415967485
29,K3,DR-SCC,raw,M6_SVR+time,-0.1275942651183024,-0.35521309486951314
29,K3,DR-SCC,baseline,M2_ENR,-0.07638096039378706,-0.3039997901449978
29,K3,DR-SCC,baseline,M3_ENR+time,-0.09625905775636512,-0.32387788750757585
29,K3,DR-SCC,baseline,M4_mixed,-0.37239609885825287,-0.6000149286094636
29,K3,DR-SCC,baseline,M5_SVR,-0.41161750530887486,-0.6392363350600856
29,K3,DR-SCC,baseline,M6_SVR+time,-0.3073251217869859,-0.5349439515381966
29,K3,FOOOF,raw,M2_ENR,-0.08176328002835453,-0.30938210977956526
29,K3,FOOOF,raw,M3_ENR+time,0.07576161354342092,-0.1518572162077898
29,K3,FOOOF,raw,M4_mixed,-0.3392042961984165,-0.5668231259496272
29,K3,FOOOF,raw,M5_SVR,-0.10620152099812485,-0.3338203507493356
29,K3,FOOOF,raw,M6_SVR+time,-0.16177514493895284,-0.38939397469016357
29,K3,FOOOF,baseline,M2_ENR,-0.02633517872702429,-0.253954008478235
29,K3,FOOOF,baseline,M3_ENR+time,-0.023286985022411555,-0.2509058147736223
29,K3,FOOOF,baseline,M4_mixed,-1.4310255383997568,-1.6586443681509675
29,K3,FOOOF,baseline,M5_SVR,0.07602114211830147,-0.15159768763290926
29,K3,FOOOF,baseline,M6_SVR+time,0.12725154887056067,-0.10036728088065006
29,K4,DR-SCC,raw,M2_ENR,-0.06576544582865562,-0.29338427557986635
29,K4,DR-SCC,raw,M3_ENR+time,-0.01640319045828864,-0.24402202020949937
29,K4,DR-SCC,raw,M4_mixed,-0.08199360437145353,-0.30961243412266426
29,K4,DR-SCC,raw,M5_SVR,-0.006551949156137216,-0.23417077890734794
29,K4,DR-SCC,raw,M6_SVR+time,-0.03825320227243045,-0.2658720320236412
29,K4,DR-SCC,baseline,M2_ENR,-0.24525394017811109,-0.4728727699293218
29,K4,DR-SCC,baseline,M3_ENR+time,-0.10743275023578969,-0.3350515799870004
29,K4,DR-SCC,baseline,M4_mixed,-0.3514123128117643,-0.579031142562975
29,K4,DR-SCC,baseline,M5_SVR,-0.14191262261898352,-0.36953145237019425
29,K4,DR-SCC,baseline,M6_SVR+time,-0.06960930772265805,-0.2972281374738688
29,K4,FOOOF,raw,M2_ENR,0.275717314437552,0.04809848468634126
29,K4,FOOOF,raw,M3_ENR+time,0.2611075878975059,0.03348875814629515
29,K4,FOOOF,raw,M4_mixed,0.16472256339443125,-0.06289626635677947
29,K4,FOOOF,raw,M5_SVR,0.21443071238274514,-0.01318811736846559
29,K4,FOOOF,raw,M6_SVR+time,0.19906763412878348,-0.02855119562242725
29,K4,FOOOF,baseline,M2_ENR,-0.055305030993717086,-0.2829238607449278
29,K4,FOOOF,baseline,M3_ENR+time,0.01794615714655412,-0.2096726726046566
29,K4,FOOOF,baseline,M4_mixed,-2.0011768616894643,-2.2287956914406752
29,K4,FOOOF,baseline,M5_SVR,-0.001156632078705977,-0.2287754618299167
29,K4,FOOOF,baseline,M6_SVR+time,0.07089575305970808,-0.15672307669150265
30,K1,DR-SCC,raw,M2_ENR,-0.03270839184684293,-0.39962687928839136
30,K1,DR-SCC,raw,M3_ENR+time,-0.026607051257761194,-0.3935255386993096
30,K1,DR-SCC,raw,M4_mixed,-0.31829370749733044,-0.6852121949388789
30,K1,DR-SCC,raw,M5_SVR,-0.05795139665091753,-0.42486988409246595
30,K1,DR-SCC,raw,M6_SVR+time,0.0598383076283312,-0.3070801798132172
30,K1,DR-SCC,baseline,M2_ENR,-0.061118341540594034,-0.42803682898214246
30,K1,DR-SCC,baseline,M3_ENR+time,-0.03288303264738457,-0.399801520088933
30,K1,DR-SCC,baseline,M4_mixed,-0.36443582673581587,-0.7313543141773643
30,K1,DR-SCC,baseline,M5_SVR,-0.039254465741629385,-0.4061729531831778
30,K1,DR-SCC,baseline,M6_SVR+time,0.054405511352645375,-0.31251297608890305
30,K1,FOOOF,raw,M2_ENR,-0.04892811414391063,-0.41584660158545905
30,K1,FOOOF,raw,M3_ENR+time,-0.026607051257761194,-0.3935255386993096
30,K1,FOOOF,raw,M4_mixed,-0.5213895954691476,-0.8883080829106961
30,K1,FOOOF,raw,M5_SVR,-0.002170486196767296,-0.3690889736383157
30,K1,FOOOF,raw,M6_SVR+time,0.020246927000864945,-0.3466715604406835
30,K1,FOOOF,baseline,M2_ENR,-0.047989981212965604,-0.41490846865451403
30,K1,FOOOF,baseline,M3_ENR+time,-0.025374868078603896,-0.3922933555201523
30,K1,FOOOF,baseline,M4_mixed,-0.5884398789014473,-0.9553583663429958
30,K1,FOOOF,baseline,M5_SVR,-0.04588552166875104,-0.41280400911029946
30,K1,FOOOF,baseline,M6_SVR+time,0.013247264119866875,-0.35367122332168155
30,K3,DR-SCC,raw,M2_ENR,-0.04347431688963499,-0.4103928043311834
30,K3,DR-SCC,raw,M3_ENR+time,-0.05689330588482866,-0.4238117933263771
30,K3,DR-SCC,raw,M4_mixed,-0.2779619414524148,-0.6448804288939632
30,K3,DR-SCC,raw,M5_SVR,0.054447797944058185,-0.31247068949749024
30,K3,DR-SCC,raw,M6_SVR+time,0.15482078826257706,-0.21209769917897137
30,K3,DR-SCC,baseline,M2_ENR,-0.016235906725534877,-0.3831543941670833
30,K3,DR-SCC,baseline,M3_ENR+time,0.06845541601666805,-0.2984630714248804
30,K3,DR-SCC,baseline,M4_mixed,-0.388255306359627,-0.7551737938011754
30,K3,DR-SCC,baseline,M5_SVR,-0.27723105361464606,-0.6441495410561945
30,K3,DR-SCC,baseline,M6_SVR+time,-0.01689823147833458,-0.383816718919883
30,K3,FOOOF,raw,M2_ENR,-0.02682092839312622,-0.39373941583467464
30,K3,FOOOF,raw,M3_ENR+time,0.1137976633393265,-0.2531208241022219
30,K3,FOOOF,raw,M4_mixed,-0.5880058908539787,-0.9549243782955271
30,K3,FOOOF,raw,M5_SVR,-0.09757283935984584,-0.46449132680139427
30,K3,FOOOF,raw,M6_SVR+time,0.018047268410276263,-0.34887121903127216
30,K3,FOOOF,baseline,M2_ENR,-0.05677715726138555,-0.42369564470293397
30,K3,FOOOF,baseline,M3_ENR+time,-0.024588294039835867,-0.3915067814813843
30,K3,FOOOF,baseline,M4_mixed,-1.6250099933249476,-1.991928480766496
30,K3,FOOOF,baseline,M5_SVR,0.017625112249194497,-0.3492933751923539
30,K3,FOOOF,baseline,M6_SVR+time,0.14709961473639954,-0.21981887270514888
30,K4,DR-SCC,raw,M2_ENR,0.18848514883314083,-0.1784333386084076
30,K4,DR-SCC,raw,M3_ENR+time,0.05322077978223805,-0.3136977076593104
30,K4,DR-SCC,raw,M4_mixed,0.17734377479769758,-0.18957471264385084
30,K4,DR-SCC,raw,M5_SVR,0.12583781624166845,-0.24108067119987997
30,K4,DR-SCC,raw,M6_SVR+time,0.11652081120223068,-0.25039767623931775
30,K4,DR-SCC,baseline,M2_ENR,0.08096499214690334,-0.2859534952946451
30,K4,DR-SCC,baseline,M3_ENR+time,-0.004956863308204662,-0.3718753507497531
30,K4,DR-SCC,baseline,M4_mixed,-0.5442144711021963,-0.9111329585437448
30,K4,DR-SCC,baseline,M5_SVR,0.12541040222837407,-0.24150808521317435
30,K4,DR-SCC,baseline,M6_SVR+time,0.1658256720163318,-0.20109281542521662
30,K4,FOOOF,raw,M2_ENR,-0.023201325220424618,-0.39011981266197304
30,K4,FOOOF,raw,M3_ENR+time,-0.06424041957066629,-0.4311589070122147
30,K4,FOOOF,raw,M4_mixed,-0.10572589090121154,-0.47264437834275996
30,K4,FOOOF,raw,M5_SVR,0.012064440793743025,-0.3548540466478054
30,K4,FOOOF,raw,M6_SVR+time,-0.00020380827097277177,-0.3671222957125212
30,K4,FOOOF,baseline,M2_ENR,-0.1384911274774303,-0.5054096149189787
30,K4,FOOOF,baseline,M3_ENR+time,-0.14477738930999529,-0.5116958767515437
30,K4,FOOOF,baseline,M4_mixed,-7.64458577037127,-8.011504257812819
30,K4,FOOOF,baseline,M5_SVR,-0.09551606294775317,-0.4624345503893016
30,K4,FOOOF,baseline,M6_SVR+time,-0.0670296827515664,-0.4339481701931148
31,K1,DR-SCC,raw,M2_ENR,0.041053365453783575,-0.22963108558129286
31,K1,DR-SCC,raw,M3_ENR+time,-0.0010005013935947549,-0.2716849524286712
31,K1,DR-SCC,raw,M4_mixed,-0.17574377527516338,-0.4464282263102398
31,K1,DR-SCC,raw,M5_SVR,0.02557551756024723,-0.2451089334748292
31,K1,DR-SCC,raw,M6_SVR+time,-0.1638428185616021,-0.43452726959667853
31,K1,DR-SCC,baseline,M2_ENR,-0.07695907069403818,-0.3476435217291146
31,K1,DR-SCC,baseline,M3_ENR+time,0.011053609603432935,-0.2596308414316435
31,K1,DR-SCC,baseline,M4_mixed,0.10664713499080081,-0.16403731604427563
31,K1,DR-SCC,baseline,M5_SVR,-0.09154797189688813,-0.36223242293196456
31,K1,DR-SCC,baseline,M6_SVR+time,-0.04290307377974001,-0.31358752481481644
31,K1,FOOOF,raw,M2_ENR,-0.04304922912435516,-0.3137336801594316
31,K1,FOOOF,raw,M3_ENR+time,0.03575210729312528,-0.23493234374195116
31,K1,FOOOF,raw,M4_mixed,-0.48057380187241905,-0.7512582529074955
31,K1,FOOOF,raw,M5_SVR,-0.0706775804660511,-0.34136203150112754
31,K1,FOOOF,raw,M6_SVR+time,0.029870127751264075,-0.24081432328381236
31,K1,FOOOF,baseline,M2_ENR,-0.10009005367667378,-0.3707745047117502
31,K1,FOOOF,baseline,M3_ENR+time,-0.12357021678544777,-0.3942546678205242
31,K1,FOOOF,baseline,M4_mixed,-1.0439741818204018,-1.3146586328554783
31,K1,FOOOF,baseline,M5_SVR,-0.04215592020283676,-0.3128403712379132
31,K1,FOOOF,baseline,M6_SVR+time,-0.09639894583815356,-0.36708339687323
31,K3,DR-SCC,raw,M2_ENR,-0.03899673684321492,-0.30968118787829135
31,K3,DR-SCC,raw,M3_ENR+time,-0.0038336392456983504,-0.2745180902807748
31,K3,DR-SCC,raw,M4_mixed,-0.7919188716538328,-1.0626033226889091
31,K3,DR-SCC,raw,M5_SVR,-0.2231077937304169,-0.4937922447654933
31,K3,DR-SCC,raw,M6_SVR+time,0.006224199149717946,-0.2644602518853585
31,K3,DR-SCC,baseline,M2_ENR,-0.09489384374857068,-0.3655782947836471
31,K3,DR-SCC,baseline,M3_ENR+time,-0.021486038823610887,-0.2921704898586873
31,K3,DR-SCC,baseline,M4_mixed,-0.9007068307126449,-1.1713912817477214
31,K3,DR-SCC,baseline,M5_SVR,-0.05375451804389808,-0.3244389690789745
31,K3,DR-SCC,baseline,M6_SVR+time,0.08696079049580108,-0.18372366053927536
31,K3,FOOOF,raw,M2_ENR,0.03252284755538415,-0.23816160347969229
31,K3,FOOOF,raw,M3_ENR+time,-0.021486038823610887,-0.2921704898586873
31,K3,FOOOF,raw,M4_mixed,-0.7312029538767693,-1.0018874049118458
31,K3,FOOOF,raw,M5_SVR,-0.10555338523008029,-0.3762378362651567
31,K3,FOOOF,raw,M6_SVR+time,-0.05966126881317635,-0.3303457198482528
31,K3,FOOOF,baseline,M2_ENR,-0.06761504198625867,-0.3382994930213351
31,K3,FOOOF,baseline,M3_ENR+time,-0.02174442273537691,-0.29242887377045335
31,K3,FOOOF,baseline,M4_mixed,-1.4573850016758523,-1.7280694527109288
31,K3,FOOOF,baseline,M5_SVR,0.053535480527810986,-0.21714897050726545
31,K3,FOOOF,baseline,M6_SVR+time,0.17150792505919898,-0.09917652597587745
31,K4,DR-SCC,raw,M2_ENR,-0.03609019379863643,-0.30677464483371286
31,K4,DR-SCC,raw,M3_ENR+time,-0.021486038823610887,-0.2921704898586873
31,K4,DR-SCC,raw,M4_mixed,-0.5008589639122387,-0.7715434149473152
31,K4,DR-SCC,raw,M5_SVR,-0.05381764607924766,-0.3245020971143241
31,K4,DR-SCC,raw,M6_SVR+time,0.15180805860063828,-0.11887639243443815
31,K4,DR-SCC,baseline,M2_ENR,-0.05562185564443234,-0.3263063066795088
31,K4,DR-SCC,baseline,M3_ENR+time,0.047176026484099576,-0.22350842455097686
31,K4,DR-SCC,baseline,M4_mixed,-0.08365365879898845,-0.3543381098340649
31,K4,DR-SCC,baseline,M5_SVR,-0.1506120307246046,-0.42129648175968104
31,K4,DR-SCC,baseline,M6_SVR+time,0.09608596996948027,-0.17459848106559617
31,K4,FOOOF,raw,M2_ENR,-0.06540047971224472,-0.33608493074732115
31,K4,FOOOF,raw,M3_ENR+time,-0.05080242894735765,-0.3214868799824341
31,K4,FOOOF,raw,M4_mixed,-0.7278490510174367,-0.9985335020525131
31,K4,FOOOF,raw,M5_SVR,-0.10878335311452436,-0.3794678041496008
31,K4,FOOOF,raw,M6_SVR+time,-0.10025384278688221,-0.37093829382195864
31,K4,FOOOF,baseline,M2_ENR,-0.02735574682006159,-0.298040197855138
31,K4,FOOOF,baseline,M3_ENR+time,-0.018194702398926177,-0.2888791534340026
31,K4,FOOOF,baseline,M4_mixed,-0.85304984155257,-1.1237342925876463
31,K4,FOOOF,baseline,M5_SVR,-0.13525523451182409,-0.4059396855469005
31,K4,FOOOF,baseline,M6_SVR+time,0.07606913754179567,-0.19461531349328076
32,K1,DR-SCC,raw,M2_ENR,-0.0377129101274305,-0.34958932603142967
32,K1,DR-SCC,raw,M3_ENR+time,0.032444153966997624,-0.27943226193700155
32,K1,DR-SCC,raw,M4_mixed,0.025381582605323638,-0.28649483329867553
32,K1,DR-SCC,raw,M5_SVR,-0.015095934044242698,-0.32697234994824187
32,K1,DR-SCC,raw,M6_SVR+time,-0.07756260495810574,-0.3894390208621049
32,K1,DR-SCC,baseline,M2_ENR,0.03159445914044201,-0.28028195676355716
32,K1,DR-SCC,baseline,M3_ENR+time,-0.00819543947416368,-0.32007185537816285
32,K1,DR-SCC,baseline,M4_mixed,-0.18924978444988838,-0.5011262003538876
32,K1,DR-SCC,baseline,M5_SVR,-0.12444653892747293,-0.4363229548314721
32,K1,DR-SCC,baseline,M6_SVR+time,-0.13074604687118652,-0.4426224627751857
32,K1,FOOOF,raw,M2_ENR,-0.0394728092173704,-0.35134922512136957
32,K1,FOOOF,raw,M3_ENR+time,-0.12188074281414574,-0.4337571587181449
32,K1,FOOOF,raw,M4_mixed,-0.662125464645611,-0.9740018805496101
32,K1,FOOOF,raw,M5_SVR,-0.10288867502279264,-0.4147650909267918
32,K1,FOOOF,raw,M6_SVR+time,-0.18802663018942334,-0.4999030460934225
32,K1,FOOOF,baseline,M2_ENR,0.0031209794647246714,-0.3087554364392745
32,K1,FOOOF,baseline,M3_ENR+time,-0.03229464463479803,-0.3441710605387972
32,K1,FOOOF,baseline,M4_mixed,-1.5790313015371802,-1.8909077174411792
32,K1,FOOOF,baseline,M5_SVR,-0.10917442961386059,-0.42105084551785976
32,K1,FOOOF,baseline,M6_SVR+time,-0.14894850123724068,-0.46082491714123985
32,K3,DR-SCC,raw,M2_ENR,-0.10880785247277602,-0.4206842683767752
32,K3,DR-SCC,raw,M3_ENR+time,-0.05098763383189264,-0.3628640497358918
32,K3,DR-SCC,raw,M4_mixed,-0.7009760886132788,-1.0128525045172778
32,K3,DR-SCC,raw,M5_SVR,-0.2652093204451813,-0.5770857363491805
32,K3,DR-SCC,raw,M6_SVR+time,-0.22575346095001003,-0.5376298768540092
32,K3,DR-SCC,baseline,M2_ENR,-0.022874488268667337,-0.3347509041726665
32,K3,DR-SCC,baseline,M3_ENR+time,-0.029542718748564845,-0.341419134652564
32,K3,DR-SCC,baseline,M4_mixed,-1.36736032047097,-1.679236736374969
32,K3,DR-SCC,baseline,M5_SVR,-0.18632430017502166,-0.49820071607902083
32,K3,DR-SCC,baseline,M6_SVR+time,-0.14415035625955785,-0.456026772163557
32,K3,FOOOF,raw,M2_ENR,-0.021989705030323492,-0.33386612093432266
32,K3,FOOOF,raw,M3_ENR+time,-0.03772142895143471,-0.3495978448554339
32,K3,FOOOF,raw,M4_mixed,-2.0866651964472847,-2.3985416123512837
32,K3,FOOOF,raw,M5_SVR,-0.17764043529725493,-0.4895168512012541
32,K3,FOOOF,raw,M6_SVR+time,0.06888218234022492,-0.24299423356377425
32,K3,FOOOF,baseline,M2_ENR,-0.09517965461197142,-0.4070560705159706
32,K3,FOOOF,baseline,M3_ENR+time,-0.07543604686900518,-0.38731246277300435
32,K3,FOOOF,baseline,M4_mixed,-1.254980005995689,-1.566856421899688
32,K3,FOOOF,baseline,M5_SVR,-0.20459964444205703,-0.5164760603460562
32,K3,FOOOF,baseline,M6_SVR+time,-0.1163866616222915,-0.42826307752629067
32,K4,DR-SCC,raw,M2_ENR,-0.040441425427039546,-0.3523178413310387
32,K4,DR-SCC,raw,M3_ENR+time,-0.06640549438517285,-0.378281910289172
32,K4,DR-SCC,raw,M4_mixed,-0.48887012975164024,-0.8007465456556394
32,K4,DR-SCC,raw,M5_SVR,-0.1911574628518642,-0.5030338787558634
32,K4,DR-SCC,raw,M6_SVR+time,-0.1270316308071946,-0.43890804671119377
32,K4,DR-SCC,baseline,M2_ENR,-0.26257160469000196,-0.5744480205940011
32,K4,DR-SCC,baseline,M3_ENR+time,-0.23347016595204528,-0.5453465818560445
32,K4,DR-SCC,baseline,M4_mixed,-0.2954635069923961,-0.6073399228963953
32,K4,DR-SCC,baseline,M5_SVR,-0.13939413099489495,-0.4512705468988941
32,K4,DR-SCC,baseline,M6_SVR+time,-0.08047104263187355,-0.3923474585358727
32,K4,FOOOF,raw,M2_ENR,-0.0238310608667327,-0.33570747677073187
32,K4,FOOOF,raw,M3_ENR+time,-0.04318841825009678,-0.35506483415409595
32,K4,FOOOF,raw,M4_mixed,-0.4731575562307988,-0.785033972134798
32,K4,FOOOF,raw,M5_SVR,-0.18165373611585367,-0.49353015201985284
32,K4,FOOOF,raw,M6_SVR+time,-0.0906943452751463,-0.4025707611791455
32,K4,FOOOF,baseline,M2_ENR,-0.07884187735754633,-0.3907182932615455
32,K4,FOOOF,baseline,M3_ENR+time,-0.1027465907036349,-0.41462300660763407
32,K4,FOOOF,baseline,M4_mixed,-2.542958534428605,-2.854834950332604
32,K4,FOOOF,baseline,M5_SVR,-0.19634019142514414,-0.5082166073291433
32,K4,FOOOF,baseline,M6_SVR+time,-0.1152052079828938,-0.42708162388689297
33,K1,DR-SCC,raw,M2_ENR,-0.02151229842508884,-0.1872870665192755
33,K1,DR-SCC,raw,M3_ENR+time,-0.028503839534116393,-0.19427860762830307
33,K1,DR-SCC,raw,M4_mixed,-0.4607646173929554,-0.626539385487142
33,K1,DR-SCC,raw,M5_SVR,-0.11671183876247015,-0.28248660685665683
33,K1,DR-SCC,raw,M6_SVR+time,-0.15185644399655507,-0.31763121209074174
33,K1,DR-SCC,baseline,M2_ENR,-0.03944621944176063,-0.2052209875359473
33,K1,DR-SCC,baseline,M3_ENR+time,-0.028503839534116393,-0.19427860762830307
33,K1,DR-SCC,baseline,M4_mixed,-0.6033780512210349,-0.7691528193152216
33,K1,DR-SCC,baseline,M5_SVR,-0.12321490546529623,-0.2889896735594829
33,K1,DR-SCC,baseline,M6_SVR+time,-0.056624376964894196,-0.22239914505908087
33,K1,FOOOF,raw,M2_ENR,-0.029897492261195202,-0.19567226035538188
33,K1,FOOOF,raw,M3_ENR+time,-0.028503839534116393,-0.19427860762830307
33,K1,FOOOF,raw,M4_mixed,-0.6707848200693345,-0.8365595881635212
33,K1,FOOOF,raw,M5_SVR,-0.10435913936032826,-0.27013390745451493
33,K1,FOOOF,raw,M6_SVR+time,-0.04655587772444192,-0.2123306458186286
33,K1,FOOOF,baseline,M2_ENR,-0.0196444120833974,-0.18541918017758408
33,K1,FOOOF,baseline,M3_ENR+time,-0.028503839534116393,-0.19427860762830307
33,K1,FOOOF,baseline,M4_mixed,-0.49865615501323024,-0.6644309231074169
33,K1,FOOOF,baseline,M5_SVR,-0.0537385818895193,-0.21951334998370597
33,K1,FOOOF,baseline,M6_SVR+time,-0.06675062512411434,-0.232525393218301
33,K3,DR-SCC,raw,M2_ENR,-0.02834037374044529,-0.19411514183463197
33,K3,DR-SCC,raw,M3_ENR+time,-0.028503839534116393,-0.19427860762830307
33,K3,DR-SCC,raw,M4_mixed,-0.31314386803784244,-0.4789186361320291
33,K3,DR-SCC,raw,M5_SVR,-0.2352149827794281,-0.40098975087361477
33,K3,DR-SCC,raw,M6_SVR+time,-0.18905879640452738,-0.35483356449871406
33,K3,DR-SCC,baseline,M2_ENR,-0.02700259713325348,-0.19277736522744016
33,K3,DR-SCC,baseline,M3_ENR+time,-0.028503839534116393,-0.19427860762830307
33,K3,DR-SCC,baseline,M4_mixed,-0.3313421888115178,-0.49711695690570445
33,K3,DR-SCC,baseline,M5_SVR,-0.15649691042972513,-0.3222716785239118
33,K3,DR-SCC,baseline,M6_SVR+time,-0.10311445076912329,-0.26888921886330996
33,K3,FOOOF,raw,M2_ENR,-0.07597623697985556,-0.24175100507404224
33,K3,FOOOF,raw,M3_ENR+time,-0.0446008156164448,-0.21037558371063148
33,K3,FOOOF,raw,M4_mixed,-0.4434441008432506,-0.6092188689374373
33,K3,FOOOF,raw,M5_SVR,-0.1921641007335182,-0.35793886882770487
33,K3,FOOOF,raw,M6_SVR+time,-0.1898509332458569,-0.35562570134004357
33,K3,FOOOF,baseline,M2_ENR,-0.081786724884779,-0.24756149297896568
33,K3,FOOOF,baseline,M3_ENR+time,-0.05894522395458712,-0.2247199920487738
33,K3,FOOOF,baseline,M4_mixed,-2.434793201783074,-2.6005679698772606
33,K3,FOOOF,baseline,M5_SVR,-0.02366069282782224,-0.1894354609220089
33,K3,FOOOF,baseline,M6_SVR+time,-0.07997688792315061,-0.24575165601733728
33,K4,DR-SCC,raw,M2_ENR,-0.08840285309906037,-0.25417762119324705
33,K4,DR-SCC,raw,M3_ENR+time,-0.028503839534116393,-0.19427860762830307
33,K4,DR-SCC,raw,M4_mixed,-0.42680123185550634,-0.592575999949693
33,K4,DR-SCC,raw,M5_SVR,-0.0748509600176761,-0.24062572811186278
33,K4,DR-SCC,raw,M6_SVR+time,0.18574929422246278,0.019974526128276104
33,K4,DR-SCC,baseline,M2_ENR,-0.1174777493773933,-0.28325251747158
33,K4,DR-SCC,baseline,M3_ENR+time,-0.18358578722214314,-0.3493605553163298
33,K4,DR-SCC,baseline,M4_mixed,-0.6524803872650484,-0.8182551553592351
33,K4,DR-SCC,baseline,M5_SVR,-0.1378903155897171,-0.30366508368390377
33,K4,DR-SCC,baseline,M6_SVR+time,0.04661625490904031,-0.11915851318514636
33,K4,FOOOF,raw,M2_ENR,-0.049666482533513356,-0.21544125062770003
33,K4,FOOOF,raw,M3_ENR+time,-0.028503839534116393,-0.19427860762830307
33,K4,FOOOF,raw,M4_mixed,-0.7790437939267205,-0.9448185620209072
33,K4,FOOOF,raw,M5_SVR,-0.09095216728472999,-0.25672693537891667
33,K4,FOOOF,raw,M6_SVR+time,0.005669586009695471,-0.1601051820844912
33,K4,FOOOF,baseline,M2_ENR,-0.10103580150493596,-0.26681056959912264
33,K4,FOOOF,baseline,M3_ENR+time,-0.07018924106719782,-0.2359640091613845
33,K4,FOOOF,baseline,M4_mixed,-0.7878504477157955,-0.9536252158099822
33,K4,FOOOF,baseline,M5_SVR,-0.17190923935999702,-0.3376840074541837
33,K4,FOOOF,baseline,M6_SVR+time,-0.08639288079550189,-0.25216764888968857
34,K1,DR-SCC,raw,M2_ENR,-0.03982178798224556,-0.26295223589113914
34,K1,DR-SCC,raw,M3_ENR+time,-0.04070366551186311,-0.2638341134207567
34,K1,DR-SCC,raw,M4_mixed,-0.5249089428511897,-0.7480393907600833
34,K1,DR-SCC,raw,M5_SVR,-0.019671236025318395,-0.24280168393421198
34,K1,DR-SCC,raw,M6_SVR+time,-0.0328275533723692,-0.2559580012812628
34,K1,DR-SCC,baseline,M2_ENR,-0.033593297751835616,-0.2567237456607292
34,K1,DR-SCC,baseline,M3_ENR+time,-0.04765539447140843,-0.270785842380302
34,K1,DR-SCC,baseline,M4_mixed,-0.08416078168517238,-0.30729122959406596
34,K1,DR-SCC,baseline,M5_SVR,0.04682872931019433,-0.17630171859869925
34,K1,DR-SCC,baseline,M6_SVR+time,0.039087800347764934,-0.18404264756112865
34,K1,FOOOF,raw,M2_ENR,-0.03257812657277914,-0.2557085744816727
34,K1,FOOOF,raw,M3_ENR+time,-0.046505291533194715,-0.2696357394420883
34,K1,FOOOF,raw,M4_mixed,-0.3262091460666605,-0.5493395939755541
34,K1,FOOOF,raw,M5_SVR,0.008739582222956677,-0.2143908656859369
34,K1,FOOOF,raw,M6_SVR+time,0.017244192109647005,-0.20588625579924658
34,K1,FOOOF,baseline,M2_ENR,0.4122848634850367,0.1891544155761431
34,K1,FOOOF,baseline,M3_ENR+time,0.3944284088861004,0.17129796097720684
34,K1,FOOOF,baseline,M4_mixed,0.4385193512346319,0.21538890332573835
34,K1,FOOOF,baseline,M5_SVR,0.21446349010234045,-0.008666957806553133
34,K1,FOOOF,baseline,M6_SVR+time,0.290163703583711,0.06703325567481744
34,K3,DR-SCC,raw,M2_ENR,-0.032587506332746985,-0.25571795424164057
34,K3,DR-SCC,raw,M3_ENR+time,-0.028361335433300106,-0.2514917833421937
34,K3,DR-SCC,raw,M4_mixed,-0.24433481514846767,-0.46746526305736125
34,K3,DR-SCC,raw,M5_SVR,-0.0711941081045031,-0.2943245560133967
34,K3,DR-SCC,raw,M6_SVR+time,-0.08995149957103044,-0.313081947479924
34,K3,DR-SCC,baseline,M2_ENR,-0.0242052694415531,-0.24733571735044668
34,K3,DR-SCC,baseline,M3_ENR+time,-0.026670364782288347,-0.24980081269118193
34,K3,DR-SCC,baseline,M4_mixed,-0.5976916490554527,-0.8208220969643463
34,K3,DR-SCC,baseline,M5_SVR,-0.20714079276631292,-0.4302712406752065
34,K3,DR-SCC,baseline,M6_SVR+time,-0.13151934459830406,-0.35464979250719764
34,K3,FOOOF,raw,M2_ENR,-0.04528925875766965,-0.26841970666656323
34,K3,FOOOF,raw,M3_ENR+time,-0.018264891947426642,-0.24139533985632022
34,K3,FOOOF,raw,M4_mixed,-0.8712387196856466,-1.0943691675945402
34,K3,FOOOF,raw,M5_SVR,-0.08876487275161726,-0.31189532066051084
34,K3,FOOOF,raw,M6_SVR+time,0.0466062356390653,-0.17652421226982828
34,K3,FOOOF,baseline,M2_ENR,-0.05666929372021823,-0.2797997416291118
34,K3,FOOOF,baseline,M3_ENR+time,-0.028623543049438815,-0.2517539909583324
34,K3,FOOOF,baseline,M4_mixed,-0.7265093772917934,-0.949639825200687
34,K3,FOOOF,baseline,M5_SVR,-0.014813953875432384,-0.23794440178432597
34,K3,FOOOF,baseline,M6_SVR+time,0.04273297091707162,-0.18039747699182196
34,K4,DR-SCC,raw,M2_ENR,-0.02527547969169497,-0.24840592760058855
34,K4,DR-SCC,raw,M3_ENR+time,-0.055489635229391654,-0.27862008313828523
34,K4,DR-SCC,raw,M4_mixed,0.09792151691316242,-0.12520893099573116
34,K4,DR-SCC,raw,M5_SVR,0.10251803796002978,-0.1206124099488638
34,K4,DR-SCC,raw,M6_SVR+time,0.13732479461210767,-0.08580565329678591
34,K4,DR-SCC,baseline,M2_ENR,-0.005827252579645892,-0.22895770048853947
34,K4,DR-SCC,baseline,M3_ENR+time,-0.012616886328747023,-0.2357473342376406
34,K4,DR-SCC,baseline,M4_mixed,0.08753903844610156,-0.13559140946279202
34,K4,DR-SCC,baseline,M5_SVR,0.09462330915176509,-0.1285071387571285
34,K4,DR-SCC,baseline,M6_SVR+time,0.202695806997799,-0.020434640911094593
34,K4,FOOOF,raw,M2_ENR,-0.018264891947426642,-0.24139533985632022
34,K4,FOOOF,raw,M3_ENR+time,-0.018264891947426642,-0.24139533985632022
34,K4,FOOOF,raw,M4_mixed,0.013286997738362616,-0.20984345017053097
34,K4,FOOOF,raw,M5_SVR,0.021365937974283655,-0.20176450993460993
34,K4,FOOOF,raw,M6_SVR+time,-0.001173143181200098,-0.22430359109009368
34,K4,FOOOF,baseline,M2_ENR,-0.04523154181192135,-0.26836198972081493
34,K4,FOOOF,baseline,M3_ENR+time,-0.0552282019388064,-0.2783586498477
34,K4,FOOOF,baseline,M4_mixed,-7.114245618549878,-7.337376066458772
34,K4,FOOOF,baseline,M5_SVR,-0.10100998703447539,-0.32414043494336897
34,K4,FOOOF,baseline,M6_SVR+time,0.0949087803888704,-0.12822166752002317
35,K1,DR-SCC,raw,M2_ENR,-0.040102550345401555,-0.3454150099641362
35,K1,DR-SCC,raw,M3_ENR+time,-0.049587215569537824,-0.3548996751882725
35,K1,DR-SCC,raw,M4_mixed,-0.41238713891858203,-0.7176995985373167
35,K1,DR-SCC,raw,M5_SVR,-0.054619224228125596,-0.35993168384686025
35,K1,DR-SCC,raw,M6_SVR+time,-0.10835899172986219,-0.41367145134859684
35,K1,DR-SCC,baseline,M2_ENR,-0.18889705101459442,-0.4942095106333291
35,K1,DR-SCC,baseline,M3_ENR+time,-0.09524332562109428,-0.40055578523982893
35,K1,DR-SCC,baseline,M4_mixed,-0.26196186317271897,-0.5672743227914536
35,K1,DR-SCC,baseline,M5_SVR,-0.07722073195760837,-0.382533191576343
35,K1,DR-SCC,baseline,M6_SVR+time,-0.14207621175815066,-0.4473886713768853
35,K1,FOOOF,raw,M2_ENR,-0.03223964147063363,-0.3375521010893683
35,K1,FOOOF,raw,M3_ENR+time,-0.027829764458440875,-0.33314222407717553
35,K1,FOOOF,raw,M4_mixed,-0.5075940445526914,-0.8129065041714261
35,K1,FOOOF,raw,M5_SVR,-0.09517439391207638,-0.40048685353081104
35,K1,FOOOF,raw,M6_SVR+time,-0.16815035573439774,-0.4734628153531324
35,K1,FOOOF,baseline,M2_ENR,-0.13643284068981787,-0.4417453003085525
35,K1,FOOOF,baseline,M3_ENR+time,0.0472529770747685,-0.25805948254396616
35,K1,FOOOF,baseline,M4_mixed,-0.980737749754071,-1.2860502093728057
35,K1,FOOOF,baseline,M5_SVR,-0.11798831108867214,-0.4233007707074068
35,K1,FOOOF,baseline,M6_SVR+time,-0.06928635191345123,-0.3745988115321859
35,K3,DR-SCC,raw,M2_ENR,-0.020004489916053636,-0.3253169495347883
35,K3,DR-SCC,raw,M3_ENR+time,-0.0592539179051601,-0.36456637752389476
35,K3,DR-SCC,raw,M4_mixed,-0.4966931613611425,-0.8020056209798772
35,K3,DR-SCC,raw,M5_SVR,-0.0004500636639837019,-0.30576252328271836
35,K3,DR-SCC,raw,M6_SVR+time,-0.07663435722318668,-0.38194681684192133
35,K3,DR-SCC,baseline,M2_ENR,-0.08573492988512976,-0.3910473895038644
35,K3,DR-SCC,baseline,M3_ENR+time,-0.09027603354275016,-0.3955884931614848
35,K3,DR-SCC,baseline,M4_mixed,-0.2993290637385988,-0.6046415233573335
35,K3,DR-SCC,baseline,M5_SVR,-0.09716301403152738,-0.40247547365026204
35,K3,DR-SCC,baseline,M6_SVR+time,-0.14994428142077298,-0.45525674103950764
35,K3,FOOOF,raw,M2_ENR,-0.05126632314071111,-0.35657878275944577
35,K3,FOOOF,raw,M3_ENR+time,-0.09255345242933388,-0.39786591204806854
35,K3,FOOOF,raw,M4_mixed,-0.7304292545215019,-1.0357417141402365
35,K3,FOOOF,raw,M5_SVR,-0.1128173791175231,-0.41812983873625775
35,K3,FOOOF,raw,M6_SVR+time,-0.06853377753906864,-0.3738462371578033
35,K3,FOOOF,baseline,M2_ENR,-0.6843850155613131,-0.9896974751800478
35,K3,FOOOF,baseline,M3_ENR+time,-0.38761832039440347,-0.6929307800131381
35,K3,FOOOF,baseline,M4_mixed,-0.9836705291544314,-1.288982988773166
35,K3,FOOOF,baseline,M5_SVR,0.05954139696169514,-0.24577106265703952
35,K3,FOOOF,baseline,M6_SVR+time,0.01877297844283987,-0.2865394811758948
35,K4,DR-SCC,raw,M2_ENR,-0.06231844700055311,-0.36763090661928777
35,K4,DR-SCC,raw,M3_ENR+time,-0.049818388763407606,-0.35513084838214226
35,K4,DR-SCC,raw,M4_mixed,-0.39199576874816167,-0.6973082283668963
35,K4,DR-SCC,raw,M5_SVR,-0.12143199685191619,-0.42674445647065085
35,K4,DR-SCC,raw,M6_SVR+time,-0.07487097863024572,-0.3801834382489804
35,K4,DR-SCC,baseline,M2_ENR,-0.04778733289183301,-0.35309979251056767
35,K4,DR-SCC,baseline,M3_ENR+time,-0.06925567671320465,-0.3745681363319393
35,K4,DR-SCC,baseline,M4_mixed,-1.1488589924729675,-1.4541714520917022
35,K4,DR-SCC,baseline,M5_SVR,-0.14427092909631511,-0.44958338871504977
35,K4,DR-SCC,baseline,M6_SVR+time,-0.16226592801704687,-0.4675783876357815
35,K4,FOOOF,raw,M2_ENR,0.14767615995854821,-0.15763629966018644
35,K4,FOOOF,raw,M3_ENR+time,0.1356052129316757,-0.16970724668705894
35,K4,FOOOF,raw,M4_mixed,-0.061072642133769506,-0.36638510175250416
35,K4,FOOOF,raw,M5_SVR,0.009187919358060959,-0.2961245402606737
35,K4,FOOOF,raw,M6_SVR+time,-0.03431539235332948,-0.33962785197206413
35,K4,FOOOF,baseline,M2_ENR,-0.04196478217916644,-0.3472772417979011
35,K4,FOOOF,baseline,M3_ENR+time,-0.060489378290845774,-0.36580183790958043
35,K4,FOOOF,baseline,M4_mixed,-1.0189680571426067,-1.3242805167613414
35,K4,FOOOF,baseline,M5_SVR,-0.03351835536407277,-0.3388308149828074
35,K4,FOOOF,baseline,M6_SVR+time,0.10712133580802186,-0.1981911238107128
36,K1,DR-SCC,raw,M2_ENR,-0.06437630576173348,-0.3146071109940599
36,K1,DR-SCC,raw,M3_ENR+time,-0.056041223557647735,-0.30627202878997417
36,K1,DR-SCC,raw,M4_mixed,-0.35539094001017135,-0.6056217452424978
36,K1,DR-SCC,raw,M5_SVR,-0.15232242548324026,-0.4025532307155667
36,K1,DR-SCC,raw,M6_SVR+time,-0.15041034250568286,-0.4006411477380093
36,K1,DR-SCC,baseline,M2_ENR,-0.037273975230076806,-0.28750478046240324
36,K1,DR-SCC,baseline,M3_ENR+time,-0.023516323964819286,-0.2737471291971457
36,K1,DR-SCC,baseline,M4_mixed,-0.1979615513801256,-0.44819235661245205
36,K1,DR-SCC,baseline,M5_SVR,-0.13239230213418796,-0.3826231073665144
36,K1,DR-SCC,baseline,M6_SVR+time,-0.0875786181259286,-0.33780942335825503
36,K1,FOOOF,raw,M2_ENR,-0.06508638051648985,-0.3153171857488163
36,K1,FOOOF,raw,M3_ENR+time,-0.047172839181806925,-0.29740364441413336
36,K1,FOOOF,raw,M4_mixed,0.06146143371112367,-0.18876937152120277
36,K1,FOOOF,raw,M5_SVR,-0.11404132478639517,-0.3642721300187216
36,K1,FOOOF,raw,M6_SVR+time,-0.03968371124567782,-0.28991451647800426
36,K1,FOOOF,baseline,M2_ENR,0.10010777715555286,-0.15012302807677358
36,K1,FOOOF,baseline,M3_ENR+time,0.0907629991290978,-0.15946780610322864
36,K1,FOOOF,baseline,M4_mixed,-0.4489280718925135,-0.6991588771248399
36,K1,FOOOF,baseline,M5_SVR,-0.005896834652501237,-0.2561276398848277
36,K1,FOOOF,baseline,M6_SVR+time,0.04709535286044919,-0.20313545237187725
36,K3,DR-SCC,raw,M2_ENR,-0.039702194647605715,-0.28993299987993215
36,K3,DR-SCC,raw,M3_ENR+time,-0.0343056590832147,-0.28453646431554114
36,K3,DR-SCC,raw,M4_mixed,-0.8660600305079189,-1.1162908357402452
36,K3,DR-SCC,raw,M5_SVR,-0.09924816962268324,-0.34947897485500967
36,K3,DR-SCC,raw,M6_SVR+time,0.09128248319391241,-0.15894832203841402
36,K3,DR-SCC,baseline,M2_ENR,-0.0707171249464098,-0.32094793017873624
36,K3,DR-SCC,baseline,M3_ENR+time,0.005953267251310734,-0.2442775379810157
36,K3,DR-SCC,baseline,M4_mixed,-1.3015555335846045,-1.5517863388169308
36,K3,DR-SCC,baseline,M5_SVR,-0.1375424641964893,-0.38777326942881574
36,K3,DR-SCC,baseline,M6_SVR+time,-0.11800130989171453,-0.36823211512404097
36,K3,FOOOF,raw,M2_ENR,0.004205098400215768,-0.24602570683211067
36,K3,FOOOF,raw,M3_ENR+time,-0.03293516376738426,-0.2831659689997107
36,K3,FOOOF,raw,M4_mixed,-0.4646347196961971,-0.7148655249285235
36,K3,FOOOF,raw,M5_SVR,-0.10680402022521407,-0.3570348254575405
36,K3,FOOOF,raw,M6_SVR+time,-0.17896570988261473,-0.42919651511494117
36,K3,FOOOF,baseline,M2_ENR,-0.06633592558166401,-0.31656673081399045
36,K3,FOOOF,baseline,M3_ENR+time,-0.23587240285413413,-0.48610320808646057
36,K3,FOOOF,baseline,M4_mixed,-0.9152411984998363,-1.1654720037321629
36,K3,FOOOF,baseline,M5_SVR,0.013125218219324997,-0.23710558701300144
36,K3,FOOOF,baseline,M6_SVR+time,0.018626609532350624,-0.2316041956999758
36,K4,DR-SCC,raw,M2_ENR,-0.0942814248382231,-0.34451223007054954
36,K4,DR-SCC,raw,M3_ENR+time,-0.12475342632483,-0.37498423155715643
36,K4,DR-SCC,raw,M4_mixed,-0.08829682822468943,-0.33852763345701586
36,K4,DR-SCC,raw,M5_SVR,-0.11203871129872667,-0.3622695165310531
36,K4,DR-SCC,raw,M6_SVR+time,-0.065235333602786,-0.31546613883511243
36,K4,DR-SCC,baseline,M2_ENR,-0.06031662052573905,-0.3105474257580655
36,K4,DR-SCC,baseline,M3_ENR+time,-0.024030693063154862,-0.2742614982954813
36,K4,DR-SCC,baseline,M4_mixed,-0.41422443452177315,-0.6644552397540996
36,K4,DR-SCC,baseline,M5_SVR,-0.059969259155535415,-0.31020006438786185
36,K4,DR-SCC,baseline,M6_SVR+time,0.020110354783535844,-0.2301204504487906
36,K4,FOOOF,raw,M2_ENR,-0.07971064470687694,-0.3299414499392034
36,K4,FOOOF,raw,M3_ENR+time,0.07229111455883908,-0.17793969067348736
36,K4,FOOOF,raw,M4_mixed,-0.190343380553039,-0.44057418578536545
36,K4,FOOOF,raw,M5_SVR,0.05834303505643268,-0.19188777017589376
36,K4,FOOOF,raw,M6_SVR+time,0.03964992280099877,-0.21058088243132767
36,K4,FOOOF,baseline,M2_ENR,-0.08832107498192188,-0.3385518802142483
36,K4,FOOOF,baseline,M3_ENR+time,-0.06961960815168111,-0.31985041338400755
36,K4,FOOOF,baseline,M4_mixed,-9.211361482860196,-9.461592288092524
36,K4,FOOOF,baseline,M5_SVR,0.025293496254872982,-0.22493730897745345
36,K4,FOOOF,baseline,M6_SVR+time,0.06779363562257867,-0.18243716960974776
37,K1,DR-SCC,raw,M2_ENR,-0.04369910346265082,-0.3473423819849367
37,K1,DR-SCC,raw,M3_ENR+time,-0.03259608422316784,-0.33623936274545374
37,K1,DR-SCC,raw,M4_mixed,-0.49578645173187974,-0.7994297302541656
37,K1,DR-SCC,raw,M5_SVR,-0.09910941272236196,-0.40275269124464785
37,K1,DR-SCC,raw,M6_SVR+time,-0.05154379226489292,-0.3551870707871788
37,K1,DR-SCC,baseline,M2_ENR,-0.04294768541086502,-0.3465909639331509
37,K1,DR-SCC,baseline,M3_ENR+time,-0.024291302948874494,-0.3279345814711604
37,K1,DR-SCC,baseline,M4_mixed,-0.3394366323564122,-0.6430799108786981
37,K1,DR-SCC,baseline,M5_SVR,-0.17740251169788834,-0.48104579022017424
37,K1,DR-SCC,baseline,M6_SVR+time,-0.01897981595832965,-0.32262309448061555
37,K1,FOOOF,raw,M2_ENR,-0.19670974373166494,-0.5003530222539508
37,K1,FOOOF,raw,M3_ENR+time,-0.05299893118032539,-0.3566422097026113
37,K1,FOOOF,raw,M4_mixed,-0.8734778159957106,-1.1771210945179966
37,K1,FOOOF,raw,M5_SVR,-0.1464683977384238,-0.4501116762607097
37,K1,FOOOF,raw,M6_SVR+time,-0.08271784123440318,-0.3863611197566891
37,K1,FOOOF,baseline,M2_ENR,-0.4996770261366501,-0.803320304658936
37,K1,FOOOF,baseline,M3_ENR+time,-0.00320662040820352,-0.3068498989304894
37,K1,FOOOF,baseline,M4_mixed,-0.771622995219158,-1.0752662737414438
37,K1,FOOOF,baseline,M5_SVR,-0.08113379750496397,-0.38477707602724986
37,K1,FOOOF,baseline,M6_SVR+time,-0.017643316916026608,-0.3212865954383125
37,K3,DR-SCC,raw,M2_ENR,-0.04526331993901045,-0.34890659846129635
37,K3,DR-SCC,raw,M3_ENR+time,-0.0631875390028509,-0.3668308175251368
37,K3,DR-SCC,raw,M4_mixed,-0.2560373785354324,-0.5596806570577183
37,K3,DR-SCC,raw,M5_SVR,-0.14485554562682434,-0.44849882414911024
37,K3,DR-SCC,raw,M6_SVR+time,-0.14823510091950043,-0.4518783794417863
37,K3,DR-SCC,baseline,M2_ENR,-0.1302815778973232,-0.4339248564196091
37,K3,DR-SCC,baseline,M3_ENR+time,-0.13011541232921942,-0.4337586908515053
37,K3,DR-SCC,baseline,M4_mixed,-0.6640709037429777,-0.9677141822652636
37,K3,DR-SCC,baseline,M5_SVR,-0.11543196386069354,-0.41907524238297944
37,K3,DR-SCC,baseline,M6_SVR+time,-0.09479619306080211,-0.398439471583088
37,K3,FOOOF,raw,M2_ENR,-0.05096579770130227,-0.35460907622358817
37,K3,FOOOF,raw,M3_ENR+time,-0.03977056575449467,-0.34341384427678057
37,K3,FOOOF,raw,M4_mixed,-0.42901704910865046,-0.7326603276309364
37,K3,FOOOF,raw,M5_SVR,-0.1480808511177949,-0.4517241296400808
37,K3,FOOOF,raw,M6_SVR+time,0.08918165115649979,-0.2144616273657861
37,K3,FOOOF,baseline,M2_ENR,-0.049659204965893045,-0.35330248348817894
37,K3,FOOOF,baseline,M3_ENR+time,-0.09560802829474868,-0.3992513068170346
37,K3,FOOOF,baseline,M4_mixed,-0.12198509064709318,-0.4256283691693791
37,K3,FOOOF,baseline,M5_SVR,-0.04108916210968361,-0.3447324406319695
37,K3,FOOOF,baseline,M6_SVR+time,0.013049863277223905,-0.290593415245062
37,K4,DR-SCC,raw,M2_ENR,-0.08250751533140144,-0.38615079385368734
37,K4,DR-SCC,raw,M3_ENR+time,-0.05332378291738182,-0.3569670614396677
37,K4,DR-SCC,raw,M4_mixed,-0.16571909273691166,-0.46936237125919755
37,K4,DR-SCC,raw,M5_SVR,-0.07590446502708903,-0.3795477435493749
37,K4,DR-SCC,raw,M6_SVR+time,0.008021292168024718,-0.2956219863542612
37,K4,DR-SCC,baseline,M2_ENR,-0.13945956342979904,-0.44310284195208494
37,K4,DR-SCC,baseline,M3_ENR+time,-0.11394538569621293,-0.41758866421849883
37,K4,DR-SCC,baseline,M4_mixed,-1.5783233497221092,-1.881966628244395
37,K4,DR-SCC,baseline,M5_SVR,-0.13143317837863022,-0.4350764569009161
37,K4,DR-SCC,baseline,M6_SVR+time,-0.09058621768378994,-0.39422949620607584
37,K4,FOOOF,raw,M2_ENR,-0.032275744802705786,-0.3359190233249917
37,K4,FOOOF,raw,M3_ENR+time,-0.0011334602370747238,-0.3047767387593606
37,K4,FOOOF,raw,M4_mixed,0.0033855677618751523,-0.30025771076041075
37,K4,FOOOF,raw,M5_SVR,-0.0756145964936239,-0.3792578750159098
37,K4,FOOOF,raw,M6_SVR+time,0.07214352267984281,-0.2314997558424431
37,K4,FOOOF,baseline,M2_ENR,-0.028195393453321893,-0.3318386719756078
37,K4,FOOOF,baseline,M3_ENR+time,-0.03753467285970835,-0.34117795138199425
37,K4,FOOOF,baseline,M4_mixed,-0.28900701884929303,-0.5926502973715789
37,K4,FOOOF,baseline,M5_SVR,0.025552623506655214,-0.2780906550156307
37,K4,FOOOF,baseline,M6_SVR+time,-0.002103054454533071,-0.30574633297681897
38,K1,DR-SCC,raw,M2_ENR,-0.16373572721966112,-0.44858766754098334
38,K1,DR-SCC,raw,M3_ENR+time,-0.09014867723210429,-0.3750006175534265
38,K1,DR-SCC,raw,M4_mixed,-0.030074243450651794,-0.314926183771974
38,K1,DR-SCC,raw,M5_SVR,-0.01601954807513617,-0.3008714883964584
38,K1,DR-SCC,raw,M6_SVR+time,-0.11061919779780816,-0.39547113811913037
38,K1,DR-SCC,baseline,M2_ENR,-0.18955448996407398,-0.4744064302853962
38,K1,DR-SCC,baseline,M3_ENR+time,-0.15646915528879535,-0.44132109561011756
38,K1,DR-SCC,baseline,M4_mixed,-0.07410836805923049,-0.3589603083805527
38,K1,DR-SCC,baseline,M5_SVR,-0.22161480047283932,-0.5064667407941615
38,K1,DR-SCC,baseline,M6_SVR+time,-0.30575888064381296,-0.5906108209651352
38,K1,FOOOF,raw,M2_ENR,-0.026503089382434064,-0.3113550297037563
38,K1,FOOOF,raw,M3_ENR+time,-0.017589693510318805,-0.302441633831641
38,K1,FOOOF,raw,M4_mixed,-0.42704944412218016,-0.7119013844435024
38,K1,FOOOF,raw,M5_SVR,-0.0390649855432843,-0.3239169258646065
38,K1,FOOOF,raw,M6_SVR+time,-0.035765469922845794,-0.320617410244168
38,K1,FOOOF,baseline,M2_ENR,-0.07908816941834051,-0.36394010973966273
38,K1,FOOOF,baseline,M3_ENR+time,0.05182877353136728,-0.23302316678995494
38,K1,FOOOF,baseline,M4_mixed,-0.3845319407271146,-0.6693838810484368
38,K1,FOOOF,baseline,M5_SVR,0.11990953533708437,-0.16494240498423784
38,K1,FOOOF,baseline,M6_SVR+time,0.005178970985688869,-0.27967296933563335
38,K3,DR-SCC,raw,M2_ENR,-0.02674386641120363,-0.31159580673252585
38,K3,DR-SCC,raw,M3_ENR+time,-0.014552091083597896,-0.2994040314049201
38,K3,DR-SCC,raw,M4_mixed,-0.8472137522572063,-1.1320656925785286
38,K3,DR-SCC,raw,M5_SVR,-0.10378971431038297,-0.3886416546317052
38,K3,DR-SCC,raw,M6_SVR+time,-0.11710987697923314,-0.40196181730055536
38,K3,DR-SCC,baseline,M2_ENR,-0.19159448656490263,-0.47644642688622485
38,K3,DR-SCC,baseline,M3_ENR+time,-0.01927536717275835,-0.30412730749408057
38,K3,DR-SCC,baseline,M4_mixed,-1.6753745611943294,-1.9602265015156517
38,K3,DR-SCC,baseline,M5_SVR,-0.37583761665340876,-0.660689556974731
38,K3,DR-SCC,baseline,M6_SVR+time,-0.15079630948563416,-0.4356482498069564
38,K3,FOOOF,raw,M2_ENR,-0.019967894407137754,-0.30481983472845997
38,K3,FOOOF,raw,M3_ENR+time,-0.04736529922292476,-0.332217239544247
38,K3,FOOOF,raw,M4_mixed,-0.6551614750605292,-0.9400134153818515
38,K3,FOOOF,raw,M5_SVR,-0.12705613709308627,-0.4119080774144085
38,K3,FOOOF,raw,M6_SVR+time,-0.19290438379492603,-0.47775632411624824
38,K3,FOOOF,baseline,M2_ENR,0.0037594687875542876,-0.28109247153376793
38,K3,FOOOF,baseline,M3_ENR+time,-0.007370809219934049,-0.29222274954125627
38,K3,FOOOF,baseline,M4_mixed,-1.6283173476127777,-1.9131692879341
38,K3,FOOOF,baseline,M5_SVR,-0.11596426339058863,-0.40081620371191085
38,K3,FOOOF,baseline,M6_SVR+time,-0.07962165864419468,-0.3644735989655169
38,K4,DR-SCC,raw,M2_ENR,-0.046409192402783184,-0.3312611327241054
38,K4,DR-SCC,raw,M3_ENR+time,-0.016669488241491948,-0.30152142856281416
38,K4,DR-SCC,raw,M4_mixed,-0.46275195559565074,-0.747603895916973
38,K4,DR-SCC,raw,M5_SVR,-0.11122439923009675,-0.39607633955141897
38,K4,DR-SCC,raw,M6_SVR+time,-0.06834290189321246,-0.3531948422145347
38,K4,DR-SCC,baseline,M2_ENR,-0.08999642713209344,-0.37484836745341565
38,K4,DR-SCC,baseline,M3_ENR+time,-0.04124903452817641,-0.3261009748494986
38,K4,DR-SCC,baseline,M4_mixed,-0.7208092928819609,-1.0056612332032833
38,K4,DR-SCC,baseline,M5_SVR,-0.0424504140241706,-0.3273023543454928
38,K4,DR-SCC,baseline,M6_SVR+time,0.0433191962789683,-0.24153274404235392
38,K4,FOOOF,raw,M2_ENR,-0.08063315161987394,-0.36548509194119616
38,K4,FOOOF,raw,M3_ENR+time,-0.0809540054454001,-0.3658059457667223
38,K4,FOOOF,raw,M4_mixed,-0.3408627500830974,-0.6257146904044196
38,K4,FOOOF,raw,M5_SVR,0.04695451840328013,-0.23789742191804208
38,K4,FOOOF,raw,M6_SVR+time,0.06464761251905804,-0.22020432780226418
38,K4,FOOOF,baseline,M2_ENR,-0.04301172862383118,-0.3278636689451534
38,K4,FOOOF,baseline,M3_ENR+time,-0.018817740509856185,-0.3036696808311784
38,K4,FOOOF,baseline,M4_mixed,-3.8518990854756137,-4.1367510257969355
38,K4,FOOOF,baseline,M5_SVR,-0.07497534477488577,-0.359827285096208
38,K4,FOOOF,baseline,M6_SVR+time,-0.13768759616144322,-0.42253953648276543
39,K1,DR-SCC,raw,M2_ENR,-0.021797020439114467,-0.3396351057173015
39,K1,DR-SCC,raw,M3_ENR+time,0.07752386730262473,-0.2403142179755623
39,K1,DR-SCC,raw,M4_mixed,-0.4306700083583517,-0.7485080936365387
39,K1,DR-SCC,raw,M5_SVR,-0.028621363316542858,-0.3464594485947299
39,K1,DR-SCC,raw,M6_SVR+time,0.2522206520371617,-0.06561743324102531
39,K1,DR-SCC,baseline,M2_ENR,-0.11643774502820592,-0.43427583030639294
39,K1,DR-SCC,baseline,M3_ENR+time,0.03759941340429962,-0.2802386718738874
39,K1,DR-SCC,baseline,M4_mixed,-0.4023611352644658,-0.7201992205426528
39,K1,DR-SCC,baseline,M5_SVR,-0.13089769184559907,-0.4487357771237861
39,K1,DR-SCC,baseline,M6_SVR+time,-0.06276717106826135,-0.3806052563464484
39,K1,FOOOF,raw,M2_ENR,-0.019509566991532612,-0.33734765226971963
39,K1,FOOOF,raw,M3_ENR+time,0.07849822253182048,-0.23933986274636654
39,K1,FOOOF,raw,M4_mixed,-0.6752512037622831,-0.9930892890404701
39,K1,FOOOF,raw,M5_SVR,-0.15143467819721224,-0.46927276347539926
39,K1,FOOOF,raw,M6_SVR+time,-0.017207483463574036,-0.33504556874176106
39,K1,FOOOF,baseline,M2_ENR,-0.05695674293465003,-0.37479482821283705
39,K1,FOOOF,baseline,M3_ENR+time,0.0481086808567075,-0.2697294044214795
39,K1,FOOOF,baseline,M4_mixed,-0.47645014156398524,-0.7942882268421723
39,K1,FOOOF,baseline,M5_SVR,-0.13818329874052493,-0.45602138401871195
39,K1,FOOOF,baseline,M6_SVR+time,0.04959388906854478,-0.26824419620964224
39,K3,DR-SCC,raw,M2_ENR,-0.04607685930138694,-0.36391494457957396
39,K3,DR-SCC,raw,M3_ENR+time,0.11599320294840165,-0.20184488232978537
39,K3,DR-SCC,raw,M4_mixed,-0.5666199082617589,-0.8844579935399459
39,K3,DR-SCC,raw,M5_SVR,-0.028341849539530894,-0.3461799348177179
39,K3,DR-SCC,raw,M6_SVR+time,0.2923152225300836,-0.025522862748103448
39,K3,DR-SCC,baseline,M2_ENR,-0.05799282452601684,-0.37583090980420386
39,K3,DR-SCC,baseline,M3_ENR+time,0.15674675739078014,-0.16109132788740688
39,K3,DR-SCC,baseline,M4_mixed,0.08171192299658148,-0.23612616228160554
39,K3,DR-SCC,baseline,M5_SVR,0.015547000297056246,-0.3022910849811308
39,K3,DR-SCC,baseline,M6_SVR+time,0.2468634278841404,-0.07097465739404663
39,K3,FOOOF,raw,M2_ENR,-0.019509566991532612,-0.33734765226971963
39,K3,FOOOF,raw,M3_ENR+time,0.0926134281578862,-0.22522465712030082
39,K3,FOOOF,raw,M4_mixed,-0.3352215579605471,-0.6530596432387341
39,K3,FOOOF,raw,M5_SVR,0.06931116449549424,-0.24852692078269278
39,K3,FOOOF,raw,M6_SVR+time,0.26307054041257416,-0.05476754486561286
39,K3,FOOOF,baseline,M2_ENR,0.11296879888100109,-0.20486928639718593
39,K3,FOOOF,baseline,M3_ENR+time,0.25924553551005947,-0.058592549768127555
39,K3,FOOOF,baseline,M4_mixed,0.24316852980189219,-0.07466955547629484
39,K3,FOOOF,baseline,M5_SVR,0.05312904709380828,-0.26470903818437874
39,K3,FOOOF,baseline,M6_SVR+time,0.18551919209355716,-0.13231889318462986
39,K4,DR-SCC,raw,M2_ENR,0.015281335238667704,-0.3025567500395193
39,K4,DR-SCC,raw,M3_ENR+time,0.25621697299171065,-0.061621112286476376
39,K4,DR-SCC,raw,M4_mixed,0.2636535801853266,-0.054184505092860435
39,K4,DR-SCC,raw,M5_SVR,-0.012493158211971833,-0.33033124349015885
39,K4,DR-SCC,raw,M6_SVR+time,0.277839767281471,-0.03999831799671605
39,K4,DR-SCC,baseline,M2_ENR,0.29029995846807655,-0.027538126810110475
39,K4,DR-SCC,baseline,M3_ENR+time,0.24521323365250813,-0.07262485162567889
39,K4,DR-SCC,baseline,M4_mixed,0.21427038746695382,-0.1035676978112332
39,K4,DR-SCC,baseline,M5_SVR,-0.13416414496705986,-0.4520022302452469
39,K4,DR-SCC,baseline,M6_SVR+time,0.24594337455543214,-0.07189471072275488
39,K4,FOOOF,raw,M2_ENR,0.0038062850971564144,-0.3140318001810306
39,K4,FOOOF,raw,M3_ENR+time,0.0833172579684478,-0.23452082730973922
39,K4,FOOOF,raw,M4_mixed,0.051645574807735906,-0.2661925104704511
39,K4,FOOOF,raw,M5_SVR,-0.04836234813976881,-0.36620043341795583
39,K4,FOOOF,raw,M6_SVR+time,0.042626718811907605,-0.2752113664662794
39,K4,FOOOF,baseline,M2_ENR,0.19791110340673468,-0.11992698187145234
39,K4,FOOOF,baseline,M3_ENR+time,0.2644499028800885,-0.053388182398098505
39,K4,FOOOF,baseline,M4_mixed,0.09506923331636463,-0.2227688519618224
39,K4,FOOOF,baseline,M5_SVR,0.24089717860804127,-0.07694090667014575
39,K4,FOOOF,baseline,M6_SVR+time,0.26836543770722443,-0.04947264757096259
40,K1,DR-SCC,raw,M2_ENR,-0.024666174359581516,-0.22974701740747439
40,K1,DR-SCC,raw,M3_ENR+time,-0.025186214360018333,-0.2302670574079112
40,K1,DR-SCC,raw,M4_mixed,-0.6304936543611714,-0.8355744974090643
40,K1,DR-SCC,raw,M5_SVR,-0.11366416797717105,-0.3187450110250639
40,K1,DR-SCC,raw,M6_SVR+time,-0.1850911746938677,-0.3901720177417606
40,K1,DR-SCC,baseline,M2_ENR,-0.08986224546158184,-0.2949430885094747
40,K1,DR-SCC,baseline,M3_ENR+time,-0.02559709484231587,-0.23067793789020874
40,K1,DR-SCC,baseline,M4_mixed,-0.8406241303623809,-1.045704973410274
40,K1,DR-SCC,baseline,M5_SVR,-0.17058593061349825,-0.3756667736613911
40,K1,DR-SCC,baseline,M6_SVR+time,-0.19023824877096507,-0.39531909181885794
40,K1,FOOOF,raw,M2_ENR,-0.03954057904438346,-0.24462142209227633
40,K1,FOOOF,raw,M3_ENR+time,-0.037411994936693116,-0.24249283798458598
40,K1,FOOOF,raw,M4_mixed,-0.44880127976611695,-0.6538821228140098
40,K1,FOOOF,raw,M5_SVR,-0.1897702657896403,-0.39485110883753316
40,K1,FOOOF,raw,M6_SVR+time,-0.17668367917696304,-0.3817645222248559
40,K1,FOOOF,baseline,M2_ENR,-0.10974658951613914,-0.314827432564032
40,K1,FOOOF,baseline,M3_ENR+time,-0.10936205411565747,-0.31444289716355034
40,K1,FOOOF,baseline,M4_mixed,-0.6480125046167393,-0.8530933476646322
40,K1,FOOOF,baseline,M5_SVR,-0.18355482035680715,-0.3886356634047
40,K1,FOOOF,baseline,M6_SVR+time,-0.16702044033761698,-0.37210128338550985
40,K3,DR-SCC,raw,M2_ENR,-0.04071829048663855,-0.24579913353453142
40,K3,DR-SCC,raw,M3_ENR+time,-0.034105089921462106,-0.23918593296935498
40,K3,DR-SCC,raw,M4_mixed,-0.015130977800530632,-0.2202118208484235
40,K3,DR-SCC,raw,M5_SVR,0.004059073404915625,-0.20102176964297724
40,K3,DR-SCC,raw,M6_SVR+time,0.0965104309771736,-0.10857041207071927
40,K3,DR-SCC,baseline,M2_ENR,-0.14674283738689842,-0.3518236804347913
40,K3,DR-SCC,baseline,M3_ENR+time,-0.06781300879971908,-0.27289385184761195
40,K3,DR-SCC,baseline,M4_mixed,-0.27819924289338194,-0.4832800859412748
40,K3,DR-SCC,baseline,M5_SVR,-0.17051603254103842,-0.3755968755889313
40,K3,DR-SCC,baseline,M6_SVR+time,-0.050926497622834965,-0.25600734067072783
40,K3,FOOOF,raw,M2_ENR,-0.06408925321748438,-0.26917009626537725
40,K3,FOOOF,raw,M3_ENR+time,-0.041872750327969,-0.24695359337586187
40,K3,FOOOF,raw,M4_mixed,-0.1414042492181291,-0.346485092266022
40,K3,FOOOF,raw,M5_SVR,-0.10983545682291362,-0.3149162998708065
40,K3,FOOOF,raw,M6_SVR+time,-0.0436324296623829,-0.24871327271027577
40,K3,FOOOF,baseline,M2_ENR,-0.01646197005458805,-0.22154281310248092
40,K3,FOOOF,baseline,M3_ENR+time,-0.011424961538274436,-0.2165058045861673
40,K3,FOOOF,baseline,M4_mixed,-1.4084403333191204,-1.6135211763670134
40,K3,FOOOF,baseline,M5_SVR,0.030165483187200137,-0.17491535986069273
40,K3,FOOOF,baseline,M6_SVR+time,0.16167489696131454,-0.04340594608657833
40,K4,DR-SCC,raw,M2_ENR,-0.054860892571065856,-0.2599417356189587
40,K4,DR-SCC,raw,M3_ENR+time,-0.025339077368791374,-0.23041992041668424
40,K4,DR-SCC,raw,M4_mixed,-0.36188291997095945,-0.5669637630188523
40,K4,DR-SCC,raw,M5_SVR,-0.1452007065307528,-0.35028154957864566
40,K4,DR-SCC,raw,M6_SVR+time,-0.16734425042990786,-0.37242509347780073
40,K4,DR-SCC,baseline,M2_ENR,-0.056373459105783175,-0.26145430215367604
40,K4,DR-SCC,baseline,M3_ENR+time,-0.0376949510002218,-0.24277579404811467
40,K4,DR-SCC,baseline,M4_mixed,-0.9430654559424609,-1.148146298990354
40,K4,DR-SCC,baseline,M5_SVR,-0.1293591769226965,-0.33444001997058936
40,K4,DR-SCC,baseline,M6_SVR+time,-0.13815291147442266,-0.3432337545223155
40,K4,FOOOF,raw,M2_ENR,-0.02559709484231587,-0.23067793789020874
40,K4,FOOOF,raw,M3_ENR+time,-0.02559709484231587,-0.23067793789020874
40,K4,FOOOF,raw,M4_mixed,-0.3981396391613039,-0.6032204822091968
40,K4,FOOOF,raw,M5_SVR,-0.25203450582502085,-0.4571153488729137
40,K4,FOOOF,raw,M6_SVR+time,-0.22513667529195014,-0.430217518339843
40,K4,FOOOF,baseline,M2_ENR,-0.03864266199373323,-0.2437235050416261
40,K4,FOOOF,baseline,M3_ENR+time,-0.0064996453405727905,-0.21158048838846566
40,K4,FOOOF,baseline,M4_mixed,-1.5567102935194401,-1.761791136567333
40,K4,FOOOF,baseline,M5_SVR,-0.12835380043125433,-0.3334346434791472
40,K4,FOOOF,baseline,M6_SVR+time,-0.08976540392108934,-0.2948462469689822
41,K1,DR-SCC,raw,M2_ENR,-0.04106482445978399,-0.3268278456516127
41,K1,DR-SCC,raw,M3_ENR+time,0.017672676961002942,-0.2680903442308258
41,K1,DR-SCC,raw,M4_mixed,-0.29259291617665784,-0.5783559373684866
41,K1,DR-SCC,raw,M5_SVR,-0.05312163972432171,-0.33888466091615044
41,K1,DR-SCC,raw,M6_SVR+time,-0.12407891678542082,-0.40984193797724955
41,K1,DR-SCC,baseline,M2_ENR,-0.04186870034554002,-0.32763172153736875
41,K1,DR-SCC,baseline,M3_ENR+time,-0.012991055677690433,-0.29875407686951916
41,K1,DR-SCC,baseline,M4_mixed,-0.19321808712408628,-0.478981108315915
41,K1,DR-SCC,baseline,M5_SVR,-0.16890532091489585,-0.4546683421067246
41,K1,DR-SCC,baseline,M6_SVR+time,-0.11531989453626856,-0.4010829157280973
41,K1,FOOOF,raw,M2_ENR,-0.02989327249062912,-0.31565629368245784
41,K1,FOOOF,raw,M3_ENR+time,-0.037565420338958155,-0.3233284415307869
41,K1,FOOOF,raw,M4_mixed,-0.8063802665227271,-1.0921432877145558
41,K1,FOOOF,raw,M5_SVR,-0.053047322651676554,-0.3388103438435053
41,K1,FOOOF,raw,M6_SVR+time,-0.06630455112465627,-0.352067572316485
41,K1,FOOOF,baseline,M2_ENR,0.005063231983544414,-0.2806997892082843
41,K1,FOOOF,baseline,M3_ENR+time,-0.003353104665733575,-0.2891161258575623
41,K1,FOOOF,baseline,M4_mixed,-0.42796293409302977,-0.7137259552848585
41,K1,FOOOF,baseline,M5_SVR,0.10046117178474445,-0.18530184940708427
41,K1,FOOOF,baseline,M6_SVR+time,0.07265352729120944,-0.21310949390061928
41,K3,DR-SCC,raw,M2_ENR,-0.059745072712287906,-0.34550809390411663
41,K3,DR-SCC,raw,M3_ENR+time,-0.32943824452002124,-0.61520126571185
41,K3,DR-SCC,raw,M4_mixed,-1.2371092870504206,-1.5228723082422493
41,K3,DR-SCC,raw,M5_SVR,-0.13878972389488609,-0.4245527450867148
41,K3,DR-SCC,raw,M6_SVR+time,-0.07056615125412868,-0.3563291724459574
41,K3,DR-SCC,baseline,M2_ENR,-0.03655203882424374,-0.32231506001607246
41,K3,DR-SCC,baseline,M3_ENR+time,-0.06879225052567883,-0.35455527171750756
41,K3,DR-SCC,baseline,M4_mixed,-1.9245776556503182,-2.210340676842147
41,K3,DR-SCC,baseline,M5_SVR,-0.11958811684726234,-0.40535113803909106
41,K3,DR-SCC,baseline,M6_SVR+time,-0.03552778961480896,-0.3212908108066377
41,K3,FOOOF,raw,M2_ENR,-0.13283873248544809,-0.4186017536772768
41,K3,FOOOF,raw,M3_ENR+time,-0.10963215907148527,-0.395395180263314
41,K3,FOOOF,raw,M4_mixed,-0.4094542776290597,-0.6952172988208885
41,K3,FOOOF,raw,M5_SVR,-0.1395956351362848,-0.42535865632811354
41,K3,FOOOF,raw,M6_SVR+time,0.005797266548193569,-0.27996575464363516
41,K3,FOOOF,baseline,M2_ENR,-0.12859327332467152,-0.41435629451650025
41,K3,FOOOF,baseline,M3_ENR+time,-0.1405349553968216,-0.4262979765886503
41,K3,FOOOF,baseline,M4_mixed,-1.0012752581852054,-1.287038279377034
41,K3,FOOOF,baseline,M5_SVR,-0.08606646982847255,-0.3718294910203013
41,K3,FOOOF,baseline,M6_SVR+time,-0.04309180437450033,-0.32885482556632906
41,K4,DR-SCC,raw,M2_ENR,-0.07839533973760848,-0.3641583609294372
41,K4,DR-SCC,raw,M3_ENR+time,-0.10478620532960314,-0.39054922652143187
41,K4,DR-SCC,raw,M4_mixed,-0.4418830722917779,-0.7276460934836066
41,K4,DR-SCC,raw,M5_SVR,-0.11952493522459884,-0.40528795641642756
41,K4,DR-SCC,raw,M6_SVR+time,-0.13873922073935385,-0.4245022419311826
41,K4,DR-SCC,baseline,M2_ENR,-0.08411789548648829,-0.369880916678317
41,K4,DR-SCC,baseline,M3_ENR+time,-0.15173076128958707,-0.4374937824814158
41,K4,DR-SCC,baseline,M4_mixed,-0.9318964991040222,-1.217659520295851
41,K4,DR-SCC,baseline,M5_SVR,-0.13406733976340535,-0.41983036095523407
41,K4,DR-SCC,baseline,M6_SVR+time,-0.18484310390571146,-0.4706061250975402
41,K4,FOOOF,raw,M2_ENR,-0.04097898268862976,-0.3267420038804585
41,K4,FOOOF,raw,M3_ENR+time,0.007509490943018782,-0.27825353024880994
41,K4,FOOOF,raw,M4_mixed,-0.11771993205819475,-0.4034829532500235
41,K4,FOOOF,raw,M5_SVR,-0.011534374012654114,-0.29729739520448284
41,K4,FOOOF,raw,M6_SVR+time,0.12563126210370612,-0.1601317590881226
41,K4,FOOOF,baseline,M2_ENR,-0.059000017104788416,-0.34476303829661714
41,K4,FOOOF,baseline,M3_ENR+time,-0.06601285745761398,-0.3517758786494427
41,K4,FOOOF,baseline,M4_mixed,-0.28384049662045685,-0.5696035178122856
41,K4,FOOOF,baseline,M5_SVR,-0.08204956825034748,-0.3678125894421762
41,K4,FOOOF,baseline,M6_SVR+time,-0.047794786290852764,-0.3335578074826815
42,K1,DR-SCC,raw,M2_ENR,-0.012194476158354117,-0.2646701033693357
42,K1,DR-SCC,raw,M3_ENR+time,0.25490045763473534,0.0024248304237537432
42,K1,DR-SCC,raw,M4_mixed,0.3268298398356334,0.0743542126246518
42,K1,DR-SCC,raw,M5_SVR,0.04294737804643034,-0.20952824916455126
42,K1,DR-SCC,raw,M6_SVR+time,0.1816766452137838,-0.07079898199719781
42,K1,DR-SCC,baseline,M2_ENR,0.0552201730261036,-0.197255454184878
42,K1,DR-SCC,baseline,M3_ENR+time,0.1737737171841569,-0.0787019100268247
42,K1,DR-SCC,baseline,M4_mixed,0.12254773813226771,-0.1299278890787139
42,K1,DR-SCC,baseline,M5_SVR,-0.01445682651155944,-0.26693245372254104
42,K1,DR-SCC,baseline,M6_SVR+time,0.11787860203435774,-0.13459702517662386
42,K1,FOOOF,raw,M2_ENR,0.0051256010288198706,-0.24735002618216173
42,K1,FOOOF,raw,M3_ENR+time,0.27482784582135056,0.022352218610368957
42,K1,FOOOF,raw,M4_mixed,0.014740983647419048,-0.23773464356356255
42,K1,FOOOF,raw,M5_SVR,0.1148864627045707,-0.1375891645064109
42,K1,FOOOF,raw,M6_SVR+time,0.12892714833387953,-0.12354847887710207
42,K1,FOOOF,baseline,M2_ENR,-0.10835799268156676,-0.36083361989254836
42,K1,FOOOF,baseline,M3_ENR+time,0.17108736677320557,-0.08138826043777603
42,K1,FOOOF,baseline,M4_mixed,-1.1268634194891152,-1.3793390467000968
42,K1,FOOOF,baseline,M5_SVR,-0.040301142537993995,-0.2927767697489756
42,K1,FOOOF,baseline,M6_SVR+time,0.03330615458853159,-0.21916947262245
42,K3,DR-SCC,raw,M2_ENR,-0.03636612273704509,-0.2888417499480267
42,K3,DR-SCC,raw,M3_ENR+time,0.1599674078887774,-0.09250821932220421
42,K3,DR-SCC,raw,M4_mixed,-0.718771015901003,-0.9712466431119846
42,K3,DR-SCC,raw,M5_SVR,-0.015670344688276217,-0.2681459718992578
42,K3,DR-SCC,raw,M6_SVR+time,0.2779063280513261,0.02543070084034449
42,K3,DR-SCC,baseline,M2_ENR,-0.10741464451329286,-0.35989027172427446
42,K3,DR-SCC,baseline,M3_ENR+time,-0.365730138926194,-0.6182057661371756
42,K3,DR-SCC,baseline,M4_mixed,-1.4131916594167842,-1.6656672866277658
42,K3,DR-SCC,baseline,M5_SVR,-0.1447770969895561,-0.3972527242005377
42,K3,DR-SCC,baseline,M6_SVR+time,0.006993672373744375,-0.24548195483723723
42,K3,FOOOF,raw,M2_ENR,-0.05036802884528524,-0.30284365605626684
42,K3,FOOOF,raw,M3_ENR+time,0.20609595233662614,-0.04637967487435546
42,K3,FOOOF,raw,M4_mixed,-0.42406428303574506,-0.6765399102467267
42,K3,FOOOF,raw,M5_SVR,-0.07129862928005348,-0.3237742564910351
42,K3,FOOOF,raw,M6_SVR+time,0.08153386706897547,-0.17094176014200613
42,K3,FOOOF,baseline,M2_ENR,-0.10834666681341432,-0.3608222940243959
42,K3,FOOOF,baseline,M3_ENR+time,0.17354974963759828,-0.07892587757338332
42,K3,FOOOF,baseline,M4_mixed,-0.2572662582052525,-0.5097418854162341
42,K3,FOOOF,baseline,M5_SVR,-0.02780915478567403,-0.28028478199665563
42,K3,FOOOF,baseline,M6_SVR+time,0.19079036802574,-0.06168525918524159
42,K4,DR-SCC,raw,M2_ENR,0.04452300673026355,-0.20795262048071805
42,K4,DR-SCC,raw,M3_ENR+time,0.21570709998420934,-0.03676852722677226
42,K4,DR-SCC,raw,M4_mixed,0.012089631239628806,-0.2403859959713528
42,K4,DR-SCC,raw,M5_SVR,0.17726256340831525,-0.07521306380266635
42,K4,DR-SCC,raw,M6_SVR+time,0.12825470013384288,-0.12422092707713872
42,K4,DR-SCC,baseline,M2_ENR,-0.12345194621459821,-0.3759275734255798
42,K4,DR-SCC,baseline,M3_ENR+time,0.17459450659304643,-0.07788112061793517
42,K4,DR-SCC,baseline,M4_mixed,-0.327842546605972,-0.5803181738169536
42,K4,DR-SCC,baseline,M5_SVR,0.06473086500961645,-0.18774476220136516
42,K4,DR-SCC,baseline,M6_SVR+time,0.12359347458891667,-0.12888215262206493
42,K4,FOOOF,raw,M2_ENR,0.009172283345746712,-0.2433033438652349
42,K4,FOOOF,raw,M3_ENR+time,0.21569647198120512,-0.03677915522977648
42,K4,FOOOF,raw,M4_mixed,-0.4790237388015477,-0.7314993660125293
42,K4,FOOOF,raw,M5_SVR,0.03401622276551408,-0.21845940444546752
42,K4,FOOOF,raw,M6_SVR+time,0.15569762012712096,-0.09677800708386064
42,K4,FOOOF,baseline,M2_ENR,-0.3934731924795063,-0.6459488196904879
42,K4,FOOOF,baseline,M3_ENR+time,0.2485594586753581,-0.003916168535623488
42,K4,FOOOF,baseline,M4_mixed,-1.4481477080629532,-1.7006233352739348
42,K4,FOOOF,baseline,M5_SVR,-0.09416609959923639,-0.346641726810218
42,K4,FOOOF,baseline,M6_SVR+time,0.1217458401656123,-0.1307297870453693
43,K1,DR-SCC,raw,M2_ENR,-0.13595755363868922,-0.3458493108223558
43,K1,DR-SCC,raw,M3_ENR+time,-0.11945487135423538,-0.329346628537902
43,K1,DR-SCC,raw,M4_mixed,-0.23505355157617713,-0.4449453087598437
43,K1,DR-SCC,raw,M5_SVR,0.010258157830676295,-0.1996335993529903
43,K1,DR-SCC,raw,M6_SVR+time,0.04668475917285275,-0.16320699801081384
43,K1,DR-SCC,baseline,M2_ENR,-0.07161148069084344,-0.28150323787451004
43,K1,DR-SCC,baseline,M3_ENR+time,-0.003121746832723371,-0.21301350401638997
43,K1,DR-SCC,baseline,M4_mixed,-0.20325067046235668,-0.41314242764602327
43,K1,DR-SCC,baseline,M5_SVR,-0.032775736549983225,-0.24266749373364982
43,K1,DR-SCC,baseline,M6_SVR+time,0.07875824294309719,-0.1311335142405694
43,K1,FOOOF,raw,M2_ENR,-0.07893477787141023,-0.2888265350550768
43,K1,FOOOF,raw,M3_ENR+time,-0.08348099718698854,-0.29337275437065513
43,K1,FOOOF,raw,M4_mixed,-0.6764681906776175,-0.8863599478612841
43,K1,FOOOF,raw,M5_SVR,-0.031085552219425105,-0.2409773094030917
43,K1,FOOOF,raw,M6_SVR+time,0.09026162431735041,-0.11963013286631619
43,K1,FOOOF,baseline,M2_ENR,-0.06689329191579652,-0.2767850490994631
43,K1,FOOOF,baseline,M3_ENR+time,-0.16034084949150706,-0.37023260667517366
43,K1,FOOOF,baseline,M4_mixed,-0.5739205864778483,-0.7838123436615149
43,K1,FOOOF,baseline,M5_SVR,-0.03470801393074785,-0.24459977111441444
43,K1,FOOOF,baseline,M6_SVR+time,-0.006728896434237797,-0.2166206536179044
43,K3,DR-SCC,raw,M2_ENR,-0.03511667398225771,-0.2450084311659243
43,K3,DR-SCC,raw,M3_ENR+time,0.0190703203246545,-0.1908214368590121
43,K3,DR-SCC,raw,M4_mixed,-0.32950366863475855,-0.5393954258184251
43,K3,DR-SCC,raw,M5_SVR,0.002740222821328242,-0.20715153436233835
43,K3,DR-SCC,raw,M6_SVR+time,0.025990258673733835,-0.18390149850993276
43,K3,DR-SCC,baseline,M2_ENR,-0.09389365163930186,-0.30378540882296845
43,K3,DR-SCC,baseline,M3_ENR+time,-0.08090622501336453,-0.2907979821970311
43,K3,DR-SCC,baseline,M4_mixed,-0.689513222944057,-0.8994049801277236
43,K3,DR-SCC,baseline,M5_SVR,-0.1441773492098517,-0.3540691063935183
43,K3,DR-SCC,baseline,M6_SVR+time,-0.009406052364881567,-0.21929780954854816
43,K3,FOOOF,raw,M2_ENR,-0.001448801865452376,-0.21134055904911897
43,K3,FOOOF,raw,M3_ENR+time,0.04743399992642339,-0.1624577572572432
43,K3,FOOOF,raw,M4_mixed,-0.16965528910521677,-0.37954704628888336
43,K3,FOOOF,raw,M5_SVR,-0.01091732697519432,-0.2208090841588609
43,K3,FOOOF,raw,M6_SVR+time,-0.09769555764304338,-0.30758731482671
43,K3,FOOOF,baseline,M2_ENR,-0.06426065308113849,-0.2741524102648051
43,K3,FOOOF,baseline,M3_ENR+time,-0.05758654868745161,-0.2674783058711182
43,K3,FOOOF,baseline,M4_mixed,-0.6600024498525605,-0.8698942070362271
43,K3,FOOOF,baseline,M5_SVR,0.008279273347617466,-0.20161248383604913
43,K3,FOOOF,baseline,M6_SVR+time,0.06367349327311811,-0.14621826391054848
43,K4,DR-SCC,raw,M2_ENR,0.0403148420929772,-0.1695769150906894
43,K4,DR-SCC,raw,M3_ENR+time,-0.018707238386468594,-0.2285989955701352
43,K4,DR-SCC,raw,M4_mixed,0.08826185551244681,-0.12162990167121979
43,K4,DR-SCC,raw,M5_SVR,0.0013670273198035376,-0.20852472986386306
43,K4,DR-SCC,raw,M6_SVR+time,0.053946579852163334,-0.15594517733150326
43,K4,DR-SCC,baseline,M2_ENR,-0.01967478519393029,-0.22956654237759688
43,K4,DR-SCC,baseline,M3_ENR+time,-0.021418000405457827,-0.23130975758912442
43,K4,DR-SCC,baseline,M4_mixed,0.07605933929146147,-0.13383241789220512
43,K4,DR-SCC,baseline,M5_SVR,0.17885833835230847,-0.03103341883135813
43,K4,DR-SCC,baseline,M6_SVR+time,0.14263841790437948,-0.06725333927928712
43,K4,FOOOF,raw,M2_ENR,0.0462710107742943,-0.1636207464093723
43,K4,FOOOF,raw,M3_ENR+time,0.036296950404460016,-0.17359480677920658
43,K4,FOOOF,raw,M4_mixed,-0.5275327877395002,-0.7374245449231668
43,K4,FOOOF,raw,M5_SVR,-0.03750161647762695,-0.24739337366129355
43,K4,FOOOF,raw,M6_SVR+time,-0.037439794572919016,-0.2473315517565856
43,K4,FOOOF,baseline,M2_ENR,-0.007916746920568096,-0.2178085041042347
43,K4,FOOOF,baseline,M3_ENR+time,-0.023271065962251702,-0.2331628231459183
43,K4,FOOOF,baseline,M4_mixed,-2.3718035358240783,-2.581695293007745
43,K4,FOOOF,baseline,M5_SVR,-0.09270683814037928,-0.30259859532404587
43,K4,FOOOF,baseline,M6_SVR+time,-0.07547835399459779,-0.2853701111782644
44,K1,DR-SCC,raw,M2_ENR,-0.06301396261785563,-0.407427564501909
44,K1,DR-SCC,raw,M3_ENR+time,-0.03084155586803683,-0.3752551577520902
44,K1,DR-SCC,raw,M4_mixed,-0.5722931148115404,-0.9167067166955938
44,K1,DR-SCC,raw,M5_SVR,-0.19579595182870269,-0.540209553712756
44,K1,DR-SCC,raw,M6_SVR+time,-0.12781017165482145,-0.4722237735388748
44,K1,DR-SCC,baseline,M2_ENR,-0.25049432519393666,-0.59490792707799
44,K1,DR-SCC,baseline,M3_ENR+time,-0.2564474000347541,-0.6008610019188074
44,K1,DR-SCC,baseline,M4_mixed,-0.5331435956069719,-0.8775571974910252
44,K1,DR-SCC,baseline,M5_SVR,-0.2274214910806165,-0.5718350929646698
44,K1,DR-SCC,baseline,M6_SVR+time,-0.12458742194978578,-0.4690010238338391
44,K1,FOOOF,raw,M2_ENR,0.01099446593894049,-0.33341913594511285
44,K1,FOOOF,raw,M3_ENR+time,0.0028906455769447392,-0.3415229563071086
44,K1,FOOOF,raw,M4_mixed,-0.6904096704398781,-1.0348232723239315
44,K1,FOOOF,raw,M5_SVR,-0.15488703011444072,-0.49930063199849406
44,K1,FOOOF,raw,M6_SVR+time,-0.1281185575454431,-0.47253215942949645
44,K1,FOOOF,baseline,M2_ENR,-0.07175060936680477,-0.4161642112508581
44,K1,FOOOF,baseline,M3_ENR+time,-0.05583973322776914,-0.4002533351118225
44,K1,FOOOF,baseline,M4_mixed,-0.4977502688411948,-0.8421638707252481
44,K1,FOOOF,baseline,M5_SVR,-0.04003574555696199,-0.38444934744101533
44,K1,FOOOF,baseline,M6_SVR+time,-0.003599071612748528,-0.34801267349680187
44,K3,DR-SCC,raw,M2_ENR,-0.06673081483455578,-0.41114441671860913
44,K3,DR-SCC,raw,M3_ENR+time,-0.10170700825688694,-0.4461206101409403
44,K3,DR-SCC,raw,M4_mixed,-1.5098219618284685,-1.8542355637125219
44,K3,DR-SCC,raw,M5_SVR,-0.04871881935362765,-0.393132421237681
44,K3,DR-SCC,raw,M6_SVR+time,0.04292813447626964,-0.3014854674077837
44,K3,DR-SCC,baseline,M2_ENR,0.02073777737832161,-0.32367582450573174
44,K3,DR-SCC,baseline,M3_ENR+time,-0.13270795507867628,-0.4771215569627296
44,K3,DR-SCC,baseline,M4_mixed,-1.90427448411612,-2.2486880860001737
44,K3,DR-SCC,baseline,M5_SVR,-0.0736025473444184,-0.41801614922847175
44,K3,DR-SCC,baseline,M6_SVR+time,0.0627310346049812,-0.28168256727907215
44,K3,FOOOF,raw,M2_ENR,-0.07576578265594147,-0.4201793845399948
44,K3,FOOOF,raw,M3_ENR+time,-0.09033712372705227,-0.4347507256111056
44,K3,FOOOF,raw,M4_mixed,-1.379045954923905,-1.7234595568079583
44,K3,FOOOF,raw,M5_SVR,-0.11178814596476538,-0.45620174784881873
44,K3,FOOOF,raw,M6_SVR+time,-0.03727416453884458,-0.3816877664228979
44,K3,FOOOF,baseline,M2_ENR,-0.322732853301843,-0.6671464551858963
44,K3,FOOOF,baseline,M3_ENR+time,-0.06365509725680019,-0.40806869914085353
44,K3,FOOOF,baseline,M4_mixed,-2.6493433538154147,-2.9937569556994683
44,K3,FOOOF,baseline,M5_SVR,-0.031833653378339655,-0.376247255262393
44,K3,FOOOF,baseline,M6_SVR+time,0.10254227335891297,-0.24187132852514037
44,K4,DR-SCC,raw,M2_ENR,-0.125945730093737,-0.47035933197779034
44,K4,DR-SCC,raw,M3_ENR+time,-0.061101359193316274,-0.4055149610773696
44,K4,DR-SCC,raw,M4_mixed,-0.4846635922735729,-0.8290771941576263
44,K4,DR-SCC,raw,M5_SVR,-0.016720995181968012,-0.36113459706602136
44,K4,DR-SCC,raw,M6_SVR+time,-0.08233279269928828,-0.4267463945833416
44,K4,DR-SCC,baseline,M2_ENR,-0.05954590000934279,-0.40395950189339613
44,K4,DR-SCC,baseline,M3_ENR+time,-0.06540148839465232,-0.40981509027870566
44,K4,DR-SCC,baseline,M4_mixed,-2.209233018943964,-2.553646620828017
44,K4,DR-SCC,baseline,M5_SVR,-0.1155702648010688,-0.45998386668512214
44,K4,DR-SCC,baseline,M6_SVR+time,-0.084575781617662,-0.42898938350171534
44,K4,FOOOF,raw,M2_ENR,0.0019007751641003656,-0.342512826719953
44,K4,FOOOF,raw,M3_ENR+time,-0.03960319665322465,-0.384016798537278
44,K4,FOOOF,raw,M4_mixed,-0.33091187338470385,-0.6753254752687572
44,K4,FOOOF,raw,M5_SVR,-0.06834055375822667,-0.41275415564228
44,K4,FOOOF,raw,M6_SVR+time,-0.00411838244381757,-0.3485319843278709
44,K4,FOOOF,baseline,M2_ENR,-0.04166169138360476,-0.3860752932676581
44,K4,FOOOF,baseline,M3_ENR+time,-0.12307386430190204,-0.4674874661859554
44,K4,FOOOF,baseline,M4_mixed,-0.7565735517309271,-1.1009871536149805
44,K4,FOOOF,baseline,M5_SVR,-0.031659475438130746,-0.3760730773221841
44,K4,FOOOF,baseline,M6_SVR+time,-0.06505308354666539,-0.40946668543071874
45,K1,DR-SCC,raw,M2_ENR,-0.14414462365912017,-0.2752361119709059
45,K1,DR-SCC,raw,M3_ENR+time,-0.10890075624991691,-0.23999224456170265
45,K1,DR-SCC,raw,M4_mixed,-0.21453287530018583,-0.3456243636119716
45,K1,DR-SCC,raw,M5_SVR,-0.004172947740538113,-0.13526443605232386
45,K1,DR-SCC,raw,M6_SVR+time,0.031920761607312054,-0.09917072670447369
45,K1,DR-SCC,baseline,M2_ENR,0.037988469526112345,-0.0931030187856734
45,K1,DR-SCC,baseline,M3_ENR+time,0.01778283294258365,-0.1133086553692021
45,K1,DR-SCC,baseline,M4_mixed,-0.1279650863852666,-0.25905657469705234
45,K1,DR-SCC,baseline,M5_SVR,-0.17587336784186003,-0.30696485615364577
45,K1,DR-SCC,baseline,M6_SVR+time,-0.005695056897801143,-0.13678654520958689
45,K1,FOOOF,raw,M2_ENR,0.09999683244436153,-0.031094655867424215
45,K1,FOOOF,raw,M3_ENR+time,0.11208393037738174,-0.019007557934404007
45,K1,FOOOF,raw,M4_mixed,-0.12565172778073896,-0.2567432160925247
45,K1,FOOOF,raw,M5_SVR,-0.11446589403116447,-0.24555738234295021
45,K1,FOOOF,raw,M6_SVR+time,0.06623987930667563,-0.06485160900511011
45,K1,FOOOF,baseline,M2_ENR,0.16609323649943342,0.035001748187647674
45,K1,FOOOF,baseline,M3_ENR+time,0.13151148779889998,0.00041999948711424206
45,K1,FOOOF,baseline,M4_mixed,0.04703337487791359,-0.08405811343387215
45,K1,FOOOF,baseline,M5_SVR,0.11287834505354022,-0.018213143258245523
45,K1,FOOOF,baseline,M6_SVR+time,0.12317519798427168,-0.007916290327514064
45,K3,DR-SCC,raw,M2_ENR,-0.057598851373771076,-0.18869033968555682
45,K3,DR-SCC,raw,M3_ENR+time,-0.0529920675989799,-0.18408355591076564
45,K3,DR-SCC,raw,M4_mixed,-0.7094670634836544,-0.8405585517954401
45,K3,DR-SCC,raw,M5_SVR,-0.19009220910612945,-0.3211836974179152
45,K3,DR-SCC,raw,M6_SVR+time,-0.1301640973529632,-0.26125558566474893
45,K3,DR-SCC,baseline,M2_ENR,0.0064761922302352115,-0.12461529608155053
45,K3,DR-SCC,baseline,M3_ENR+time,-0.0464620336087076,-0.17755352192049334
45,K3,DR-SCC,baseline,M4_mixed,-0.17265543284704044,-0.3037469211588262
45,K3,DR-SCC,baseline,M5_SVR,-0.20237893086237224,-0.333470419174158
45,K3,DR-SCC,baseline,M6_SVR+time,-0.04793514647823183,-0.17902663479001757
45,K3,FOOOF,raw,M2_ENR,-0.052938231248080836,-0.18402971955986658
45,K3,FOOOF,raw,M3_ENR+time,-0.035077255042690325,-0.16616874335447607
45,K3,FOOOF,raw,M4_mixed,-1.4621410178435674,-1.5932325061553532
45,K3,FOOOF,raw,M5_SVR,-0.10532748459535357,-0.2364189729071393
45,K3,FOOOF,raw,M6_SVR+time,-0.11049819525560256,-0.2415896835673883
45,K3,FOOOF,baseline,M2_ENR,-0.08637147709658843,-0.21746296540837418
45,K3,FOOOF,baseline,M3_ENR+time,-0.1574514931361799,-0.28854298144796564
45,K3,FOOOF,baseline,M4_mixed,-2.155882472691389,-2.286973961003175
45,K3,FOOOF,baseline,M5_SVR,-0.03858787957240861,-0.16967936788419435
45,K3,FOOOF,baseline,M6_SVR+time,-0.06199854282775008,-0.19309003113953582
45,K4,DR-SCC,raw,M2_ENR,-0.036458608475470555,-0.1675500967872563
45,K4,DR-SCC,raw,M3_ENR+time,-0.03646110468016506,-0.1675525929919508
45,K4,DR-SCC,raw,M4_mixed,-0.27225464333071714,-0.4033461316425029
45,K4,DR-SCC,raw,M5_SVR,-0.02523868492679382,-0.15633017323857956
45,K4,DR-SCC,raw,M6_SVR+time,0.004055953559756964,-0.12703553475202878
45,K4,DR-SCC,baseline,M2_ENR,-0.01927217368057721,-0.15036366199236295
45,K4,DR-SCC,baseline,M3_ENR+time,-0.01903378189669347,-0.1501252702084792
45,K4,DR-SCC,baseline,M4_mixed,-1.6486935256090876,-1.7797850139208733
45,K4,DR-SCC,baseline,M5_SVR,-0.06094266127138792,-0.19203414958317366
45,K4,DR-SCC,baseline,M6_SVR+time,-0.07172837796368459,-0.20281986627547033
45,K4,FOOOF,raw,M2_ENR,-0.028670327946709318,-0.15976181625849506
45,K4,FOOOF,raw,M3_ENR+time,-0.028670327946709318,-0.15976181625849506
45,K4,FOOOF,raw,M4_mixed,0.04084284293539142,-0.09024864537639432
45,K4,FOOOF,raw,M5_SVR,0.03208391947733813,-0.09900756883444761
45,K4,FOOOF,raw,M6_SVR+time,0.031156489495903328,-0.09993499881588241
45,K4,FOOOF,baseline,M2_ENR,-0.08523050174628044,-0.21632199005806618
45,K4,FOOOF,baseline,M3_ENR+time,-0.07764970243674996,-0.2087411907485357
45,K4,FOOOF,baseline,M4_mixed,-4.2083056652055255,-4.339397153517311
45,K4,FOOOF,baseline,M5_SVR,0.006720318361631228,-0.12437116995015451
45,K4,FOOOF,baseline,M6_SVR+time,-0.04891778913706846,-0.1800092774488542
46,K1,DR-SCC,raw,M2_ENR,0.08743741468576016,-0.2643241239018663
46,K1,DR-SCC,raw,M3_ENR+time,0.06531760751248805,-0.28644393107513844
46,K1,DR-SCC,raw,M4_mixed,0.055530785327424836,-0.29623075326020165
46,K1,DR-SCC,raw,M5_SVR,0.12669397593158838,-0.2250675626560381
46,K1,DR-SCC,raw,M6_SVR+time,0.055679706046948496,-0.296081832540678
46,K1,DR-SCC,baseline,M2_ENR,-0.08871072151919601,-0.4404722601068225
46,K1,DR-SCC,baseline,M3_ENR+time,-0.06270208271138045,-0.41446362129900693
46,K1,DR-SCC,baseline,M4_mixed,-0.17407681446333134,-0.5258383530509578
46,K1,DR-SCC,baseline,M5_SVR,-0.003694492144038941,-0.35545603073166543
46,K1,DR-SCC,baseline,M6_SVR+time,-0.05733396646270594,-0.40909550505033243
46,K1,FOOOF,raw,M2_ENR,0.10799440356103462,-0.24376713502659186
46,K1,FOOOF,raw,M3_ENR+time,0.03260550827408493,-0.31915603031354156
46,K1,FOOOF,raw,M4_mixed,-0.027794603184646993,-0.3795561417722735
46,K1,FOOOF,raw,M5_SVR,0.06939864967225262,-0.28236288891537387
46,K1,FOOOF,raw,M6_SVR+time,0.17975860352195838,-0.1720029350656681
46,K1,FOOOF,baseline,M2_ENR,-0.03042507192677557,-0.38218661051440206
46,K1,FOOOF,baseline,M3_ENR+time,-0.11637042990451785,-0.46813196849214433
46,K1,FOOOF,baseline,M4_mixed,-0.9972027233589118,-1.3489642619465383
46,K1,FOOOF,baseline,M5_SVR,-0.01817549357675441,-0.3699370321643809
46,K1,FOOOF,baseline,M6_SVR+time,0.04007629355079445,-0.31168524503683204
46,K3,DR-SCC,raw,M2_ENR,-0.022961323081633678,-0.37472286166926017
46,K3,DR-SCC,raw,M3_ENR+time,-0.020392294192816518,-0.372153832780443
46,K3,DR-SCC,raw,M4_mixed,-0.8610227032013003,-1.2127842417889267
46,K3,DR-SCC,raw,M5_SVR,-0.006509982683167381,-0.35827152127079387
46,K3,DR-SCC,raw,M6_SVR+time,0.08964465909220387,-0.2621168794954226
46,K3,DR-SCC,baseline,M2_ENR,-0.017982664474276433,-0.3697442030619029
46,K3,DR-SCC,baseline,M3_ENR+time,0.010848927740335634,-0.34091261084729085
46,K3,DR-SCC,baseline,M4_mixed,-0.2656361641314313,-0.6173977027190578
46,K3,DR-SCC,baseline,M5_SVR,-0.07614507348749955,-0.42790661207512604
46,K3,DR-SCC,baseline,M6_SVR+time,0.06359035305076788,-0.2881711855368586
46,K3,FOOOF,raw,M2_ENR,-0.04745862200812434,-0.39922016059575083
46,K3,FOOOF,raw,M3_ENR+time,-0.0216607559978943,-0.3734222945855208
46,K3,FOOOF,raw,M4_mixed,-0.39479299576363625,-0.7465545343512627
46,K3,FOOOF,raw,M5_SVR,-0.028568796533380736,-0.3803303351210072
46,K3,FOOOF,raw,M6_SVR+time,0.00031863959446476464,-0.3514428989931617
46,K3,FOOOF,baseline,M2_ENR,-0.008317314216430782,-0.36007885280405727
46,K3,FOOOF,baseline,M3_ENR+time,0.051075387901060254,-0.30068615068656623
46,K3,FOOOF,baseline,M4_mixed,-0.526080077057191,-0.8778416156448174
46,K3,FOOOF,baseline,M5_SVR,0.16720559270493407,-0.18455594588269242
46,K3,FOOOF,baseline,M6_SVR+time,0.21149710932682286,-0.14026442926080362
46,K4,DR-SCC,raw,M2_ENR,0.1085013606422629,-0.2432601779453636
46,K4,DR-SCC,raw,M3_ENR+time,0.06582705179799841,-0.2859344867896281
46,K4,DR-SCC,raw,M4_mixed,0.25802708640364547,-0.09373445218398102
46,K4,DR-SCC,raw,M5_SVR,0.026340178515441903,-0.3254213600721846
46,K4,DR-SCC,raw,M6_SVR+time,0.09906135517213455,-0.25270018341549194
46,K4,DR-SCC,baseline,M2_ENR,0.013017275887808766,-0.3387442626998177
46,K4,DR-SCC,baseline,M3_ENR+time,-0.08724208523738786,-0.43900362382501434
46,K4,DR-SCC,baseline,M4_mixed,-0.4301135054640124,-0.7818750440516389
46,K4,DR-SCC,baseline,M5_SVR,-0.03519904198889612,-0.3869605805765226
46,K4,DR-SCC,baseline,M6_SVR+time,0.0386336350831491,-0.3131279035044774
46,K4,FOOOF,raw,M2_ENR,0.0034342848501772716,-0.3483272537374492
46,K4,FOOOF,raw,M3_ENR+time,0.003414047078423521,-0.34834749150920297
46,K4,FOOOF,raw,M4_mixed,-0.09665936839351708,-0.44842090698114356
46,K4,FOOOF,raw,M5_SVR,-0.037584633389913025,-0.3893461719775395
46,K4,FOOOF,raw,M6_SVR+time,-0.05956384410205917,-0.41132538268968566
46,K4,FOOOF,baseline,M2_ENR,-0.07685190498050676,-0.42861344356813325
46,K4,FOOOF,baseline,M3_ENR+time,-0.08151449857187743,-0.4332760371595039
46,K4,FOOOF,baseline,M4_mixed,-0.3002535836705278,-0.6520151222581543
46,K4,FOOOF,baseline,M5_SVR,0.0735534777973802,-0.2782080607902463
46,K4,FOOOF,baseline,M6_SVR+time,0.14416098245592956,-0.20760055613169692
47,K1,DR-SCC,raw,M2_ENR,-0.03176054654942284,-0.20033505128718365
47,K1,DR-SCC,raw,M3_ENR+time,-0.03176054654942284,-0.20033505128718365
47,K1,DR-SCC,raw,M4_mixed,-0.5614485990057205,-0.7300231037434813
47,K1,DR-SCC,raw,M5_SVR,-0.15576430561728594,-0.32433881035504675
47,K1,DR-SCC,raw,M6_SVR+time,-0.1538140406135644,-0.3223885453513252
47,K1,DR-SCC,baseline,M2_ENR,-0.10457055497149348,-0.2731450597092543
47,K1,DR-SCC,baseline,M3_ENR+time,-0.18035814411683737,-0.3489326488545982
47,K1,DR-SCC,baseline,M4_mixed,-0.7761143455786921,-0.9446888503164529
47,K1,DR-SCC,baseline,M5_SVR,-0.09296338590382791,-0.2615378906415887
47,K1,DR-SCC,baseline,M6_SVR+time,-0.11753867043499389,-0.2861131751727547
47,K1,FOOOF,raw,M2_ENR,-0.09981859385559977,-0.2683930985933606
47,K1,FOOOF,raw,M3_ENR+time,-0.03323580421843886,-0.20181030895619967
47,K1,FOOOF,raw,M4_mixed,-0.6206097925416603,-0.7891842972794211
47,K1,FOOOF,raw,M5_SVR,-0.1285287296305031,-0.2971032343682639
47,K1,FOOOF,raw,M6_SVR+time,-0.055868226863109216,-0.22444273160087003
47,K1,FOOOF,baseline,M2_ENR,-0.041942024672026124,-0.21051652940978693
47,K1,FOOOF,baseline,M3_ENR+time,-0.03203877117188858,-0.2006132759096494
47,K1,FOOOF,baseline,M4_mixed,-1.2975842118835454,-1.4661587166213064
47,K1,FOOOF,baseline,M5_SVR,-0.05972502090129739,-0.2282995256390582
47,K1,FOOOF,baseline,M6_SVR+time,-0.04911293471050571,-0.21768743944826652
47,K3,DR-SCC,raw,M2_ENR,-0.03364422409402912,-0.20221872883178993
47,K3,DR-SCC,raw,M3_ENR+time,-0.04025540929336491,-0.20882991403112572
47,K3,DR-SCC,raw,M4_mixed,-0.4809729636052893,-0.6495474683430501
47,K3,DR-SCC,raw,M5_SVR,-0.2441353076439703,-0.4127098123817311
47,K3,DR-SCC,raw,M6_SVR+time,-0.25652486845201805,-0.42509937318977886
47,K3,DR-SCC,baseline,M2_ENR,-0.029416901344036406,-0.19799140608179722
47,K3,DR-SCC,baseline,M3_ENR+time,-0.15225125916278048,-0.3208257639005413
47,K3,DR-SCC,baseline,M4_mixed,-0.8954456130801884,-1.0640201178179494
47,K3,DR-SCC,baseline,M5_SVR,-0.14046031716218277,-0.3090348218999436
47,K3,DR-SCC,baseline,M6_SVR+time,-0.13293736015883106,-0.3015118648965919
47,K3,FOOOF,raw,M2_ENR,-0.07207186821712996,-0.24064637295489077
47,K3,FOOOF,raw,M3_ENR+time,-0.10483075704544653,-0.27340526178320734
47,K3,FOOOF,raw,M4_mixed,-0.5778721445366064,-0.7464466492743672
47,K3,FOOOF,raw,M5_SVR,-0.15870671949876636,-0.32728122423652717
47,K3,FOOOF,raw,M6_SVR+time,-0.09906675674190923,-0.26764126147967005
47,K3,FOOOF,baseline,M2_ENR,-0.11853305179832718,-0.287107556536088
47,K3,FOOOF,baseline,M3_ENR+time,-0.09771627756295476,-0.26629078230071557
47,K3,FOOOF,baseline,M4_mixed,-0.6714316867162873,-0.8400061914540481
47,K3,FOOOF,baseline,M5_SVR,-0.09867128849445961,-0.2672457932322204
47,K3,FOOOF,baseline,M6_SVR+time,0.0021651856887259235,-0.1664093190490349
47,K4,DR-SCC,raw,M2_ENR,-0.03361276436972216,-0.20218726910748297
47,K4,DR-SCC,raw,M3_ENR+time,-0.04058203182213349,-0.2091565365598943
47,K4,DR-SCC,raw,M4_mixed,-0.4247355200323617,-0.5933100247701225
47,K4,DR-SCC,raw,M5_SVR,-0.18346692295731404,-0.35204142769507485
47,K4,DR-SCC,raw,M6_SVR+time,-0.08060481574068468,-0.2491793204784455
47,K4,DR-SCC,baseline,M2_ENR,-0.05535342434657364,-0.22392792908433445
47,K4,DR-SCC,baseline,M3_ENR+time,0.0064476156467246915,-0.16212688909103612
47,K4,DR-SCC,baseline,M4_mixed,-0.6351675216818524,-0.8037420264196132
47,K4,DR-SCC,baseline,M5_SVR,-0.15123927095738554,-0.31981377569514635
47,K4,DR-SCC,baseline,M6_SVR+time,-0.0694315166644881,-0.2380060214022489
47,K4,FOOOF,raw,M2_ENR,-0.03982847471211226,-0.20840297944987307
47,K4,FOOOF,raw,M3_ENR+time,-0.03200004705371584,-0.20057455179147665
47,K4,FOOOF,raw,M4_mixed,-0.17042381629161407,-0.3389983210293749
47,K4,FOOOF,raw,M5_SVR,-0.03359807718711938,-0.2021725819248802
47,K4,FOOOF,raw,M6_SVR+time,0.11726529326454649,-0.05130921147321432
47,K4,FOOOF,baseline,M2_ENR,-0.1529389504942631,-0.3215134552320239
47,K4,FOOOF,baseline,M3_ENR+time,-0.13135793859654732,-0.29993244333430813
47,K4,FOOOF,baseline,M4_mixed,-4.289796901305102,-4.458371406042862
47,K4,FOOOF,baseline,M5_SVR,-0.1699530895199699,-0.3385275942577307
47,K4,FOOOF,baseline,M6_SVR+time,-0.11896205263933779,-0.2875365573770986
48,K1,DR-SCC,raw,M2_ENR,-0.02701804513477546,-0.23200279947900626
48,K1,DR-SCC,raw,M3_ENR+time,-0.02701804513477546,-0.23200279947900626
48,K1,DR-SCC,raw,M4_mixed,-0.8107512188868309,-1.0157359732310618
48,K1,DR-SCC,raw,M5_SVR,-0.1946903042722401,-0.3996750586164709
48,K1,DR-SCC,raw,M6_SVR+time,-0.20743365483068232,-0.4124184091749131
48,K1,DR-SCC,baseline,M2_ENR,-0.027053491445302225,-0.23203824578953303
48,K1,DR-SCC,baseline,M3_ENR+time,-0.027053491445302225,-0.23203824578953303
48,K1,DR-SCC,baseline,M4_mixed,-0.2674271085958704,-0.4724118629401012
48,K1,DR-SCC,baseline,M5_SVR,-0.05365477907627603,-0.25863953342050683
48,K1,DR-SCC,baseline,M6_SVR+time,-0.0573626921135546,-0.2623474464577854
48,K1,FOOOF,raw,M2_ENR,-0.02917783744522695,-0.23416259178945775
48,K1,FOOOF,raw,M3_ENR+time,-0.02917783744522695,-0.23416259178945775
48,K1,FOOOF,raw,M4_mixed,-0.6320973038947117,-0.8370820582389426
48,K1,FOOOF,raw,M5_SVR,-0.14350143143948002,-0.3484861857837108
48,K1,FOOOF,raw,M6_SVR+time,-0.14630855307038138,-0.3512933074146122
48,K1,FOOOF,baseline,M2_ENR,-0.09951449240402166,-0.30449924674825246
48,K1,FOOOF,baseline,M3_ENR+time,-0.1009256074266498,-0.3059103617708806
48,K1,FOOOF,baseline,M4_mixed,-0.01621946529126439,-0.2212042196354952
48,K1,FOOOF,baseline,M5_SVR,-0.08076824919284764,-0.28575300353707844
48,K1,FOOOF,baseline,M6_SVR+time,-0.08732424783210657,-0.2923090021763374
48,K3,DR-SCC,raw,M2_ENR,-0.04794079617847258,-0.2529255505227034
48,K3,DR-SCC,raw,M3_ENR+time,-0.04681552171060921,-0.25180027605484
48,K3,DR-SCC,raw,M4_mixed,-1.6094807972234366,-1.8144655515676673
48,K3,DR-SCC,raw,M5_SVR,-0.1401356926545878,-0.3451204469988186
48,K3,DR-SCC,raw,M6_SVR+time,-0.009566276337924062,-0.21455103068215486
48,K3,DR-SCC,baseline,M2_ENR,-0.20784594910438114,-0.41283070344861195
48,K3,DR-SCC,baseline,M3_ENR+time,-0.21675369885936657,-0.4217384532035974
48,K3,DR-SCC,baseline,M4_mixed,-1.1337886705765388,-1.3387734249207695
48,K3,DR-SCC,baseline,M5_SVR,-0.1661034934322041,-0.3710882477764349
48,K3,DR-SCC,baseline,M6_SVR+time,-0.10096278900676481,-0.3059475433509956
48,K3,FOOOF,raw,M2_ENR,-0.0824388433498322,-0.287423597694063
48,K3,FOOOF,raw,M3_ENR+time,-0.06723645140182066,-0.27222120574605146
48,K3,FOOOF,raw,M4_mixed,-2.0786958566202323,-2.283680610964463
48,K3,FOOOF,raw,M5_SVR,-0.20034501712043573,-0.40532977146466653
48,K3,FOOOF,raw,M6_SVR+time,-0.07612571484187969,-0.2811104691861105
48,K3,FOOOF,baseline,M2_ENR,-1.4578374010510666,-1.6628221553952973
48,K3,FOOOF,baseline,M3_ENR+time,-1.3522996956684983,-1.557284450012729
48,K3,FOOOF,baseline,M4_mixed,-2.9257913182121937,-3.1307760725564244
48,K3,FOOOF,baseline,M5_SVR,-0.07400912008641591,-0.2789938744306467
48,K3,FOOOF,baseline,M6_SVR+time,-0.09257190599096132,-0.2975566603351921
48,K4,DR-SCC,raw,M2_ENR,-0.024016734357396263,-0.22900148870162707
48,K4,DR-SCC,raw,M3_ENR+time,-0.02290776660979943,-0.22789252095403023
48,K4,DR-SCC,raw,M4_mixed,-0.48597847291768903,-0.6909632272619198
48,K4,DR-SCC,raw,M5_SVR,-0.14294073592870005,-0.34792549027293085
48,K4,DR-SCC,raw,M6_SVR+time,-0.10614331012495826,-0.31112806446918906
48,K4,DR-SCC,baseline,M2_ENR,-0.05297324623799482,-0.2579580005822256
48,K4,DR-SCC,baseline,M3_ENR+time,-0.11475776579331676,-0.31974252013754756
48,K4,DR-SCC,baseline,M4_mixed,-1.6254794890786215,-1.8304642434228522
48,K4,DR-SCC,baseline,M5_SVR,-0.1705906848551053,-0.3755754391993361
48,K4,DR-SCC,baseline,M6_SVR+time,-0.13214856627425187,-0.33713332061848267
48,K4,FOOOF,raw,M2_ENR,-0.061904304952886235,-0.26688905929711704
48,K4,FOOOF,raw,M3_ENR+time,-0.027036825064097325,-0.23202157940832813
48,K4,FOOOF,raw,M4_mixed,-0.24560409152693286,-0.45058884587116366
48,K4,FOOOF,raw,M5_SVR,-0.13831566159320885,-0.34330041593743965
48,K4,FOOOF,raw,M6_SVR+time,-0.0952997626103631,-0.3002845169545939
48,K4,FOOOF,baseline,M2_ENR,-0.07219039354837009,-0.2771751478926009
48,K4,FOOOF,baseline,M3_ENR+time,-0.10060858582425647,-0.30559334016848727
48,K4,FOOOF,baseline,M4_mixed,-2.8750675181739322,-3.080052272518163
48,K4,FOOOF,baseline,M5_SVR,-0.16472740461650992,-0.3697121589607407
48,K4,FOOOF,baseline,M6_SVR+time,-0.14280675911585794,-0.34779151346008874
49,K1,DR-SCC,raw,M2_ENR,-0.03031471833625221,-0.3121601117613131
49,K1,DR-SCC,raw,M3_ENR+time,-0.01981156897525893,-0.3016569624003198
49,K1,DR-SCC,raw,M4_mixed,-0.1969837397651375,-0.4788291331901984
49,K1,DR-SCC,raw,M5_SVR,-0.0381013045513805,-0.3199466979764414
49,K1,DR-SCC,raw,M6_SVR+time,-0.06530809537393756,-0.34715348879899843
49,K1,DR-SCC,baseline,M2_ENR,-0.030589712624105703,-0.3124351060491666
49,K1,DR-SCC,baseline,M3_ENR+time,-0.021296550688297167,-0.30314194411335804
49,K1,DR-SCC,baseline,M4_mixed,-0.3090189857526715,-0.5908643791777324
49,K1,DR-SCC,baseline,M5_SVR,-0.010296023010903932,-0.2921414164359648
49,K1,DR-SCC,baseline,M6_SVR+time,-0.026503716130087396,-0.30834910955514827
49,K1,FOOOF,raw,M2_ENR,-0.02179146741616167,-0.30363686084122254
49,K1,FOOOF,raw,M3_ENR+time,-0.020257379306533485,-0.30210277273159436
49,K1,FOOOF,raw,M4_mixed,-0.7774750717812282,-1.059320465206289
49,K1,FOOOF,raw,M5_SVR,-0.024786336399528208,-0.3066317298245891
49,K1,FOOOF,raw,M6_SVR+time,-0.05634840754952308,-0.33819380097458396
49,K1,FOOOF,baseline,M2_ENR,0.047173023746290954,-0.23467236967876992
49,K1,FOOOF,baseline,M3_ENR+time,0.02154532995067915,-0.2603000634743817
49,K1,FOOOF,baseline,M4_mixed,-0.7568872064379688,-1.0387325998630297
49,K1,FOOOF,baseline,M5_SVR,0.013282674056832477,-0.2685627193682284
49,K1,FOOOF,baseline,M6_SVR+time,0.033787749379062815,-0.24805764404599806
49,K3,DR-SCC,raw,M2_ENR,0.0041170874404918845,-0.277728305984569
49,K3,DR-SCC,raw,M3_ENR+time,0.0013207475219161324,-0.28052464590314474
49,K3,DR-SCC,raw,M4_mixed,-0.26692326819713275,-0.5487686616221936
49,K3,DR-SCC,raw,M5_SVR,-0.001139693896569316,-0.2829850873216302
49,K3,DR-SCC,raw,M6_SVR+time,0.0454587601264852,-0.23638663329857568
49,K3,DR-SCC,baseline,M2_ENR,0.08872216797268295,-0.19312322545237792
49,K3,DR-SCC,baseline,M3_ENR+time,-0.03558774280745847,-0.31743313623251934
49,K3,DR-SCC,baseline,M4_mixed,-0.11176723707508462,-0.3936126305001455
49,K3,DR-SCC,baseline,M5_SVR,-0.030018282767063198,-0.3118636761921241
49,K3,DR-SCC,baseline,M6_SVR+time,0.0024380307848679283,-0.27940736264019295
49,K3,FOOOF,raw,M2_ENR,-0.021038635268042283,-0.30288402869310316
49,K3,FOOOF,raw,M3_ENR+time,-0.02153165250473177,-0.30337704592979264
49,K3,FOOOF,raw,M4_mixed,-0.4032067019785617,-0.6850520954036226
49,K3,FOOOF,raw,M5_SVR,-0.06783640392385326,-0.34968179734891414
49,K3,FOOOF,raw,M6_SVR+time,-0.012774035522127303,-0.2946194289471882
49,K3,FOOOF,baseline,M2_ENR,-0.11470714036225105,-0.3965525337873119
49,K3,FOOOF,baseline,M3_ENR+time,-0.011353589770942918,-0.2931989831960038
49,K3,FOOOF,baseline,M4_mixed,-0.7181902682510704,-1.0000356616761312
49,K3,FOOOF,baseline,M5_SVR,0.0030619101619290268,-0.27878348326313185
49,K3,FOOOF,baseline,M6_SVR+time,0.16092219584098366,-0.12092319758407721
49,K4,DR-SCC,raw,M2_ENR,0.23969472445390494,-0.042150668971155936
49,K4,DR-SCC,raw,M3_ENR+time,0.23224796706150885,-0.04959742636355202
49,K4,DR-SCC,raw,M4_mixed,0.30954673544581324,0.027701342020752362
49,K4,DR-SCC,raw,M5_SVR,0.07147691132890932,-0.21036848209615155
49,K4,DR-SCC,raw,M6_SVR+time,0.09029852860643317,-0.1915468648186277
49,K4,DR-SCC,baseline,M2_ENR,0.08250559424273063,-0.19933979918233025
49,K4,DR-SCC,baseline,M3_ENR+time,0.05897357401437098,-0.2228718194106899
49,K4,DR-SCC,baseline,M4_mixed,-0.054120433690008296,-0.33596582711506917
49,K4,DR-SCC,baseline,M5_SVR,0.138652236590885,-0.14319315683417588
49,K4,DR-SCC,baseline,M6_SVR+time,0.2428461032018604,-0.03899929022320048
49,K4,FOOOF,raw,M2_ENR,-0.05331210686849808,-0.33515750029355895
49,K4,FOOOF,raw,M3_ENR+time,-0.019225869926807748,-0.3010712633518686
49,K4,FOOOF,raw,M4_mixed,-0.1474142546145869,-0.4292596480396478
49,K4,FOOOF,raw,M5_SVR,0.033658609762295844,-0.24818678366276503
49,K4,FOOOF,raw,M6_SVR+time,-0.04114417479681087,-0.32298956822187175
49,K4,FOOOF,baseline,M2_ENR,-0.03104236030311558,-0.31288775372817645
49,K4,FOOOF,baseline,M3_ENR+time,-0.05910317642668428,-0.34094856985174515
49,K4,FOOOF,baseline,M4_mixed,-0.9784003861080388,-1.2602457795330997
49,K4,FOOOF,baseline,M5_SVR,-0.02089981289228482,-0.3027452063173457
49,K4,FOOOF,baseline,M6_SVR+time,0.07586152008976599,-0.2059838733352949
50,K1,DR-SCC,raw,M2_ENR,0.1949330603888716,-0.08266335435133709
50,K1,DR-SCC,raw,M3_ENR+time,0.3750024768586553,0.0974060621184466
50,K1,DR-SCC,raw,M4_mixed,0.32675672447653104,0.04916030973632235
50,K1,DR-SCC,raw,M5_SVR,0.18628305746058293,-0.09131335727962575
50,K1,DR-SCC,raw,M6_SVR+time,0.45286052931869203,0.17526411457848334
50,K1,DR-SCC,baseline,M2_ENR,0.22552721592445502,-0.05206919881575367
50,K1,DR-SCC,baseline,M3_ENR+time,0.29678417246874234,0.01918775772853365
50,K1,DR-SCC,baseline,M4_mixed,0.054962532105147344,-0.22263388263506134
50,K1,DR-SCC,baseline,M5_SVR,0.1376129024074032,-0.13998351233280548
50,K1,DR-SCC,baseline,M6_SVR+time,0.2418841689066772,-0.0357122458335315
50,K1,FOOOF,raw,M2_ENR,0.047694670710629716,-0.22990174402957897
50,K1,FOOOF,raw,M3_ENR+time,0.3301104390463022,0.05251402430609353
50,K1,FOOOF,raw,M4_mixed,0.13519065025153953,-0.14240576448866915
50,K1,FOOOF,raw,M5_SVR,-0.07946718130419983,-0.3570635960444085
50,K1,FOOOF,raw,M6_SVR+time,0.14537567482423253,-0.13222073991597616
50,K1,FOOOF,baseline,M2_ENR,-0.0341155588180293,-0.311711973558238
50,K1,FOOOF,baseline,M3_ENR+time,0.11281717713881811,-0.16477923760139057
50,K1,FOOOF,baseline,M4_mixed,-0.19714085609427578,-0.47473727083448447
50,K1,FOOOF,baseline,M5_SVR,-0.09454954413951788,-0.37214595887972657
50,K1,FOOOF,baseline,M6_SVR+time,0.041319363358201855,-0.23627705138200683
50,K3,DR-SCC,raw,M2_ENR,0.029041880494942163,-0.24855453424526652
50,K3,DR-SCC,raw,M3_ENR+time,0.3229227149533135,0.0453263002131048
50,K3,DR-SCC,raw,M4_mixed,0.18188021681238775,-0.09571619792782093
50,K3,DR-SCC,raw,M5_SVR,0.01916610504830607,-0.2584303096919026
50,K3,DR-SCC,raw,M6_SVR+time,0.3485901233810772,0.07099370864086851
50,K3,DR-SCC,baseline,M2_ENR,0.03198174008836652,-0.24561467465184217
50,K3,DR-SCC,baseline,M3_ENR+time,0.2849964949907494,0.00740008025054073
50,K3,DR-SCC,baseline,M4_mixed,0.03544299260055406,-0.24215342213965463
50,K3,DR-SCC,baseline,M5_SVR,-0.05135591781602655,-0.32895233255623524
50,K3,DR-SCC,baseline,M6_SVR+time,0.16909825677842238,-0.1084981579617863
50,K3,FOOOF,raw,M2_ENR,-0.040850771493068816,-0.3184471862332775
50,K3,FOOOF,raw,M3_ENR+time,0.2395463354626508,-0.03805007927755788
50,K3,FOOOF,raw,M4_mixed,0.00665959847020281,-0.2709368162700059
50,K3,FOOOF,raw,M5_SVR,-0.12831226472800195,-0.40590867946821063
50,K3,FOOOF,raw,M6_SVR+time,0.16238797417538886,-0.11520844056481983
50,K3,FOOOF,baseline,M2_ENR,-0.06305932722677299,-0.3406557419669817
50,K3,FOOOF,baseline,M3_ENR+time,0.18976726042458492,-0.08782915431562377
50,K3,FOOOF,baseline,M4_mixed,-0.12152064199212442,-0.3991170567323331
50,K3,FOOOF,baseline,M5_SVR,-0.1257623096287377,-0.4033587243689464
50,K3,FOOOF,baseline,M6_SVR+time,0.3137933115721935,0.03619689683198479
50,K4,DR-SCC,raw,M2_ENR,0.24968693576837542,-0.027909478971833268
50,K4,DR-SCC,raw,M3_ENR+time,0.2550100655415467,-0.02258634919866198
50,K4,DR-SCC,raw,M4_mixed,0.23537624304361948,-0.042220171696589204
50,K4,DR-SCC,raw,M5_SVR,0.13754916171706888,-0.1400472530231398
50,K4,DR-SCC,raw,M6_SVR+time,0.22336905522741535,-0.05422735951279334
50,K4,DR-SCC,baseline,M2_ENR,0.06210901014939829,-0.2154874045908104
50,K4,DR-SCC,baseline,M3_ENR+time,0.17273562720646507,-0.10486078753374362
50,K4,DR-SCC,baseline,M4_mixed,-0.48453404519854915,-0.7621304599387578
50,K4,DR-SCC,baseline,M5_SVR,0.12894523063847718,-0.1486511841017315
50,K4,DR-SCC,baseline,M6_SVR+time,0.3081290483925938,0.03053263365238512
50,K4,FOOOF,raw,M2_ENR,0.026085496438793987,-0.2515109183014147
50,K4,FOOOF,raw,M3_ENR+time,0.17724079414315075,-0.10035562059705794
50,K4,FOOOF,raw,M4_mixed,-0.2404618111438439,-0.5180582258840526
50,K4,FOOOF,raw,M5_SVR,0.02405765283860295,-0.25353876190160574
50,K4,FOOOF,raw,M6_SVR+time,0.16946416540689457,-0.10813224933331411
50,K4,FOOOF,baseline,M2_ENR,-0.06785551286867753,-0.3454519276088862
50,K4,FOOOF,baseline,M3_ENR+time,0.23245694553078688,-0.0451394692094218
50,K4,FOOOF,baseline,M4_mixed,-1.2173171780111502,-1.494913592751359
50,K4,FOOOF,baseline,M5_SVR,0.07792011770301233,-0.19967629703719636
50,K4,FOOOF,baseline,M6_SVR+time,-0.0005139261557276509,-0.27811034089593634
51,K1,DR-SCC,raw,M2_ENR,-0.04720666410067631,-0.24523046701215334
51,K1,DR-SCC,raw,M3_ENR+time,-0.04720666410067631,-0.24523046701215334
51,K1,DR-SCC,raw,M4_mixed,-0.38230474025695327,-0.5803285431684303
51,K1,DR-SCC,raw,M5_SVR,-0.09140286774120132,-0.28942667065267835
51,K1,DR-SCC,raw,M6_SVR+time,-0.06808993726624957,-0.2661137401777266
51,K1,DR-SCC,baseline,M2_ENR,-0.15609923412279225,-0.3541230370342693
51,K1,DR-SCC,baseline,M3_ENR+time,-0.06403399331620574,-0.26205779622768277
51,K1,DR-SCC,baseline,M4_mixed,-0.1691439090493967,-0.3671677119608737
51,K1,DR-SCC,baseline,M5_SVR,-0.07718596064058203,-0.27520976355205906
51,K1,DR-SCC,baseline,M6_SVR+time,-0.02956677425972054,-0.22759057717119757
51,K1,FOOOF,raw,M2_ENR,-0.04993826333154794,-0.24796206624302497
51,K1,FOOOF,raw,M3_ENR+time,-0.03093530876960804,-0.22895911168108507
51,K1,FOOOF,raw,M4_mixed,-0.42367052548728745,-0.6216943283987645
51,K1,FOOOF,raw,M5_SVR,-0.11654545378477832,-0.31456925669625535
51,K1,FOOOF,raw,M6_SVR+time,-0.04016508882284797,-0.238188891734325
51,K1,FOOOF,baseline,M2_ENR,-0.06696964086339419,-0.2649934437748712
51,K1,FOOOF,baseline,M3_ENR+time,-0.07182866698579748,-0.2698524698972745
51,K1,FOOOF,baseline,M4_mixed,-0.38868139687500824,-0.5867051997864853
51,K1,FOOOF,baseline,M5_SVR,0.05822214792244507,-0.13980165498903196
51,K1,FOOOF,baseline,M6_SVR+time,0.08404286272902461,-0.11398094018245242
51,K3,DR-SCC,raw,M2_ENR,-0.022350260290103785,-0.22037406320158082
51,K3,DR-SCC,raw,M3_ENR+time,-0.03145799098570756,-0.2294817938971846
51,K3,DR-SCC,raw,M4_mixed,-0.5579484500874321,-0.7559722529989091
51,K3,DR-SCC,raw,M5_SVR,-0.12543098624003757,-0.3234547891515146
51,K3,DR-SCC,raw,M6_SVR+time,-0.06544959229056158,-0.2634733952020386
51,K3,DR-SCC,baseline,M2_ENR,-0.20794470376611818,-0.4059685066775952
51,K3,DR-SCC,baseline,M3_ENR+time,-0.1384607208780595,-0.3364845237895365
51,K3,DR-SCC,baseline,M4_mixed,-1.255728706514864,-1.4537525094263408
51,K3,DR-SCC,baseline,M5_SVR,-0.1896775112867095,-0.38770131419818654
51,K3,DR-SCC,baseline,M6_SVR+time,-0.1987696393875633,-0.39679344229904034
51,K3,FOOOF,raw,M2_ENR,-0.06322192797021264,-0.2612457308816897
51,K3,FOOOF,raw,M3_ENR+time,-0.05757806737743043,-0.25560187028890746
51,K3,FOOOF,raw,M4_mixed,-0.5537418486427366,-0.7517656515542136
51,K3,FOOOF,raw,M5_SVR,-0.3315727713531553,-0.5295965742646324
51,K3,FOOOF,raw,M6_SVR+time,0.0460796715033116,-0.15194413140816543
51,K3,FOOOF,baseline,M2_ENR,-0.06293926347597445,-0.2609630663874515
51,K3,FOOOF,baseline,M3_ENR+time,-0.057961082192645064,-0.2559848851041221
51,K3,FOOOF,baseline,M4_mixed,-0.522223926798862,-0.720247729710339
51,K3,FOOOF,baseline,M5_SVR,0.011847982471864804,-0.18617582043961223
51,K3,FOOOF,baseline,M6_SVR+time,-0.17768473590829403,-0.37570853881977107
51,K4,DR-SCC,raw,M2_ENR,-0.01358276429230787,-0.2116065672037849
51,K4,DR-SCC,raw,M3_ENR+time,0.012888090477172542,-0.1851357124343045
51,K4,DR-SCC,raw,M4_mixed,-0.19739841263912083,-0.39542221555059787
51,K4,DR-SCC,raw,M5_SVR,-0.03710800632398059,-0.23513180923545762
51,K4,DR-SCC,raw,M6_SVR+time,0.015278854536220021,-0.182744948375257
51,K4,DR-SCC,baseline,M2_ENR,-0.20538925675232855,-0.4034130596638056
51,K4,DR-SCC,baseline,M3_ENR+time,-0.18043006741736045,-0.3784538703288375
51,K4,DR-SCC,baseline,M4_mixed,-1.19822620549524,-1.3962500084067169
51,K4,DR-SCC,baseline,M5_SVR,-0.0976696871299767,-0.29569349004145373
51,K4,DR-SCC,baseline,M6_SVR+time,0.0390030704066191,-0.15902073250485793
51,K4,FOOOF,raw,M2_ENR,0.0006589124877917074,-0.19736489042368532
51,K4,FOOOF,raw,M3_ENR+time,0.042266231074560956,-0.15575757183691608
51,K4,FOOOF,raw,M4_mixed,-0.43120618666151733,-0.6292299895729944
51,K4,FOOOF,raw,M5_SVR,0.04671830133766941,-0.15130550157380762
51,K4,FOOOF,raw,M6_SVR+time,-0.03785915057800193,-0.23588295348947896
51,K4,FOOOF,baseline,M2_ENR,-0.13425386282291463,-0.33227766573439166
51,K4,FOOOF,baseline,M3_ENR+time,-0.11316770914348373,-0.31119151205496076
51,K4,FOOOF,baseline,M4_mixed,-2.903837647813463,-3.10186145072494
51,K4,FOOOF,baseline,M5_SVR,-0.04052542446326868,-0.2385492273747457
51,K4,FOOOF,baseline,M6_SVR+time,0.10998933059955929,-0.08803447231191774
52,K1,DR-SCC,raw,M2_ENR,0.1300380295894228,-0.048504909444479716
52,K1,DR-SCC,raw,M3_ENR+time,-0.022580534458092272,-0.20112347349199478
52,K1,DR-SCC,raw,M4_mixed,-0.24058275757712555,-0.41912569661102805
52,K1,DR-SCC,raw,M5_SVR,-0.07159606583730183,-0.25013900487120433
52,K1,DR-SCC,raw,M6_SVR+time,-0.05673191181124482,-0.23527485084514732
52,K1,DR-SCC,baseline,M2_ENR,-0.16661912339428597,-0.3451620624281885
52,K1,DR-SCC,baseline,M3_ENR+time,-0.1323452180676159,-0.3108881571015184
52,K1,DR-SCC,baseline,M4_mixed,-0.0346163722210453,-0.2131593112549478
52,K1,DR-SCC,baseline,M5_SVR,-0.09821785429749585,-0.27676079333139836
52,K1,DR-SCC,baseline,M6_SVR+time,-0.07992663017115631,-0.2584695692050588
52,K1,FOOOF,raw,M2_ENR,-0.013786638202107016,-0.19232957723600952
52,K1,FOOOF,raw,M3_ENR+time,-0.006478291741031761,-0.18502123077493426
52,K1,FOOOF,raw,M4_mixed,-0.4547291227641532,-0.6332720617980557
52,K1,FOOOF,raw,M5_SVR,-0.16635184236652178,-0.3448947814004243
52,K1,FOOOF,raw,M6_SVR+time,-0.10381414929463872,-0.28235708832854123
52,K1,FOOOF,baseline,M2_ENR,-0.08926791295069214,-0.26781085198459464
52,K1,FOOOF,baseline,M3_ENR+time,0.06070440532281318,-0.11783853371108932
52,K1,FOOOF,baseline,M4_mixed,-0.6065226087316629,-0.7850655477655654
52,K1,FOOOF,baseline,M5_SVR,-0.05224700647339042,-0.23078994550729293
52,K1,FOOOF,baseline,M6_SVR+time,0.025995073470951646,-0.15254786556295086
52,K3,DR-SCC,raw,M2_ENR,-0.02100304459126967,-0.19954598362517217
52,K3,DR-SCC,raw,M3_ENR+time,-0.01975035690879401,-0.1982932959426965
52,K3,DR-SCC,raw,M4_mixed,-0.6863575188337199,-0.8649004578676224
52,K3,DR-SCC,raw,M5_SVR,-0.09100665082775006,-0.26954958986165256
52,K3,DR-SCC,raw,M6_SVR+time,0.06395479136270243,-0.11458814767120007
52,K3,DR-SCC,baseline,M2_ENR,-0.16640917251602394,-0.34495211154992644
52,K3,DR-SCC,baseline,M3_ENR+time,-0.125226355203224,-0.3037692942371265
52,K3,DR-SCC,baseline,M4_mixed,-1.3157265635714759,-1.4942695026053783
52,K3,DR-SCC,baseline,M5_SVR,-0.25869072428175555,-0.43723366331565805
52,K3,DR-SCC,baseline,M6_SVR+time,-0.25420651910361536,-0.43274945813751786
52,K3,FOOOF,raw,M2_ENR,0.023435971134555866,-0.15510696789934664
52,K3,FOOOF,raw,M3_ENR+time,-0.03298131467602228,-0.21152425370992478
52,K3,FOOOF,raw,M4_mixed,-1.7544837228750203,-1.9330266619089227
52,K3,FOOOF,raw,M5_SVR,-0.16474244604616461,-0.3432853850800671
52,K3,FOOOF,raw,M6_SVR+time,-0.18560564654667866,-0.36414858558058116
52,K3,FOOOF,baseline,M2_ENR,-0.2330265898860031,-0.4115695289199056
52,K3,FOOOF,baseline,M3_ENR+time,-0.2502885801235415,-0.428831519157444
52,K3,FOOOF,baseline,M4_mixed,-2.133686482019072,-2.3122294210529746
52,K3,FOOOF,baseline,M5_SVR,-0.15843184940310673,-0.33697478843700923
52,K3,FOOOF,baseline,M6_SVR+time,-0.03155502295297041,-0.21009796198687292
52,K4,DR-SCC,raw,M2_ENR,-0.06521216175890343,-0.24375510079280593
52,K4,DR-SCC,raw,M3_ENR+time,-0.065865257622306,-0.2444081966562085
52,K4,DR-SCC,raw,M4_mixed,-0.6482080922246809,-0.8267510312585834
52,K4,DR-SCC,raw,M5_SVR,-0.12693386045945343,-0.30547679949335593
52,K4,DR-SCC,raw,M6_SVR+time,-0.17803400191478413,-0.35657694094868664
52,K4,DR-SCC,baseline,M2_ENR,-0.06459160526937402,-0.24313454430327652
52,K4,DR-SCC,baseline,M3_ENR+time,-0.011147025562390889,-0.1896899645962934
52,K4,DR-SCC,baseline,M4_mixed,-1.307488950434276,-1.4860318894681783
52,K4,DR-SCC,baseline,M5_SVR,-0.30923466464101446,-0.48777760367491696
52,K4,DR-SCC,baseline,M6_SVR+time,-0.31048804498340665,-0.48903098401730916
52,K4,FOOOF,raw,M2_ENR,-0.019430225009948066,-0.19797316404385057
52,K4,FOOOF,raw,M3_ENR+time,-0.019430225009948066,-0.19797316404385057
52,K4,FOOOF,raw,M4_mixed,-0.5093838375022133,-0.6879267765361158
52,K4,FOOOF,raw,M5_SVR,-0.15546266348905724,-0.33400560252295974
52,K4,FOOOF,raw,M6_SVR+time,-0.12829408050023483,-0.30683701953413733
52,K4,FOOOF,baseline,M2_ENR,-0.15290882399664407,-0.3314517630305466
52,K4,FOOOF,baseline,M3_ENR+time,-0.14164470630670212,-0.3201876453406046
52,K4,FOOOF,baseline,M4_mixed,-7.722115045191387,-7.9006579842252895
52,K4,FOOOF,baseline,M5_SVR,-0.13517361907294956,-0.31371655810685206
52,K4,FOOOF,baseline,M6_SVR+time,-0.13062045995802962,-0.3091633989919321
53,K1,DR-SCC,raw,M2_ENR,-0.02854049908149281,-0.2434450031830181
53,K1,DR-SCC,raw,M3_ENR+time,-0.031139610278304364,-0.24604411437982965
53,K1,DR-SCC,raw,M4_mixed,-0.4012616755165459,-0.6161661796180712
53,K1,DR-SCC,raw,M5_SVR,-0.04557868629803585,-0.26048319039956114
53,K1,DR-SCC,raw,M6_SVR+time,-0.05782346281337958,-0.27272796691490486
53,K1,DR-SCC,baseline,M2_ENR,-0.1094580359865327,-0.324362540088058
53,K1,DR-SCC,baseline,M3_ENR+time,-0.10566268053868177,-0.32056718464020706
53,K1,DR-SCC,baseline,M4_mixed,-0.8167138030549312,-1.0316183071564566
53,K1,DR-SCC,baseline,M5_SVR,-0.14820796677878523,-0.3631124708803105
53,K1,DR-SCC,baseline,M6_SVR+time,-0.13871434316995734,-0.35361884727148263
53,K1,FOOOF,raw,M2_ENR,0.07501302813502597,-0.1398914759664993
53,K1,FOOOF,raw,M3_ENR+time,-0.024810368211649836,-0.23971487231317512
53,K1,FOOOF,raw,M4_mixed,-0.09423288588123602,-0.3091373899827613
53,K1,FOOOF,raw,M5_SVR,-0.0528427400354301,-0.2677472441369554
53,K1,FOOOF,raw,M6_SVR+time,-0.00034688575940822197,-0.2152513898609335
53,K1,FOOOF,baseline,M2_ENR,-0.05140870072322712,-0.2663132048247524
53,K1,FOOOF,baseline,M3_ENR+time,-0.04744305949568273,-0.262347563597208
53,K1,FOOOF,baseline,M4_mixed,-2.0803315699050957,-2.295236074006621
53,K1,FOOOF,baseline,M5_SVR,-0.1356106558185428,-0.3505151599200681
53,K1,FOOOF,baseline,M6_SVR+time,-0.14903177781936572,-0.363936281920891
53,K3,DR-SCC,raw,M2_ENR,0.04109520633480923,-0.17380929776671605
53,K3,DR-SCC,raw,M3_ENR+time,0.044853438778595045,-0.17005106532293024
53,K3,DR-SCC,raw,M4_mixed,-0.5189407282350309,-0.7338452323365562
53,K3,DR-SCC,raw,M5_SVR,0.025616374096425587,-0.1892881300050997
53,K3,DR-SCC,raw,M6_SVR+time,0.15763638047876127,-0.05726812362276401
53,K3,DR-SCC,baseline,M2_ENR,0.06020296483330967,-0.15470153926821562
53,K3,DR-SCC,baseline,M3_ENR+time,-0.9885975101032596,-1.2035020142047848
53,K3,DR-SCC,baseline,M4_mixed,-1.9742376827253816,-2.1891421868269068
53,K3,DR-SCC,baseline,M5_SVR,-0.06896484108671075,-0.28386934518823603
53,K3,DR-SCC,baseline,M6_SVR+time,-0.06112236483935907,-0.27602686894088435
53,K3,FOOOF,raw,M2_ENR,-0.03650905984737318,-0.25141356394889847
53,K3,FOOOF,raw,M3_ENR+time,-0.04424348316347593,-0.2591479872650012
53,K3,FOOOF,raw,M4_mixed,-0.9370785673233135,-1.151983071424839
53,K3,FOOOF,raw,M5_SVR,-0.08244066931793648,-0.29734517341946176
53,K3,FOOOF,raw,M6_SVR+time,0.08373217942703959,-0.1311723246744857
53,K3,FOOOF,baseline,M2_ENR,-0.031881816708973165,-0.24678632081049845
53,K3,FOOOF,baseline,M3_ENR+time,-0.035862697990694636,-0.2507672020922199
53,K3,FOOOF,baseline,M4_mixed,-1.9618787460105285,-2.1767832501120536
53,K3,FOOOF,baseline,M5_SVR,-0.15040061487268197,-0.36530511897420725
53,K3,FOOOF,baseline,M6_SVR+time,0.0020261744908089963,-0.2128783296107163
53,K4,DR-SCC,raw,M2_ENR,0.0033166262999093643,-0.21158787780161592
53,K4,DR-SCC,raw,M3_ENR+time,0.006610745845205712,-0.20829375825631957
53,K4,DR-SCC,raw,M4_mixed,-0.1716919706082567,-0.386596474709782
53,K4,DR-SCC,raw,M5_SVR,-0.017743981487450933,-0.23264848558897622
53,K4,DR-SCC,raw,M6_SVR+time,-0.031094514212364865,-0.24599901831389015
53,K4,DR-SCC,baseline,M2_ENR,-0.21514272363279563,-0.4300472277343209
53,K4,DR-SCC,baseline,M3_ENR+time,-0.11116743045822286,-0.32607193455974814
53,K4,DR-SCC,baseline,M4_mixed,-1.5134651736070461,-1.7283696777085713
53,K4,DR-SCC,baseline,M5_SVR,-0.04140984515151058,-0.25631434925303587
53,K4,DR-SCC,baseline,M6_SVR+time,-0.056316673540057094,-0.2712211776415824
53,K4,FOOOF,raw,M2_ENR,-0.04340137845464276,-0.25830588255616804
53,K4,FOOOF,raw,M3_ENR+time,-0.019454036612257086,-0.23435854071378237
53,K4,FOOOF,raw,M4_mixed,-0.9064667261236505,-1.1213712302251757
53,K4,FOOOF,raw,M5_SVR,-0.025767664221806985,-0.24067216832333227
53,K4,FOOOF,raw,M6_SVR+time,-0.0030980284149288995,-0.21800253251645418
53,K4,FOOOF,baseline,M2_ENR,-0.016193386822430655,-0.23109789092395594
53,K4,FOOOF,baseline,M3_ENR+time,-0.01109295737114091,-0.2259974614726662
53,K4,FOOOF,baseline,M4_mixed,-0.8870803319248779,-1.101984836026403
53,K4,FOOOF,baseline,M5_SVR,-0.05469097766613995,-0.26959548176766523
53,K4,FOOOF,baseline,M6_SVR+time,-0.0161485219404085,-0.23105302604193378
54,K1,DR-SCC,raw,M2_ENR,0.010136237381113355,-0.23747525454715301
54,K1,DR-SCC,raw,M3_ENR+time,0.0728659240621582,-0.17474556786610818
54,K1,DR-SCC,raw,M4_mixed,0.033359696980619025,-0.21425179494764734
54,K1,DR-SCC,raw,M5_SVR,-0.0027874006489008174,-0.2503988925771672
54,K1,DR-SCC,raw,M6_SVR+time,0.015047407871241592,-0.23256408405702478
54,K1,DR-SCC,baseline,M2_ENR,-0.11480756647028345,-0.3624190583985498
54,K1,DR-SCC,baseline,M3_ENR+time,-0.0011351662891729841,-0.24874665821743935
54,K1,DR-SCC,baseline,M4_mixed,-0.12136039161246481,-0.3689718835407312
54,K1,DR-SCC,baseline,M5_SVR,0.00036170619389108705,-0.24724978573437528
54,K1,DR-SCC,baseline,M6_SVR+time,-0.0027430728436699248,-0.2503545647719363
54,K1,FOOOF,raw,M2_ENR,-0.04181004287913859,-0.28942153480740496
54,K1,FOOOF,raw,M3_ENR+time,-0.03161081312731939,-0.27922230505558576
54,K1,FOOOF,raw,M4_mixed,-0.2732564444472909,-0.5208679363755573
54,K1,FOOOF,raw,M5_SVR,-0.0887940197616306,-0.33640551168989696
54,K1,FOOOF,raw,M6_SVR+time,-0.014590291878731954,-0.2622017838069983
54,K1,FOOOF,baseline,M2_ENR,-0.35276532739837774,-0.6003768193266441
54,K1,FOOOF,baseline,M3_ENR+time,-0.1250707387103398,-0.37268223063860617
54,K1,FOOOF,baseline,M4_mixed,-1.110428023512688,-1.3580395154409544
54,K1,FOOOF,baseline,M5_SVR,0.0029663403952510103,-0.24464515153301536
54,K1,FOOOF,baseline,M6_SVR+time,0.10286077986791664,-0.14475071206034973
54,K3,DR-SCC,raw,M2_ENR,-0.027069465144161864,-0.27468095707242823
54,K3,DR-SCC,raw,M3_ENR+time,-0.05241442473529445,-0.3000259166635608
54,K3,DR-SCC,raw,M4_mixed,-0.597463776266703,-0.8450752681949694
54,K3,DR-SCC,raw,M5_SVR,-0.07171452370120446,-0.3193260156294708
54,K3,DR-SCC,raw,M6_SVR+time,-0.03748815290437002,-0.2850996448326364
54,K3,DR-SCC,baseline,M2_ENR,-0.043735272601068687,-0.29134676452933506
54,K3,DR-SCC,baseline,M3_ENR+time,-0.11152660469397357,-0.35913809662223994
54,K3,DR-SCC,baseline,M4_mixed,-1.0274846471043921,-1.2750961390326585
54,K3,DR-SCC,baseline,M5_SVR,-0.33825130181226104,-0.5858627937405274
54,K3,DR-SCC,baseline,M6_SVR+time,-0.13648418037495635,-0.3840956723032227
54,K3,FOOOF,raw,M2_ENR,-0.02961056156332842,-0.2772220534915948
54,K3,FOOOF,raw,M3_ENR+time,-0.07903232263064242,-0.3266438145589088
54,K3,FOOOF,raw,M4_mixed,-0.6427536809356098,-0.8903651728638762
54,K3,FOOOF,raw,M5_SVR,0.014303034687514038,-0.23330845724075233
54,K3,FOOOF,raw,M6_SVR+time,0.16307597070936541,-0.08453552121890096
54,K3,FOOOF,baseline,M2_ENR,-0.2455238244055744,-0.4931353163338408
54,K3,FOOOF,baseline,M3_ENR+time,-0.009720901875950316,-0.2573323938042167
54,K3,FOOOF,baseline,M4_mixed,-0.6468597236038134,-0.8944712155320798
54,K3,FOOOF,baseline,M5_SVR,-0.02047872156710362,-0.26809021349537
54,K3,FOOOF,baseline,M6_SVR+time,0.0026292020950583472,-0.24498228983320802
54,K4,DR-SCC,raw,M2_ENR,0.00974674096583139,-0.23786475096243498
54,K4,DR-SCC,raw,M3_ENR+time,-0.10417665845417523,-0.3517881503824416
54,K4,DR-SCC,raw,M4_mixed,0.0826718399981774,-0.16493965193008897
54,K4,DR-SCC,raw,M5_SVR,0.06026073938587517,-0.1873507525423912
54,K4,DR-SCC,raw,M6_SVR+time,0.014106081375494406,-0.23350541055277196
54,K4,DR-SCC,baseline,M2_ENR,0.013998754880340414,-0.23361273704792596
54,K4,DR-SCC,baseline,M3_ENR+time,-0.043806298558498824,-0.2914177904867652
54,K4,DR-SCC,baseline,M4_mixed,-0.1405487854994425,-0.38816027742770887
54,K4,DR-SCC,baseline,M5_SVR,-0.019324044939026397,-0.26693553686729277
54,K4,DR-SCC,baseline,M6_SVR+time,-0.010953671772321316,-0.2585651637005877
54,K4,FOOOF,raw,M2_ENR,0.05105276441000128,-0.1965587275182651
54,K4,FOOOF,raw,M3_ENR+time,-0.04872895743814465,-0.296340449366411
54,K4,FOOOF,raw,M4_mixed,0.16596760777778097,-0.0816438841504854
54,K4,FOOOF,raw,M5_SVR,0.017801873691240533,-0.22980961823702584
54,K4,FOOOF,raw,M6_SVR+time,0.23255210493637335,-0.01505938699189302
54,K4,FOOOF,baseline,M2_ENR,-0.03295409724972176,-0.28056558917798813
54,K4,FOOOF,baseline,M3_ENR+time,-0.0662498150128703,-0.3138613069411367
54,K4,FOOOF,baseline,M4_mixed,-0.29989524587583083,-0.5475067378040972
54,K4,FOOOF,baseline,M5_SVR,0.039891814525499725,-0.20771967740276664
54,K4,FOOOF,baseline,M6_SVR+time,0.051591153953338464,-0.1960203379749279
55,K1,DR-SCC,raw,M2_ENR,-0.08526737232888726,-0.4798270785802293
55,K1,DR-SCC,raw,M3_ENR+time,-0.08619638783353012,-0.4807560940848722
55,K1,DR-SCC,raw,M4_mixed,-0.14948739402543776,-0.5440471002767798
55,K1,DR-SCC,raw,M5_SVR,-0.08104903220711956,-0.47560873845846163
55,K1,DR-SCC,raw,M6_SVR+time,-0.07701018133520399,-0.47156988758654605
55,K1,DR-SCC,baseline,M2_ENR,-0.07863896727659014,-0.4731986735279322
55,K1,DR-SCC,baseline,M3_ENR+time,-0.15916283670329667,-0.5537225429546387
55,K1,DR-SCC,baseline,M4_mixed,-0.2862208665342203,-0.6807805727855624
55,K1,DR-SCC,baseline,M5_SVR,-0.26119066643275657,-0.6557503726840986
55,K1,DR-SCC,baseline,M6_SVR+time,-0.030840466589256543,-0.4254001728405986
55,K1,FOOOF,raw,M2_ENR,-0.07788991574999482,-0.4724496220013369
55,K1,FOOOF,raw,M3_ENR+time,-0.0837763751645959,-0.478336081415938
55,K1,FOOOF,raw,M4_mixed,-0.47301875536800786,-0.8675784616193499
55,K1,FOOOF,raw,M5_SVR,-0.0521339013624349,-0.44669360761377697
55,K1,FOOOF,raw,M6_SVR+time,0.07466066936437621,-0.31989903688696586
55,K1,FOOOF,baseline,M2_ENR,0.04149515846491558,-0.3530645477864265
55,K1,FOOOF,baseline,M3_ENR+time,0.03112211907967455,-0.3634375871716675
55,K1,FOOOF,baseline,M4_mixed,-0.739873283228996,-1.134432989480338
55,K1,FOOOF,baseline,M5_SVR,-0.05212465066009053,-0.4466843569114326
55,K1,FOOOF,baseline,M6_SVR+time,-0.004088058966398522,-0.3986477652177406
55,K3,DR-SCC,raw,M2_ENR,-0.032795446819173124,-0.4273551530705152
55,K3,DR-SCC,raw,M3_ENR+time,-0.018621463051346154,-0.4131811693026882
55,K3,DR-SCC,raw,M4_mixed,-0.9929144044154905,-1.3874741106668327
55,K3,DR-SCC,raw,M5_SVR,-0.0811550374632879,-0.47571474371462996
55,K3,DR-SCC,raw,M6_SVR+time,-0.05870248274193135,-0.4532621889932734
55,K3,DR-SCC,baseline,M2_ENR,0.013070135393630222,-0.38148957085771185
55,K3,DR-SCC,baseline,M3_ENR+time,-0.00587995114196449,-0.40043965739330656
55,K3,DR-SCC,baseline,M4_mixed,-1.0738299217541005,-1.4683896280054425
55,K3,DR-SCC,baseline,M5_SVR,-0.2753364633375972,-0.6698961695889393
55,K3,DR-SCC,baseline,M6_SVR+time,0.1174123333034981,-0.277147372947844
55,K3,FOOOF,raw,M2_ENR,-0.03614801655363031,-0.4307077228049724
55,K3,FOOOF,raw,M3_ENR+time,-0.019477604329894982,-0.41403731058123705
55,K3,FOOOF,raw,M4_mixed,-0.9406170458143803,-1.3351767520657223
55,K3,FOOOF,raw,M5_SVR,0.3111733406515048,-0.08338636559983725
55,K3,FOOOF,raw,M6_SVR+time,0.23652893354676674,-0.15803077270457533
55,K3,FOOOF,baseline,M2_ENR,0.073320504676886,-0.32123920157445607
55,K3,FOOOF,baseline,M3_ENR+time,-0.024096253551220137,-0.4186559598025622
55,K3,FOOOF,baseline,M4_mixed,-0.36648977480604783,-0.7610494810573899
55,K3,FOOOF,baseline,M5_SVR,0.21821107479150692,-0.17634863145983515
55,K3,FOOOF,baseline,M6_SVR+time,0.24730672671585863,-0.14725297953548344
55,K4,DR-SCC,raw,M2_ENR,-0.01815355232275695,-0.412713258574099
55,K4,DR-SCC,raw,M3_ENR+time,-0.013508003181983641,-0.4080677094333257
55,K4,DR-SCC,raw,M4_mixed,-0.2503180389594397,-0.6448777452107818
55,K4,DR-SCC,raw,M5_SVR,0.05277098959699278,-0.3417887166543493
55,K4,DR-SCC,raw,M6_SVR+time,0.1847215228310941,-0.20983818342024796
55,K4,DR-SCC,baseline,M2_ENR,-0.016048562211312234,-0.4106082684626543
55,K4,DR-SCC,baseline,M3_ENR+time,-0.03532744420852674,-0.4298871504598688
55,K4,DR-SCC,baseline,M4_mixed,-0.5186701132561147,-0.9132298195074567
55,K4,DR-SCC,baseline,M5_SVR,-0.05411984752406984,-0.4486795537754119
55,K4,DR-SCC,baseline,M6_SVR+time,0.10277599440989149,-0.2917837118414506
55,K4,FOOOF,raw,M2_ENR,-0.08584020656309366,-0.4803999128144357
55,K4,FOOOF,raw,M3_ENR+time,-0.08636432984598885,-0.4809240360973309
55,K4,FOOOF,raw,M4_mixed,-0.08270651428917608,-0.47726622054051815
55,K4,FOOOF,raw,M5_SVR,0.11321685557365091,-0.28134285067769116
55,K4,FOOOF,raw,M6_SVR+time,0.1423878366930862,-0.2521718695582559
55,K4,FOOOF,baseline,M2_ENR,-0.053957183453243296,-0.44851688970458536
55,K4,FOOOF,baseline,M3_ENR+time,-0.039013015509369975,-0.43357272176071204
55,K4,FOOOF,baseline,M4_mixed,-0.2073239176820194,-0.6018836239333615
55,K4,FOOOF,baseline,M5_SVR,0.25474310159486746,-0.1398166046564746
55,K4,FOOOF,baseline,M6_SVR+time,0.40470845967623836,0.010148753424896295
56,K1,DR-SCC,raw,M2_ENR,-0.03850156839640939,-0.2559486118704277
56,K1,DR-SCC,raw,M3_ENR+time,-0.014755709252458837,-0.23220275272647717
56,K1,DR-SCC,raw,M4_mixed,-0.27267620447322405,-0.4901232479472424
56,K1,DR-SCC,raw,M5_SVR,-0.14680651222200236,-0.3642535556960207
56,K1,DR-SCC,raw,M6_SVR+time,-0.09310070535155512,-0.31054774882557346
56,K1,DR-SCC,baseline,M2_ENR,-0.11482006332268635,-0.3322671067967047
56,K1,DR-SCC,baseline,M3_ENR+time,-0.02157010049829844,-0.23901714397231677
56,K1,DR-SCC,baseline,M4_mixed,-0.45571316451779564,-0.673160207991814
56,K1,DR-SCC,baseline,M5_SVR,-0.09644589964193107,-0.3138929431159494
56,K1,DR-SCC,baseline,M6_SVR+time,-0.14690711448229665,-0.364354157956315
56,K1,FOOOF,raw,M2_ENR,-0.02794628323709003,-0.24539332671110836
56,K1,FOOOF,raw,M3_ENR+time,-0.02150427388882692,-0.23895131736284525
56,K1,FOOOF,raw,M4_mixed,-0.49489454885201645,-0.7123415923260348
56,K1,FOOOF,raw,M5_SVR,-0.18516220066362,-0.4026092441376383
56,K1,FOOOF,raw,M6_SVR+time,-0.00019941527548783533,-0.21764645874950617
56,K1,FOOOF,baseline,M2_ENR,-0.0215005659345735,-0.23894760940859183
56,K1,FOOOF,baseline,M3_ENR+time,-0.02150427388882692,-0.23895131736284525
56,K1,FOOOF,baseline,M4_mixed,-0.36224598097784644,-0.5796930244518648
56,K1,FOOOF,baseline,M5_SVR,-0.12034299348169863,-0.33779003695571697
56,K1,FOOOF,baseline,M6_SVR+time,-0.07402793585797851,-0.29147497933199684
56,K3,DR-SCC,raw,M2_ENR,0.028263739834549773,-0.18918330363946856
56,K3,DR-SCC,raw,M3_ENR+time,0.022571892975134844,-0.1948751504988835
56,K3,DR-SCC,raw,M4_mixed,0.010883931285909365,-0.20656311218810897
56,K3,DR-SCC,raw,M5_SVR,-0.05245906065026773,-0.26990610412428606
56,K3,DR-SCC,raw,M6_SVR+time,0.038007960823161935,-0.1794390826508564
56,K3,DR-SCC,baseline,M2_ENR,0.03570169809804746,-0.18174534537597087
56,K3,DR-SCC,baseline,M3_ENR+time,0.10911373988391282,-0.10833330359010551
56,K3,DR-SCC,baseline,M4_mixed,0.2576874153994976,0.040240371925479246
56,K3,DR-SCC,baseline,M5_SVR,-0.12189205779469625,-0.3393391012687146
56,K3,DR-SCC,baseline,M6_SVR+time,-0.03338228048351555,-0.2508293239575339
56,K3,FOOOF,raw,M2_ENR,-0.1785996545763151,-0.39604669805033343
56,K3,FOOOF,raw,M3_ENR+time,-0.044791449521102145,-0.2622384929951205
56,K3,FOOOF,raw,M4_mixed,-0.6419847425734975,-0.8594317860475158
56,K3,FOOOF,raw,M5_SVR,-0.028225157096884557,-0.2456722005709029
56,K3,FOOOF,raw,M6_SVR+time,1.7650270041302818e-05,-0.21742939320397703
56,K3,FOOOF,baseline,M2_ENR,0.05055419623718982,-0.1668928472368285
56,K3,FOOOF,baseline,M3_ENR+time,0.09764009173621335,-0.11980695173780498
56,K3,FOOOF,baseline,M4_mixed,-0.11753014819432273,-0.33497719166834106
56,K3,FOOOF,baseline,M5_SVR,-0.06118943860841375,-0.2786364820824321
56,K3,FOOOF,baseline,M6_SVR+time,-0.0672254297388526,-0.2846724732128709
56,K4,DR-SCC,raw,M2_ENR,-0.0847188591500947,-0.302165902624113
56,K4,DR-SCC,raw,M3_ENR+time,-0.08420393250874492,-0.30165097598276325
56,K4,DR-SCC,raw,M4_mixed,0.005226307662820506,-0.21222073581119782
56,K4,DR-SCC,raw,M5_SVR,0.012644435526560471,-0.20480260794745786
56,K4,DR-SCC,raw,M6_SVR+time,-0.06246886168033039,-0.2799159051543487
56,K4,DR-SCC,baseline,M2_ENR,-0.05524611002090696,-0.2726931534949253
56,K4,DR-SCC,baseline,M3_ENR+time,-0.031321405568839555,-0.2487684490428579
56,K4,DR-SCC,baseline,M4_mixed,-0.3080302219050899,-0.5254772653791082
56,K4,DR-SCC,baseline,M5_SVR,-0.12164903287888484,-0.3390960763529032
56,K4,DR-SCC,baseline,M6_SVR+time,-0.1019466491712413,-0.31939369264525963
56,K4,FOOOF,raw,M2_ENR,0.1417206130902301,-0.07572643038378823
56,K4,FOOOF,raw,M3_ENR+time,0.14801969587272623,-0.0694273476012921
56,K4,FOOOF,raw,M4_mixed,0.04860818924998078,-0.16883885422403755
56,K4,FOOOF,raw,M5_SVR,0.02176311918638285,-0.19568392428763548
56,K4,FOOOF,raw,M6_SVR+time,0.019074811905531175,-0.19837223156848716
56,K4,FOOOF,baseline,M2_ENR,-0.08689874553833588,-0.3043457890123542
56,K4,FOOOF,baseline,M3_ENR+time,-0.08503633206163341,-0.30248337553565174
56,K4,FOOOF,baseline,M4_mixed,-1.9124400761935965,-2.1298871196676146
56,K4,FOOOF,baseline,M5_SVR,0.08871314466210134,-0.128733898811917
56,K4,FOOOF,baseline,M6_SVR+time,0.09413456110770513,-0.1233124823663132
57,K1,DR-SCC,raw,M2_ENR,-0.04328076078169629,-0.3761440982727131
57,K1,DR-SCC,raw,M3_ENR+time,-0.07430653201003667,-0.4071698695010535
57,K1,DR-SCC,raw,M4_mixed,0.05343114442799202,-0.2794321930630248
57,K1,DR-SCC,raw,M5_SVR,0.03905132424253743,-0.2938120132484794
57,K1,DR-SCC,raw,M6_SVR+time,-0.027123524145896694,-0.3599868616369135
57,K1,DR-SCC,baseline,M2_ENR,-0.11894677028314526,-0.4518101077741621
57,K1,DR-SCC,baseline,M3_ENR+time,-0.10965780323088548,-0.4425211407219023
57,K1,DR-SCC,baseline,M4_mixed,-0.2033394703384872,-0.536202807829504
57,K1,DR-SCC,baseline,M5_SVR,-0.04356036727743051,-0.37642370476844733
57,K1,DR-SCC,baseline,M6_SVR+time,0.030782481882885127,-0.3020808556081317
57,K1,FOOOF,raw,M2_ENR,0.02650432448919693,-0.3063590130018199
57,K1,FOOOF,raw,M3_ENR+time,-0.06286260757149664,-0.39572594506251346
57,K1,FOOOF,raw,M4_mixed,-0.18294006904455484,-0.5158034065355717
57,K1,FOOOF,raw,M5_SVR,0.1296746988725369,-0.2031886386184799
57,K1,FOOOF,raw,M6_SVR+time,0.07471363188486257,-0.25814970560615424
57,K1,FOOOF,baseline,M2_ENR,-0.04950797425703746,-0.3823713117480543
57,K1,FOOOF,baseline,M3_ENR+time,-0.06348140007589764,-0.39634473756691446
57,K1,FOOOF,baseline,M4_mixed,-1.3067347842161605,-1.6395981217071773
57,K1,FOOOF,baseline,M5_SVR,-0.08371108050869247,-0.4165744179997093
57,K1,FOOOF,baseline,M6_SVR+time,0.023395968238980935,-0.3094673692520359
57,K3,DR-SCC,raw,M2_ENR,0.023305662974926533,-0.3095576745160903
57,K3,DR-SCC,raw,M3_ENR+time,-0.01715757803744289,-0.3500209155284597
57,K3,DR-SCC,raw,M4_mixed,-0.400374942603247,-0.7332382800942638
57,K3,DR-SCC,raw,M5_SVR,-0.06915367937172534,-0.40201701686274216
57,K3,DR-SCC,raw,M6_SVR+time,-0.15181209463685552,-0.48467543212787234
57,K3,DR-SCC,baseline,M2_ENR,-0.08599333343163718,-0.418856670922654
57,K3,DR-SCC,baseline,M3_ENR+time,-0.09934944613637642,-0.43221278362739324
57,K3,DR-SCC,baseline,M4_mixed,-0.8196983978104786,-1.1525617353014954
57,K3,DR-SCC,baseline,M5_SVR,-0.02013338438122969,-0.3529967218722465
57,K3,DR-SCC,baseline,M6_SVR+time,-0.0546366701503842,-0.387500007641401
57,K3,FOOOF,raw,M2_ENR,-0.025163789535423975,-0.3580271270264408
57,K3,FOOOF,raw,M3_ENR+time,-0.050977913748871284,-0.3838412512398881
57,K3,FOOOF,raw,M4_mixed,-0.9450914849658381,-1.2779548224568549
57,K3,FOOOF,raw,M5_SVR,-0.17398955717894604,-0.5068528946699629
57,K3,FOOOF,raw,M6_SVR+time,0.1993132653120221,-0.13355007217899473
57,K3,FOOOF,baseline,M2_ENR,-0.01899951842597125,-0.35186285591698807
57,K3,FOOOF,baseline,M3_ENR+time,-0.01899951842597125,-0.35186285591698807
57,K3,FOOOF,baseline,M4_mixed,-0.7924237256747402,-1.125287063165757
57,K3,FOOOF,baseline,M5_SVR,0.22681212805011253,-0.10605120944090429
57,K3,FOOOF,baseline,M6_SVR+time,0.3096905410031041,-0.023172796487912706
57,K4,DR-SCC,raw,M2_ENR,-0.019473615945106326,-0.35233695343612315
57,K4,DR-SCC,raw,M3_ENR+time,-0.019473615945106326,-0.35233695343612315
57,K4,DR-SCC,raw,M4_mixed,-0.6547147970085603,-0.9875781344995771
57,K4,DR-SCC,raw,M5_SVR,-0.033835025579863176,-0.36669836307088
57,K4,DR-SCC,raw,M6_SVR+time,-0.01769567810826178,-0.3505590155992786
57,K4,DR-SCC,baseline,M2_ENR,-0.059784857470454256,-0.3926481949614711
57,K4,DR-SCC,baseline,M3_ENR+time,-0.05327589350854134,-0.38613923099955816
57,K4,DR-SCC,baseline,M4_mixed,-0.5037669634701458,-0.8366303009611626
57,K4,DR-SCC,baseline,M5_SVR,-0.05550644996009768,-0.3883697874511145
57,K4,DR-SCC,baseline,M6_SVR+time,-0.06680975771039299,-0.3996730952014098
57,K4,FOOOF,raw,M2_ENR,-0.019473615945106326,-0.35233695343612315
57,K4,FOOOF,raw,M3_ENR+time,-0.019473615945106326,-0.35233695343612315
57,K4,FOOOF,raw,M4_mixed,-0.4165586585540093,-0.7494219960450261
57,K4,FOOOF,raw,M5_SVR,0.044433742203453974,-0.28842959528756285
57,K4,FOOOF,raw,M6_SVR+time,0.04850641759857133,-0.2843569198924455
57,K4,FOOOF,baseline,M2_ENR,-0.19744182714125968,-0.5303051646322765
57,K4,FOOOF,baseline,M3_ENR+time,-0.15216075922453753,-0.48502409671555435
57,K4,FOOOF,baseline,M4_mixed,-0.48266271862476984,-0.8155260561157867
57,K4,FOOOF,baseline,M5_SVR,-0.03349549557776954,-0.36635883306878636
57,K4,FOOOF,baseline,M6_SVR+time,0.14996655253627567,-0.18289678495474115
58,K1,DR-SCC,raw,M2_ENR,-0.09160494941209785,-0.31876720908391165
58,K1,DR-SCC,raw,M3_ENR+time,-0.08077750809349316,-0.30793976776530696
58,K1,DR-SCC,raw,M4_mixed,-0.32142541340475805,-0.5485876730765719
58,K1,DR-SCC,raw,M5_SVR,-0.0037127517059099002,-0.2308750113777237
58,K1,DR-SCC,raw,M6_SVR+time,-0.07586684377683528,-0.3030291034486491
58,K1,DR-SCC,baseline,M2_ENR,-0.044443943402007635,-0.27160620307382144
58,K1,DR-SCC,baseline,M3_ENR+time,-0.02676332721223429,-0.2539255868840481
58,K1,DR-SCC,baseline,M4_mixed,-0.30441257894497653,-0.5315748386167903
58,K1,DR-SCC,baseline,M5_SVR,0.036077938021260914,-0.1910843216505529
58,K1,DR-SCC,baseline,M6_SVR+time,-0.05257400498588205,-0.27973626465769585
58,K1,FOOOF,raw,M2_ENR,-0.02307843007173016,-0.25024068974354396
58,K1,FOOOF,raw,M3_ENR+time,-0.019868599692724365,-0.24703085936453817
58,K1,FOOOF,raw,M4_mixed,-0.7471080005019715,-0.9742702601737853
58,K1,FOOOF,raw,M5_SVR,-0.18145695383899607,-0.4086192135108099
58,K1,FOOOF,raw,M6_SVR+time,-0.19159739438774914,-0.41875965405956295
58,K1,FOOOF,baseline,M2_ENR,-0.026294246957665912,-0.2534565066294797
58,K1,FOOOF,baseline,M3_ENR+time,-0.026294246957666134,-0.25345650662947994
58,K1,FOOOF,baseline,M4_mixed,-1.5870014017777763,-1.81416366144959
58,K1,FOOOF,baseline,M5_SVR,-0.09963073069209982,-0.3267929903639136
58,K1,FOOOF,baseline,M6_SVR+time,-0.10193567598282849,-0.3290979356546423
58,K3,DR-SCC,raw,M2_ENR,-0.02999129934117084,-0.25715355901298464
58,K3,DR-SCC,raw,M3_ENR+time,-0.020509452042559495,-0.2476717117143733
58,K3,DR-SCC,raw,M4_mixed,-0.36615506177626767,-0.5933173214480815
58,K3,DR-SCC,raw,M5_SVR,-0.017870055500791793,-0.2450323151726056
58,K3,DR-SCC,raw,M6_SVR+time,0.02394549113044253,-0.20321676854137127
58,K3,DR-SCC,baseline,M2_ENR,-0.07418051841842144,-0.30134277809023524
58,K3,DR-SCC,baseline,M3_ENR+time,-0.07136248524985866,-0.29852474492167247
58,K3,DR-SCC,baseline,M4_mixed,-0.4560215496057425,-0.6831838092775563
58,K3,DR-SCC,baseline,M5_SVR,-0.08663802920926189,-0.3138002888810757
58,K3,DR-SCC,baseline,M6_SVR+time,-0.03820155205818421,-0.265363811729998
58,K3,FOOOF,raw,M2_ENR,-0.038565797128032875,-0.2657280567998467
58,K3,FOOOF,raw,M3_ENR+time,-0.03596883134940132,-0.2631310910212151
58,K3,FOOOF,raw,M4_mixed,-0.7540908584718138,-0.9812531181436276
58,K3,FOOOF,raw,M5_SVR,-0.11305080841145121,-0.340213068083265
58,K3,FOOOF,raw,M6_SVR+time,0.007847339603394343,-0.21931492006841946
58,K3,FOOOF,baseline,M2_ENR,-0.11756129102870161,-0.3447235507005154
58,K3,FOOOF,baseline,M3_ENR+time,-0.11672159808604632,-0.3438838577578601
58,K3,FOOOF,baseline,M4_mixed,-0.8206024452082654,-1.0477647048800791
58,K3,FOOOF,baseline,M5_SVR,-0.006028564947295312,-0.23319082461910912
58,K3,FOOOF,baseline,M6_SVR+time,-0.005495529965830803,-0.2326577896376446
58,K4,DR-SCC,raw,M2_ENR,-0.03331931263086485,-0.26048157230267865
58,K4,DR-SCC,raw,M3_ENR+time,-0.028717646406205777,-0.2558799060780196
58,K4,DR-SCC,raw,M4_mixed,-0.7653082973269763,-0.99247055699879
58,K4,DR-SCC,raw,M5_SVR,-0.10681076320479632,-0.3339730228766101
58,K4,DR-SCC,raw,M6_SVR+time,-0.17760609009735373,-0.40476834976916753
58,K4,DR-SCC,baseline,M2_ENR,-0.05156848637175471,-0.2787307460435685
58,K4,DR-SCC,baseline,M3_ENR+time,-0.04035265311082337,-0.26751491278263717
58,K4,DR-SCC,baseline,M4_mixed,-1.086523288277474,-1.3136855479492877
58,K4,DR-SCC,baseline,M5_SVR,-0.17798690452044963,-0.40514916419226343
58,K4,DR-SCC,baseline,M6_SVR+time,-0.20304165581404754,-0.43020391548586134
58,K4,FOOOF,raw,M2_ENR,-0.019549220556305702,-0.2467114802281195
58,K4,FOOOF,raw,M3_ENR+time,-0.045907298015793074,-0.2730695576876069
58,K4,FOOOF,raw,M4_mixed,-0.05776894236885988,-0.2849312020406737
58,K4,FOOOF,raw,M5_SVR,-0.00511728121471533,-0.23227954088652913
58,K4,FOOOF,raw,M6_SVR+time,-0.05044595566617982,-0.2776082153379936
58,K4,FOOOF,baseline,M2_ENR,-0.03932397695310863,-0.26648623662492243
58,K4,FOOOF,baseline,M3_ENR+time,-0.03517612069572751,-0.2623383803675413
58,K4,FOOOF,baseline,M4_mixed,-3.284145894017673,-3.5113081536894866
58,K4,FOOOF,baseline,M5_SVR,-0.15135337581763508,-0.3785156354894489
58,K4,FOOOF,baseline,M6_SVR+time,-0.10520973137613687,-0.3323719910479507
59,K1,DR-SCC,raw,M2_ENR,-0.03156360477271747,-0.3101297480167423
59,K1,DR-SCC,raw,M3_ENR+time,-0.03209242573140281,-0.31065856897542765
59,K1,DR-SCC,raw,M4_mixed,-0.2895997887346293,-0.5681659319786542
59,K1,DR-SCC,raw,M5_SVR,-0.14535640772963898,-0.4239225509736638
59,K1,DR-SCC,raw,M6_SVR+time,-0.18753084737434622,-0.46609699061837107
59,K1,DR-SCC,baseline,M2_ENR,-0.1442033398229008,-0.42276948306692563
59,K1,DR-SCC,baseline,M3_ENR+time,-0.1704645636021762,-0.44903070684620106
59,K1,DR-SCC,baseline,M4_mixed,-0.3940295083559531,-0.6725956515999779
59,K1,DR-SCC,baseline,M5_SVR,-0.3511052295477899,-0.6296713727918147
59,K1,DR-SCC,baseline,M6_SVR+time,-0.22073295455704867,-0.4992990978010735
59,K1,FOOOF,raw,M2_ENR,0.006338378747181128,-0.2722277644968437
59,K1,FOOOF,raw,M3_ENR+time,0.006513732589141452,-0.2720524106548834
59,K1,FOOOF,raw,M4_mixed,-0.5865234438933868,-0.8650895871374117
59,K1,FOOOF,raw,M5_SVR,-0.026823229602233267,-0.3053893728462581
59,K1,FOOOF,raw,M6_SVR+time,-0.1338931737583342,-0.41245931700235905
59,K1,FOOOF,baseline,M2_ENR,-0.1325646724953653,-0.41113081573939014
59,K1,FOOOF,baseline,M3_ENR+time,-0.05394531184058016,-0.332511455084605
59,K1,FOOOF,baseline,M4_mixed,-0.5078698448512691,-0.7864359880952939
59,K1,FOOOF,baseline,M5_SVR,-0.05130057692719836,-0.3298667201712232
59,K1,FOOOF,baseline,M6_SVR+time,-0.07386943910711774,-0.3524355823511426
59,K3,DR-SCC,raw,M2_ENR,-0.0318627566357188,-0.31042889987974365
59,K3,DR-SCC,raw,M3_ENR+time,-0.046283466897504066,-0.3248496101415289
59,K3,DR-SCC,raw,M4_mixed,-0.39271435325306636,-0.6712804964970912
59,K3,DR-SCC,raw,M5_SVR,0.14607697063876102,-0.13248917260526383
59,K3,DR-SCC,raw,M6_SVR+time,0.16591501419434762,-0.11265112904967722
59,K3,DR-SCC,baseline,M2_ENR,-0.1347660898687384,-0.41333223311276324
59,K3,DR-SCC,baseline,M3_ENR+time,-0.04982349449566059,-0.32838963773968544
59,K3,DR-SCC,baseline,M4_mixed,-1.743257586080456,-2.0218237293244807
59,K3,DR-SCC,baseline,M5_SVR,-0.22998745837546508,-0.5085536016194899
59,K3,DR-SCC,baseline,M6_SVR+time,-0.15261107786890782,-0.43117722111293266
59,K3,FOOOF,raw,M2_ENR,-0.02232313328532287,-0.3008892765293477
59,K3,FOOOF,raw,M3_ENR+time,-0.019961138136544987,-0.29852728138056983
59,K3,FOOOF,raw,M4_mixed,-0.22878796549964808,-0.5073541087436729
59,K3,FOOOF,raw,M5_SVR,-0.06938361892341227,-0.3479497621674371
59,K3,FOOOF,raw,M6_SVR+time,0.008482212199715344,-0.2700839310443095
59,K3,FOOOF,baseline,M2_ENR,0.056003033997005125,-0.22256310924701972
59,K3,FOOOF,baseline,M3_ENR+time,0.0762674498609589,-0.20229869338306594
59,K3,FOOOF,baseline,M4_mixed,-0.07731182287899818,-0.355877966123023
59,K3,FOOOF,baseline,M5_SVR,0.024924730187911193,-0.25364141305611365
59,K3,FOOOF,baseline,M6_SVR+time,0.20254012731938986,-0.07602601592463498
59,K4,DR-SCC,raw,M2_ENR,-0.009879225900242927,-0.28844536914426777
59,K4,DR-SCC,raw,M3_ENR+time,-0.005257190689085256,-0.2838233339331101
59,K4,DR-SCC,raw,M4_mixed,-0.13849700446842372,-0.41706314771244857
59,K4,DR-SCC,raw,M5_SVR,-0.10148952767508135,-0.3800556709191062
59,K4,DR-SCC,raw,M6_SVR+time,-0.18829513211596027,-0.4668612753599851
59,K4,DR-SCC,baseline,M2_ENR,-0.008360866931982347,-0.2869270101760072
59,K4,DR-SCC,baseline,M3_ENR+time,-0.06592648170444737,-0.3444926249484722
59,K4,DR-SCC,baseline,M4_mixed,-0.37796940587445826,-0.6565355491184831
59,K4,DR-SCC,baseline,M5_SVR,0.15838010564359384,-0.120186037600431
59,K4,DR-SCC,baseline,M6_SVR+time,0.05067298912545115,-0.2278931541185737
59,K4,FOOOF,raw,M2_ENR,0.054910507100348616,-0.22365563614367623
59,K4,FOOOF,raw,M3_ENR+time,0.09917218124649407,-0.17939396199753077
59,K4,FOOOF,raw,M4_mixed,-0.007710598932995305,-0.28627674217702015
59,K4,FOOOF,raw,M5_SVR,0.03493690058133947,-0.24362924266268537
59,K4,FOOOF,raw,M6_SVR+time,-0.03478295762445893,-0.3133491008684838
59,K4,FOOOF,baseline,M2_ENR,0.15242227947200082,-0.12614386377202402
59,K4,FOOOF,baseline,M3_ENR+time,0.13557309947550944,-0.1429930437685154
59,K4,FOOOF,baseline,M4_mixed,-2.8959763040144346,-3.1745424472584594
59,K4,FOOOF,baseline,M5_SVR,0.10980549977727017,-0.16876064346675468
59,K4,FOOOF,baseline,M6_SVR+time,0.12158883761418915,-0.1569773056298357
60,K1,DR-SCC,raw,M2_ENR,-0.04064691660649866,-0.29967291100195503
60,K1,DR-SCC,raw,M3_ENR+time,-0.02085508449705964,-0.279881078892516
60,K1,DR-SCC,raw,M4_mixed,-0.09647211444219117,-0.35549810883764754
60,K1,DR-SCC,raw,M5_SVR,-0.022271522082411677,-0.28129751647786805
60,K1,DR-SCC,raw,M6_SVR+time,0.0732334132166057,-0.18579258117885067
60,K1,DR-SCC,baseline,M2_ENR,-0.0986881126004846,-0.357714106995941
60,K1,DR-SCC,baseline,M3_ENR+time,-0.03294476171372618,-0.29197075610918255
60,K1,DR-SCC,baseline,M4_mixed,-0.24008635636519027,-0.49911235076064664
60,K1,DR-SCC,baseline,M5_SVR,-0.07052536415085853,-0.3295513585463149
60,K1,DR-SCC,baseline,M6_SVR+time,-0.0483218267560801,-0.30734782115153647
60,K1,FOOOF,raw,M2_ENR,-0.14753651602693596,-0.40656251042239233
60,K1,FOOOF,raw,M3_ENR+time,-0.04198618916299646,-0.30101218355845283
60,K1,FOOOF,raw,M4_mixed,-0.41066340010366664,-0.669689394499123
60,K1,FOOOF,raw,M5_SVR,-0.13978844038909544,-0.3988144347845518
60,K1,FOOOF,raw,M6_SVR+time,-0.05950744859806689,-0.31853344299352326
60,K1,FOOOF,baseline,M2_ENR,-0.2010769868700606,-0.46010298126551696
60,K1,FOOOF,baseline,M3_ENR+time,-0.14843928228709058,-0.40746527668254695
60,K1,FOOOF,baseline,M4_mixed,-1.2301981154311368,-1.4892241098265933
60,K1,FOOOF,baseline,M5_SVR,-0.150162438323991,-0.4091884327194474
60,K1,FOOOF,baseline,M6_SVR+time,-0.16232930219595998,-0.42135529659141635
60,K3,DR-SCC,raw,M2_ENR,-0.05224305362333359,-0.31126904801878996
60,K3,DR-SCC,raw,M3_ENR+time,-0.06062725723047446,-0.31965325162593083
60,K3,DR-SCC,raw,M4_mixed,-0.3817294809929421,-0.6407554753883985
60,K3,DR-SCC,raw,M5_SVR,0.029794027723633487,-0.22923196667182288
60,K3,DR-SCC,raw,M6_SVR+time,0.085385893383223,-0.17364010101223337
60,K3,DR-SCC,baseline,M2_ENR,-0.047879291154160564,-0.30690528554961694
60,K3,DR-SCC,baseline,M3_ENR+time,0.0149393701119509,-0.24408662428350547
60,K3,DR-SCC,baseline,M4_mixed,-0.5903759688673229,-0.8494019632627793
60,K3,DR-SCC,baseline,M5_SVR,-0.09027815800289507,-0.34930415239835144
60,K3,DR-SCC,baseline,M6_SVR+time,0.09019639030359616,-0.1688296040918602
60,K3,FOOOF,raw,M2_ENR,-0.03322104357658562,-0.292247037972042
60,K3,FOOOF,raw,M3_ENR+time,0.008664401488285622,-0.25036159290717075
60,K3,FOOOF,raw,M4_mixed,-0.2531065482933941,-0.5121325426888504
60,K3,FOOOF,raw,M5_SVR,-0.07098538965905399,-0.33001138405451036
60,K3,FOOOF,raw,M6_SVR+time,0.015961420153328465,-0.2430645742421279
60,K3,FOOOF,baseline,M2_ENR,-0.07713590256840175,-0.3361618969638581
60,K3,FOOOF,baseline,M3_ENR+time,-0.0356794573379462,-0.29470545173340257
60,K3,FOOOF,baseline,M4_mixed,-1.5742307079752647,-1.8332567023707211
60,K3,FOOOF,baseline,M5_SVR,-0.13096086708647814,-0.3899868614819345
60,K3,FOOOF,baseline,M6_SVR+time,-0.07524220698663675,-0.3342682013820931
60,K4,DR-SCC,raw,M2_ENR,-0.06847633947803433,-0.3275023338734907
60,K4,DR-SCC,raw,M3_ENR+time,-0.054967841162649744,-0.3139938355581061
60,K4,DR-SCC,raw,M4_mixed,-0.2793872690517001,-0.5384132634471565
60,K4,DR-SCC,raw,M5_SVR,-0.01692229342787388,-0.27594828782333025
60,K4,DR-SCC,raw,M6_SVR+time,-0.018055773190416513,-0.2770817675858729
60,K4,DR-SCC,baseline,M2_ENR,-0.012162753208291743,-0.2711887476037481
60,K4,DR-SCC,baseline,M3_ENR+time,-0.005550809042922378,-0.26457680343837875
60,K4,DR-SCC,baseline,M4_mixed,-0.5671107014528332,-0.8261366958482895
60,K4,DR-SCC,baseline,M5_SVR,0.02155610038145761,-0.23746989401399876
60,K4,DR-SCC,baseline,M6_SVR+time,0.06556253347936647,-0.1934634609160899
60,K4,FOOOF,raw,M2_ENR,-0.020497454263466608,-0.279523448658923
60,K4,FOOOF,raw,M3_ENR+time,-0.013383034220499246,-0.2724090286159556
60,K4,FOOOF,raw,M4_mixed,-0.27529152940906365,-0.53431752380452
60,K4,FOOOF,raw,M5_SVR,-0.059262684655286835,-0.3182886790507432
60,K4,FOOOF,raw,M6_SVR+time,0.040256017305245306,-0.21876997709021107
60,K4,FOOOF,baseline,M2_ENR,-0.048059416267078214,-0.3070854106625346
60,K4,FOOOF,baseline,M3_ENR+time,0.005420233834562693,-0.2536057605608937
60,K4,FOOOF,baseline,M4_mixed,-0.9908575110449787,-1.249883505440435
60,K4,FOOOF,baseline,M5_SVR,-0.042782280299842324,-0.3018082746952987
60,K4,FOOOF,baseline,M6_SVR+time,-0.05822322880753372,-0.3172492232029901
61,K1,DR-SCC,raw,M2_ENR,-0.044585267478788104,-0.16786578472276237
61,K1,DR-SCC,raw,M3_ENR+time,-0.0404444759244198,-0.16372499316839406
61,K1,DR-SCC,raw,M4_mixed,-0.3750256660232858,-0.49830618326726006
61,K1,DR-SCC,raw,M5_SVR,-0.1046128240156523,-0.22789334125962657
61,K1,DR-SCC,raw,M6_SVR+time,-0.03316132185641463,-0.1564418391003889
61,K1,DR-SCC,baseline,M2_ENR,-0.031834247566614904,-0.15511476481058917
61,K1,DR-SCC,baseline,M3_ENR+time,-0.03891926214463037,-0.16219977938860464
61,K1,DR-SCC,baseline,M4_mixed,-0.48541081850711265,-0.6086913357510869
61,K1,DR-SCC,baseline,M5_SVR,-0.12900046441297786,-0.2522809816569521
61,K1,DR-SCC,baseline,M6_SVR+time,-0.07954671976730521,-0.20282723701127947
61,K1,FOOOF,raw,M2_ENR,-0.035633713377858145,-0.1589142306218324
61,K1,FOOOF,raw,M3_ENR+time,-0.014273616875019712,-0.13755413411899398
61,K1,FOOOF,raw,M4_mixed,-0.523749232320351,-0.6470297495643252
61,K1,FOOOF,raw,M5_SVR,-0.0701595906856729,-0.19344010792964716
61,K1,FOOOF,raw,M6_SVR+time,-0.0407045521198961,-0.16398506936387036
61,K1,FOOOF,baseline,M2_ENR,-0.05982150234125627,-0.18310201958523054
61,K1,FOOOF,baseline,M3_ENR+time,-0.09328906764254552,-0.21656958488651978
61,K1,FOOOF,baseline,M4_mixed,-0.7542443631983315,-0.8775248804423058
61,K1,FOOOF,baseline,M5_SVR,-0.09168242375508684,-0.2149629409990611
61,K1,FOOOF,baseline,M6_SVR+time,-0.03598597811589732,-0.15926649535987158
61,K3,DR-SCC,raw,M2_ENR,-0.05443787492014107,-0.17771839216411534
61,K3,DR-SCC,raw,M3_ENR+time,-0.043548281592223015,-0.16682879883619728
61,K3,DR-SCC,raw,M4_mixed,-0.9848083429038463,-1.1080888601478205
61,K3,DR-SCC,raw,M5_SVR,-0.1144427941721311,-0.23772331141610537
61,K3,DR-SCC,raw,M6_SVR+time,-0.0684293663093114,-0.19170988355328566
61,K3,DR-SCC,baseline,M2_ENR,-0.1749013469844547,-0.29818186422842896
61,K3,DR-SCC,baseline,M3_ENR+time,-0.20165521997438196,-0.3249357372183562
61,K3,DR-SCC,baseline,M4_mixed,-0.5023688017928698,-0.6256493190368441
61,K3,DR-SCC,baseline,M5_SVR,-0.0892490443112528,-0.21252956155522706
61,K3,DR-SCC,baseline,M6_SVR+time,-0.12099459674998059,-0.24427511399395485
61,K3,FOOOF,raw,M2_ENR,-0.028507879436718397,-0.15178839668069266
61,K3,FOOOF,raw,M3_ENR+time,-0.0317007710113939,-0.15498128825536817
61,K3,FOOOF,raw,M4_mixed,-1.3859052520078512,-1.5091857692518253
61,K3,FOOOF,raw,M5_SVR,-0.13840778461279668,-0.26168830185677094
61,K3,FOOOF,raw,M6_SVR+time,-0.10239675910394563,-0.2256772763479199
61,K3,FOOOF,baseline,M2_ENR,-0.038831857875271325,-0.1621123751192456
61,K3,FOOOF,baseline,M3_ENR+time,-0.04328187690916274,-0.166562394153137
61,K3,FOOOF,baseline,M4_mixed,-0.7909740930637748,-0.914254610307749
61,K3,FOOOF,baseline,M5_SVR,-0.12988414702925444,-0.2531646642732287
61,K3,FOOOF,baseline,M6_SVR+time,-0.08869141942369185,-0.21197193666766612
61,K4,DR-SCC,raw,M2_ENR,-0.046081592188888854,-0.16936210943286312
61,K4,DR-SCC,raw,M3_ENR+time,-0.044820541518339585,-0.16810105876231385
61,K4,DR-SCC,raw,M4_mixed,-0.6928966785899437,-0.816177195833918
61,K4,DR-SCC,raw,M5_SVR,-0.10131857519712306,-0.22459909244109733
61,K4,DR-SCC,raw,M6_SVR+time,-0.04720740850508309,-0.17048792574905736
61,K4,DR-SCC,baseline,M2_ENR,-0.06902711768969727,-0.19230763493367153
61,K4,DR-SCC,baseline,M3_ENR+time,-0.07670427285574943,-0.1999847900997237
61,K4,DR-SCC,baseline,M4_mixed,-1.0251831977768044,-1.1484637150207786
61,K4,DR-SCC,baseline,M5_SVR,-0.07558949154178829,-0.19887000878576255
61,K4,DR-SCC,baseline,M6_SVR+time,-0.025903412658025093,-0.14918392990199936
61,K4,FOOOF,raw,M2_ENR,-0.025960377269244495,-0.14924089451321876
61,K4,FOOOF,raw,M3_ENR+time,-0.025960377269244495,-0.14924089451321876
61,K4,FOOOF,raw,M4_mixed,-0.41029435951970505,-0.5335748767636793
61,K4,FOOOF,raw,M5_SVR,-0.08273314483815941,-0.20601366208213368
61,K4,FOOOF,raw,M6_SVR+time,-0.06334965858102892,-0.1866301758250032
61,K4,FOOOF,baseline,M2_ENR,-0.0930556787510064,-0.21633619599498066
61,K4,FOOOF,baseline,M3_ENR+time,-0.045314619723937355,-0.16859513696791162
61,K4,FOOOF,baseline,M4_mixed,-2.774187185785428,-2.897467703029402
61,K4,FOOOF,baseline,M5_SVR,-0.16519822359412717,-0.28847874083810143
61,K4,FOOOF,baseline,M6_SVR+time,-0.12107434463577715,-0.24435486187975142
62,K1,DR-SCC,raw,M2_ENR,0.09763035571758694,-0.17487034886635
62,K1,DR-SCC,raw,M3_ENR+time,0.05498927626371242,-0.21751142832022452
62,K1,DR-SCC,raw,M4_mixed,-0.09327099670010042,-0.36577170128403735
62,K1,DR-SCC,raw,M5_SVR,0.01871315769406756,-0.2537875468898694
62,K1,DR-SCC,raw,M6_SVR+time,-0.058525639861753076,-0.33102634444569
62,K1,DR-SCC,baseline,M2_ENR,0.12298221524343245,-0.1495184893405045
62,K1,DR-SCC,baseline,M3_ENR+time,0.0860069659624606,-0.18649373862147633
62,K1,DR-SCC,baseline,M4_mixed,-8.868671873818457e-05,-0.2725893913026751
62,K1,DR-SCC,baseline,M5_SVR,-0.012358193835675158,-0.2848588984196121
62,K1,DR-SCC,baseline,M6_SVR+time,0.03375409445539135,-0.2387466101285456
62,K1,FOOOF,raw,M2_ENR,-0.015844363822166363,-0.2883450684061033
62,K1,FOOOF,raw,M3_ENR+time,-0.015937154134850973,-0.2884378587187879
62,K1,FOOOF,raw,M4_mixed,-0.1841012522267913,-0.45660195681072824
62,K1,FOOOF,raw,M5_SVR,-0.034631428591648916,-0.30713213317558585
62,K1,FOOOF,raw,M6_SVR+time,-0.01785101883264195,-0.2903517234165789
62,K1,FOOOF,baseline,M2_ENR,-0.0651649735713078,-0.33766567815524473
62,K1,FOOOF,baseline,M3_ENR+time,-0.05950215932744474,-0.3320028639113817
62,K1,FOOOF,baseline,M4_mixed,-0.22616371893181242,-0.49866442351574936
62,K1,FOOOF,baseline,M5_SVR,-0.08601777939761823,-0.35851848398155517
62,K1,FOOOF,baseline,M6_SVR+time,0.024870619752725753,-0.24763008483121118
62,K3,DR-SCC,raw,M2_ENR,-0.020837406210327147,-0.2933381107942641
62,K3,DR-SCC,raw,M3_ENR+time,-0.0727727316147182,-0.34527343619865514
62,K3,DR-SCC,raw,M4_mixed,-0.5328237693266198,-0.8053244739105567
62,K3,DR-SCC,raw,M5_SVR,-0.17514152436331565,-0.4476422289472526
62,K3,DR-SCC,raw,M6_SVR+time,-0.035299405538000705,-0.30780011012193764
62,K3,DR-SCC,baseline,M2_ENR,-0.145837141299624,-0.41833784588356093
62,K3,DR-SCC,baseline,M3_ENR+time,-0.08653034296233009,-0.359031047546267
62,K3,DR-SCC,baseline,M4_mixed,-0.7614168825868624,-1.0339175871707993
62,K3,DR-SCC,baseline,M5_SVR,-0.1656626256481366,-0.43816333023207354
62,K3,DR-SCC,baseline,M6_SVR+time,-0.16221571739051588,-0.4347164219744528
62,K3,FOOOF,raw,M2_ENR,-0.07096152052719695,-0.3434622251111339
62,K3,FOOOF,raw,M3_ENR+time,-0.047088474353919274,-0.3195891789378562
62,K3,FOOOF,raw,M4_mixed,-0.48060780072830034,-0.7531085053122373
62,K3,FOOOF,raw,M5_SVR,-0.13926090183747752,-0.41176160642141446
62,K3,FOOOF,raw,M6_SVR+time,-0.06511681489622712,-0.33761751948016405
62,K3,FOOOF,baseline,M2_ENR,-0.6934662694798268,-0.9659669740637638
62,K3,FOOOF,baseline,M3_ENR+time,-0.024433951590138392,-0.29693465617407533
62,K3,FOOOF,baseline,M4_mixed,-2.6500718574001394,-2.9225725619840763
62,K3,FOOOF,baseline,M5_SVR,-0.052542313091187065,-0.325043017675124
62,K3,FOOOF,baseline,M6_SVR+time,0.08435901258591816,-0.18814169199801878
62,K4,DR-SCC,raw,M2_ENR,-0.02786801040568232,-0.30036871498961926
62,K4,DR-SCC,raw,M3_ENR+time,-0.07890593754287023,-0.35140664212680717
62,K4,DR-SCC,raw,M4_mixed,-0.4854388965607648,-0.7579396011447017
62,K4,DR-SCC,raw,M5_SVR,-0.17342263696670623,-0.44592334155064317
62,K4,DR-SCC,raw,M6_SVR+time,-0.14900730969327403,-0.42150801427721096
62,K4,DR-SCC,baseline,M2_ENR,-0.12480220516328289,-0.3973029097472198
62,K4,DR-SCC,baseline,M3_ENR+time,-0.15936187681098501,-0.43186258139492195
62,K4,DR-SCC,baseline,M4_mixed,-0.2837651986935348,-0.5562659032774717
62,K4,DR-SCC,baseline,M5_SVR,-0.041288616921518306,-0.31378932150545524
62,K4,DR-SCC,baseline,M6_SVR+time,-0.01245208427063993,-0.28495278885457687
62,K4,FOOOF,raw,M2_ENR,-0.031242851783030545,-0.3037435563669675
62,K4,FOOOF,raw,M3_ENR+time,-0.061648014460798484,-0.3341487190447354
62,K4,FOOOF,raw,M4_mixed,-0.032810384277737414,-0.30531108886167435
62,K4,FOOOF,raw,M5_SVR,0.04016570713638434,-0.2323349974475526
62,K4,FOOOF,raw,M6_SVR+time,0.02457665354463212,-0.24792405103930482
62,K4,FOOOF,baseline,M2_ENR,-0.017660360398825237,-0.2901610649827622
62,K4,FOOOF,baseline,M3_ENR+time,-0.13662961783143923,-0.40913032241537617
62,K4,FOOOF,baseline,M4_mixed,-0.030094495314310743,-0.3025951998982477
62,K4,FOOOF,baseline,M5_SVR,-0.0460691190055178,-0.31856982358945474
62,K4,FOOOF,baseline,M6_SVR+time,0.16688845329991409,-0.10561225128402285
63,K1,DR-SCC,raw,M2_ENR,-0.10385279065342967,-0.30374805276006633
63,K1,DR-SCC,raw,M3_ENR+time,-0.0772521387764411,-0.27714740088307777
63,K1,DR-SCC,raw,M4_mixed,-0.18592006852011322,-0.3858153306267499
63,K1,DR-SCC,raw,M5_SVR,-0.016739705932294457,-0.21663496803893112
63,K1,DR-SCC,raw,M6_SVR+time,0.18265567120001225,-0.017239590906624414
63,K1,DR-SCC,baseline,M2_ENR,0.014458409254456628,-0.18543685285218003
63,K1,DR-SCC,baseline,M3_ENR+time,-0.10887038007473882,-0.3087656421813755
63,K1,DR-SCC,baseline,M4_mixed,-0.1793537215802441,-0.37924898368688076
63,K1,DR-SCC,baseline,M5_SVR,-0.0708520799797796,-0.27074734208641626
63,K1,DR-SCC,baseline,M6_SVR+time,-0.04888013937543678,-0.24877540148207344
63,K1,FOOOF,raw,M2_ENR,0.006257772591319211,-0.19363748951531745
63,K1,FOOOF,raw,M3_ENR+time,-0.0787673736320591,-0.27866263573869576
63,K1,FOOOF,raw,M4_mixed,0.0019612059132515514,-0.1979340561933851
63,K1,FOOOF,raw,M5_SVR,0.07872786310367519,-0.12116739900296147
63,K1,FOOOF,raw,M6_SVR+time,-0.03864376770154232,-0.23853902980817898
63,K1,FOOOF,baseline,M2_ENR,0.21258337069046895,0.012688108583832292
63,K1,FOOOF,baseline,M3_ENR+time,0.16219652740821688,-0.03769873469841978
63,K1,FOOOF,baseline,M4_mixed,-0.41528465091831435,-0.615179913024951
63,K1,FOOOF,baseline,M5_SVR,0.11154985213872926,-0.0883454099679074
63,K1,FOOOF,baseline,M6_SVR+time,0.05493048558849001,-0.14496477651814665
63,K3,DR-SCC,raw,M2_ENR,-0.05147706914208916,-0.2513723312487258
63,K3,DR-SCC,raw,M3_ENR+time,-0.06905009947235441,-0.26894536157899107
63,K3,DR-SCC,raw,M4_mixed,-0.32267886654805644,-0.5225741286546931
63,K3,DR-SCC,raw,M5_SVR,-0.11295770436846153,-0.3128529664750982
63,K3,DR-SCC,raw,M6_SVR+time,-0.18910571534223375,-0.3890009774488704
63,K3,DR-SCC,baseline,M2_ENR,-0.14705530915570741,-0.3469505712623441
63,K3,DR-SCC,baseline,M3_ENR+time,-0.13034851943444536,-0.330243781541082
63,K3,DR-SCC,baseline,M4_mixed,-0.39790311751339025,-0.5977983796200269
63,K3,DR-SCC,baseline,M5_SVR,-0.2025942935185605,-0.40248955562519717
63,K3,DR-SCC,baseline,M6_SVR+time,-0.2740657101943149,-0.4739609723009516
63,K3,FOOOF,raw,M2_ENR,-0.06716417047072754,-0.2670594325773642
63,K3,FOOOF,raw,M3_ENR+time,-0.04390102201546009,-0.24379628412209675
63,K3,FOOOF,raw,M4_mixed,-0.3362297198980517,-0.5361249820046884
63,K3,FOOOF,raw,M5_SVR,-0.1894295360914593,-0.38932479819809596
63,K3,FOOOF,raw,M6_SVR+time,-0.23578521066211655,-0.4356804727687532
63,K3,FOOOF,baseline,M2_ENR,-0.030345058325484953,-0.23024032043212161
63,K3,FOOOF,baseline,M3_ENR+time,-0.05947821056390046,-0.2593734726705371
63,K3,FOOOF,baseline,M4_mixed,-0.3459087259898448,-0.5458039880964815
63,K3,FOOOF,baseline,M5_SVR,0.049380252222772314,-0.15051500988386435
63,K3,FOOOF,baseline,M6_SVR+time,0.1089739838763667,-0.09092127823026996
63,K4,DR-SCC,raw,M2_ENR,-0.04268202383480624,-0.2425772859414429
63,K4,DR-SCC,raw,M3_ENR+time,-0.06519644764901988,-0.26509170975565655
63,K4,DR-SCC,raw,M4_mixed,-0.12517352463156017,-0.32506878673819684
63,K4,DR-SCC,raw,M5_SVR,-0.01712715027480316,-0.21702241238143982
63,K4,DR-SCC,raw,M6_SVR+time,0.015420150744725691,-0.18447511136191097
63,K4,DR-SCC,baseline,M2_ENR,-0.14727504261584246,-0.3471703047224791
63,K4,DR-SCC,baseline,M3_ENR+time,-0.0025233600306899806,-0.20241862213732664
63,K4,DR-SCC,baseline,M4_mixed,-0.1697496969104768,-0.3696449590171135
63,K4,DR-SCC,baseline,M5_SVR,-0.04818602460977206,-0.24808128671640872
63,K4,DR-SCC,baseline,M6_SVR+time,0.0757045821213641,-0.12419067998527256
63,K4,FOOOF,raw,M2_ENR,0.17241915809457198,-0.027476104012064684
63,K4,FOOOF,raw,M3_ENR+time,0.02368534331872696,-0.1762099187879097
63,K4,FOOOF,raw,M4_mixed,0.12377346050477933,-0.07612180160185733
63,K4,FOOOF,raw,M5_SVR,0.04768167386234545,-0.1522135882442912
63,K4,FOOOF,raw,M6_SVR+time,0.0002484117389195406,-0.19964685036771712
63,K4,FOOOF,baseline,M2_ENR,0.039317008745618054,-0.1605782533610186
63,K4,FOOOF,baseline,M3_ENR+time,0.04607350555692291,-0.15382175654971375
63,K4,FOOOF,baseline,M4_mixed,-0.5049036656973047,-0.7047989278039414
63,K4,FOOOF,baseline,M5_SVR,0.07039808580580831,-0.12949717630082835
63,K4,FOOOF,baseline,M6_SVR+time,-0.0018945230060525287,-0.2017897851126892
64,K1,DR-SCC,raw,M2_ENR,-0.04361286526477093,-0.24087689522625932
64,K1,DR-SCC,raw,M3_ENR+time,-0.03494113806998067,-0.23220516803146907
64,K1,DR-SCC,raw,M4_mixed,-0.24343370589856317,-0.44069773586005156
64,K1,DR-SCC,raw,M5_SVR,-0.10039811708041912,-0.2976621470419075
64,K1,DR-SCC,raw,M6_SVR+time,-0.11926833479039822,-0.3165323647518866
64,K1,DR-SCC,baseline,M2_ENR,-0.1656818282757171,-0.3629458582372055
64,K1,DR-SCC,baseline,M3_ENR+time,-0.14473841449034341,-0.3420024444518318
64,K1,DR-SCC,baseline,M4_mixed,-0.39974700670860397,-0.5970110366700924
64,K1,DR-SCC,baseline,M5_SVR,-0.5858733190202374,-0.7831373489817258
64,K1,DR-SCC,baseline,M6_SVR+time,-0.26996180899403277,-0.46722583895552117
64,K1,FOOOF,raw,M2_ENR,-0.005772951785148361,-0.20303698174663676
64,K1,FOOOF,raw,M3_ENR+time,-0.015170260660669621,-0.21243429062215802
64,K1,FOOOF,raw,M4_mixed,-0.23698774390917654,-0.43425177387066494
64,K1,FOOOF,raw,M5_SVR,-0.003734202923099339,-0.20099823288458774
64,K1,FOOOF,raw,M6_SVR+time,-0.06987882282344016,-0.26714285278492855
64,K1,FOOOF,baseline,M2_ENR,-0.1015938042806439,-0.2988578342421323
64,K1,FOOOF,baseline,M3_ENR+time,-0.033099565064345526,-0.23036359502583392
64,K1,FOOOF,baseline,M4_mixed,-0.9593543624849321,-1.1566183924464206
64,K1,FOOOF,baseline,M5_SVR,-0.03111926006388832,-0.22838329002537672
64,K1,FOOOF,baseline,M6_SVR+time,-0.12222739872132538,-0.31949142868281377
64,K3,DR-SCC,raw,M2_ENR,0.02215840607215236,-0.17510562388933604
64,K3,DR-SCC,raw,M3_ENR+time,-0.036002373458200454,-0.23326640341968885
64,K3,DR-SCC,raw,M4_mixed,-0.5805679312969676,-0.777831961258456
64,K3,DR-SCC,raw,M5_SVR,-0.11794290710579647,-0.31520693706728486
64,K3,DR-SCC,raw,M6_SVR+time,-0.10867061651299137,-0.30593464647447977
64,K3,DR-SCC,baseline,M2_ENR,-0.08243341912091307,-0.27969744908240146
64,K3,DR-SCC,baseline,M3_ENR+time,-0.04751377867426787,-0.24477780863575627
64,K3,DR-SCC,baseline,M4_mixed,-0.8516312362798115,-1.0488952662413
64,K3,DR-SCC,baseline,M5_SVR,-0.15174512956858321,-0.3490091595300716
64,K3,DR-SCC,baseline,M6_SVR+time,-0.035103522840512325,-0.23236755280200072
64,K3,FOOOF,raw,M2_ENR,-0.05710862371685699,-0.2543726536783454
64,K3,FOOOF,raw,M3_ENR+time,-0.04529797556144777,-0.24256200552293616
64,K3,FOOOF,raw,M4_mixed,-0.5929987463943565,-0.7902627763558449
64,K3,FOOOF,raw,M5_SVR,-0.13034579039240501,-0.3276098203538934
64,K3,FOOOF,raw,M6_SVR+time,-0.0136476154310754,-0.2109116453925638
64,K3,FOOOF,baseline,M2_ENR,-0.09040064059262476,-0.28766467055411316
64,K3,FOOOF,baseline,M3_ENR+time,-0.07538751323266979,-0.2726515431941582
64,K3,FOOOF,baseline,M4_mixed,-0.6229603737166187,-0.8202244036781071
64,K3,FOOOF,baseline,M5_SVR,-0.07460164002835823,-0.2718656699898466
64,K3,FOOOF,baseline,M6_SVR+time,-0.036462057383789936,-0.23372608734527833
64,K4,DR-SCC,raw,M2_ENR,-0.14156743249862713,-0.33883146246011553
64,K4,DR-SCC,raw,M3_ENR+time,-0.08370494673785767,-0.28096897669934606
64,K4,DR-SCC,raw,M4_mixed,-0.9605378273824647,-1.1578018573439532
64,K4,DR-SCC,raw,M5_SVR,-0.10474750267429389,-0.3020115326357823
64,K4,DR-SCC,raw,M6_SVR+time,-0.11316000460846087,-0.31042403456994927
64,K4,DR-SCC,baseline,M2_ENR,-0.12084901386253355,-0.31811304382402195
64,K4,DR-SCC,baseline,M3_ENR+time,-0.06251011141823914,-0.25977414137972754
64,K4,DR-SCC,baseline,M4_mixed,-1.1624343922012357,-1.3596984221627242
64,K4,DR-SCC,baseline,M5_SVR,-0.11738508543955772,-0.3146491154010461
64,K4,DR-SCC,baseline,M6_SVR+time,0.05469972467437978,-0.14256430528710862
64,K4,FOOOF,raw,M2_ENR,-0.0410499424310542,-0.2383139723925426
64,K4,FOOOF,raw,M3_ENR+time,-0.0410499424310542,-0.2383139723925426
64,K4,FOOOF,raw,M4_mixed,-0.131926789293898,-0.3291908192553864
64,K4,FOOOF,raw,M5_SVR,-0.03756419627326335,-0.23482822623475175
64,K4,FOOOF,raw,M6_SVR+time,-0.007971413443149222,-0.20523544340463762
64,K4,FOOOF,baseline,M2_ENR,-0.11668755509368789,-0.3139515850551763
64,K4,FOOOF,baseline,M3_ENR+time,-0.04394380965956213,-0.24120783962105052
64,K4,FOOOF,baseline,M4_mixed,-8.222219771169776,-8.419483801131264
64,K4,FOOOF,baseline,M5_SVR,-0.155523405468748,-0.3527874354302364
64,K4,FOOOF,baseline,M6_SVR+time,-0.02850860462586935,-0.22577263458735775
65,K1,DR-SCC,raw,M2_ENR,-0.03702401360733654,-0.2524619943620987
65,K1,DR-SCC,raw,M3_ENR+time,-0.02392085329777638,-0.23935883405253855
65,K1,DR-SCC,raw,M4_mixed,-0.5183268268088883,-0.7337648075636505
65,K1,DR-SCC,raw,M5_SVR,-0.12157487641774312,-0.3370128571725053
65,K1,DR-SCC,raw,M6_SVR+time,-0.12080344225086348,-0.33624142300562565
65,K1,DR-SCC,baseline,M2_ENR,-0.13934285132100577,-0.35478083207576794
65,K1,DR-SCC,baseline,M3_ENR+time,-0.16637425839552855,-0.3818122391502907
65,K1,DR-SCC,baseline,M4_mixed,-0.09366270193256909,-0.30910068268733126
65,K1,DR-SCC,baseline,M5_SVR,-0.2597797626166558,-0.475217743371418
65,K1,DR-SCC,baseline,M6_SVR+time,-0.22082123353144567,-0.43625921428620784
65,K1,FOOOF,raw,M2_ENR,-0.02392085329777638,-0.23935883405253855
65,K1,FOOOF,raw,M3_ENR+time,-0.023920853297776157,-0.23935883405253833
65,K1,FOOOF,raw,M4_mixed,-0.7079590727425196,-0.9233970534972817
65,K1,FOOOF,raw,M5_SVR,-0.1400189517152446,-0.35545693247000676
65,K1,FOOOF,raw,M6_SVR+time,-0.05475904053659608,-0.27019702129135825
65,K1,FOOOF,baseline,M2_ENR,-0.02609707224940805,-0.24153505300417022
65,K1,FOOOF,baseline,M3_ENR+time,-0.026110664580892395,-0.24154864533565457
65,K1,FOOOF,baseline,M4_mixed,-2.0489815299611296,-2.264419510715892
65,K1,FOOOF,baseline,M5_SVR,-0.22204595486633893,-0.4374839356211011
65,K1,FOOOF,baseline,M6_SVR+time,-0.13204621478230516,-0.34748419553706733
65,K3,DR-SCC,raw,M2_ENR,0.00025861925445891387,-0.21517936150030326
65,K3,DR-SCC,raw,M3_ENR+time,-0.06959390941367705,-0.2850318901684392
65,K3,DR-SCC,raw,M4_mixed,-0.5083902415617767,-0.7238282223165389
65,K3,DR-SCC,raw,M5_SVR,-0.15873970089038547,-0.37417768164514764
65,K3,DR-SCC,raw,M6_SVR+time,0.032972109065141475,-0.1824658716896207
65,K3,DR-SCC,baseline,M2_ENR,-0.3525716603422424,-0.5680096410970046
65,K3,DR-SCC,baseline,M3_ENR+time,-0.02959530557340706,-0.24503328632816923
65,K3,DR-SCC,baseline,M4_mixed,-0.6117216872836246,-0.8271596680383868
65,K3,DR-SCC,baseline,M5_SVR,-0.1598004281035117,-0.37523840885827386
65,K3,DR-SCC,baseline,M6_SVR+time,-0.008396687531681657,-0.22383466828644383
65,K3,FOOOF,raw,M2_ENR,-0.05566260362235198,-0.27110058437711415
65,K3,FOOOF,raw,M3_ENR+time,-0.04514737268871882,-0.260585353443481
65,K3,FOOOF,raw,M4_mixed,-0.781145383897534,-0.9965833646522961
65,K3,FOOOF,raw,M5_SVR,-0.41094010620717514,-0.6263780869619373
65,K3,FOOOF,raw,M6_SVR+time,-0.1711973747384874,-0.38663535549324957
65,K3,FOOOF,baseline,M2_ENR,0.006407224913115517,-0.20903075584164665
65,K3,FOOOF,baseline,M3_ENR+time,-0.02059665492262419,-0.23603463567738636
65,K3,FOOOF,baseline,M4_mixed,-1.1959199118842974,-1.4113578926390595
65,K3,FOOOF,baseline,M5_SVR,-0.05552308988946386,-0.27096107064422603
65,K3,FOOOF,baseline,M6_SVR+time,0.0685657342926086,-0.14687224646215358
65,K4,DR-SCC,raw,M2_ENR,-0.016519782716586162,-0.23195776347134833
65,K4,DR-SCC,raw,M3_ENR+time,-0.025880077851320626,-0.2413180586060828
65,K4,DR-SCC,raw,M4_mixed,-0.6548487512583991,-0.8702867320131613
65,K4,DR-SCC,raw,M5_SVR,-0.04788012976301381,-0.263318110517776
65,K4,DR-SCC,raw,M6_SVR+time,0.028973351691490845,-0.18646462906327133
65,K4,DR-SCC,baseline,M2_ENR,-0.011723688535205001,-0.22716166928996717
65,K4,DR-SCC,baseline,M3_ENR+time,-0.03317962230657567,-0.24861760306133784
65,K4,DR-SCC,baseline,M4_mixed,-0.9410298562259258,-1.156467836980688
65,K4,DR-SCC,baseline,M5_SVR,-0.12552144342041327,-0.34095942417517544
65,K4,DR-SCC,baseline,M6_SVR+time,-0.021883315523546276,-0.23732129627830845
65,K4,FOOOF,raw,M2_ENR,-0.034252517597383125,-0.2496904983521453
65,K4,FOOOF,raw,M3_ENR+time,-0.03312069873903867,-0.24855867949380084
65,K4,FOOOF,raw,M4_mixed,-0.5975377886353685,-0.8129757693901307
65,K4,FOOOF,raw,M5_SVR,-0.0954057395071668,-0.31084372026192897
65,K4,FOOOF,raw,M6_SVR+time,-0.004227403983640743,-0.2196653847384029
65,K4,FOOOF,baseline,M2_ENR,-0.10711341056649326,-0.32255139132125543
65,K4,FOOOF,baseline,M3_ENR+time,-0.01763798039981257,-0.23307596115457474
65,K4,FOOOF,baseline,M4_mixed,-1.0513179561530763,-1.2667559369078385
65,K4,FOOOF,baseline,M5_SVR,-0.2654280989120714,-0.4808660796668336
65,K4,FOOOF,baseline,M6_SVR+time,-0.1059213729987789,-0.3213593537535411
66,K1,DR-SCC,raw,M2_ENR,-0.06471777798372025,-0.3643415091187676
66,K1,DR-SCC,raw,M3_ENR+time,-0.004640800234288589,-0.30426453136933596
66,K1,DR-SCC,raw,M4_mixed,-0.1899693777008178,-0.48959310883586515
66,K1,DR-SCC,raw,M5_SVR,-0.09552780798186711,-0.3951515391169145
66,K1,DR-SCC,raw,M6_SVR+time,-0.032161777530983926,-0.3317855086660313
66,K1,DR-SCC,baseline,M2_ENR,-0.048127479702462894,-0.34775121083751026
66,K1,DR-SCC,baseline,M3_ENR+time,-0.0034193729692453267,-0.3030431041042927
66,K1,DR-SCC,baseline,M4_mixed,-0.7424294590503147,-1.042053190185362
66,K1,DR-SCC,baseline,M5_SVR,-0.28799725626976813,-0.5876209874048155
66,K1,DR-SCC,baseline,M6_SVR+time,-0.16046670913261862,-0.460090440267666
66,K1,FOOOF,raw,M2_ENR,-0.0457723605482383,-0.34539609168328567
66,K1,FOOOF,raw,M3_ENR+time,-0.059261543402346906,-0.35888527453739427
66,K1,FOOOF,raw,M4_mixed,-0.6520682465221959,-0.9516919776572432
66,K1,FOOOF,raw,M5_SVR,-0.12622026179487333,-0.4258439929299207
66,K1,FOOOF,raw,M6_SVR+time,-0.23755020670542737,-0.5371739378404747
66,K1,FOOOF,baseline,M2_ENR,-0.05597407555723999,-0.35559780669228735
66,K1,FOOOF,baseline,M3_ENR+time,-0.0526390394716687,-0.35226277060671607
66,K1,FOOOF,baseline,M4_mixed,-1.051848452004931,-1.3514721831399783
66,K1,FOOOF,baseline,M5_SVR,-0.10697306879966328,-0.40659679993471065
66,K1,FOOOF,baseline,M6_SVR+time,-0.07860483405548058,-0.37822856519052794
66,K3,DR-SCC,raw,M2_ENR,-0.13918060887685146,-0.43880434001189883
66,K3,DR-SCC,raw,M3_ENR+time,-0.05897311791682047,-0.35859684905186784
66,K3,DR-SCC,raw,M4_mixed,-0.5725123144737827,-0.8721360456088301
66,K3,DR-SCC,raw,M5_SVR,-0.027408536147244256,-0.3270322672822916
66,K3,DR-SCC,raw,M6_SVR+time,0.14585810258991672,-0.15376562854513065
66,K3,DR-SCC,baseline,M2_ENR,-0.23092043705293386,-0.5305441681879812
66,K3,DR-SCC,baseline,M3_ENR+time,-0.14527301292460448,-0.44489674405965185
66,K3,DR-SCC,baseline,M4_mixed,-0.5574442033635558,-0.8570679344986032
66,K3,DR-SCC,baseline,M5_SVR,-0.0018275141343029322,-0.3014512452693503
66,K3,DR-SCC,baseline,M6_SVR+time,-0.002060657720478698,-0.30168438885552606
66,K3,FOOOF,raw,M2_ENR,-0.06649663674050887,-0.36612036787555624
66,K3,FOOOF,raw,M3_ENR+time,-0.04403349275680357,-0.34365722389185094
66,K3,FOOOF,raw,M4_mixed,-0.4621738632184127,-0.7617975943534601
66,K3,FOOOF,raw,M5_SVR,-0.0216716975605582,-0.32129542869560557
66,K3,FOOOF,raw,M6_SVR+time,0.03802457178138019,-0.2615991593536672
66,K3,FOOOF,baseline,M2_ENR,-0.5578818269408141,-0.8575055580758615
66,K3,FOOOF,baseline,M3_ENR+time,-0.34513070931238476,-0.6447544404474321
66,K3,FOOOF,baseline,M4_mixed,-1.8363228817762707,-2.135946612911318
66,K3,FOOOF,baseline,M5_SVR,0.04238244881610642,-0.25724128231894094
66,K3,FOOOF,baseline,M6_SVR+time,-0.006796638165598834,-0.3064203693006462
66,K4,DR-SCC,raw,M2_ENR,-0.08634468432476661,-0.385968415459814
66,K4,DR-SCC,raw,M3_ENR+time,-0.050869708799275326,-0.3504934399343227
66,K4,DR-SCC,raw,M4_mixed,-0.4894751719241639,-0.7890989030592113
66,K4,DR-SCC,raw,M5_SVR,-0.09437098225169449,-0.39399471338674186
66,K4,DR-SCC,raw,M6_SVR+time,-0.1505763869786867,-0.45020011811373406
66,K4,DR-SCC,baseline,M2_ENR,-0.11479807062903857,-0.41442180176408594
66,K4,DR-SCC,baseline,M3_ENR+time,-0.05180711459967946,-0.3514308457347268
66,K4,DR-SCC,baseline,M4_mixed,-2.3847714594968146,-2.6843951906318617
66,K4,DR-SCC,baseline,M5_SVR,-0.11443565118112264,-0.41405938231617
66,K4,DR-SCC,baseline,M6_SVR+time,-0.11787409629481238,-0.41749782742985975
66,K4,FOOOF,raw,M2_ENR,-0.047681352074903094,-0.34730508320995046
66,K4,FOOOF,raw,M3_ENR+time,-0.12227594542112108,-0.42189967655616845
66,K4,FOOOF,raw,M4_mixed,0.021799816250111737,-0.27782391488493563
66,K4,FOOOF,raw,M5_SVR,-0.08205970464813106,-0.3816834357831784
66,K4,FOOOF,raw,M6_SVR+time,-0.05341323534502829,-0.35303696648007565
66,K4,FOOOF,baseline,M2_ENR,-0.0939920097070539,-0.39361574084210127
66,K4,FOOOF,baseline,M3_ENR+time,-0.05432273651615316,-0.3539464676512005
66,K4,FOOOF,baseline,M4_mixed,-0.7428995724051266,-1.042523303540174
66,K4,FOOOF,baseline,M5_SVR,0.018132188530727067,-0.2814915426043203
66,K4,FOOOF,baseline,M6_SVR+time,0.010990195439383843,-0.2886335356956635
67,K1,DR-SCC,raw,M2_ENR,-0.11997989098157791,-0.2836096202933477
67,K1,DR-SCC,raw,M3_ENR+time,-0.1089423317835212,-0.272572061095291
67,K1,DR-SCC,raw,M4_mixed,-0.046198190653862437,-0.20982791996563221
67,K1,DR-SCC,raw,M5_SVR,-0.16441345620733117,-0.32804318551910094
67,K1,DR-SCC,raw,M6_SVR+time,-0.14864592306491953,-0.3122756523766893
67,K1,DR-SCC,baseline,M2_ENR,-0.049047371666282924,-0.2126771009780527
67,K1,DR-SCC,baseline,M3_ENR+time,-0.08834530148859487,-0.25197503080036465
67,K1,DR-SCC,baseline,M4_mixed,-0.16742195777550473,-0.3310516870872745
67,K1,DR-SCC,baseline,M5_SVR,-0.10133837361500664,-0.2649681029267764
67,K1,DR-SCC,baseline,M6_SVR+time,-0.11702982708669252,-0.2806595563984623
67,K1,FOOOF,raw,M2_ENR,-0.07282511609261055,-0.23645484540438033
67,K1,FOOOF,raw,M3_ENR+time,-0.09418923849620353,-0.2578189678079733
67,K1,FOOOF,raw,M4_mixed,-0.284647183432603,-0.44827691274437276
67,K1,FOOOF,raw,M5_SVR,-0.04697323217311844,-0.21060296148488822
67,K1,FOOOF,raw,M6_SVR+time,-0.18958790548144644,-0.3532176347932162
67,K1,FOOOF,baseline,M2_ENR,-0.02287544724834878,-0.18650517656011856
67,K1,FOOOF,baseline,M3_ENR+time,-0.013030994469334756,-0.17666072378110453
67,K1,FOOOF,baseline,M4_mixed,-2.042908459108492,-2.2065381884202617
67,K1,FOOOF,baseline,M5_SVR,-0.0791537876588373,-0.24278351697060707
67,K1,FOOOF,baseline,M6_SVR+time,-0.13189706378365673,-0.2955267930954265
67,K3,DR-SCC,raw,M2_ENR,-0.12788490287979437,-0.29151463219156415
67,K3,DR-SCC,raw,M3_ENR+time,-0.07069776400400918,-0.23432749331577896
67,K3,DR-SCC,raw,M4_mixed,-1.2700193970940847,-1.4336491264058546
67,K3,DR-SCC,raw,M5_SVR,-0.21802741230110367,-0.38165714161287345
67,K3,DR-SCC,raw,M6_SVR+time,-0.2639071824121595,-0.42753691172392927
67,K3,DR-SCC,baseline,M2_ENR,-0.05552411378768207,-0.21915384309945185
67,K3,DR-SCC,baseline,M3_ENR+time,-0.0491174681786537,-0.21274719749042348
67,K3,DR-SCC,baseline,M4_mixed,-0.8849634193207372,-1.048593148632507
67,K3,DR-SCC,baseline,M5_SVR,-0.28956898901217043,-0.4531987183239402
67,K3,DR-SCC,baseline,M6_SVR+time,-0.11674225629047585,-0.28037198560224563
67,K3,FOOOF,raw,M2_ENR,-0.030535451197658325,-0.1941651805094281
67,K3,FOOOF,raw,M3_ENR+time,-0.0479172121819349,-0.21154694149370468
67,K3,FOOOF,raw,M4_mixed,-0.5318373444495783,-0.6954670737613481
67,K3,FOOOF,raw,M5_SVR,-0.17389304005697848,-0.33752276936874825
67,K3,FOOOF,raw,M6_SVR+time,-0.18388610265779604,-0.3475158319695658
67,K3,FOOOF,baseline,M2_ENR,-0.11975244932718998,-0.28338217863895976
67,K3,FOOOF,baseline,M3_ENR+time,-0.09077147167797772,-0.2544012009897475
67,K3,FOOOF,baseline,M4_mixed,-0.8922805955775612,-1.055910324889331
67,K3,FOOOF,baseline,M5_SVR,-0.14506892344165845,-0.3086986527534282
67,K3,FOOOF,baseline,M6_SVR+time,-0.0030547977063237752,-0.16668452701809355
67,K4,DR-SCC,raw,M2_ENR,-0.10562897126557114,-0.2692587005773409
67,K4,DR-SCC,raw,M3_ENR+time,-0.09267560722870893,-0.2563053365404787
67,K4,DR-SCC,raw,M4_mixed,-0.35814713162631984,-0.5217768609380896
67,K4,DR-SCC,raw,M5_SVR,-0.1170835479400496,-0.2807132772518194
67,K4,DR-SCC,raw,M6_SVR+time,-0.08227426340028177,-0.24590399271205154
67,K4,DR-SCC,baseline,M2_ENR,-0.3824779797136213,-0.5461077090253911
67,K4,DR-SCC,baseline,M3_ENR+time,-0.46050977208833066,-0.6241395014001004
67,K4,DR-SCC,baseline,M4_mixed,-1.0334616127758034,-1.1970913420875733
67,K4,DR-SCC,baseline,M5_SVR,-0.21030088445324346,-0.37393061376501324
67,K4,DR-SCC,baseline,M6_SVR+time,-0.1755175846204462,-0.339147313932216
67,K4,FOOOF,raw,M2_ENR,-0.0339071854166626,-0.19753691472843238
67,K4,FOOOF,raw,M3_ENR+time,-0.03616467487039787,-0.19979440418216765
67,K4,FOOOF,raw,M4_mixed,-1.1418069608688226,-1.3054366901805925
67,K4,FOOOF,raw,M5_SVR,-0.09859276406460848,-0.26222249337637826
67,K4,FOOOF,raw,M6_SVR+time,-0.01603184243146516,-0.17966157174323494
67,K4,FOOOF,baseline,M2_ENR,-0.13774453694351574,-0.3013742662552855
67,K4,FOOOF,baseline,M3_ENR+time,-0.13161008708237665,-0.2952398163941464
67,K4,FOOOF,baseline,M4_mixed,-4.098697453618769,-4.262327182930538
67,K4,FOOOF,baseline,M5_SVR,-0.12735575305867575,-0.2909854823704455
67,K4,FOOOF,baseline,M6_SVR+time,-0.046078030492063826,-0.2097077598038336
68,K1,DR-SCC,raw,M2_ENR,-0.11274442782111316,-0.4990614054790147
68,K1,DR-SCC,raw,M3_ENR+time,-0.06061715273635282,-0.44693413039425434
68,K1,DR-SCC,raw,M4_mixed,-0.36494914402901246,-0.751266121686914
68,K1,DR-SCC,raw,M5_SVR,-0.13527859854787594,-0.5215955762057775
68,K1,DR-SCC,raw,M6_SVR+time,-0.10025570922525207,-0.4865726868831536
68,K1,DR-SCC,baseline,M2_ENR,-0.024414045759181713,-0.41073102341708323
68,K1,DR-SCC,baseline,M3_ENR+time,-0.012414342245565813,-0.39873131990346733
68,K1,DR-SCC,baseline,M4_mixed,-0.6797773409670211,-1.0660943186249225
68,K1,DR-SCC,baseline,M5_SVR,-0.27189754493035245,-0.658214522588254
68,K1,DR-SCC,baseline,M6_SVR+time,-0.20498065044255487,-0.5912976281004564
68,K1,FOOOF,raw,M2_ENR,-0.05645570842242775,-0.44277268608032927
68,K1,FOOOF,raw,M3_ENR+time,-0.04373574024843574,-0.43005271790633726
68,K1,FOOOF,raw,M4_mixed,-0.8022397962279542,-1.1885567738858556
68,K1,FOOOF,raw,M5_SVR,-0.21230560355651962,-0.5986225812144211
68,K1,FOOOF,raw,M6_SVR+time,-0.10650334574352627,-0.4928203234014278
68,K1,FOOOF,baseline,M2_ENR,-0.016934172550553406,-0.4032511502084549
68,K1,FOOOF,baseline,M3_ENR+time,-0.03812549184772984,-0.42444246950563136
68,K1,FOOOF,baseline,M4_mixed,-1.0766560883878573,-1.462973066045759
68,K1,FOOOF,baseline,M5_SVR,-0.040809177831569565,-0.4271261554894711
68,K1,FOOOF,baseline,M6_SVR+time,-0.0015231422457842037,-0.3878401199036857
68,K3,DR-SCC,raw,M2_ENR,-0.023750926689368512,-0.41006790434727003
68,K3,DR-SCC,raw,M3_ENR+time,-0.03134621075495114,-0.41766318841285266
68,K3,DR-SCC,raw,M4_mixed,-0.11697973460370403,-0.5032967122616055
68,K3,DR-SCC,raw,M5_SVR,0.04926875729168445,-0.33704822036621707
68,K3,DR-SCC,raw,M6_SVR+time,0.12323543327243058,-0.26308154438547093
68,K3,DR-SCC,baseline,M2_ENR,-0.0375404756269857,-0.4238574532848872
68,K3,DR-SCC,baseline,M3_ENR+time,-0.023057984336275927,-0.40937496199417744
68,K3,DR-SCC,baseline,M4_mixed,-0.24867967189996754,-0.634996649557869
68,K3,DR-SCC,baseline,M5_SVR,-0.2057094846637706,-0.5920264623216721
68,K3,DR-SCC,baseline,M6_SVR+time,-0.051260624691784606,-0.4375776023496861
68,K3,FOOOF,raw,M2_ENR,-0.02346510408663871,-0.4097820817445402
68,K3,FOOOF,raw,M3_ENR+time,-0.02598220919056171,-0.41229918684846323
68,K3,FOOOF,raw,M4_mixed,-0.28536290259304353,-0.671679880250945
68,K3,FOOOF,raw,M5_SVR,-0.09888899951099384,-0.48520597716889535
68,K3,FOOOF,raw,M6_SVR+time,-0.024004256011741942,-0.41032123366964346
68,K3,FOOOF,baseline,M2_ENR,0.028990213528300668,-0.35732676412960085
68,K3,FOOOF,baseline,M3_ENR+time,-0.01719332377564431,-0.4035103014335458
68,K3,FOOOF,baseline,M4_mixed,-0.5637876330712408,-0.9501046107291423
68,K3,FOOOF,baseline,M5_SVR,0.1216593111125609,-0.2646576665453406
68,K3,FOOOF,baseline,M6_SVR+time,0.07811693909004402,-0.3082000385678575
68,K4,DR-SCC,raw,M2_ENR,0.018850466763699614,-0.3674665108942019
68,K4,DR-SCC,raw,M3_ENR+time,0.00889464076626778,-0.37742233689163374
68,K4,DR-SCC,raw,M4_mixed,0.1479626331256999,-0.2383543445322016
68,K4,DR-SCC,raw,M5_SVR,0.0726365824980364,-0.3136803951598651
68,K4,DR-SCC,raw,M6_SVR+time,0.14074012065282004,-0.24557685700508147
68,K4,DR-SCC,baseline,M2_ENR,-0.018530171956053332,-0.40484714961395485
68,K4,DR-SCC,baseline,M3_ENR+time,-0.08892225493982986,-0.4752392325977314
68,K4,DR-SCC,baseline,M4_mixed,0.0037742919461668523,-0.38254268571173466
68,K4,DR-SCC,baseline,M5_SVR,-0.023684687073142197,-0.4100016647310437
68,K4,DR-SCC,baseline,M6_SVR+time,0.11827660347249014,-0.2680403741854114
68,K4,FOOOF,raw,M2_ENR,0.20132007554541842,-0.1849969021124831
68,K4,FOOOF,raw,M3_ENR+time,-0.06823295231508753,-0.45454992997298904
68,K4,FOOOF,raw,M4_mixed,0.2232867967251646,-0.1630301809327369
68,K4,FOOOF,raw,M5_SVR,0.08993662230355937,-0.29638035535434215
68,K4,FOOOF,raw,M6_SVR+time,-0.04364529860161448,-0.429962276259516
68,K4,FOOOF,baseline,M2_ENR,-0.014684669690247176,-0.4010016473481487
68,K4,FOOOF,baseline,M3_ENR+time,-0.025580387804516658,-0.4118973654624182
68,K4,FOOOF,baseline,M4_mixed,-10.799763118816406,-11.186080096474308
68,K4,FOOOF,baseline,M5_SVR,0.20840219529004744,-0.17791478236785407
68,K4,FOOOF,baseline,M6_SVR+time,0.2209345031355865,-0.16538247452231503
69,K1,DR-SCC,raw,M2_ENR,0.015026078371625284,-0.20009222010271877
69,K1,DR-SCC,raw,M3_ENR+time,-0.026758976222128972,-0.24187727469647302
69,K1,DR-SCC,raw,M4_mixed,-0.17773703325395718,-0.3928553317283012
69,K1,DR-SCC,raw,M5_SVR,0.04013929911123948,-0.17497899936310457
69,K1,DR-SCC,raw,M6_SVR+time,0.08092603905457418,-0.13419225941976987
69,K1,DR-SCC,baseline,M2_ENR,0.07003408673812361,-0.14508421173622044
69,K1,DR-SCC,baseline,M3_ENR+time,0.037003282007264104,-0.17811501646707995
69,K1,DR-SCC,baseline,M4_mixed,-0.17559206840359343,-0.3907103668779375
69,K1,DR-SCC,baseline,M5_SVR,-0.06465840513682353,-0.2797767036111676
69,K1,DR-SCC,baseline,M6_SVR+time,0.09756105466495746,-0.11755724380938659
69,K1,FOOOF,raw,M2_ENR,-0.03390821341028594,-0.24902651188463
69,K1,FOOOF,raw,M3_ENR+time,-0.040330731266652986,-0.25544902974099704
69,K1,FOOOF,raw,M4_mixed,-0.529797283787105,-0.744915582261449
69,K1,FOOOF,raw,M5_SVR,-0.07919995640982047,-0.2943182548841645
69,K1,FOOOF,raw,M6_SVR+time,-0.0336592835014653,-0.24877758197580935
69,K1,FOOOF,baseline,M2_ENR,0.05757065350692758,-0.15754764496741647
69,K1,FOOOF,baseline,M3_ENR+time,0.03343980280685299,-0.18167849566749106
69,K1,FOOOF,baseline,M4_mixed,-0.26534048930355203,-0.4804587877778961
69,K1,FOOOF,baseline,M5_SVR,0.08652259975108034,-0.1285956987232637
69,K1,FOOOF,baseline,M6_SVR+time,0.09119114891669444,-0.12392714955764961
69,K3,DR-SCC,raw,M2_ENR,-0.04682363131632261,-0.26194192979066666
69,K3,DR-SCC,raw,M3_ENR+time,-0.05197905910875966,-0.2670973575831037
69,K3,DR-SCC,raw,M4_mixed,-0.6127011246107492,-0.8278194230850933
69,K3,DR-SCC,raw,M5_SVR,-0.18593867510785467,-0.4010569735821987
69,K3,DR-SCC,raw,M6_SVR+time,-0.10328237543942653,-0.3184006739137706
69,K3,DR-SCC,baseline,M2_ENR,-0.17566853305271368,-0.39078683152705773
69,K3,DR-SCC,baseline,M3_ENR+time,-0.13432085998528187,-0.3494391584596259
69,K3,DR-SCC,baseline,M4_mixed,-0.7412019791090505,-0.9563202775833946
69,K3,DR-SCC,baseline,M5_SVR,-0.16611579667905452,-0.38123409515339857
69,K3,DR-SCC,baseline,M6_SVR+time,-0.0213488447767316,-0.23646714325107565
69,K3,FOOOF,raw,M2_ENR,-0.08273088697666076,-0.2978491854510048
69,K3,FOOOF,raw,M3_ENR+time,-0.07560658527701869,-0.29072488375136274
69,K3,FOOOF,raw,M4_mixed,-0.6935067765848228,-0.9086250750591669
69,K3,FOOOF,raw,M5_SVR,-0.12408317730095586,-0.3392014757752999
69,K3,FOOOF,raw,M6_SVR+time,-0.12105320351975446,-0.3361715019940985
69,K3,FOOOF,baseline,M2_ENR,-0.10287255158629827,-0.3179908500606423
69,K3,FOOOF,baseline,M3_ENR+time,-0.13368376672719462,-0.34880206520153867
69,K3,FOOOF,baseline,M4_mixed,-1.5401409695319899,-1.755259268006334
69,K3,FOOOF,baseline,M5_SVR,-0.05607554263434844,-0.2711938411086925
69,K3,FOOOF,baseline,M6_SVR+time,-0.09747928911966519,-0.31259758759400924
69,K4,DR-SCC,raw,M2_ENR,-0.028707451751300406,-0.24382575022564446
69,K4,DR-SCC,raw,M3_ENR+time,-0.028707451751300406,-0.24382575022564446
69,K4,DR-SCC,raw,M4_mixed,-0.24882821970138158,-0.46394651817572563
69,K4,DR-SCC,raw,M5_SVR,-0.02121436761443296,-0.236332666088777
69,K4,DR-SCC,raw,M6_SVR+time,-0.024795147492002068,-0.23991344596634612
69,K4,DR-SCC,baseline,M2_ENR,-0.07227618773523337,-0.2873944862095774
69,K4,DR-SCC,baseline,M3_ENR+time,-0.07542359489175476,-0.2905418933660988
69,K4,DR-SCC,baseline,M4_mixed,-0.5449730371598824,-0.7600913356342265
69,K4,DR-SCC,baseline,M5_SVR,-0.0165508739879765,-0.23166917246232055
69,K4,DR-SCC,baseline,M6_SVR+time,-0.02028868051273358,-0.23540697898707763
69,K4,FOOOF,raw,M2_ENR,-0.055140265550034595,-0.27025856402437864
69,K4,FOOOF,raw,M3_ENR+time,-0.05514026555003482,-0.27025856402437887
69,K4,FOOOF,raw,M4_mixed,-0.20505353284279138,-0.4201718313171354
69,K4,FOOOF,raw,M5_SVR,0.05267962937154336,-0.1624386691028007
69,K4,FOOOF,raw,M6_SVR+time,0.014915444610467898,-0.20020285386387615
69,K4,FOOOF,baseline,M2_ENR,-0.12860523939835145,-0.3437235378726955
69,K4,FOOOF,baseline,M3_ENR+time,-0.14073099757615415,-0.3558492960504982
69,K4,FOOOF,baseline,M4_mixed,-2.2707434170619,-2.4858617155362444
69,K4,FOOOF,baseline,M5_SVR,-0.0024836565191617144,-0.21760195499350576
69,K4,FOOOF,baseline,M6_SVR+time,0.011970107335306568,-0.20314819113903748
70,K1,DR-SCC,raw,M2_ENR,-0.01970139891633238,-0.25382590429824226
70,K1,DR-SCC,raw,M3_ENR+time,-0.01970139891633238,-0.25382590429824226
70,K1,DR-SCC,raw,M4_mixed,-0.6238556984882686,-0.8579802038701785
70,K1,DR-SCC,raw,M5_SVR,-0.16355739313234663,-0.3976818985142565
70,K1,DR-SCC,raw,M6_SVR+time,-0.21201161441273375,-0.4461361197946436
70,K1,DR-SCC,baseline,M2_ENR,-0.066076873691433,-0.3002013790733429
70,K1,DR-SCC,baseline,M3_ENR+time,-0.07814399482137246,-0.31226850020328234
70,K1,DR-SCC,baseline,M4_mixed,-0.7077450598964481,-0.941869565278358
70,K1,DR-SCC,baseline,M5_SVR,-0.17569988413892568,-0.40982438952083555
70,K1,DR-SCC,baseline,M6_SVR+time,-0.12122462152245017,-0.35534912690436005
70,K1,FOOOF,raw,M2_ENR,-0.06784795452347891,-0.3019724599053888
70,K1,FOOOF,raw,M3_ENR+time,-0.061922445876774646,-0.2960469512586845
70,K1,FOOOF,raw,M4_mixed,-0.2740567768142703,-0.5081812821961802
70,K1,FOOOF,raw,M5_SVR,-0.009217165638288005,-0.24334167102019788
70,K1,FOOOF,raw,M6_SVR+time,0.008438357757388992,-0.22568614762452088
70,K1,FOOOF,baseline,M2_ENR,-0.21534182241444055,-0.44946632779635043
70,K1,FOOOF,baseline,M3_ENR+time,-0.05446275848038851,-0.2885872638622984
70,K1,FOOOF,baseline,M4_mixed,-0.6429053697802398,-0.8770298751621497
70,K1,FOOOF,baseline,M5_SVR,0.055262501096229544,-0.17886200428568033
70,K1,FOOOF,baseline,M6_SVR+time,-0.08841191871472076,-0.32253642409663064
70,K3,DR-SCC,raw,M2_ENR,-0.014854089306475027,-0.2489785946883849
70,K3,DR-SCC,raw,M3_ENR+time,-0.09115952458458998,-0.32528402996649985
70,K3,DR-SCC,raw,M4_mixed,-0.13352471266278187,-0.36764921804469175
70,K3,DR-SCC,raw,M5_SVR,0.0753802585571427,-0.15874424682476718
70,K3,DR-SCC,raw,M6_SVR+time,0.10737906776220374,-0.12674543761970614
70,K3,DR-SCC,baseline,M2_ENR,0.012444077392611108,-0.22168042798929877
70,K3,DR-SCC,baseline,M3_ENR+time,-0.013026967482849816,-0.2471514728647597
70,K3,DR-SCC,baseline,M4_mixed,-0.42159515833701966,-0.6557196637189295
70,K3,DR-SCC,baseline,M5_SVR,-0.2056268464098343,-0.4397513517917442
70,K3,DR-SCC,baseline,M6_SVR+time,-0.030949962920156615,-0.2650744683020665
70,K3,FOOOF,raw,M2_ENR,0.06737919220598354,-0.16674531317592634
70,K3,FOOOF,raw,M3_ENR+time,-0.019442504686764117,-0.253567010068674
70,K3,FOOOF,raw,M4_mixed,-0.2724204201992422,-0.506544925581152
70,K3,FOOOF,raw,M5_SVR,0.07411714699184935,-0.16000735839006053
70,K3,FOOOF,raw,M6_SVR+time,-0.11200568839095948,-0.34613019377286935
70,K3,FOOOF,baseline,M2_ENR,0.01850200120495038,-0.2156225041769595
70,K3,FOOOF,baseline,M3_ENR+time,-0.011046257917612712,-0.2451707632995226
70,K3,FOOOF,baseline,M4_mixed,-0.008492697691078188,-0.24261720307298806
70,K3,FOOOF,baseline,M5_SVR,0.01126837787561985,-0.22285612750629002
70,K3,FOOOF,baseline,M6_SVR+time,0.22862317775262353,-0.0055013276292863456
70,K4,DR-SCC,raw,M2_ENR,-0.11328899006470783,-0.3474134954466177
70,K4,DR-SCC,raw,M3_ENR+time,-0.015881313751971327,-0.2500058191338812
70,K4,DR-SCC,raw,M4_mixed,-0.06638680910983252,-0.3005113144917424
70,K4,DR-SCC,raw,M5_SVR,0.04335985615156934,-0.19076464923034053
70,K4,DR-SCC,raw,M6_SVR+time,0.09690561327039071,-0.13721889211151916
70,K4,DR-SCC,baseline,M2_ENR,-0.060080962574776686,-0.29420546795668656
70,K4,DR-SCC,baseline,M3_ENR+time,-0.04470502954147859,-0.27882953492338847
70,K4,DR-SCC,baseline,M4_mixed,-0.26486873652954035,-0.4989932419114502
70,K4,DR-SCC,baseline,M5_SVR,0.017553378522651264,-0.2165711268592586
70,K4,DR-SCC,baseline,M6_SVR+time,0.06894317970175123,-0.16518132568015864
70,K4,FOOOF,raw,M2_ENR,-0.07296843912981399,-0.30709294451172386
70,K4,FOOOF,raw,M3_ENR+time,-0.06606385667389958,-0.30018836205580945
70,K4,FOOOF,raw,M4_mixed,-0.0473050574955991,-0.281429562877509
70,K4,FOOOF,raw,M5_SVR,0.0588515011654277,-0.17527300421648218
70,K4,FOOOF,raw,M6_SVR+time,0.1111657939703552,-0.12295871141155468
70,K4,FOOOF,baseline,M2_ENR,-0.024986251466016185,-0.25911075684792606
70,K4,FOOOF,baseline,M3_ENR+time,-0.02920010255413641,-0.2633246079360463
70,K4,FOOOF,baseline,M4_mixed,-1.5696087387164286,-1.8037332440983385
70,K4,FOOOF,baseline,M5_SVR,0.07372053880179641,-0.16040396658011347
70,K4,FOOOF,baseline,M6_SVR+time,0.13172325081722902,-0.10240125456468085
71,K1,DR-SCC,raw,M2_ENR,-0.06442118868849622,-0.33447913385940875
71,K1,DR-SCC,raw,M3_ENR+time,-0.0501131326448685,-0.320171077815781
71,K1,DR-SCC,raw,M4_mixed,0.018970010193273268,-0.25108793497763926
71,K1,DR-SCC,raw,M5_SVR,-0.03391886042281089,-0.3039768055937234
71,K1,DR-SCC,raw,M6_SVR+time,0.11536254275750746,-0.15469540241340507
71,K1,DR-SCC,baseline,M2_ENR,-0.04819577550393972,-0.31825372067485225
71,K1,DR-SCC,baseline,M3_ENR+time,-0.08556487691796533,-0.35562282208887785
71,K1,DR-SCC,baseline,M4_mixed,-0.033492737234232184,-0.3035506824051447
71,K1,DR-SCC,baseline,M5_SVR,-0.03618100911840516,-0.3062389542893177
71,K1,DR-SCC,baseline,M6_SVR+time,0.0724277226004928,-0.19763022257041973
71,K1,FOOOF,raw,M2_ENR,-0.093352548203808,-0.36341049337472053
71,K1,FOOOF,raw,M3_ENR+time,-0.04420995293446173,-0.31426789810537425
71,K1,FOOOF,raw,M4_mixed,-0.2685185174910576,-0.5385764626619701
71,K1,FOOOF,raw,M5_SVR,0.0030265615873988905,-0.26703138358351364
71,K1,FOOOF,raw,M6_SVR+time,0.02432666098073699,-0.24573128419017554
71,K1,FOOOF,baseline,M2_ENR,-0.16343418247749053,-0.43349212764840306
71,K1,FOOOF,baseline,M3_ENR+time,-0.09989532101833376,-0.3699532661892463
71,K1,FOOOF,baseline,M4_mixed,-0.8015246034078023,-1.0715825485787147
71,K1,FOOOF,baseline,M5_SVR,-0.058193812144983204,-0.32825175731589573
71,K1,FOOOF,baseline,M6_SVR+time,-0.09956861409575435,-0.3696265592666669
71,K3,DR-SCC,raw,M2_ENR,-0.030567757146501506,-0.30062570231741403
71,K3,DR-SCC,raw,M3_ENR+time,-0.03560911755911422,-0.30566706273002675
71,K3,DR-SCC,raw,M4_mixed,-0.38913724881262945,-0.659195193983542
71,K3,DR-SCC,raw,M5_SVR,0.00784925685208493,-0.2622086883188276
71,K3,DR-SCC,raw,M6_SVR+time,0.08766403890771823,-0.1823939062631943
71,K3,DR-SCC,baseline,M2_ENR,-0.09863937329182826,-0.3686973184627408
71,K3,DR-SCC,baseline,M3_ENR+time,-0.09903818717760693,-0.36909613234851946
71,K3,DR-SCC,baseline,M4_mixed,-0.7037119175058093,-0.9737698626767218
71,K3,DR-SCC,baseline,M5_SVR,-0.12970570151445204,-0.39976364668536457
71,K3,DR-SCC,baseline,M6_SVR+time,0.0769706745873826,-0.19308727058352992
71,K3,FOOOF,raw,M2_ENR,-0.023403411507568972,-0.2934613566784815
71,K3,FOOOF,raw,M3_ENR+time,0.03487338556285857,-0.23518455960805396
71,K3,FOOOF,raw,M4_mixed,-0.2721469336749349,-0.5422048788458474
71,K3,FOOOF,raw,M5_SVR,-0.044221231478622114,-0.31427917664953464
71,K3,FOOOF,raw,M6_SVR+time,-0.007703493796427097,-0.2777614389673396
71,K3,FOOOF,baseline,M2_ENR,-0.062173700830016276,-0.3322316460009288
71,K3,FOOOF,baseline,M3_ENR+time,-0.04369951836596808,-0.3137574635368806
71,K3,FOOOF,baseline,M4_mixed,-0.8851177258275889,-1.1551756709985015
71,K3,FOOOF,baseline,M5_SVR,-0.1176486578687479,-0.3877066030396604
71,K3,FOOOF,baseline,M6_SVR+time,0.03963205428758998,-0.23042589088332255
71,K4,DR-SCC,raw,M2_ENR,-0.11869928462496104,-0.38875722979587357
71,K4,DR-SCC,raw,M3_ENR+time,-0.0602970188675771,-0.33035496403848963
71,K4,DR-SCC,raw,M4_mixed,-0.047257008730153593,-0.3173149539010661
71,K4,DR-SCC,raw,M5_SVR,0.028656379897821105,-0.24140156527309142
71,K4,DR-SCC,raw,M6_SVR+time,0.05845152641489926,-0.21160641875601327
71,K4,DR-SCC,baseline,M2_ENR,-0.08369454809373322,-0.35375249326464575
71,K4,DR-SCC,baseline,M3_ENR+time,0.05288968840665331,-0.21716825676425922
71,K4,DR-SCC,baseline,M4_mixed,-0.31709482222294016,-0.5871527673938527
71,K4,DR-SCC,baseline,M5_SVR,0.054712304850892846,-0.21534564032001968
71,K4,DR-SCC,baseline,M6_SVR+time,0.10692572701037484,-0.1631322181605377
71,K4,FOOOF,raw,M2_ENR,-0.030825735967471513,-0.30088368113838404
71,K4,FOOOF,raw,M3_ENR+time,-0.03976411172414718,-0.3098220568950597
71,K4,FOOOF,raw,M4_mixed,0.018611389426585245,-0.2514465557443273
71,K4,FOOOF,raw,M5_SVR,-0.01299854377486298,-0.2830564889457755
71,K4,FOOOF,raw,M6_SVR+time,0.0871604144772824,-0.18289753069363013
71,K4,FOOOF,baseline,M2_ENR,-0.06135621530326696,-0.3314141604741795
71,K4,FOOOF,baseline,M3_ENR+time,0.032530003023356735,-0.2375279421475558
71,K4,FOOOF,baseline,M4_mixed,-1.2690574958234362,-1.5391154409943488
71,K4,FOOOF,baseline,M5_SVR,0.01806301841092972,-0.2519949267599828
71,K4,FOOOF,baseline,M6_SVR+time,-0.09482789392988966,-0.3648858391008022
72,K1,DR-SCC,raw,M2_ENR,-0.05523174579624879,-0.4567772115235278
72,K1,DR-SCC,raw,M3_ENR+time,-0.04528493384084609,-0.4468303995681251
72,K1,DR-SCC,raw,M4_mixed,-0.11014997150366512,-0.5116954372309441
72,K1,DR-SCC,raw,M5_SVR,-0.05066909411616938,-0.4522145598434484
72,K1,DR-SCC,raw,M6_SVR+time,-0.024248150886252873,-0.4257936166135319
72,K1,DR-SCC,baseline,M2_ENR,-0.03667668542351543,-0.43822215115079444
72,K1,DR-SCC,baseline,M3_ENR+time,0.0149005662587538,-0.3866448994685252
72,K1,DR-SCC,baseline,M4_mixed,-0.1466442624492501,-0.5481897281765291
72,K1,DR-SCC,baseline,M5_SVR,-0.19576238410512836,-0.5973078498324074
72,K1,DR-SCC,baseline,M6_SVR+time,-0.07594414069489486,-0.47748960642217386
72,K1,FOOOF,raw,M2_ENR,-0.018825487015661446,-0.42037095274294045
72,K1,FOOOF,raw,M3_ENR+time,-0.07632516834595626,-0.47787063407323527
72,K1,FOOOF,raw,M4_mixed,-0.11341227403192011,-0.5149577397591991
72,K1,FOOOF,raw,M5_SVR,0.04508462186135054,-0.35646084386592847
72,K1,FOOOF,raw,M6_SVR+time,0.06191806992816484,-0.33962739579911416
72,K1,FOOOF,baseline,M2_ENR,-0.037406861695630456,-0.43895232742290946
72,K1,FOOOF,baseline,M3_ENR+time,0.04812916266753242,-0.3534163030597466
72,K1,FOOOF,baseline,M4_mixed,-0.36191389244931593,-0.7634593581765949
72,K1,FOOOF,baseline,M5_SVR,-0.034919783348768885,-0.4364652490760479
72,K1,FOOOF,baseline,M6_SVR+time,-0.01900500490504009,-0.4205504706323191
72,K3,DR-SCC,raw,M2_ENR,-0.02230865212845856,-0.42385411785573757
72,K3,DR-SCC,raw,M3_ENR+time,-0.03601559885595318,-0.4375610645832322
72,K3,DR-SCC,raw,M4_mixed,-0.5068072500254615,-0.9083527157527405
72,K3,DR-SCC,raw,M5_SVR,-0.11957879935302307,-0.5211242650803021
72,K3,DR-SCC,raw,M6_SVR+time,0.02049064757943142,-0.3810548181478476
72,K3,DR-SCC,baseline,M2_ENR,-0.02732159534137124,-0.42886706106865025
72,K3,DR-SCC,baseline,M3_ENR+time,-0.07816190081755048,-0.4797073665448295
72,K3,DR-SCC,baseline,M4_mixed,-0.9021238955475273,-1.3036693612748063
72,K3,DR-SCC,baseline,M5_SVR,-0.07531226704712424,-0.47685773277440324
72,K3,DR-SCC,baseline,M6_SVR+time,-0.00597723702006947,-0.4075227027473485
72,K3,FOOOF,raw,M2_ENR,-0.022029153031891013,-0.42357461875917
72,K3,FOOOF,raw,M3_ENR+time,-0.027227164197337173,-0.4287726299246162
72,K3,FOOOF,raw,M4_mixed,-0.28721134207835175,-0.6887568078056308
72,K3,FOOOF,raw,M5_SVR,0.08406719300765586,-0.31747827271962314
72,K3,FOOOF,raw,M6_SVR+time,-0.05634182507735397,-0.457887290804633
72,K3,FOOOF,baseline,M2_ENR,-0.044818122419474804,-0.4463635881467538
72,K3,FOOOF,baseline,M3_ENR+time,-0.030083206627886216,-0.4316286723551652
72,K3,FOOOF,baseline,M4_mixed,-0.4831352772584121,-0.8846807429856911
72,K3,FOOOF,baseline,M5_SVR,0.14865497040365472,-0.2528904953236243
72,K3,FOOOF,baseline,M6_SVR+time,0.2262026629703744,-0.17534280275690461
72,K4,DR-SCC,raw,M2_ENR,-0.03704396429493517,-0.4385894300222142
72,K4,DR-SCC,raw,M3_ENR+time,-0.0534264624020635,-0.4549719281293425
72,K4,DR-SCC,raw,M4_mixed,0.14157444057982194,-0.25997102514745707
72,K4,DR-SCC,raw,M5_SVR,0.11685963212087758,-0.28468583360640143
72,K4,DR-SCC,raw,M6_SVR+time,0.06383683315118471,-0.3377086325760943
72,K4,DR-SCC,baseline,M2_ENR,-0.19056131153650302,-0.592106777263782
72,K4,DR-SCC,baseline,M3_ENR+time,-0.4255397925600224,-0.8270852582873014
72,K4,DR-SCC,baseline,M4_mixed,-0.5400838181101819,-0.9416292838374609
72,K4,DR-SCC,baseline,M5_SVR,0.19435769208806253,-0.20718777363921648
72,K4,DR-SCC,baseline,M6_SVR+time,0.3025751826854767,-0.09897028304180233
72,K4,FOOOF,raw,M2_ENR,-0.031592622187600616,-0.4331380879148796
72,K4,FOOOF,raw,M3_ENR+time,-0.028666565798022514,-0.4302120315253015
72,K4,FOOOF,raw,M4_mixed,0.26271227926792995,-0.13883318645934906
72,K4,FOOOF,raw,M5_SVR,-0.028277717729818352,-0.42982318345709736
72,K4,FOOOF,raw,M6_SVR+time,-0.030321898026755223,-0.43186736375403423
72,K4,FOOOF,baseline,M2_ENR,0.004178524068275569,-0.39736694165900344
72,K4,FOOOF,baseline,M3_ENR+time,-0.08605575871862903,-0.48760122444590803
72,K4,FOOOF,baseline,M4_mixed,-0.25546167990067103,-0.65700714562795
72,K4,FOOOF,baseline,M5_SVR,0.1409186185280723,-0.2606268471992067
72,K4,FOOOF,baseline,M6_SVR+time,0.10476532403802674,-0.29678014168925226
73,K1,DR-SCC,raw,M2_ENR,-0.03993010526349239,-0.26657004727387235
73,K1,DR-SCC,raw,M3_ENR+time,-0.025110547039442377,-0.25175048904982233
73,K1,DR-SCC,raw,M4_mixed,-0.32484140219057744,-0.5514813442009574
73,K1,DR-SCC,raw,M5_SVR,-0.0792078604150055,-0.30584780242538545
73,K1,DR-SCC,raw,M6_SVR+time,-0.10163873422317682,-0.3282786762335568
73,K1,DR-SCC,baseline,M2_ENR,-0.08374935978548614,-0.3103893017958661
73,K1,DR-SCC,baseline,M3_ENR+time,-0.028013730571222695,-0.25465367258160265
73,K1,DR-SCC,baseline,M4_mixed,-0.549918459309743,-0.776558401320123
73,K1,DR-SCC,baseline,M5_SVR,-0.18865163429147858,-0.41529157630185853
73,K1,DR-SCC,baseline,M6_SVR+time,-0.1793963300424739,-0.40603627205285386
73,K1,FOOOF,raw,M2_ENR,-0.05775850757743983,-0.2843984495878198
73,K1,FOOOF,raw,M3_ENR+time,-0.030263274942017526,-0.2569032169523975
73,K1,FOOOF,raw,M4_mixed,-0.4292816106204145,-0.6559215526307944
73,K1,FOOOF,raw,M5_SVR,0.03551878636278816,-0.1911211556475918
73,K1,FOOOF,raw,M6_SVR+time,-0.04391635862113952,-0.2705563006315195
73,K1,FOOOF,baseline,M2_ENR,-0.024805945558258102,-0.25144588756863806
73,K1,FOOOF,baseline,M3_ENR+time,-0.035038458979139486,-0.26167840098951944
73,K1,FOOOF,baseline,M4_mixed,-1.6341865126064188,-1.8608264546167987
73,K1,FOOOF,baseline,M5_SVR,-0.06752207090683937,-0.29416201291721933
73,K1,FOOOF,baseline,M6_SVR+time,-0.06825026127181277,-0.29489020328219273
73,K3,DR-SCC,raw,M2_ENR,-0.03973597642866289,-0.26637591843904285
73,K3,DR-SCC,raw,M3_ENR+time,-0.017779630718260497,-0.24441957272864046
73,K3,DR-SCC,raw,M4_mixed,-1.4208866590739802,-1.64752660108436
73,K3,DR-SCC,raw,M5_SVR,-0.15981426426874634,-0.3864542062791263
73,K3,DR-SCC,raw,M6_SVR+time,-0.007894398771718603,-0.23453434078209856
73,K3,DR-SCC,baseline,M2_ENR,-0.059357483615048334,-0.2859974256254283
73,K3,DR-SCC,baseline,M3_ENR+time,-0.017779630718260497,-0.24441957272864046
73,K3,DR-SCC,baseline,M4_mixed,-2.14653998698504,-2.37317992899542
73,K3,DR-SCC,baseline,M5_SVR,-0.29301307313266367,-0.5196530151430436
73,K3,DR-SCC,baseline,M6_SVR+time,-0.008544564838463442,-0.2351845068488434
73,K3,FOOOF,raw,M2_ENR,-0.03745573588685991,-0.26409567789723987
73,K3,FOOOF,raw,M3_ENR+time,-0.0340635476253055,-0.26070348963568546
73,K3,FOOOF,raw,M4_mixed,-0.3993264177142455,-0.6259663597246254
73,K3,FOOOF,raw,M5_SVR,-0.14508362254369978,-0.37172356455407973
73,K3,FOOOF,raw,M6_SVR+time,-0.03291461877030688,-0.25955456078068684
73,K3,FOOOF,baseline,M2_ENR,0.03702838793721508,-0.18961155407316488
73,K3,FOOOF,baseline,M3_ENR+time,-0.06446098362669028,-0.29110092563707024
73,K3,FOOOF,baseline,M4_mixed,-0.6026476070351565,-0.8292875490455365
73,K3,FOOOF,baseline,M5_SVR,-0.037161382321429404,-0.26380132433180936
73,K3,FOOOF,baseline,M6_SVR+time,0.01817130823731905,-0.2084686337730609
73,K4,DR-SCC,raw,M2_ENR,-0.018321978154606233,-0.2449619201649862
73,K4,DR-SCC,raw,M3_ENR+time,0.01604847126860265,-0.2105914707417773
73,K4,DR-SCC,raw,M4_mixed,-0.07235119514963895,-0.2989911371600189
73,K4,DR-SCC,raw,M5_SVR,0.09377708873411805,-0.1328628532762619
73,K4,DR-SCC,raw,M6_SVR+time,-0.14778551496957948,-0.37442545697995944
73,K4,DR-SCC,baseline,M2_ENR,-0.06478394427843126,-0.2914238862888112
73,K4,DR-SCC,baseline,M3_ENR+time,-0.016447520180784325,-0.24308746219116428
73,K4,DR-SCC,baseline,M4_mixed,-2.069082634391116,-2.295722576401496
73,K4,DR-SCC,baseline,M5_SVR,-0.033484092409212796,-0.26012403441959275
73,K4,DR-SCC,baseline,M6_SVR+time,0.04891587560824695,-0.177724066402133
73,K4,FOOOF,raw,M2_ENR,-0.03182821153056459,-0.25846815354094455
73,K4,FOOOF,raw,M3_ENR+time,-0.020439273208202824,-0.24707921521858278
73,K4,FOOOF,raw,M4_mixed,-0.29283093130388216,-0.5194708733142621
73,K4,FOOOF,raw,M5_SVR,0.18426339934725733,-0.04237654266312263
73,K4,FOOOF,raw,M6_SVR+time,0.03067600741386778,-0.19596393459651218
73,K4,FOOOF,baseline,M2_ENR,-0.029776151722186395,-0.25641609373256635
73,K4,FOOOF,baseline,M3_ENR+time,0.025479444663373596,-0.20116049734700636
73,K4,FOOOF,baseline,M4_mixed,-2.431896688851046,-2.658536630861426
73,K4,FOOOF,baseline,M5_SVR,0.012669391795082308,-0.21397055021529765
73,K4,FOOOF,baseline,M6_SVR+time,-0.004266032927446428,-0.23090597493782639
74,K1,DR-SCC,raw,M2_ENR,-0.024331794808724716,-0.4228377947436137
74,K1,DR-SCC,raw,M3_ENR+time,-0.017602527920086875,-0.4161085278549759
74,K1,DR-SCC,raw,M4_mixed,-0.3460971805143722,-0.7446031804492612
74,K1,DR-SCC,raw,M5_SVR,-0.07941907884607757,-0.4779250787809666
74,K1,DR-SCC,raw,M6_SVR+time,-0.04849247321929795,-0.44699847315418695
74,K1,DR-SCC,baseline,M2_ENR,-0.026053312619952695,-0.4245593125548417
74,K1,DR-SCC,baseline,M3_ENR+time,-0.06650081180920608,-0.4650068117440951
74,K1,DR-SCC,baseline,M4_mixed,-0.21050176360316541,-0.6090077635380544
74,K1,DR-SCC,baseline,M5_SVR,0.009444969125387281,-0.3890610308095017
74,K1,DR-SCC,baseline,M6_SVR+time,-0.04016424508055372,-0.4386702450154427
74,K1,FOOOF,raw,M2_ENR,-0.24028849290331777,-0.6387944928382068
74,K1,FOOOF,raw,M3_ENR+time,-0.22135735592701167,-0.6198633558619007
74,K1,FOOOF,raw,M4_mixed,-0.07699645680293377,-0.47550245673782277
74,K1,FOOOF,raw,M5_SVR,-0.020343627855720747,-0.41884962779060975
74,K1,FOOOF,raw,M6_SVR+time,-0.18926945057254052,-0.5877754505074295
74,K1,FOOOF,baseline,M2_ENR,0.029134089456941625,-0.3693719104779474
74,K1,FOOOF,baseline,M3_ENR+time,-0.16860566687756973,-0.5671116668124587
74,K1,FOOOF,baseline,M4_mixed,-0.8552882683111762,-1.2537942682460652
74,K1,FOOOF,baseline,M5_SVR,-0.046872605051195615,-0.4453786049860846
74,K1,FOOOF,baseline,M6_SVR+time,0.032150011186179106,-0.3663559887487099
74,K3,DR-SCC,raw,M2_ENR,-0.029037290460725007,-0.427543290395614
74,K3,DR-SCC,raw,M3_ENR+time,-0.04154563286867985,-0.44005163280356885
74,K3,DR-SCC,raw,M4_mixed,-0.41523217788014577,-0.8137381778150348
74,K3,DR-SCC,raw,M5_SVR,-0.045918506683070515,-0.4444245066179595
74,K3,DR-SCC,raw,M6_SVR+time,0.013748949242564978,-0.384757050692324
74,K3,DR-SCC,baseline,M2_ENR,-0.019738348043997656,-0.41824434797888665
74,K3,DR-SCC,baseline,M3_ENR+time,-0.0717750192778881,-0.4702810192127771
74,K3,DR-SCC,baseline,M4_mixed,-1.1068327781900202,-1.5053387781249092
74,K3,DR-SCC,baseline,M5_SVR,-0.06213603847996185,-0.46064203841485085
74,K3,DR-SCC,baseline,M6_SVR+time,-0.0014195027403471894,-0.3999255026752362
74,K3,FOOOF,raw,M2_ENR,-0.023593599301875656,-0.42209959923676466
74,K3,FOOOF,raw,M3_ENR+time,-0.03220476459654642,-0.4307107645314354
74,K3,FOOOF,raw,M4_mixed,-0.601079970936278,-0.999585970871167
74,K3,FOOOF,raw,M5_SVR,-0.05970532326872702,-0.458211323203616
74,K3,FOOOF,raw,M6_SVR+time,0.04856503119471001,-0.349940968740179
74,K3,FOOOF,baseline,M2_ENR,-0.02519026992297846,-0.42369626985786746
74,K3,FOOOF,baseline,M3_ENR+time,-0.03158947068372253,-0.43009547061861153
74,K3,FOOOF,baseline,M4_mixed,-0.7855292511501988,-1.1840352510850878
74,K3,FOOOF,baseline,M5_SVR,0.265475936468334,-0.133030063466555
74,K3,FOOOF,baseline,M6_SVR+time,0.21514576601379876,-0.18336023392109024
74,K4,DR-SCC,raw,M2_ENR,-0.00416191704284663,-0.40266791697773563
74,K4,DR-SCC,raw,M3_ENR+time,-0.01261194965407797,-0.41111794958896697
74,K4,DR-SCC,raw,M4_mixed,-0.0776828124182336,-0.4761888123531226
74,K4,DR-SCC,raw,M5_SVR,0.06161881806515168,-0.3368871818697373
74,K4,DR-SCC,raw,M6_SVR+time,0.01373873154108074,-0.38476726839380826
74,K4,DR-SCC,baseline,M2_ENR,-0.10073632050412806,-0.49924232043901706
74,K4,DR-SCC,baseline,M3_ENR+time,-0.06395105934285761,-0.4624570592777466
74,K4,DR-SCC,baseline,M4_mixed,-0.6549360071848904,-1.0534420071197794
74,K4,DR-SCC,baseline,M5_SVR,0.020787163998417513,-0.3777188359364715
74,K4,DR-SCC,baseline,M6_SVR+time,0.1029395215721981,-0.2955664783626909
74,K4,FOOOF,raw,M2_ENR,-0.023072468181175365,-0.42157846811606436
74,K4,FOOOF,raw,M3_ENR+time,-0.049400919180045966,-0.44790691911493496
74,K4,FOOOF,raw,M4_mixed,0.12120597776137165,-0.27730002217351735
74,K4,FOOOF,raw,M5_SVR,-0.03369603785581177,-0.43220203779070077
74,K4,FOOOF,raw,M6_SVR+time,0.0314658655462422,-0.3670401343886468
74,K4,FOOOF,baseline,M2_ENR,0.000820664370636992,-0.397685335564252
74,K4,FOOOF,baseline,M3_ENR+time,-0.0714147643516907,-0.4699207642865797
74,K4,FOOOF,baseline,M4_mixed,-0.012071523495247094,-0.4105775234301361
74,K4,FOOOF,baseline,M5_SVR,0.06161741433337942,-0.3368885856015096
74,K4,FOOOF,baseline,M6_SVR+time,0.15538945098916523,-0.24311654894572376
75,K1,DR-SCC,raw,M2_ENR,-0.1256475810168618,-0.510345517467737
75,K1,DR-SCC,raw,M3_ENR+time,-0.05125899264198752,-0.43595692909286277
75,K1,DR-SCC,raw,M4_mixed,-0.55667976547659,-0.9413777019274653
75,K1,DR-SCC,raw,M5_SVR,-0.16637371351823638,-0.5510716499691116
75,K1,DR-SCC,raw,M6_SVR+time,-0.2354890669134715,-0.6201870033643467
75,K1,DR-SCC,baseline,M2_ENR,-0.16311858868190976,-0.547816525132785
75,K1,DR-SCC,baseline,M3_ENR+time,-0.2690376220720263,-0.6537355585229015
75,K1,DR-SCC,baseline,M4_mixed,-0.6687726799551159,-1.053470616405991
75,K1,DR-SCC,baseline,M5_SVR,-0.19069158706318867,-0.5753895235140639
75,K1,DR-SCC,baseline,M6_SVR+time,-0.2544941518897388,-0.639192088340614
75,K1,FOOOF,raw,M2_ENR,-0.05761593919492847,-0.4423138756458037
75,K1,FOOOF,raw,M3_ENR+time,-0.0705379450528878,-0.45523588150376304
75,K1,FOOOF,raw,M4_mixed,-0.8808371743467485,-1.2655351107976238
75,K1,FOOOF,raw,M5_SVR,-0.017441703980388246,-0.4021396404312635
75,K1,FOOOF,raw,M6_SVR+time,0.04343280281763051,-0.34126513363324473
75,K1,FOOOF,baseline,M2_ENR,-0.07613330497347981,-0.46083124142435505
75,K1,FOOOF,baseline,M3_ENR+time,-0.13534868280434642,-0.5200466192552217
75,K1,FOOOF,baseline,M4_mixed,-0.8052374643613547,-1.1899354008122298
75,K1,FOOOF,baseline,M5_SVR,-0.10493712050366755,-0.4896350569545428
75,K1,FOOOF,baseline,M6_SVR+time,-0.1582430153109613,-0.5429409517618365
75,K3,DR-SCC,raw,M2_ENR,-0.04804561834659382,-0.43274355479746907
75,K3,DR-SCC,raw,M3_ENR+time,-0.06930908760720889,-0.45400702405808413
75,K3,DR-SCC,raw,M4_mixed,-1.0528989657718255,-1.4375969022227006
75,K3,DR-SCC,raw,M5_SVR,-0.018597289006103024,-0.40329522545697827
75,K3,DR-SCC,raw,M6_SVR+time,0.1940682908781599,-0.19062964557271533
75,K3,DR-SCC,baseline,M2_ENR,-0.12364826788775818,-0.5083462043386334
75,K3,DR-SCC,baseline,M3_ENR+time,-0.1555658810871241,-0.5402638175379993
75,K3,DR-SCC,baseline,M4_mixed,-0.5926024569499753,-0.9773003934008505
75,K3,DR-SCC,baseline,M5_SVR,-0.18156621257666972,-0.566264149027545
75,K3,DR-SCC,baseline,M6_SVR+time,0.13012231369449545,-0.2545756227563798
75,K3,FOOOF,raw,M2_ENR,-0.05614735623268974,-0.440845292683565
75,K3,FOOOF,raw,M3_ENR+time,-0.06430866971412197,-0.4490066061649972
75,K3,FOOOF,raw,M4_mixed,-0.4987842649704146,-0.8834822014212899
75,K3,FOOOF,raw,M5_SVR,-0.011439923707093014,-0.39613786015796826
75,K3,FOOOF,raw,M6_SVR+time,0.10945420351294166,-0.2752437329379336
75,K3,FOOOF,baseline,M2_ENR,0.0271654919581491,-0.35753244449272614
75,K3,FOOOF,baseline,M3_ENR+time,0.03159759838743825,-0.353100338063437
75,K3,FOOOF,baseline,M4_mixed,-1.069717441289073,-1.4544153777399482
75,K3,FOOOF,baseline,M5_SVR,0.05246636038871133,-0.3322315760621639
75,K3,FOOOF,baseline,M6_SVR+time,0.07565502841201377,-0.3090429080388615
75,K4,DR-SCC,raw,M2_ENR,-0.0023711985952632464,-0.3870691350461385
75,K4,DR-SCC,raw,M3_ENR+time,0.09725066564117713,-0.2874472708096981
75,K4,DR-SCC,raw,M4_mixed,0.009351167949285921,-0.3753467685015893
75,K4,DR-SCC,raw,M5_SVR,-0.1989925572929614,-0.5836904937438366
75,K4,DR-SCC,raw,M6_SVR+time,-0.13635305333435754,-0.5210509897852328
75,K4,DR-SCC,baseline,M2_ENR,-0.07760085793268412,-0.46229879438355936
75,K4,DR-SCC,baseline,M3_ENR+time,-0.044751869701938896,-0.42944980615281414
75,K4,DR-SCC,baseline,M4_mixed,-0.3896154999335233,-0.7743134363843985
75,K4,DR-SCC,baseline,M5_SVR,-0.07249700829601191,-0.45719494474688716
75,K4,DR-SCC,baseline,M6_SVR+time,-0.15110803158826758,-0.5358059680391428
75,K4,FOOOF,raw,M2_ENR,-0.03920953066281574,-0.423907467113691
75,K4,FOOOF,raw,M3_ENR+time,0.051368771363731525,-0.3333291650871437
75,K4,FOOOF,raw,M4_mixed,0.15863329923472536,-0.2260646372161499
75,K4,FOOOF,raw,M5_SVR,-0.09033238797059395,-0.4750303244214692
75,K4,FOOOF,raw,M6_SVR+time,-0.04182836697706205,-0.4265263034279373
75,K4,FOOOF,baseline,M2_ENR,0.24066467862375573,-0.1440332578271195
75,K4,FOOOF,baseline,M3_ENR+time,0.24834087299638108,-0.13635706345449417
75,K4,FOOOF,baseline,M4_mixed,-0.6091579227389963,-0.9938558591898715
75,K4,FOOOF,baseline,M5_SVR,0.08312387982849379,-0.30157405662238146
75,K4,FOOOF,baseline,M6_SVR+time,0.04156245718702423,-0.343135479263851
76,K1,DR-SCC,raw,M2_ENR,0.12006285152985308,-0.11629285471372508
76,K1,DR-SCC,raw,M3_ENR+time,0.022804614326950023,-0.21355109191662813
76,K1,DR-SCC,raw,M4_mixed,0.08248366797263784,-0.15387203827094031
76,K1,DR-SCC,raw,M5_SVR,-0.03516079587284837,-0.27151650211642653
76,K1,DR-SCC,raw,M6_SVR+time,-0.032141593513701716,-0.2684972997572799
76,K1,DR-SCC,baseline,M2_ENR,0.04378484480488265,-0.1925708614386955
76,K1,DR-SCC,baseline,M3_ENR+time,0.09294584851411358,-0.14340985772946457
76,K1,DR-SCC,baseline,M4_mixed,-0.06798243375216573,-0.3043381399957439
76,K1,DR-SCC,baseline,M5_SVR,0.04999963534607288,-0.18635607089750528
76,K1,DR-SCC,baseline,M6_SVR+time,0.03851532128108104,-0.19784038496249712
76,K1,FOOOF,raw,M2_ENR,0.02623095773685602,-0.21012474850672214
76,K1,FOOOF,raw,M3_ENR+time,-0.026241562319029965,-0.2625972685626081
76,K1,FOOOF,raw,M4_mixed,-0.33094196232561024,-0.5672976685691884
76,K1,FOOOF,raw,M5_SVR,-0.1462628814029412,-0.38261858764651935
76,K1,FOOOF,raw,M6_SVR+time,-0.17075226031023116,-0.4071079665538093
76,K1,FOOOF,baseline,M2_ENR,-0.09948112529175845,-0.3358368315353366
76,K1,FOOOF,baseline,M3_ENR+time,-0.19962560201867952,-0.43598130826225767
76,K1,FOOOF,baseline,M4_mixed,-0.7307098676521828,-0.967065573895761
76,K1,FOOOF,baseline,M5_SVR,-0.12207740042352455,-0.3584331066671027
76,K1,FOOOF,baseline,M6_SVR+time,-0.07626875948038125,-0.3126244657239594
76,K3,DR-SCC,raw,M2_ENR,-0.06707481811583338,-0.30343052435941154
76,K3,DR-SCC,raw,M3_ENR+time,-0.05398894964450829,-0.29034465588808644
76,K3,DR-SCC,raw,M4_mixed,-0.4086354419349223,-0.6449911481785005
76,K3,DR-SCC,raw,M5_SVR,-0.05148546017006783,-0.287841166413646
76,K3,DR-SCC,raw,M6_SVR+time,0.06328423082317769,-0.17307147542040047
76,K3,DR-SCC,baseline,M2_ENR,-0.11500289554870413,-0.3513586017922823
76,K3,DR-SCC,baseline,M3_ENR+time,-0.21280703577707571,-0.44916274202065387
76,K3,DR-SCC,baseline,M4_mixed,-1.733417091942096,-1.969772798185674
76,K3,DR-SCC,baseline,M5_SVR,-0.08746197587333415,-0.3238176821169123
76,K3,DR-SCC,baseline,M6_SVR+time,-0.06850492849403866,-0.3048606347376168
76,K3,FOOOF,raw,M2_ENR,0.06502121098240388,-0.17133449526117428
76,K3,FOOOF,raw,M3_ENR+time,-0.031426380226199147,-0.2677820864697773
76,K3,FOOOF,raw,M4_mixed,-0.8090099510973849,-1.045365657340963
76,K3,FOOOF,raw,M5_SVR,-0.0395662652337152,-0.27592197147729336
76,K3,FOOOF,raw,M6_SVR+time,-0.067797240057905,-0.30415294630148315
76,K3,FOOOF,baseline,M2_ENR,-0.12609481084320961,-0.36245051708678777
76,K3,FOOOF,baseline,M3_ENR+time,-0.12760090365812116,-0.3639566099016993
76,K3,FOOOF,baseline,M4_mixed,-0.6748100924382485,-0.9111657986818267
76,K3,FOOOF,baseline,M5_SVR,-0.04539837308702399,-0.28175407933060215
76,K3,FOOOF,baseline,M6_SVR+time,0.01124761488774062,-0.22510809135583754
76,K4,DR-SCC,raw,M2_ENR,0.0068517527049771765,-0.22950395353860098
76,K4,DR-SCC,raw,M3_ENR+time,0.08004230292932424,-0.15631340331425392
76,K4,DR-SCC,raw,M4_mixed,-0.3777059591020726,-0.6140616653456508
76,K4,DR-SCC,raw,M5_SVR,-0.08325758119194249,-0.31961328743552064
76,K4,DR-SCC,raw,M6_SVR+time,0.05567849738754094,-0.18067720885603722
76,K4,DR-SCC,baseline,M2_ENR,-0.4006470558816815,-0.6370027621252596
76,K4,DR-SCC,baseline,M3_ENR+time,-0.4083782757349972,-0.6447339819785753
76,K4,DR-SCC,baseline,M4_mixed,-1.102664611073755,-1.3390203173173332
76,K4,DR-SCC,baseline,M5_SVR,0.061616279804316165,-0.174739426439262
76,K4,DR-SCC,baseline,M6_SVR+time,0.1982482019067252,-0.03810750433685295
76,K4,FOOOF,raw,M2_ENR,0.07270999517841947,-0.16364571106515868
76,K4,FOOOF,raw,M3_ENR+time,0.022318444722926656,-0.2140372615206515
76,K4,FOOOF,raw,M4_mixed,0.015166617510088187,-0.22118908873348997
76,K4,FOOOF,raw,M5_SVR,0.07722393847269071,-0.15913176777088744
76,K4,FOOOF,raw,M6_SVR+time,0.03801674967044577,-0.19833895657313239
76,K4,FOOOF,baseline,M2_ENR,-0.07922225915677505,-0.3155779654003532
76,K4,FOOOF,baseline,M3_ENR+time,-0.1263841290054346,-0.36273983524901277
76,K4,FOOOF,baseline,M4_mixed,-6.247156824837789,-6.483512531081367
76,K4,FOOOF,baseline,M5_SVR,-0.027445740334828272,-0.26380144657840643
76,K4,FOOOF,baseline,M6_SVR+time,-0.04187654100197702,-0.2782322472455552
77,K1,DR-SCC,raw,M2_ENR,-0.05340492858575496,-0.347043471747175
77,K1,DR-SCC,raw,M3_ENR+time,-0.11190562543016447,-0.4055441685915845
77,K1,DR-SCC,raw,M4_mixed,-0.12068496467522616,-0.4143235078366462
77,K1,DR-SCC,raw,M5_SVR,0.09932765390779785,-0.19431088925362217
77,K1,DR-SCC,raw,M6_SVR+time,0.14125365802853096,-0.15238488513288906
77,K1,DR-SCC,baseline,M2_ENR,-0.14879572561867516,-0.4424342687800952
77,K1,DR-SCC,baseline,M3_ENR+time,-0.12329168011782543,-0.41693022327924545
77,K1,DR-SCC,baseline,M4_mixed,-0.2858995453803215,-0.5795380885417415
77,K1,DR-SCC,baseline,M5_SVR,0.013935542957699498,-0.2797030002037205
77,K1,DR-SCC,baseline,M6_SVR+time,0.06885409084496663,-0.2247844523164534
77,K1,FOOOF,raw,M2_ENR,0.0039443148179979515,-0.28969422834342207
77,K1,FOOOF,raw,M3_ENR+time,-0.009373878578647465,-0.3030124217400675
77,K1,FOOOF,raw,M4_mixed,-0.07028591367005355,-0.36392445683147356
77,K1,FOOOF,raw,M5_SVR,-0.13406850462494369,-0.4277070477863637
77,K1,FOOOF,raw,M6_SVR+time,0.045363755521163784,-0.24827478764025623
77,K1,FOOOF,baseline,M2_ENR,-0.10807474171329967,-0.4017132848747197
77,K1,FOOOF,baseline,M3_ENR+time,-0.07510522578715162,-0.36874376894857164
77,K1,FOOOF,baseline,M4_mixed,-0.4701155751558672,-0.7637541183172872
77,K1,FOOOF,baseline,M5_SVR,0.004213390297952646,-0.28942515286346737
77,K1,FOOOF,baseline,M6_SVR+time,0.022812834102646562,-0.27082570905877346
77,K3,DR-SCC,raw,M2_ENR,-0.020670946672058266,-0.3143094898334783
77,K3,DR-SCC,raw,M3_ENR+time,-0.0602963968311403,-0.3539349399925603
77,K3,DR-SCC,raw,M4_mixed,-0.3364830581955247,-0.6301216013569447
77,K3,DR-SCC,raw,M5_SVR,0.06615866689235395,-0.22747987626906607
77,K3,DR-SCC,raw,M6_SVR+time,0.1364648674732004,-0.1571736756882196
77,K3,DR-SCC,baseline,M2_ENR,-0.012004550307098016,-0.30564309346851803
77,K3,DR-SCC,baseline,M3_ENR+time,-0.07648730703709283,-0.37012585019851285
77,K3,DR-SCC,baseline,M4_mixed,-0.6417619696348029,-0.9354005127962229
77,K3,DR-SCC,baseline,M5_SVR,-0.011144412603077525,-0.30478295576449754
77,K3,DR-SCC,baseline,M6_SVR+time,0.06042713328311822,-0.2332114098783018
77,K3,FOOOF,raw,M2_ENR,-0.0544377092699424,-0.3480762524313624
77,K3,FOOOF,raw,M3_ENR+time,-0.03741020422141483,-0.33104874738283485
77,K3,FOOOF,raw,M4_mixed,-0.5300070043489087,-0.8236455475103287
77,K3,FOOOF,raw,M5_SVR,0.049373469017432,-0.24426507414398801
77,K3,FOOOF,raw,M6_SVR+time,-0.0030156118444890634,-0.2966541550059091
77,K3,FOOOF,baseline,M2_ENR,-0.031221523879661817,-0.32486006704108183
77,K3,FOOOF,baseline,M3_ENR+time,-0.04874543296334233,-0.34238397612476235
77,K3,FOOOF,baseline,M4_mixed,-0.3741254305579351,-0.6677639737193551
77,K3,FOOOF,baseline,M5_SVR,0.12511567098690257,-0.16852287217451745
77,K3,FOOOF,baseline,M6_SVR+time,0.15949665181935835,-0.13414189134206167
77,K4,DR-SCC,raw,M2_ENR,0.24179447348780791,-0.0518440696736121
77,K4,DR-SCC,raw,M3_ENR+time,0.0019899903580806733,-0.29164855280333934
77,K4,DR-SCC,raw,M4_mixed,0.30101334568465643,0.007374802523236412
77,K4,DR-SCC,raw,M5_SVR,0.32477293578595956,0.031134392624539542
77,K4,DR-SCC,raw,M6_SVR+time,0.29560559368549744,0.0019670505240774183
77,K4,DR-SCC,baseline,M2_ENR,0.14707300336464013,-0.1465655397967799
77,K4,DR-SCC,baseline,M3_ENR+time,-0.03469774000732717,-0.3283362831687472
77,K4,DR-SCC,baseline,M4_mixed,-0.06027112348798647,-0.3539096666494065
77,K4,DR-SCC,baseline,M5_SVR,0.19795064844763244,-0.09568789471378758
77,K4,DR-SCC,baseline,M6_SVR+time,0.18458948335803949,-0.10904905980338053
77,K4,FOOOF,raw,M2_ENR,-0.011058034806311845,-0.30469657796773186
77,K4,FOOOF,raw,M3_ENR+time,-0.02592029801055773,-0.31955884117197775
77,K4,FOOOF,raw,M4_mixed,-0.29776812682987686,-0.5914066699912969
77,K4,FOOOF,raw,M5_SVR,0.02235088473157465,-0.27128765842984537
77,K4,FOOOF,raw,M6_SVR+time,0.0275403476804148,-0.2660981954810052
77,K4,FOOOF,baseline,M2_ENR,-0.020456919649260108,-0.3140954628106801
77,K4,FOOOF,baseline,M3_ENR+time,-0.058736377544884366,-0.3523749207063044
77,K4,FOOOF,baseline,M4_mixed,-4.534287758200334,-4.827926301361754
77,K4,FOOOF,baseline,M5_SVR,0.08675209335184852,-0.2068864498095715
77,K4,FOOOF,baseline,M6_SVR+time,-0.02631339737850036,-0.3199519405399204
78,K1,DR-SCC,raw,M2_ENR,-0.0861844267219587,-0.3197005764646832
78,K1,DR-SCC,raw,M3_ENR+time,-0.00443539395856174,-0.23795154370128624
78,K1,DR-SCC,raw,M4_mixed,-0.09156273228081169,-0.3250788820235362
78,K1,DR-SCC,raw,M5_SVR,-0.3105598314463569,-0.5440759811890814
78,K1,DR-SCC,raw,M6_SVR+time,0.003408424696817125,-0.23010772504590737
78,K1,DR-SCC,baseline,M2_ENR,-0.0726038471824828,-0.3061199969252073
78,K1,DR-SCC,baseline,M3_ENR+time,0.11960377911436926,-0.11391237062835524
78,K1,DR-SCC,baseline,M4_mixed,-0.23442591119786393,-0.46794206094058843
78,K1,DR-SCC,baseline,M5_SVR,-0.1695545472366109,-0.4030706969793354
78,K1,DR-SCC,baseline,M6_SVR+time,0.002780312174338162,-0.23073583756838634
78,K1,FOOOF,raw,M2_ENR,-0.034797204740191656,-0.26831335448291616
78,K1,FOOOF,raw,M3_ENR+time,0.10512279255714041,-0.1283933571855841
78,K1,FOOOF,raw,M4_mixed,-0.2702962995004272,-0.5038124492431517
78,K1,FOOOF,raw,M5_SVR,-0.20894367016061466,-0.44245981990333916
78,K1,FOOOF,raw,M6_SVR+time,-0.13674914743606914,-0.37026529717879364
78,K1,FOOOF,baseline,M2_ENR,-0.03357781803760718,-0.2670939677803317
78,K1,FOOOF,baseline,M3_ENR+time,0.13542717670816506,-0.09808897303455943
78,K1,FOOOF,baseline,M4_mixed,-0.5036608633217157,-0.7371770130644402
78,K1,FOOOF,baseline,M5_SVR,-0.09080116510659386,-0.32431731484931836
78,K1,FOOOF,baseline,M6_SVR+time,0.057795198200934816,-0.17572095154178968
78,K3,DR-SCC,raw,M2_ENR,-0.04436760467310874,-0.27788375441583324
78,K3,DR-SCC,raw,M3_ENR+time,0.24226479146710322,0.008748641724378725
78,K3,DR-SCC,raw,M4_mixed,-0.03683385414273266,-0.27035000388545716
78,K3,DR-SCC,raw,M5_SVR,0.11912831266334911,-0.11438783707937539
78,K3,DR-SCC,raw,M6_SVR+time,0.24127723868318196,0.007761088940457461
78,K3,DR-SCC,baseline,M2_ENR,-0.1101670223325153,-0.3436831720752398
78,K3,DR-SCC,baseline,M3_ENR+time,0.10371757373376023,-0.12979857600896427
78,K3,DR-SCC,baseline,M4_mixed,0.11204031354849409,-0.12147583619423041
78,K3,DR-SCC,baseline,M5_SVR,-0.06982720936616782,-0.3033433591088923
78,K3,DR-SCC,baseline,M6_SVR+time,-0.12418678104403247,-0.35770293078675697
78,K3,FOOOF,raw,M2_ENR,-0.021160889519294068,-0.25467703926201857
78,K3,FOOOF,raw,M3_ENR+time,0.13413553602235662,-0.09938061372036788
78,K3,FOOOF,raw,M4_mixed,-0.055057768485238245,-0.28857391822796274
78,K3,FOOOF,raw,M5_SVR,-0.262739335591452,-0.4962554853341765
78,K3,FOOOF,raw,M6_SVR+time,-0.07075882813694778,-0.3042749778796723
78,K3,FOOOF,baseline,M2_ENR,-0.0552916742483156,-0.2888078239910401
78,K3,FOOOF,baseline,M3_ENR+time,0.06472541002939236,-0.16879073971333214
78,K3,FOOOF,baseline,M4_mixed,-0.08507801457594777,-0.31859416431867227
78,K3,FOOOF,baseline,M5_SVR,-0.21506046301057236,-0.44857661275329686
78,K3,FOOOF,baseline,M6_SVR+time,-0.09601144669523998,-0.3295275964379645
78,K4,DR-SCC,raw,M2_ENR,-0.054859945197006654,-0.28837609493973115
78,K4,DR-SCC,raw,M3_ENR+time,0.10013565428879423,-0.13338049545393027
78,K4,DR-SCC,raw,M4_mixed,-0.10388907996647245,-0.33740522970919695
78,K4,DR-SCC,raw,M5_SVR,0.10372943144768187,-0.12978671829504262
78,K4,DR-SCC,raw,M6_SVR+time,0.06564691520711952,-0.16786923453560498
78,K4,DR-SCC,baseline,M2_ENR,-0.09786625692899187,-0.33138240667171637
78,K4,DR-SCC,baseline,M3_ENR+time,0.08254405766055661,-0.15097209208216789
78,K4,DR-SCC,baseline,M4_mixed,-0.2156848974320853,-0.4492010471748098
78,K4,DR-SCC,baseline,M5_SVR,0.2330007253082773,-0.000515424434447187
78,K4,DR-SCC,baseline,M6_SVR+time,0.2760412130821851,0.0425250633394606
78,K4,FOOOF,raw,M2_ENR,-0.005360116801186532,-0.23887626654391103
78,K4,FOOOF,raw,M3_ENR+time,0.06192752598528395,-0.17158862375744055
78,K4,FOOOF,raw,M4_mixed,-0.238202155839488,-0.4717183055822125
78,K4,FOOOF,raw,M5_SVR,-0.021597409101237197,-0.2551135588439617
78,K4,FOOOF,raw,M6_SVR+time,0.06870009492380613,-0.16481605481891837
78,K4,FOOOF,baseline,M2_ENR,-0.07932379414764501,-0.3128399438903695
78,K4,FOOOF,baseline,M3_ENR+time,-0.020797386049941746,-0.25431353579266625
78,K4,FOOOF,baseline,M4_mixed,-0.24592540415203756,-0.47944155389476206
78,K4,FOOOF,baseline,M5_SVR,-0.050336500591914524,-0.283852650334639
78,K4,FOOOF,baseline,M6_SVR+time,0.034327744451980835,-0.19918840529074366
79,K1,DR-SCC,raw,M2_ENR,-0.0277120471478014,-0.37639897978717696
79,K1,DR-SCC,raw,M3_ENR+time,0.007987641005910096,-0.34069929163346546
79,K1,DR-SCC,raw,M4_mixed,-0.438825154455065,-0.7875120870944405
79,K1,DR-SCC,raw,M5_SVR,-0.17784172909374996,-0.5265286617331255
79,K1,DR-SCC,raw,M6_SVR+time,-0.1277749367148866,-0.47646186935426216
79,K1,DR-SCC,baseline,M2_ENR,-0.06135806633205987,-0.4100449989714354
79,K1,DR-SCC,baseline,M3_ENR+time,-0.06982840353643538,-0.41851533617581094
79,K1,DR-SCC,baseline,M4_mixed,-0.6974922454236301,-1.0461791780630056
79,K1,DR-SCC,baseline,M5_SVR,-0.13491570582507562,-0.4836026384644512
79,K1,DR-SCC,baseline,M6_SVR+time,-0.12079538565898806,-0.4694823182983636
79,K1,FOOOF,raw,M2_ENR,-0.03164847312119812,-0.3803354057605737
79,K1,FOOOF,raw,M3_ENR+time,-0.017480318128151318,-0.3661672507675269
79,K1,FOOOF,raw,M4_mixed,-0.7254607486558478,-1.0741476812952233
79,K1,FOOOF,raw,M5_SVR,-0.11370455507908916,-0.4623914877184647
79,K1,FOOOF,raw,M6_SVR+time,-0.13587331360567578,-0.48456024624505134
79,K1,FOOOF,baseline,M2_ENR,-0.09552193409837373,-0.4442088667377493
79,K1,FOOOF,baseline,M3_ENR+time,-0.08571447701878454,-0.4344014096581601
79,K1,FOOOF,baseline,M4_mixed,-0.6081622097259087,-0.9568491423652843
79,K1,FOOOF,baseline,M5_SVR,-0.17174853899773512,-0.5204354716371107
79,K1,FOOOF,baseline,M6_SVR+time,-0.11363463506002303,-0.4623215676993986
79,K3,DR-SCC,raw,M2_ENR,-0.09036074862396903,-0.4390476812633446
79,K3,DR-SCC,raw,M3_ENR+time,-0.007559545068083207,-0.35624647770745876
79,K3,DR-SCC,raw,M4_mixed,-0.7992249993000895,-1.147911931939465
79,K3,DR-SCC,raw,M5_SVR,-0.20873463645204593,-0.5574215690914215
79,K3,DR-SCC,raw,M6_SVR+time,-0.19289081203144476,-0.5415777446708203
79,K3,DR-SCC,baseline,M2_ENR,-0.13488048443869394,-0.4835674170780695
79,K3,DR-SCC,baseline,M3_ENR+time,-0.0540834553740519,-0.40277038801342746
79,K3,DR-SCC,baseline,M4_mixed,-0.4296464729404459,-0.7783334055798214
79,K3,DR-SCC,baseline,M5_SVR,-0.06947915684005768,-0.41816608947943323
79,K3,DR-SCC,baseline,M6_SVR+time,-0.08606891589770371,-0.43475584853707927
79,K3,FOOOF,raw,M2_ENR,-0.006471087398737474,-0.35515802003811303
79,K3,FOOOF,raw,M3_ENR+time,-0.02603672087457709,-0.37472365351395265
79,K3,FOOOF,raw,M4_mixed,-0.5441928025701201,-0.8928797352094957
79,K3,FOOOF,raw,M5_SVR,-0.42405790715741687,-0.7727448397967924
79,K3,FOOOF,raw,M6_SVR+time,-0.32642871949500196,-0.6751156521343775
79,K3,FOOOF,baseline,M2_ENR,-0.07766434602354688,-0.42635127866292244
79,K3,FOOOF,baseline,M3_ENR+time,-0.07506014799768002,-0.4237470806370556
79,K3,FOOOF,baseline,M4_mixed,-1.7503754450954618,-2.099062377734837
79,K3,FOOOF,baseline,M5_SVR,-0.08120147404310218,-0.42988840668247774
79,K3,FOOOF,baseline,M6_SVR+time,-0.04270495261205465,-0.3913918852514302
79,K4,DR-SCC,raw,M2_ENR,-0.04632650782852088,-0.39501344046789644
79,K4,DR-SCC,raw,M3_ENR+time,-0.0463265078285211,-0.39501344046789666
79,K4,DR-SCC,raw,M4_mixed,-0.6208158695118324,-0.969502802151208
79,K4,DR-SCC,raw,M5_SVR,-0.018671720373092837,-0.3673586530124684
79,K4,DR-SCC,raw,M6_SVR+time,-0.11150909715881152,-0.4601960297981871
79,K4,DR-SCC,baseline,M2_ENR,-0.17072931922074353,-0.5194162518601191
79,K4,DR-SCC,baseline,M3_ENR+time,-0.1429702125528991,-0.49165714519227466
79,K4,DR-SCC,baseline,M4_mixed,-1.1768715754940975,-1.525558508133473
79,K4,DR-SCC,baseline,M5_SVR,-0.12016256741802112,-0.4688495000573967
79,K4,DR-SCC,baseline,M6_SVR+time,-0.07719849375305166,-0.4258854263924272
79,K4,FOOOF,raw,M2_ENR,-0.03191706559153196,-0.3806039982309075
79,K4,FOOOF,raw,M3_ENR+time,-0.0939105158027298,-0.44259744844210536
79,K4,FOOOF,raw,M4_mixed,-0.4773131865340976,-0.8260001191734732
79,K4,FOOOF,raw,M5_SVR,-0.12133665627580315,-0.4700235889151787
79,K4,FOOOF,raw,M6_SVR+time,-0.13427761107787117,-0.48296454371724673
79,K4,FOOOF,baseline,M2_ENR,-0.014132891446953177,-0.36281982408632873
79,K4,FOOOF,baseline,M3_ENR+time,-0.05017102259345396,-0.3988579552328295
79,K4,FOOOF,baseline,M4_mixed,-0.3575900978134803,-0.7062770304528558
79,K4,FOOOF,baseline,M5_SVR,-0.06944297388836462,-0.4181299065277402
79,K4,FOOOF,baseline,M6_SVR+time,-0.04560523479684342,-0.394292167436219
80,K1,DR-SCC,raw,M2_ENR,-0.14737456625251943,-0.35188567296231155
80,K1,DR-SCC,raw,M3_ENR+time,-0.03894614530125495,-0.24345725201104707
80,K1,DR-SCC,raw,M4_mixed,-0.2110310463410614,-0.4155421530508535
80,K1,DR-SCC,raw,M5_SVR,-0.16392297227816388,-0.368434078987956
80,K1,DR-SCC,raw,M6_SVR+time,-0.007471165722976902,-0.21198227243276901
80,K1,DR-SCC,baseline,M2_ENR,-0.07271440876714119,-0.2772255154769333
80,K1,DR-SCC,baseline,M3_ENR+time,-0.01588487664060656,-0.22039598335039867
80,K1,DR-SCC,baseline,M4_mixed,-0.28996611428320285,-0.49447722099299496
80,K1,DR-SCC,baseline,M5_SVR,-0.1274126110995879,-0.33192371780938
80,K1,DR-SCC,baseline,M6_SVR+time,-0.05300185778576472,-0.25751296449555683
80,K1,FOOOF,raw,M2_ENR,-0.05102414630141627,-0.2555352530112084
80,K1,FOOOF,raw,M3_ENR+time,-0.01701527038400963,-0.22152637709380174
80,K1,FOOOF,raw,M4_mixed,-0.5323803308679806,-0.7368914375777728
80,K1,FOOOF,raw,M5_SVR,-0.15637610893218334,-0.36088721564197546
80,K1,FOOOF,raw,M6_SVR+time,-0.08282460223361454,-0.28733570894340665
80,K1,FOOOF,baseline,M2_ENR,0.024120178948075388,-0.18039092776171672
80,K1,FOOOF,baseline,M3_ENR+time,0.06672135012602931,-0.1377897565837628
80,K1,FOOOF,baseline,M4_mixed,-0.05974220578237288,-0.264253312492165
80,K1,FOOOF,baseline,M5_SVR,-0.08391358498658508,-0.2884246916963772
80,K1,FOOOF,baseline,M6_SVR+time,0.042906317748448775,-0.16160478896134334
80,K3,DR-SCC,raw,M2_ENR,-0.03103169365917724,-0.23554280036896935
80,K3,DR-SCC,raw,M3_ENR+time,0.02422139355224029,-0.18028971315755182
80,K3,DR-SCC,raw,M4_mixed,-0.38484354472797877,-0.5893546514377709
80,K3,DR-SCC,raw,M5_SVR,-0.1435386760865902,-0.3480497827963823
80,K3,DR-SCC,raw,M6_SVR+time,0.003718481873348445,-0.20079262483644367
80,K3,DR-SCC,baseline,M2_ENR,-0.07723183751920737,-0.2817429442289995
80,K3,DR-SCC,baseline,M3_ENR+time,0.005880197075985416,-0.1986309096338067
80,K3,DR-SCC,baseline,M4_mixed,-0.40944221805246594,-0.6139533247622581
80,K3,DR-SCC,baseline,M5_SVR,-0.2215243509308471,-0.4260354576406392
80,K3,DR-SCC,baseline,M6_SVR+time,-0.15517588954508788,-0.35968699625488
80,K3,FOOOF,raw,M2_ENR,-0.030133751147584986,-0.2346448578573771
80,K3,FOOOF,raw,M3_ENR+time,0.009936229512503725,-0.1945748771972884
80,K3,FOOOF,raw,M4_mixed,-0.8776584616691978,-1.08216956837899
80,K3,FOOOF,raw,M5_SVR,-0.03995389278674999,-0.2444649994965421
80,K3,FOOOF,raw,M6_SVR+time,0.014045097949268226,-0.19046600876052389
80,K3,FOOOF,baseline,M2_ENR,-0.05464925186227276,-0.2591603585720649
80,K3,FOOOF,baseline,M3_ENR+time,-0.03535360035427626,-0.23986470706406837
80,K3,FOOOF,baseline,M4_mixed,-0.9941157650991825,-1.1986268718089748
80,K3,FOOOF,baseline,M5_SVR,-0.1532085765350728,-0.3577196832448649
80,K3,FOOOF,baseline,M6_SVR+time,-0.015478213021800524,-0.21998931973159264
80,K4,DR-SCC,raw,M2_ENR,-0.01699064668920469,-0.2215017533989968
80,K4,DR-SCC,raw,M3_ENR+time,-0.011630064084380942,-0.21614117079417305
80,K4,DR-SCC,raw,M4_mixed,0.07573375606520405,-0.12877735064458806
80,K4,DR-SCC,raw,M5_SVR,-0.2287539067644262,-0.4332650134742183
80,K4,DR-SCC,raw,M6_SVR+time,-0.08552619631944491,-0.290037303029237
80,K4,DR-SCC,baseline,M2_ENR,-0.052231460668963337,-0.25674256737875545
80,K4,DR-SCC,baseline,M3_ENR+time,-0.012705813590053294,-0.2172169202998454
80,K4,DR-SCC,baseline,M4_mixed,-0.43675587846966146,-0.6412669851794536
80,K4,DR-SCC,baseline,M5_SVR,-0.04086121357144479,-0.2453723202812369
80,K4,DR-SCC,baseline,M6_SVR+time,0.025402590212084353,-0.17910851649770776
80,K4,FOOOF,raw,M2_ENR,-0.2142271412611334,-0.4187382479709255
80,K4,FOOOF,raw,M3_ENR+time,-0.1833012208436835,-0.3878123275534756
80,K4,FOOOF,raw,M4_mixed,-0.06903928060377651,-0.2735503873135686
80,K4,FOOOF,raw,M5_SVR,-0.02745867174690053,-0.23196977845669264
80,K4,FOOOF,raw,M6_SVR+time,-0.07476305574605813,-0.27927416245585024
80,K4,FOOOF,baseline,M2_ENR,-0.08541524394492495,-0.28992635065471706
80,K4,FOOOF,baseline,M3_ENR+time,-0.07295183463404875,-0.27746294134384086
80,K4,FOOOF,baseline,M4_mixed,-0.8095823633379646,-1.0140934700477566
80,K4,FOOOF,baseline,M5_SVR,-0.12966866650148212,-0.33417977321127423
80,K4,FOOOF,baseline,M6_SVR+time,-0.08946605586089618,-0.2939771625706883
81,K1,DR-SCC,raw,M2_ENR,0.1160501769473754,-0.1563510202175461
81,K1,DR-SCC,raw,M3_ENR+time,-0.07963902016108282,-0.3520402173260043
81,K1,DR-SCC,raw,M4_mixed,0.16553873924813378,-0.10686245791678772
81,K1,DR-SCC,raw,M5_SVR,0.021026104342697693,-0.2513750928222238
81,K1,DR-SCC,raw,M6_SVR+time,0.22033579013536775,-0.052065407029553756
81,K1,DR-SCC,baseline,M2_ENR,0.05858271309966845,-0.21381848406525306
81,K1,DR-SCC,baseline,M3_ENR+time,-0.013119591255619456,-0.28552078842054096
81,K1,DR-SCC,baseline,M4_mixed,0.022157542542783237,-0.25024365462213827
81,K1,DR-SCC,baseline,M5_SVR,0.03223692864913008,-0.24016426851579142
81,K1,DR-SCC,baseline,M6_SVR+time,-0.2444007234031511,-0.5168019205680726
81,K1,FOOOF,raw,M2_ENR,-0.07539549296411341,-0.3477966901290349
81,K1,FOOOF,raw,M3_ENR+time,0.181428316834231,-0.09097288033069051
81,K1,FOOOF,raw,M4_mixed,0.01802184414939434,-0.25437935301552717
81,K1,FOOOF,raw,M5_SVR,-0.013062257533758004,-0.2854634546986795
81,K1,FOOOF,raw,M6_SVR+time,0.12378079463865621,-0.1486204025262653
81,K1,FOOOF,baseline,M2_ENR,-0.12981980291661466,-0.40222100008153616
81,K1,FOOOF,baseline,M3_ENR+time,-0.11434443914815806,-0.38674563631307957
81,K1,FOOOF,baseline,M4_mixed,-0.8062695651430731,-1.0786707623079947
81,K1,FOOOF,baseline,M5_SVR,-0.016785622829907698,-0.2891868199948292
81,K1,FOOOF,baseline,M6_SVR+time,0.08046217802407785,-0.19193901914084366
81,K3,DR-SCC,raw,M2_ENR,-0.10569623735848599,-0.3780974345234075
81,K3,DR-SCC,raw,M3_ENR+time,-0.14507758300737472,-0.4174787801722962
81,K3,DR-SCC,raw,M4_mixed,-0.41607495751580337,-0.6884761546807249
81,K3,DR-SCC,raw,M5_SVR,0.023268959015031787,-0.24913223814988972
81,K3,DR-SCC,raw,M6_SVR+time,-0.04815447499417602,-0.3205556721590975
81,K3,DR-SCC,baseline,M2_ENR,-0.18084588799010515,-0.45324708515502665
81,K3,DR-SCC,baseline,M3_ENR+time,-0.13742803916088664,-0.40982923632580814
81,K3,DR-SCC,baseline,M4_mixed,-0.8456040379882581,-1.1180052351531797
81,K3,DR-SCC,baseline,M5_SVR,-0.0903347400542367,-0.3627359372191582
81,K3,DR-SCC,baseline,M6_SVR+time,0.06718439943265364,-0.20521679773226786
81,K3,FOOOF,raw,M2_ENR,-0.040613737015889884,-0.3130149341808114
81,K3,FOOOF,raw,M3_ENR+time,-0.01953095889478429,-0.2919321560597058
81,K3,FOOOF,raw,M4_mixed,-0.4198387071959664,-0.6922399043608879
81,K3,FOOOF,raw,M5_SVR,-0.04321269023934171,-0.3156138874042632
81,K3,FOOOF,raw,M6_SVR+time,-0.0010238234195336648,-0.27342502058445517
81,K3,FOOOF,baseline,M2_ENR,-0.03162699860004836,-0.30402819576496987
81,K3,FOOOF,baseline,M3_ENR+time,-0.007889580201110746,-0.28029077736603225
81,K3,FOOOF,baseline,M4_mixed,-0.45129519025923437,-0.7236963874241559
81,K3,FOOOF,baseline,M5_SVR,-0.12735893458420633,-0.39976013174912783
81,K3,FOOOF,baseline,M6_SVR+time,-0.04297857137241756,-0.31537976853733907
81,K4,DR-SCC,raw,M2_ENR,0.05364345954350258,-0.21875773762141892
81,K4,DR-SCC,raw,M3_ENR+time,0.0637053355218603,-0.2086958616430612
81,K4,DR-SCC,raw,M4_mixed,-0.15906600519294134,-0.43146720235786284
81,K4,DR-SCC,raw,M5_SVR,0.05567428418503051,-0.216726912979891
81,K4,DR-SCC,raw,M6_SVR+time,0.11654478226235598,-0.15585641490256552
81,K4,DR-SCC,baseline,M2_ENR,0.012410736970496439,-0.25999046019442507
81,K4,DR-SCC,baseline,M3_ENR+time,-0.030993630315492737,-0.30339482748041424
81,K4,DR-SCC,baseline,M4_mixed,-0.36055039808476264,-0.6329515952496841
81,K4,DR-SCC,baseline,M5_SVR,0.007705041795111556,-0.26469615536980995
81,K4,DR-SCC,baseline,M6_SVR+time,0.27950247108901116,0.007101273924089657
81,K4,FOOOF,raw,M2_ENR,0.21286884017876495,-0.059532356986156554
81,K4,FOOOF,raw,M3_ENR+time,-0.061965589274131094,-0.3343667864390526
81,K4,FOOOF,raw,M4_mixed,0.24958661955351658,-0.02281457761140493
81,K4,FOOOF,raw,M5_SVR,0.11227584629650822,-0.16012535086841329
81,K4,FOOOF,raw,M6_SVR+time,0.2776602583869451,0.0052590612220235755
81,K4,FOOOF,baseline,M2_ENR,-0.07966871038038636,-0.35206990754530787
81,K4,FOOOF,baseline,M3_ENR+time,-0.06434183911516911,-0.3367430362800906
81,K4,FOOOF,baseline,M4_mixed,-0.3402252875264158,-0.6126264846913373
81,K4,FOOOF,baseline,M5_SVR,-0.011923400292370046,-0.28432459745729155
81,K4,FOOOF,baseline,M6_SVR+time,0.04699687012244147,-0.22540432704248003
82,K1,DR-SCC,raw,M2_ENR,-0.06758694142409993,-0.3202113496619382
82,K1,DR-SCC,raw,M3_ENR+time,-0.044896831757262,-0.2975212399951003
82,K1,DR-SCC,raw,M4_mixed,-0.1908737190094858,-0.44349812724732407
82,K1,DR-SCC,raw,M5_SVR,-0.1231417341347858,-0.37576614237262407
82,K1,DR-SCC,raw,M6_SVR+time,-0.08200405399848609,-0.33462846223632436
82,K1,DR-SCC,baseline,M2_ENR,-0.1319170796568454,-0.3845414878946837
82,K1,DR-SCC,baseline,M3_ENR+time,-0.0028222552312671123,-0.2554466634691054
82,K1,DR-SCC,baseline,M4_mixed,-0.3827448660536785,-0.6353692742915168
82,K1,DR-SCC,baseline,M5_SVR,-0.20065935905820576,-0.453283767296044
82,K1,DR-SCC,baseline,M6_SVR+time,-0.17693789825557737,-0.42956230649341565
82,K1,FOOOF,raw,M2_ENR,-0.057843327911892395,-0.31046773614973067
82,K1,FOOOF,raw,M3_ENR+time,-0.029266909192401158,-0.28189131743023943
82,K1,FOOOF,raw,M4_mixed,-0.25457460412517685,-0.5071990123630151
82,K1,FOOOF,raw,M5_SVR,-0.17946575586862612,-0.4320901641064644
82,K1,FOOOF,raw,M6_SVR+time,-0.1679267451989408,-0.42055115343677907
82,K1,FOOOF,baseline,M2_ENR,-0.0251669745158849,-0.27779138275372317
82,K1,FOOOF,baseline,M3_ENR+time,-0.02730464173924063,-0.2799290499770789
82,K1,FOOOF,baseline,M4_mixed,-0.452653877632738,-0.7052782858705763
82,K1,FOOOF,baseline,M5_SVR,-0.17300188426506447,-0.42562629250290274
82,K1,FOOOF,baseline,M6_SVR+time,-0.09285724859877131,-0.3454816568366096
82,K3,DR-SCC,raw,M2_ENR,-0.022873229371313863,-0.27549763760915214
82,K3,DR-SCC,raw,M3_ENR+time,-0.022873229371313863,-0.27549763760915214
82,K3,DR-SCC,raw,M4_mixed,-1.1527186171945418,-1.40534302543238
82,K3,DR-SCC,raw,M5_SVR,0.14998160632317148,-0.10264280191466679
82,K3,DR-SCC,raw,M6_SVR+time,0.23219331341534855,-0.020431094822489726
82,K3,DR-SCC,baseline,M2_ENR,-0.04032444724702766,-0.29294885548486593
82,K3,DR-SCC,baseline,M3_ENR+time,-0.11973722946040932,-0.3723616376982476
82,K3,DR-SCC,baseline,M4_mixed,-1.6035454235815743,-1.8561698318194124
82,K3,DR-SCC,baseline,M5_SVR,-0.20326526586647065,-0.4558896741043089
82,K3,DR-SCC,baseline,M6_SVR+time,-0.11878248851694262,-0.3714068967547809
82,K3,FOOOF,raw,M2_ENR,-0.03140199068908012,-0.2840263989269184
82,K3,FOOOF,raw,M3_ENR+time,-0.04164485876201662,-0.2942692669998549
82,K3,FOOOF,raw,M4_mixed,-0.13624988714968977,-0.38887429538752805
82,K3,FOOOF,raw,M5_SVR,-0.23211825946428477,-0.48474266770212304
82,K3,FOOOF,raw,M6_SVR+time,-0.07222289063176635,-0.3248472988696046
82,K3,FOOOF,baseline,M2_ENR,0.011144043305808538,-0.24148036493202973
82,K3,FOOOF,baseline,M3_ENR+time,0.011373970042632187,-0.24125043819520609
82,K3,FOOOF,baseline,M4_mixed,-1.0013387543167172,-1.2539631625545553
82,K3,FOOOF,baseline,M5_SVR,-0.05890559364788572,-0.311530001885724
82,K3,FOOOF,baseline,M6_SVR+time,-0.04377095139767073,-0.296395359635509
82,K4,DR-SCC,raw,M2_ENR,-0.06798700153106041,-0.3206114097688987
82,K4,DR-SCC,raw,M3_ENR+time,-0.07930603763578414,-0.3319304458736224
82,K4,DR-SCC,raw,M4_mixed,0.054537231442815415,-0.19808717679502286
82,K4,DR-SCC,raw,M5_SVR,-0.23171731376021154,-0.4843417219980498
82,K4,DR-SCC,raw,M6_SVR+time,-0.1970435392233285,-0.4496679474611668
82,K4,DR-SCC,baseline,M2_ENR,-0.005289578613365986,-0.25791398685120426
82,K4,DR-SCC,baseline,M3_ENR+time,-0.046794114212079574,-0.29941852244991785
82,K4,DR-SCC,baseline,M4_mixed,-2.1749557597148943,-2.4275801679527325
82,K4,DR-SCC,baseline,M5_SVR,-0.1667790403098608,-0.41940344854769906
82,K4,DR-SCC,baseline,M6_SVR+time,-0.1072134877366564,-0.35983789597449467
82,K4,FOOOF,raw,M2_ENR,-0.03221200833351623,-0.2848364165713545
82,K4,FOOOF,raw,M3_ENR+time,-0.06005520237792816,-0.31267961061576643
82,K4,FOOOF,raw,M4_mixed,-0.03526357558628268,-0.28788798382412095
82,K4,FOOOF,raw,M5_SVR,0.2957901115049153,0.04316570326707703
82,K4,FOOOF,raw,M6_SVR+time,0.1848180770839798,-0.06780633115385848
82,K4,FOOOF,baseline,M2_ENR,0.38002050688334943,0.12739609864551116
82,K4,FOOOF,baseline,M3_ENR+time,0.27625162395825187,0.023627215720413597
82,K4,FOOOF,baseline,M4_mixed,-3.196923853861546,-3.449548262099384
82,K4,FOOOF,baseline,M5_SVR,0.39066267206413274,0.13803826382629447
82,K4,FOOOF,baseline,M6_SVR+time,0.40948396092410333,0.15685955268626506
83,K1,DR-SCC,raw,M2_ENR,-0.051398276345208105,-0.4089025618771155
83,K1,DR-SCC,raw,M3_ENR+time,-0.05256244892840578,-0.41006673446031316
83,K1,DR-SCC,raw,M4_mixed,-0.320409000612766,-0.6779132861446734
83,K1,DR-SCC,raw,M5_SVR,-0.045311001696055175,-0.40281528722796256
83,K1,DR-SCC,raw,M6_SVR+time,0.036038590301461504,-0.3214656952304459
83,K1,DR-SCC,baseline,M2_ENR,0.022660912346154638,-0.33484337318575275
83,K1,DR-SCC,baseline,M3_ENR+time,0.016927479201554463,-0.3405768063303529
83,K1,DR-SCC,baseline,M4_mixed,-0.6098869091726626,-0.96739119470457
83,K1,DR-SCC,baseline,M5_SVR,-0.2894660791013206,-0.646970364633228
83,K1,DR-SCC,baseline,M6_SVR+time,0.011582920583330769,-0.3459213649485766
83,K1,FOOOF,raw,M2_ENR,-0.04037904843098672,-0.3978833339628941
83,K1,FOOOF,raw,M3_ENR+time,-0.04519996531991399,-0.4027042508518214
83,K1,FOOOF,raw,M4_mixed,-0.3915823854373346,-0.749086670969242
83,K1,FOOOF,raw,M5_SVR,-0.011969255445234195,-0.3694735409771416
83,K1,FOOOF,raw,M6_SVR+time,0.014451808553014645,-0.34305247697889274
83,K1,FOOOF,baseline,M2_ENR,-0.030274930463618954,-0.38777921599552634
83,K1,FOOOF,baseline,M3_ENR+time,0.18731612557845834,-0.17018815995344905
83,K1,FOOOF,baseline,M4_mixed,-0.2973541602899177,-0.6548584458218251
83,K1,FOOOF,baseline,M5_SVR,0.039236650833123554,-0.31826763469878383
83,K1,FOOOF,baseline,M6_SVR+time,0.016493035687330737,-0.34101124984457665
83,K3,DR-SCC,raw,M2_ENR,-0.01967708128844925,-0.37718136682035663
83,K3,DR-SCC,raw,M3_ENR+time,-0.019825709417548465,-0.37732999494945585
83,K3,DR-SCC,raw,M4_mixed,-1.3196607376978555,-1.677165023229763
83,K3,DR-SCC,raw,M5_SVR,-0.001542965336336577,-0.35904725086824396
83,K3,DR-SCC,raw,M6_SVR+time,0.06431498808314684,-0.29318929744876054
83,K3,DR-SCC,baseline,M2_ENR,-0.038001658612731415,-0.3955059441446388
83,K3,DR-SCC,baseline,M3_ENR+time,-0.0396572034960565,-0.3971614890279639
83,K3,DR-SCC,baseline,M4_mixed,-1.628045305837042,-1.9855495913689496
83,K3,DR-SCC,baseline,M5_SVR,-0.052911520524990596,-0.410415806056898
83,K3,DR-SCC,baseline,M6_SVR+time,0.0010923582218423933,-0.356411927310065
83,K3,FOOOF,raw,M2_ENR,-0.01957060157611057,-0.37707488710801795
83,K3,FOOOF,raw,M3_ENR+time,-0.0064764941801087605,-0.36398077971201614
83,K3,FOOOF,raw,M4_mixed,-0.30074952057437687,-0.6582538061062843
83,K3,FOOOF,raw,M5_SVR,-0.1066492461468036,-0.464153531678711
83,K3,FOOOF,raw,M6_SVR+time,-0.07472173534428617,-0.43222602087619355
83,K3,FOOOF,baseline,M2_ENR,-0.042954730583092626,-0.400459016115
83,K3,FOOOF,baseline,M3_ENR+time,-0.029051066001517967,-0.38655535153342535
83,K3,FOOOF,baseline,M4_mixed,-0.6619987880293274,-1.0195030735612347
83,K3,FOOOF,baseline,M5_SVR,0.15153565859383245,-0.20596862693807494
83,K3,FOOOF,baseline,M6_SVR+time,0.2268722565882958,-0.1306320289436116
83,K4,DR-SCC,raw,M2_ENR,0.09625358137182538,-0.261250704160082
83,K4,DR-SCC,raw,M3_ENR+time,0.1545185935502712,-0.20298569198163618
83,K4,DR-SCC,raw,M4_mixed,0.20033416813915794,-0.15717011739274944
83,K4,DR-SCC,raw,M5_SVR,-0.02229705290004702,-0.3798013384319544
83,K4,DR-SCC,raw,M6_SVR+time,0.05765194100413684,-0.29985234452777054
83,K4,DR-SCC,baseline,M2_ENR,0.10871215727612238,-0.248792128255785
83,K4,DR-SCC,baseline,M3_ENR+time,-0.051441243189565,-0.4089455287214724
83,K4,DR-SCC,baseline,M4_mixed,-0.12827042958842183,-0.4857747151203292
83,K4,DR-SCC,baseline,M5_SVR,0.2037340522138973,-0.1537702333180101
83,K4,DR-SCC,baseline,M6_SVR+time,0.294042175844618,-0.06346210968728938
83,K4,FOOOF,raw,M2_ENR,-0.011358496386190797,-0.3688627819180982
83,K4,FOOOF,raw,M3_ENR+time,0.06318195362692824,-0.29432233190497914
83,K4,FOOOF,raw,M4_mixed,0.04990028353886655,-0.30760400199304083
83,K4,FOOOF,raw,M5_SVR,0.17624700251874426,-0.18125728301316313
83,K4,FOOOF,raw,M6_SVR+time,0.1995160721874054,-0.15798821334450197
83,K4,FOOOF,baseline,M2_ENR,-0.09402330586925878,-0.45152759140116616
83,K4,FOOOF,baseline,M3_ENR+time,-0.04151934950218239,-0.3990236350340898
83,K4,FOOOF,baseline,M4_mixed,-0.11277777811993062,-0.470282063651838
83,K4,FOOOF,baseline,M5_SVR,-0.05075319333359629,-0.4082574788655037
83,K4,FOOOF,baseline,M6_SVR+time,0.011166942377268896,-0.3463373431546385
84,K1,DR-SCC,raw,M2_ENR,-0.038297986248144955,-0.2633468718933113
84,K1,DR-SCC,raw,M3_ENR+time,-0.02821285733173684,-0.2532617429769032
84,K1,DR-SCC,raw,M4_mixed,-0.41240457043231826,-0.6374534560774846
84,K1,DR-SCC,raw,M5_SVR,-0.1312527668690795,-0.35630165251424584
84,K1,DR-SCC,raw,M6_SVR+time,0.006770943093660442,-0.2182779425515059
84,K1,DR-SCC,baseline,M2_ENR,-0.07221390794480764,-0.297262793589974
84,K1,DR-SCC,baseline,M3_ENR+time,-0.05551081562733673,-0.28055970127250307
84,K1,DR-SCC,baseline,M4_mixed,-0.5911983133479861,-0.8162471989931525
84,K1,DR-SCC,baseline,M5_SVR,-0.12155873783294036,-0.3466076234781067
84,K1,DR-SCC,baseline,M6_SVR+time,-0.030434225959148797,-0.25548311160431514
84,K1,FOOOF,raw,M2_ENR,-0.03433969606128939,-0.25938858170645573
84,K1,FOOOF,raw,M3_ENR+time,-0.03045219965339352,-0.25550108529855986
84,K1,FOOOF,raw,M4_mixed,-0.7743046335608095,-0.9993535192059758
84,K1,FOOOF,raw,M5_SVR,-0.08628635730392009,-0.31133524294908643
84,K1,FOOOF,raw,M6_SVR+time,0.007773524985178248,-0.2172753606599881
84,K1,FOOOF,baseline,M2_ENR,-0.154538265491023,-0.37958715113618935
84,K1,FOOOF,baseline,M3_ENR+time,-0.13210077975447976,-0.3571496653996461
84,K1,FOOOF,baseline,M4_mixed,-0.8511860435672995,-1.076234929212466
84,K1,FOOOF,baseline,M5_SVR,-0.059848121697289036,-0.2848970073424554
84,K1,FOOOF,baseline,M6_SVR+time,-0.03948436770117203,-0.26453325334633837
84,K3,DR-SCC,raw,M2_ENR,-0.04539438751029978,-0.2704432731554661
84,K3,DR-SCC,raw,M3_ENR+time,-0.026868222378058082,-0.2519171080232244
84,K3,DR-SCC,raw,M4_mixed,-0.48353889511229275,-0.7085877807574591
84,K3,DR-SCC,raw,M5_SVR,-0.13059305674746002,-0.35564194239262636
84,K3,DR-SCC,raw,M6_SVR+time,-0.11293023849121742,-0.33797912413638376
84,K3,DR-SCC,baseline,M2_ENR,-0.12050461909042065,-0.345553504735587
84,K3,DR-SCC,baseline,M3_ENR+time,-0.5080676801117106,-0.7331165657568769
84,K3,DR-SCC,baseline,M4_mixed,-1.380430970987275,-1.6054798566324413
84,K3,DR-SCC,baseline,M5_SVR,-0.10340517890163747,-0.3284540645468038
84,K3,DR-SCC,baseline,M6_SVR+time,-0.14393073530352285,-0.3689796209486892
84,K3,FOOOF,raw,M2_ENR,-0.01645409961343769,-0.24150298525860403
84,K3,FOOOF,raw,M3_ENR+time,0.006060749628283513,-0.21898813601688283
84,K3,FOOOF,raw,M4_mixed,-0.3171411709211389,-0.5421900565663053
84,K3,FOOOF,raw,M5_SVR,-0.14690601462072594,-0.3719549002658923
84,K3,FOOOF,raw,M6_SVR+time,-0.197922370333802,-0.42297125597896834
84,K3,FOOOF,baseline,M2_ENR,-0.0366051832218941,-0.26165406886706044
84,K3,FOOOF,baseline,M3_ENR+time,0.04434022541068583,-0.1807086602344805
84,K3,FOOOF,baseline,M4_mixed,-1.6550021786044682,-1.8800510642496344
84,K3,FOOOF,baseline,M5_SVR,-0.1451231014115515,-0.37017198705671783
84,K3,FOOOF,baseline,M6_SVR+time,-0.1525390005800924,-0.37758788622525874
84,K4,DR-SCC,raw,M2_ENR,-0.026406380127145024,-0.25145526577231136
84,K4,DR-SCC,raw,M3_ENR+time,-0.02633487732924733,-0.25138376297441367
84,K4,DR-SCC,raw,M4_mixed,-0.4396223593452768,-0.6646712449904432
84,K4,DR-SCC,raw,M5_SVR,-0.007635648992637467,-0.2326845346378038
84,K4,DR-SCC,raw,M6_SVR+time,0.030207039097446597,-0.19484184654771974
84,K4,DR-SCC,baseline,M2_ENR,-0.07927560956451285,-0.3043244952096792
84,K4,DR-SCC,baseline,M3_ENR+time,-0.07871415477994081,-0.30376304042510716
84,K4,DR-SCC,baseline,M4_mixed,-1.3503686784096542,-1.5754175640548205
84,K4,DR-SCC,baseline,M5_SVR,-0.12391865655347312,-0.34896754219863946
84,K4,DR-SCC,baseline,M6_SVR+time,-0.020163255378734757,-0.2452121410239011
84,K4,FOOOF,raw,M2_ENR,-0.02633487732924733,-0.25138376297441367
84,K4,FOOOF,raw,M3_ENR+time,-0.02633487732924733,-0.25138376297441367
84,K4,FOOOF,raw,M4_mixed,-0.5530580628195436,-0.77810694846471
84,K4,FOOOF,raw,M5_SVR,-0.07771160996795179,-0.30276049561311813
84,K4,FOOOF,raw,M6_SVR+time,-0.14519403190230262,-0.37024291754746896
84,K4,FOOOF,baseline,M2_ENR,-0.07827320752771727,-0.3033220931728836
84,K4,FOOOF,baseline,M3_ENR+time,-0.054679175296608706,-0.27972806094177505
84,K4,FOOOF,baseline,M4_mixed,-2.62173191362532,-2.846780799270486
84,K4,FOOOF,baseline,M5_SVR,-0.13146816832107433,-0.35651705396624067
84,K4,FOOOF,baseline,M6_SVR+time,-0.07038578606854506,-0.2954346717137114
85,K1,DR-SCC,raw,M2_ENR,-0.0814359017154378,-0.2988146687349865
85,K1,DR-SCC,raw,M3_ENR+time,-0.09861454587532181,-0.31599331289487054
85,K1,DR-SCC,raw,M4_mixed,-0.41673037639677557,-0.6341091434163243
85,K1,DR-SCC,raw,M5_SVR,0.0008529183119252437,-0.21652584870762348
85,K1,DR-SCC,raw,M6_SVR+time,0.017492345959545963,-0.19988642106000276
85,K1,DR-SCC,baseline,M2_ENR,0.011491609019134819,-0.2058871580004139
85,K1,DR-SCC,baseline,M3_ENR+time,-0.07278850084534927,-0.290167267864898
85,K1,DR-SCC,baseline,M4_mixed,-0.8303716566867752,-1.047750423706324
85,K1,DR-SCC,baseline,M5_SVR,-0.24092992156024673,-0.45830868857979545
85,K1,DR-SCC,baseline,M6_SVR+time,-0.2414084429323704,-0.45878720995191913
85,K1,FOOOF,raw,M2_ENR,0.18926303988631799,-0.02811572713323074
85,K1,FOOOF,raw,M3_ENR+time,0.04559397339510596,-0.17178479362444277
85,K1,FOOOF,raw,M4_mixed,-0.4714205195018226,-0.6887992865213713
85,K1,FOOOF,raw,M5_SVR,0.007576417548768255,-0.20980234947078047
85,K1,FOOOF,raw,M6_SVR+time,-0.04497725147650633,-0.26235601849605505
85,K1,FOOOF,baseline,M2_ENR,-0.13312902813726013,-0.35050779515680885
85,K1,FOOOF,baseline,M3_ENR+time,-0.1979046753520215,-0.4152834423715702
85,K1,FOOOF,baseline,M4_mixed,-0.634427973849516,-0.8518067408690647
85,K1,FOOOF,baseline,M5_SVR,-0.06494560199045196,-0.2823243690100007
85,K1,FOOOF,baseline,M6_SVR+time,-0.14147679403958002,-0.35885556105912875
85,K3,DR-SCC,raw,M2_ENR,-0.046404317261618866,-0.2637830842811676
85,K3,DR-SCC,raw,M3_ENR+time,-0.02395353335267547,-0.2413323003722242
85,K3,DR-SCC,raw,M4_mixed,0.0594889736999753,-0.15788979331957342
85,K3,DR-SCC,raw,M5_SVR,0.06411647295058887,-0.15326229406895986
85,K3,DR-SCC,raw,M6_SVR+time,0.11833999938419015,-0.09903876763535857
85,K3,DR-SCC,baseline,M2_ENR,0.07269556179772452,-0.1446832052218242
85,K3,DR-SCC,baseline,M3_ENR+time,0.06154341693446874,-0.15583535008507998
85,K3,DR-SCC,baseline,M4_mixed,-0.7056356140857765,-0.9230143811053252
85,K3,DR-SCC,baseline,M5_SVR,-0.055297771221832104,-0.27267653824138083
85,K3,DR-SCC,baseline,M6_SVR+time,0.010810910458814327,-0.2065678565607344
85,K3,FOOOF,raw,M2_ENR,-0.05487490915821036,-0.2722536761777591
85,K3,FOOOF,raw,M3_ENR+time,-0.0033900593786064803,-0.2207688263981552
85,K3,FOOOF,raw,M4_mixed,-0.23557306097950192,-0.45295182799905065
85,K3,FOOOF,raw,M5_SVR,-0.07139260940846248,-0.2887713764280112
85,K3,FOOOF,raw,M6_SVR+time,0.06784209364910432,-0.1495366733704444
85,K3,FOOOF,baseline,M2_ENR,-0.026119297077746184,-0.2434980640972949
85,K3,FOOOF,baseline,M3_ENR+time,-0.06413121455697013,-0.28150998157651885
85,K3,FOOOF,baseline,M4_mixed,-0.6735908894955354,-0.8909696565150841
85,K3,FOOOF,baseline,M5_SVR,-0.05837510239836052,-0.27575386941790925
85,K3,FOOOF,baseline,M6_SVR+time,-0.03810948389927904,-0.25548825091882776
85,K4,DR-SCC,raw,M2_ENR,0.031633075455147375,-0.18574569156440135
85,K4,DR-SCC,raw,M3_ENR+time,0.041175189511021615,-0.1762035775085271
85,K4,DR-SCC,raw,M4_mixed,-0.12409544167869191,-0.34147420869824063
85,K4,DR-SCC,raw,M5_SVR,0.018678672244168526,-0.1987000947753802
85,K4,DR-SCC,raw,M6_SVR+time,0.06433670600514751,-0.1530420610144012
85,K4,DR-SCC,baseline,M2_ENR,-0.04419666711295189,-0.2615754341325006
85,K4,DR-SCC,baseline,M3_ENR+time,-0.07993910310474495,-0.29731787012429367
85,K4,DR-SCC,baseline,M4_mixed,-0.6923635557189471,-0.9097423227384959
85,K4,DR-SCC,baseline,M5_SVR,0.06936800312657088,-0.14801076389297785
85,K4,DR-SCC,baseline,M6_SVR+time,-0.05604318175808087,-0.2734219487776296
85,K4,FOOOF,raw,M2_ENR,0.07722803753898044,-0.14015072948056828
85,K4,FOOOF,raw,M3_ENR+time,0.010742603717512678,-0.20663616330203605
85,K4,FOOOF,raw,M4_mixed,-0.2469572956992674,-0.4643360627188161
85,K4,FOOOF,raw,M5_SVR,0.015649808872199578,-0.20172895814734915
85,K4,FOOOF,raw,M6_SVR+time,0.01361711378502417,-0.20376165323452455
85,K4,FOOOF,baseline,M2_ENR,-0.138827183579185,-0.3562059505987337
85,K4,FOOOF,baseline,M3_ENR+time,-0.05299946982442649,-0.2703782368439752
85,K4,FOOOF,baseline,M4_mixed,-0.6929341002265765,-0.9103128672461253
85,K4,FOOOF,baseline,M5_SVR,-0.024063524976621675,-0.2414422919961704
85,K4,FOOOF,baseline,M6_SVR+time,-0.15196402328740488,-0.3693427903069536
86,K1,DR-SCC,raw,M2_ENR,-0.027045768775068924,-0.25396887569024706
86,K1,DR-SCC,raw,M3_ENR+time,-0.025617762628882046,-0.2525408695440602
86,K1,DR-SCC,raw,M4_mixed,-0.6304935480018272,-0.8574166549170054
86,K1,DR-SCC,raw,M5_SVR,-0.16578410049560977,-0.3927072074107879
86,K1,DR-SCC,raw,M6_SVR+time,-0.17733491894575737,-0.4042580258609355
86,K1,DR-SCC,baseline,M2_ENR,-0.042145413923285746,-0.2690685208384639
86,K1,DR-SCC,baseline,M3_ENR+time,-0.041772529107188205,-0.26869563602236635
86,K1,DR-SCC,baseline,M4_mixed,-0.5813171224829516,-0.8082402293981298
86,K1,DR-SCC,baseline,M5_SVR,-0.14503297828590034,-0.3719560852010785
86,K1,DR-SCC,baseline,M6_SVR+time,-0.1732166375967592,-0.40013974451193735
86,K1,FOOOF,raw,M2_ENR,-0.02456777909941632,-0.25149088601459446
86,K1,FOOOF,raw,M3_ENR+time,-0.10143287466776507,-0.3283559815829432
86,K1,FOOOF,raw,M4_mixed,-0.3854319045845491,-0.6123550114997273
86,K1,FOOOF,raw,M5_SVR,-0.16387336003850916,-0.3907964669536873
86,K1,FOOOF,raw,M6_SVR+time,-0.16430566228069532,-0.39122876919587346
86,K1,FOOOF,baseline,M2_ENR,-0.065402926853662,-0.29232603376884014
86,K1,FOOOF,baseline,M3_ENR+time,-0.02806056915281352,-0.25498367606799166
86,K1,FOOOF,baseline,M4_mixed,-0.3909824862310627,-0.6179055931462408
86,K1,FOOOF,baseline,M5_SVR,-0.13644536278206076,-0.3633684696972389
86,K1,FOOOF,baseline,M6_SVR+time,-0.028318452908984604,-0.25524155982416274
86,K3,DR-SCC,raw,M2_ENR,-0.03345869564503978,-0.2603818025602179
86,K3,DR-SCC,raw,M3_ENR+time,-0.027628207644656566,-0.2545513145598347
86,K3,DR-SCC,raw,M4_mixed,-0.044105100930035945,-0.2710282078452141
86,K3,DR-SCC,raw,M5_SVR,0.2066410165195297,-0.020282090395648433
86,K3,DR-SCC,raw,M6_SVR+time,0.26948187222825526,0.04255876531307712
86,K3,DR-SCC,baseline,M2_ENR,-0.09016373851293902,-0.31708684542811716
86,K3,DR-SCC,baseline,M3_ENR+time,-0.08342894500189768,-0.3103520519170758
86,K3,DR-SCC,baseline,M4_mixed,-1.088997490600872,-1.3159205975160502
86,K3,DR-SCC,baseline,M5_SVR,-0.21613191933312237,-0.4430550262483005
86,K3,DR-SCC,baseline,M6_SVR+time,-0.11767554147217352,-0.34459864838735166
86,K3,FOOOF,raw,M2_ENR,-0.03520927864213119,-0.26213238555730933
86,K3,FOOOF,raw,M3_ENR+time,-0.06146828546150496,-0.2883913923766831
86,K3,FOOOF,raw,M4_mixed,-0.11687223103172784,-0.343795337946906
86,K3,FOOOF,raw,M5_SVR,-0.15656522433723996,-0.3834883312524181
86,K3,FOOOF,raw,M6_SVR+time,0.014402013208105302,-0.21252109370707284
86,K3,FOOOF,baseline,M2_ENR,0.03457752951610482,-0.19234557739907332
86,K3,FOOOF,baseline,M3_ENR+time,0.030364360047588468,-0.19655874686758967
86,K3,FOOOF,baseline,M4_mixed,-0.6207226575360385,-0.8476457644512166
86,K3,FOOOF,baseline,M5_SVR,-0.010141205309534218,-0.23706431222471236
86,K3,FOOOF,baseline,M6_SVR+time,0.05271482433907082,-0.17420828257610732
86,K4,DR-SCC,raw,M2_ENR,-0.02488421297148724,-0.2518073198866654
86,K4,DR-SCC,raw,M3_ENR+time,-0.03470603723682708,-0.2616291441520052
86,K4,DR-SCC,raw,M4_mixed,-0.08141637130677282,-0.30833947822195096
86,K4,DR-SCC,raw,M5_SVR,-0.11371818880063311,-0.34064129571581125
86,K4,DR-SCC,raw,M6_SVR+time,-0.11665905327174086,-0.343582160186919
86,K4,DR-SCC,baseline,M2_ENR,-0.03064733809328324,-0.2575704450084614
86,K4,DR-SCC,baseline,M3_ENR+time,-0.016093803870783185,-0.24301691078596133
86,K4,DR-SCC,baseline,M4_mixed,-0.7730831621101464,-1.0000062690253246
86,K4,DR-SCC,baseline,M5_SVR,-0.06585446737815825,-0.2927775742933364
86,K4,DR-SCC,baseline,M6_SVR+time,-0.1911841996276027,-0.41810730654278083
86,K4,FOOOF,raw,M2_ENR,-0.023145918195785375,-0.2500690251109635
86,K4,FOOOF,raw,M3_ENR+time,-0.023145918195785375,-0.2500690251109635
86,K4,FOOOF,raw,M4_mixed,-0.32160414427770956,-0.5485272511928877
86,K4,FOOOF,raw,M5_SVR,-0.10113337136091682,-0.32805647827609496
86,K4,FOOOF,raw,M6_SVR+time,-0.12069768862555619,-0.34762079554073433
86,K4,FOOOF,baseline,M2_ENR,0.051146387266684634,-0.1757767196484935
86,K4,FOOOF,baseline,M3_ENR+time,0.0027351189937356857,-0.22418798792144246
86,K4,FOOOF,baseline,M4_mixed,-1.2489018218291186,-1.4758249287442968
86,K4,FOOOF,baseline,M5_SVR,-0.023275015822976863,-0.250198122738155
86,K4,FOOOF,baseline,M6_SVR+time,-0.047887374869763244,-0.2748104817849414
87,K1,DR-SCC,raw,M2_ENR,-0.021746327867827153,-0.2887498050238141
87,K1,DR-SCC,raw,M3_ENR+time,-0.05234887896030105,-0.319352356116288
87,K1,DR-SCC,raw,M4_mixed,-0.29130072740304924,-0.5583042045590362
87,K1,DR-SCC,raw,M5_SVR,-0.07571145055280626,-0.3427149277087932
87,K1,DR-SCC,raw,M6_SVR+time,-0.10186154120442814,-0.3688650183604151
87,K1,DR-SCC,baseline,M2_ENR,-0.016702839977436712,-0.28370631713342365
87,K1,DR-SCC,baseline,M3_ENR+time,-0.019727946966999088,-0.286731424122986
87,K1,DR-SCC,baseline,M4_mixed,-0.1717530920883945,-0.43875656924438144
87,K1,DR-SCC,baseline,M5_SVR,-0.20824189483329247,-0.4752453719892794
87,K1,DR-SCC,baseline,M6_SVR+time,-0.06551644937088485,-0.3325199265268718
87,K1,FOOOF,raw,M2_ENR,-0.023805913562661152,-0.2908093907186481
87,K1,FOOOF,raw,M3_ENR+time,-0.023754409718852898,-0.29075788687483983
87,K1,FOOOF,raw,M4_mixed,-0.21658128994603376,-0.4835847671020207
87,K1,FOOOF,raw,M5_SVR,-0.022105229048929642,-0.2891087062049166
87,K1,FOOOF,raw,M6_SVR+time,-0.030949371221687727,-0.29795284837767466
87,K1,FOOOF,baseline,M2_ENR,0.09023848395626788,-0.17676499319971906
87,K1,FOOOF,baseline,M3_ENR+time,-0.016288343509570202,-0.28329182066555714
87,K1,FOOOF,baseline,M4_mixed,-0.610484907531933,-0.8774883846879199
87,K1,FOOOF,baseline,M5_SVR,-0.014825090179978462,-0.2818285673359654
87,K1,FOOOF,baseline,M6_SVR+time,-0.08958263889562978,-0.3565861160516167
87,K3,DR-SCC,raw,M2_ENR,-0.05188158318938907,-0.318885060345376
87,K3,DR-SCC,raw,M3_ENR+time,-0.04470463911175471,-0.31170811626774164
87,K3,DR-SCC,raw,M4_mixed,-0.537774838615338,-0.804778315771325
87,K3,DR-SCC,raw,M5_SVR,-0.0765576766643361,-0.34356115382032304
87,K3,DR-SCC,raw,M6_SVR+time,-0.10604566729205889,-0.3730491444480458
87,K3,DR-SCC,baseline,M2_ENR,-0.02547912753931847,-0.2924826046953054
87,K3,DR-SCC,baseline,M3_ENR+time,0.006996326936650976,-0.26000715021933596
87,K3,DR-SCC,baseline,M4_mixed,-1.4509262706235306,-1.7179297477795177
87,K3,DR-SCC,baseline,M5_SVR,-0.18541771177028488,-0.4524211889262718
87,K3,DR-SCC,baseline,M6_SVR+time,-0.12562272128007823,-0.39262619843606517
87,K3,FOOOF,raw,M2_ENR,-0.07902829670813127,-0.3460317738641182
87,K3,FOOOF,raw,M3_ENR+time,-0.07308766581063919,-0.3400911429666261
87,K3,FOOOF,raw,M4_mixed,-0.6929895939616413,-0.9599930711176282
87,K3,FOOOF,raw,M5_SVR,-0.11901023547071343,-0.38601371262670037
87,K3,FOOOF,raw,M6_SVR+time,-0.06175890851804722,-0.32876238567403415
87,K3,FOOOF,baseline,M2_ENR,-0.07931432302429142,-0.34631780018027836
87,K3,FOOOF,baseline,M3_ENR+time,-0.08920598026198712,-0.35620945741797405
87,K3,FOOOF,baseline,M4_mixed,-1.1554282390727328,-1.42243171622872
87,K3,FOOOF,baseline,M5_SVR,0.07514085088678946,-0.19186262626919748
87,K3,FOOOF,baseline,M6_SVR+time,0.06549751299929707,-0.20150596415668987
87,K4,DR-SCC,raw,M2_ENR,-0.08674774151939757,-0.3537512186753845
87,K4,DR-SCC,raw,M3_ENR+time,0.062463374795910354,-0.20454010236007658
87,K4,DR-SCC,raw,M4_mixed,0.1758014333989727,-0.09120204375701424
87,K4,DR-SCC,raw,M5_SVR,-0.04434878635600925,-0.3113522635119962
87,K4,DR-SCC,raw,M6_SVR+time,-0.019986357854200998,-0.28698983501018793
87,K4,DR-SCC,baseline,M2_ENR,-0.10115935746633964,-0.3681628346223266
87,K4,DR-SCC,baseline,M3_ENR+time,-0.1413018819707963,-0.40830535912678323
87,K4,DR-SCC,baseline,M4_mixed,-0.8507565377339261,-1.117760014889913
87,K4,DR-SCC,baseline,M5_SVR,-0.0643048150779284,-0.33130829223391534
87,K4,DR-SCC,baseline,M6_SVR+time,0.02892121225942934,-0.2380822648965576
87,K4,FOOOF,raw,M2_ENR,0.12836343874636302,-0.1386400384096239
87,K4,FOOOF,raw,M3_ENR+time,0.13525389232109697,-0.13174958483488997
87,K4,FOOOF,raw,M4_mixed,0.13060645018741246,-0.13639702696857448
87,K4,FOOOF,raw,M5_SVR,0.23576543030410413,-0.031238046851882806
87,K4,FOOOF,raw,M6_SVR+time,0.15158601044638853,-0.1154174667095984
87,K4,FOOOF,baseline,M2_ENR,-0.18053787009743072,-0.44754134725341765
87,K4,FOOOF,baseline,M3_ENR+time,-0.19873945323469666,-0.4657429303906836
87,K4,FOOOF,baseline,M4_mixed,-8.810076512608031,-9.077079989764018
87,K4,FOOOF,baseline,M5_SVR,-0.02487564676822407,-0.291879123924211
87,K4,FOOOF,baseline,M6_SVR+time,-0.011747817571274854,-0.2787512947272618
88,K1,DR-SCC,raw,M2_ENR,-0.02663007489739244,-0.211999852654861
88,K1,DR-SCC,raw,M3_ENR+time,-0.02686636559719835,-0.2122361433546669
88,K1,DR-SCC,raw,M4_mixed,-0.6671296962198157,-0.8524994739772842
88,K1,DR-SCC,raw,M5_SVR,-0.10517858749668241,-0.29054836525415095
88,K1,DR-SCC,raw,M6_SVR+time,-0.14939429474670973,-0.3347640725041783
88,K1,DR-SCC,baseline,M2_ENR,-0.03255315908404266,-0.2179229368415112
88,K1,DR-SCC,baseline,M3_ENR+time,-0.03267302931356708,-0.21804280707103563
88,K1,DR-SCC,baseline,M4_mixed,-0.75060025941344,-0.9359700371709085
88,K1,DR-SCC,baseline,M5_SVR,-0.11906303809683916,-0.3044328158543077
88,K1,DR-SCC,baseline,M6_SVR+time,-0.1183603912562261,-0.30373016901369465
88,K1,FOOOF,raw,M2_ENR,-0.053008345314351946,-0.2383781230718205
88,K1,FOOOF,raw,M3_ENR+time,-0.043016521699122956,-0.2283862994565915
88,K1,FOOOF,raw,M4_mixed,-0.4288680745746789,-0.6142378523321474
88,K1,FOOOF,raw,M5_SVR,0.008492817633994343,-0.1768769601234742
88,K1,FOOOF,raw,M6_SVR+time,-0.053118565423803776,-0.23848834318127232
88,K1,FOOOF,baseline,M2_ENR,-0.041058979807112816,-0.22642875756458136
88,K1,FOOOF,baseline,M3_ENR+time,-0.06737206867053303,-0.25274184642800157
88,K1,FOOOF,baseline,M4_mixed,-0.793996203978689,-0.9793659817361575
88,K1,FOOOF,baseline,M5_SVR,0.08596070857451199,-0.09940906918295656
88,K1,FOOOF,baseline,M6_SVR+time,0.05134165328037721,-0.13402812447709134
88,K3,DR-SCC,raw,M2_ENR,-0.08670085437128727,-0.2720706321287558
88,K3,DR-SCC,raw,M3_ENR+time,-0.04341524111446993,-0.22878501887193847
88,K3,DR-SCC,raw,M4_mixed,0.02797854498483543,-0.15739123277263312
88,K3,DR-SCC,raw,M5_SVR,-0.06992351324410073,-0.2552932910015693
88,K3,DR-SCC,raw,M6_SVR+time,-0.0507471754958162,-0.23611695325328474
88,K3,DR-SCC,baseline,M2_ENR,-0.1292015309719463,-0.31457130872941486
88,K3,DR-SCC,baseline,M3_ENR+time,-0.09297621349033314,-0.2783459912478017
88,K3,DR-SCC,baseline,M4_mixed,-1.008682949834271,-1.1940527275917396
88,K3,DR-SCC,baseline,M5_SVR,-0.18071495888879263,-0.3660847366462612
88,K3,DR-SCC,baseline,M6_SVR+time,-0.08549420536775698,-0.2708639831252255
88,K3,FOOOF,raw,M2_ENR,-0.1028078657512208,-0.28817764350868935
88,K3,FOOOF,raw,M3_ENR+time,-0.03661123378053355,-0.2219810115380021
88,K3,FOOOF,raw,M4_mixed,0.07098348817254785,-0.1143862895849207
88,K3,FOOOF,raw,M5_SVR,-0.39357902795237165,-0.5789488057098402
88,K3,FOOOF,raw,M6_SVR+time,-0.13300085268253325,-0.3183706304400018
88,K3,FOOOF,baseline,M2_ENR,-0.16271817559292368,-0.3480879533503922
88,K3,FOOOF,baseline,M3_ENR+time,-0.06624484589362378,-0.25161462365109233
88,K3,FOOOF,baseline,M4_mixed,-1.8117692150368598,-1.9971389927943284
88,K3,FOOOF,baseline,M5_SVR,-0.13654795197175185,-0.3219177297292204
88,K3,FOOOF,baseline,M6_SVR+time,-0.07185137874011893,-0.2572211564975875
88,K4,DR-SCC,raw,M2_ENR,-0.02923680700813036,-0.2146065847655989
88,K4,DR-SCC,raw,M3_ENR+time,-0.0292641891850991,-0.21463396694256764
88,K4,DR-SCC,raw,M4_mixed,-0.3369748181372658,-0.5223445958947344
88,K4,DR-SCC,raw,M5_SVR,-0.1430529574585655,-0.32842273521603405
88,K4,DR-SCC,raw,M6_SVR+time,-0.1797686304747721,-0.36513840823224064
88,K4,DR-SCC,baseline,M2_ENR,-0.10484220249368925,-0.2902119802511578
88,K4,DR-SCC,baseline,M3_ENR+time,-0.10843679164047582,-0.29380656939794436
88,K4,DR-SCC,baseline,M4_mixed,-0.8732911883685852,-1.0586609661260538
88,K4,DR-SCC,baseline,M5_SVR,-0.11430045691468371,-0.29967023467215226
88,K4,DR-SCC,baseline,M6_SVR+time,-0.11327211820448557,-0.2986418959619541
88,K4,FOOOF,raw,M2_ENR,-0.04443122562432711,-0.22980100338179565
88,K4,FOOOF,raw,M3_ENR+time,-0.044490413255275474,-0.22986019101274402
88,K4,FOOOF,raw,M4_mixed,-0.43539249406676084,-0.6207622718242294
88,K4,FOOOF,raw,M5_SVR,-0.14753544822303,-0.33290522598049854
88,K4,FOOOF,raw,M6_SVR+time,-0.14125172598754765,-0.3266215037450162
88,K4,FOOOF,baseline,M2_ENR,-0.07503703604272571,-0.26040681380019426
88,K4,FOOOF,baseline,M3_ENR+time,-0.07606230749036591,-0.26143208524783446
88,K4,FOOOF,baseline,M4_mixed,-0.3287357696217348,-0.5141055473792033
88,K4,FOOOF,baseline,M5_SVR,-0.09104153269674575,-0.2764113104542143
88,K4,FOOOF,baseline,M6_SVR+time,-0.07852949990256963,-0.2638992776600382
89,K1,DR-SCC,raw,M2_ENR,-0.038627572195978566,-0.2780970877774813
89,K1,DR-SCC,raw,M3_ENR+time,-0.024804000447899544,-0.2642735160294023
89,K1,DR-SCC,raw,M4_mixed,-0.40768425711071044,-0.6471537726922132
89,K1,DR-SCC,raw,M5_SVR,-0.07825156738719707,-0.31772108296869983
89,K1,DR-SCC,raw,M6_SVR+time,-0.08796333475988427,-0.327432850341387
89,K1,DR-SCC,baseline,M2_ENR,-0.06864360428512084,-0.3081131198666236
89,K1,DR-SCC,baseline,M3_ENR+time,-0.04767477644470208,-0.28714429202620484
89,K1,DR-SCC,baseline,M4_mixed,-0.29485174909710876,-0.5343212646786115
89,K1,DR-SCC,baseline,M5_SVR,-0.04929345648006289,-0.28876297206156565
89,K1,DR-SCC,baseline,M6_SVR+time,-0.07924939179282275,-0.3187189073743255
89,K1,FOOOF,raw,M2_ENR,-0.03193962796749439,-0.27140914354899714
89,K1,FOOOF,raw,M3_ENR+time,-0.030805929027580392,-0.27027544460908315
89,K1,FOOOF,raw,M4_mixed,-0.37829492184568436,-0.6177644374271871
89,K1,FOOOF,raw,M5_SVR,-0.012947239211163808,-0.25241675479266656
89,K1,FOOOF,raw,M6_SVR+time,-0.06221602974573992,-0.3016855453272427
89,K1,FOOOF,baseline,M2_ENR,0.130537543019573,-0.10893197256192977
89,K1,FOOOF,baseline,M3_ENR+time,0.11907049872948983,-0.12039901685201293
89,K1,FOOOF,baseline,M4_mixed,0.025198856338640496,-0.21427065924286226
89,K1,FOOOF,baseline,M5_SVR,0.006212961496494418,-0.23325655408500834
89,K1,FOOOF,baseline,M6_SVR+time,0.08928257172780729,-0.15018694385369546
89,K3,DR-SCC,raw,M2_ENR,-0.02072966809530241,-0.26019918367680517
89,K3,DR-SCC,raw,M3_ENR+time,-0.009744195270455114,-0.24921371085195787
89,K3,DR-SCC,raw,M4_mixed,-1.191286622431694,-1.4307561380131968
89,K3,DR-SCC,raw,M5_SVR,-0.06879832800688979,-0.30826784358839254
89,K3,DR-SCC,raw,M6_SVR+time,-0.08940995805626417,-0.32887947363776693
89,K3,DR-SCC,baseline,M2_ENR,-0.20374520156460063,-0.4432147171461034
89,K3,DR-SCC,baseline,M3_ENR+time,-0.2042228361208973,-0.44369235170240007
89,K3,DR-SCC,baseline,M4_mixed,-0.8816673905707317,-1.1211369061522345
89,K3,DR-SCC,baseline,M5_SVR,-0.11921270657971172,-0.3586822221612145
89,K3,DR-SCC,baseline,M6_SVR+time,-0.084167971116343,-0.32363748669784576
89,K3,FOOOF,raw,M2_ENR,-0.051011594804195814,-0.29048111038569857
89,K3,FOOOF,raw,M3_ENR+time,-0.01716656795869076,-0.2566360835401935
89,K3,FOOOF,raw,M4_mixed,-0.5302296330441894,-0.7696991486256921
89,K3,FOOOF,raw,M5_SVR,-0.1535421033754658,-0.39301161895696857
89,K3,FOOOF,raw,M6_SVR+time,-0.01873673813197252,-0.2582062537134753
89,K3,FOOOF,baseline,M2_ENR,-0.07154620668417944,-0.3110157222656822
89,K3,FOOOF,baseline,M3_ENR+time,-0.0420695320816018,-0.28153904766310456
89,K3,FOOOF,baseline,M4_mixed,-0.6170467853797723,-0.8565163009612751
89,K3,FOOOF,baseline,M5_SVR,-0.02354159286663826,-0.263011108448141
89,K3,FOOOF,baseline,M6_SVR+time,0.011663321793487835,-0.22780619378801492
89,K4,DR-SCC,raw,M2_ENR,-0.024260162246516837,-0.2637296778280196
89,K4,DR-SCC,raw,M3_ENR+time,-0.03677015988628041,-0.27623967546778316
89,K4,DR-SCC,raw,M4_mixed,-0.1278039745331374,-0.36727349011464017
89,K4,DR-SCC,raw,M5_SVR,0.011237172855696365,-0.2282323427258064
89,K4,DR-SCC,raw,M6_SVR+time,-0.025952817732634914,-0.26542233331413767
89,K4,DR-SCC,baseline,M2_ENR,0.0014369634594416647,-0.2380325521220611
89,K4,DR-SCC,baseline,M3_ENR+time,0.0037956105752954272,-0.23567390500620733
89,K4,DR-SCC,baseline,M4_mixed,-0.2734506435530273,-0.51292015913453
89,K4,DR-SCC,baseline,M5_SVR,0.031607607458204234,-0.20786190812329852
89,K4,DR-SCC,baseline,M6_SVR+time,-0.007823362841039572,-0.24729287842254233
89,K4,FOOOF,raw,M2_ENR,-0.037574388214391075,-0.27704390379589383
89,K4,FOOOF,raw,M3_ENR+time,-0.018537345284856954,-0.2580068608663597
89,K4,FOOOF,raw,M4_mixed,-0.19163973716792504,-0.4311092527494278
89,K4,FOOOF,raw,M5_SVR,-0.02193253361437053,-0.2614020491958733
89,K4,FOOOF,raw,M6_SVR+time,-0.03219805942097387,-0.2716675750024766
89,K4,FOOOF,baseline,M2_ENR,-0.12374365317847813,-0.3632131687599809
89,K4,FOOOF,baseline,M3_ENR+time,-0.08106903690929967,-0.32053855249080243
89,K4,FOOOF,baseline,M4_mixed,-4.0783106927407715,-4.317780208322274
89,K4,FOOOF,baseline,M5_SVR,-0.06622129924041587,-0.3056908148219186
89,K4,FOOOF,baseline,M6_SVR+time,0.03677373684383578,-0.20269577873766698
90,K1,DR-SCC,raw,M2_ENR,-0.06571170480918198,-0.2790969269054083
90,K1,DR-SCC,raw,M3_ENR+time,-0.0620335269734924,-0.27541874906971875
90,K1,DR-SCC,raw,M4_mixed,-0.17933980227548285,-0.3927250243717092
90,K1,DR-SCC,raw,M5_SVR,-0.08013250465122024,-0.2935177267474466
90,K1,DR-SCC,raw,M6_SVR+time,-0.03668664450297987,-0.2500718665992062
90,K1,DR-SCC,baseline,M2_ENR,-0.07155624755935963,-0.284941469655586
90,K1,DR-SCC,baseline,M3_ENR+time,-0.07282732093920674,-0.2862125430354331
90,K1,DR-SCC,baseline,M4_mixed,-0.47219996190877755,-0.6855851840050039
90,K1,DR-SCC,baseline,M5_SVR,-0.07039898934599065,-0.283784211442217
90,K1,DR-SCC,baseline,M6_SVR+time,0.06816266603394894,-0.1452225560622774
90,K1,FOOOF,raw,M2_ENR,-0.044263367124923514,-0.25764858922114986
90,K1,FOOOF,raw,M3_ENR+time,-0.2136111909864702,-0.42699641308269654
90,K1,FOOOF,raw,M4_mixed,-0.024405055805599485,-0.23779027790182583
90,K1,FOOOF,raw,M5_SVR,-0.15914889621923933,-0.3725341183154657
90,K1,FOOOF,raw,M6_SVR+time,-0.09624246852831209,-0.30962769062453843
90,K1,FOOOF,baseline,M2_ENR,-0.029880160990527482,-0.24326538308675383
90,K1,FOOOF,baseline,M3_ENR+time,-0.03897548048711652,-0.25236070258334287
90,K1,FOOOF,baseline,M4_mixed,-2.146867430762963,-2.3602526528591894
90,K1,FOOOF,baseline,M5_SVR,-0.17616721844427508,-0.3895524405405014
90,K1,FOOOF,baseline,M6_SVR+time,-0.1829220154332174,-0.39630723752944375
90,K3,DR-SCC,raw,M2_ENR,-0.08310711796751225,-0.2964923400637386
90,K3,DR-SCC,raw,M3_ENR+time,-0.08842632275412576,-0.3018115448503521
90,K3,DR-SCC,raw,M4_mixed,-0.23123464504164137,-0.4446198671378677
90,K3,DR-SCC,raw,M5_SVR,-0.021927309424670804,-0.23531253152089715
90,K3,DR-SCC,raw,M6_SVR+time,0.05705223248817681,-0.15633298960804953
90,K3,DR-SCC,baseline,M2_ENR,0.04443148621168569,-0.16895373588454066
90,K3,DR-SCC,baseline,M3_ENR+time,-0.012122983303614498,-0.22550820539984084
90,K3,DR-SCC,baseline,M4_mixed,-1.2264399175214868,-1.4398251396177133
90,K3,DR-SCC,baseline,M5_SVR,-0.25015503881637424,-0.4635402609126006
90,K3,DR-SCC,baseline,M6_SVR+time,-0.10138707536651426,-0.3147722974627406
90,K3,FOOOF,raw,M2_ENR,-0.054517566315014365,-0.2679027884112407
90,K3,FOOOF,raw,M3_ENR+time,-0.04905207292711955,-0.2624372950233459
90,K3,FOOOF,raw,M4_mixed,-0.7830515351294212,-0.9964367572256475
90,K3,FOOOF,raw,M5_SVR,-0.24701342510233482,-0.46039864719856116
90,K3,FOOOF,raw,M6_SVR+time,0.003836126535323725,-0.20954909556090262
90,K3,FOOOF,baseline,M2_ENR,-0.13486899939201358,-0.3482542214882399
90,K3,FOOOF,baseline,M3_ENR+time,-0.11867226418688293,-0.33205748628310927
90,K3,FOOOF,baseline,M4_mixed,-0.3073040918901533,-0.5206893139863796
90,K3,FOOOF,baseline,M5_SVR,-0.006754579409832484,-0.22013980150605883
90,K3,FOOOF,baseline,M6_SVR+time,-0.16889086344086035,-0.3822760855370867
90,K4,DR-SCC,raw,M2_ENR,-0.006711016580020157,-0.2200962386762465
90,K4,DR-SCC,raw,M3_ENR+time,0.036870865111247375,-0.17651435698497897
90,K4,DR-SCC,raw,M4_mixed,-0.2104000226795335,-0.42378524477575985
90,K4,DR-SCC,raw,M5_SVR,-0.10559025725498694,-0.3189754793512133
90,K4,DR-SCC,raw,M6_SVR+time,-0.08464060673949714,-0.2980258288357235
90,K4,DR-SCC,baseline,M2_ENR,-0.09538151508923298,-0.30876673718545933
90,K4,DR-SCC,baseline,M3_ENR+time,-0.02545188154060174,-0.23883710363682809
90,K4,DR-SCC,baseline,M4_mixed,-1.16073526231881,-1.3741204844150365
90,K4,DR-SCC,baseline,M5_SVR,-0.0009326948558852077,-0.21431791695211155
90,K4,DR-SCC,baseline,M6_SVR+time,0.03521661393524711,-0.17816860816097924
90,K4,FOOOF,raw,M2_ENR,0.022348824178034632,-0.1910363979181917
90,K4,FOOOF,raw,M3_ENR+time,0.0020238811107000654,-0.21136134098552628
90,K4,FOOOF,raw,M4_mixed,-0.7457177373026289,-0.9591029593988553
90,K4,FOOOF,raw,M5_SVR,-0.04690299633403061,-0.26028821843025696
90,K4,FOOOF,raw,M6_SVR+time,0.0442367541251496,-0.16914846797107674
90,K4,FOOOF,baseline,M2_ENR,-0.0598661420852058,-0.27325136418143214
90,K4,FOOOF,baseline,M3_ENR+time,-0.1139192079783149,-0.32730443007454124
90,K4,FOOOF,baseline,M4_mixed,-5.869839216537831,-6.0832244386340575
90,K4,FOOOF,baseline,M5_SVR,-0.2045378570466705,-0.41792307914289684
90,K4,FOOOF,baseline,M6_SVR+time,0.029159089147789197,-0.18422613294843715
91,K1,DR-SCC,raw,M2_ENR,-0.10448250845587959,-0.3460776252459522
91,K1,DR-SCC,raw,M3_ENR+time,-0.04881569877538294,-0.29041081556545556
91,K1,DR-SCC,raw,M4_mixed,-0.32651827366220054,-0.5681133904522732
91,K1,DR-SCC,raw,M5_SVR,-0.1708265361666832,-0.4124216529567558
91,K1,DR-SCC,raw,M6_SVR+time,0.015458113059560907,-0.2261370037305117
91,K1,DR-SCC,baseline,M2_ENR,-0.028459735966120947,-0.27005485275619356
91,K1,DR-SCC,baseline,M3_ENR+time,-0.005444290770060034,-0.24703940756013265
91,K1,DR-SCC,baseline,M4_mixed,-0.5465189553229499,-0.7881140721130225
91,K1,DR-SCC,baseline,M5_SVR,-0.24358733709879266,-0.4851824538888653
91,K1,DR-SCC,baseline,M6_SVR+time,-0.18241190902088023,-0.42400702581095284
91,K1,FOOOF,raw,M2_ENR,0.007638581319013182,-0.23395653547105943
91,K1,FOOOF,raw,M3_ENR+time,0.016327901859171656,-0.22526721493090096
91,K1,FOOOF,raw,M4_mixed,-0.19122502291170562,-0.43282013970177824
91,K1,FOOOF,raw,M5_SVR,0.024278032099790958,-0.21731708469028166
91,K1,FOOOF,raw,M6_SVR+time,0.1271886049120532,-0.11440651187801942
91,K1,FOOOF,baseline,M2_ENR,-0.0018228531508086565,-0.24341796994088127
91,K1,FOOOF,baseline,M3_ENR+time,-0.032074211751488724,-0.27366932854156134
91,K1,FOOOF,baseline,M4_mixed,-1.1031725894552,-1.3447677062452725
91,K1,FOOOF,baseline,M5_SVR,-0.23377518998592706,-0.4753703067759997
91,K1,FOOOF,baseline,M6_SVR+time,0.0029925293992167923,-0.23860258739085582
91,K3,DR-SCC,raw,M2_ENR,-0.04189056957350612,-0.28348568636357874
91,K3,DR-SCC,raw,M3_ENR+time,-0.009257762597659758,-0.2508528793877324
91,K3,DR-SCC,raw,M4_mixed,-0.2185495450823891,-0.4601446618724617
91,K3,DR-SCC,raw,M5_SVR,-0.20167038560016626,-0.4432655023902389
91,K3,DR-SCC,raw,M6_SVR+time,0.020460568019629477,-0.22113454877044314
91,K3,DR-SCC,baseline,M2_ENR,-0.038553369097203305,-0.2801484858872759
91,K3,DR-SCC,baseline,M3_ENR+time,0.005602616605055344,-0.23599250018501727
91,K3,DR-SCC,baseline,M4_mixed,-0.08799771700341052,-0.32959283379348314
91,K3,DR-SCC,baseline,M5_SVR,-0.22847601641162263,-0.47007113320169525
91,K3,DR-SCC,baseline,M6_SVR+time,-0.09354384941451022,-0.33513896620458283
91,K3,FOOOF,raw,M2_ENR,0.007145440216534071,-0.23444967657353855
91,K3,FOOOF,raw,M3_ENR+time,0.07298677438142209,-0.16860834240865052
91,K3,FOOOF,raw,M4_mixed,-0.204040595842073,-0.44563571263214563
91,K3,FOOOF,raw,M5_SVR,-0.16816744190140653,-0.40976255869147915
91,K3,FOOOF,raw,M6_SVR+time,0.1663695677323921,-0.07522554905768053
91,K3,FOOOF,baseline,M2_ENR,-0.1949149717151335,-0.4365100885052061
91,K3,FOOOF,baseline,M3_ENR+time,0.04783285249662106,-0.19376226429345156
91,K3,FOOOF,baseline,M4_mixed,-0.4348246872005077,-0.6764198039905803
91,K3,FOOOF,baseline,M5_SVR,-0.01906963472652512,-0.26066475151659774
91,K3,FOOOF,baseline,M6_SVR+time,-0.03234859854987082,-0.27394371533994344
91,K4,DR-SCC,raw,M2_ENR,-0.05805812504075769,-0.2996532418308303
91,K4,DR-SCC,raw,M3_ENR+time,0.004046326689359336,-0.23754879010071328
91,K4,DR-SCC,raw,M4_mixed,-0.09652141003779402,-0.33811652682786664
91,K4,DR-SCC,raw,M5_SVR,-0.07929689204024593,-0.32089200883031854
91,K4,DR-SCC,raw,M6_SVR+time,-0.029551246845701318,-0.27114636363577393
91,K4,DR-SCC,baseline,M2_ENR,-0.05679718128789735,-0.29839229807796996
91,K4,DR-SCC,baseline,M3_ENR+time,0.007443697712378627,-0.234151419077694
91,K4,DR-SCC,baseline,M4_mixed,-0.5637232347078296,-0.8053183514979022
91,K4,DR-SCC,baseline,M5_SVR,-0.15364708333888633,-0.39524220012895894
91,K4,DR-SCC,baseline,M6_SVR+time,-0.0685035031120158,-0.3100986199020884
91,K4,FOOOF,raw,M2_ENR,-0.046675517834254165,-0.2882706346243268
91,K4,FOOOF,raw,M3_ENR+time,-0.04985038713973666,-0.2914455039298093
91,K4,FOOOF,raw,M4_mixed,-0.30693874830290735,-0.54853386509298
91,K4,FOOOF,raw,M5_SVR,-0.12065946685871753,-0.36225458364879015
91,K4,FOOOF,raw,M6_SVR+time,-0.0641690693803989,-0.3057641861704715
91,K4,FOOOF,baseline,M2_ENR,0.11852673134319158,-0.12306838544688103
91,K4,FOOOF,baseline,M3_ENR+time,0.02784964546431201,-0.2137454713257606
91,K4,FOOOF,baseline,M4_mixed,-0.13835666754579923,-0.37995178433587184
91,K4,FOOOF,baseline,M5_SVR,-0.04916688614550413,-0.29076200293557675
91,K4,FOOOF,baseline,M6_SVR+time,0.021721178626699977,-0.21987393816337264
92,K1,DR-SCC,raw,M2_ENR,-0.04389273475411781,-0.2751693140556517
92,K1,DR-SCC,raw,M3_ENR+time,0.007359716251905124,-0.22391686304962877
92,K1,DR-SCC,raw,M4_mixed,-0.4191684211491231,-0.650445000450657
92,K1,DR-SCC,raw,M5_SVR,-0.1288644613314993,-0.3601410406330332
92,K1,DR-SCC,raw,M6_SVR+time,-0.1261789481306559,-0.3574555274321898
92,K1,DR-SCC,baseline,M2_ENR,-0.04136097870350275,-0.27263755800503664
92,K1,DR-SCC,baseline,M3_ENR+time,-0.19160132519262318,-0.4228779044941571
92,K1,DR-SCC,baseline,M4_mixed,-0.2991454917688263,-0.5304220710703602
92,K1,DR-SCC,baseline,M5_SVR,-0.1645541277007443,-0.3958307070022782
92,K1,DR-SCC,baseline,M6_SVR+time,-0.2276870635607524,-0.4589636428622863
92,K1,FOOOF,raw,M2_ENR,0.06970484477933159,-0.1615717345222023
92,K1,FOOOF,raw,M3_ENR+time,0.015021467829474,-0.2162551114720599
92,K1,FOOOF,raw,M4_mixed,-0.3369899162280976,-0.5682664955296315
92,K1,FOOOF,raw,M5_SVR,-0.02058995709388234,-0.25186653639541623
92,K1,FOOOF,raw,M6_SVR+time,-0.06247340222746356,-0.29374998152899745
92,K1,FOOOF,baseline,M2_ENR,-0.2511050627197111,-0.482381642021245
92,K1,FOOOF,baseline,M3_ENR+time,-0.2149686433822633,-0.4462452226837972
92,K1,FOOOF,baseline,M4_mixed,-0.8475701982166892,-1.078846777518223
92,K1,FOOOF,baseline,M5_SVR,-0.17969534872124582,-0.4109719280227797
92,K1,FOOOF,baseline,M6_SVR+time,-0.23456330158842964,-0.46583988088996353
92,K3,DR-SCC,raw,M2_ENR,-0.048114658121927834,-0.2793912374234617
92,K3,DR-SCC,raw,M3_ENR+time,-0.06845073038666527,-0.29972730968819916
92,K3,DR-SCC,raw,M4_mixed,-0.1837377026703586,-0.4150142819718925
92,K3,DR-SCC,raw,M5_SVR,-0.03668383244355877,-0.26796041174509266
92,K3,DR-SCC,raw,M6_SVR+time,0.05670129186949746,-0.17457528743203643
92,K3,DR-SCC,baseline,M2_ENR,-0.041380800989357924,-0.2726573802908918
92,K3,DR-SCC,baseline,M3_ENR+time,-0.012921946549627306,-0.2441985258511612
92,K3,DR-SCC,baseline,M4_mixed,-0.4997885360984482,-0.7310651153999821
92,K3,DR-SCC,baseline,M5_SVR,-0.09619150482626715,-0.32746808412780104
92,K3,DR-SCC,baseline,M6_SVR+time,0.034666213048812344,-0.19661036625272155
92,K3,FOOOF,raw,M2_ENR,-0.02703521193284364,-0.25831179123437753
92,K3,FOOOF,raw,M3_ENR+time,-0.029764323090774925,-0.2610409023923088
92,K3,FOOOF,raw,M4_mixed,-0.13945539439274612,-0.37073197369428
92,K3,FOOOF,raw,M5_SVR,-0.137953692272901,-0.3692302715744349
92,K3,FOOOF,raw,M6_SVR+time,-0.040784605179552624,-0.2720611844810865
92,K3,FOOOF,baseline,M2_ENR,-0.03296643703579494,-0.26424301633732883
92,K3,FOOOF,baseline,M3_ENR+time,-0.01849983525011245,-0.24977641455164634
92,K3,FOOOF,baseline,M4_mixed,-1.484115905479701,-1.715392484781235
92,K3,FOOOF,baseline,M5_SVR,-0.08342262813720902,-0.3146992074387429
92,K3,FOOOF,baseline,M6_SVR+time,0.042747136893471205,-0.1885294424080627
92,K4,DR-SCC,raw,M2_ENR,-0.036392969921640095,-0.267669549223174
92,K4,DR-SCC,raw,M3_ENR+time,-0.046671925861773156,-0.27794850516330705
92,K4,DR-SCC,raw,M4_mixed,-0.44283135348550196,-0.6741079327870358
92,K4,DR-SCC,raw,M5_SVR,-0.11249219989718284,-0.34376877919871673
92,K4,DR-SCC,raw,M6_SVR+time,-0.16561296940404824,-0.39688954870558213
92,K4,DR-SCC,baseline,M2_ENR,-0.055737775460166006,-0.2870143547616999
92,K4,DR-SCC,baseline,M3_ENR+time,-0.053965450978663565,-0.28524203028019746
92,K4,DR-SCC,baseline,M4_mixed,-1.1419168061326967,-1.3731933854342306
92,K4,DR-SCC,baseline,M5_SVR,-0.059816128053364004,-0.2910927073548979
92,K4,DR-SCC,baseline,M6_SVR+time,-0.0756304124882119,-0.3069069917897458
92,K4,FOOOF,raw,M2_ENR,-0.014788575468476228,-0.24606515477001012
92,K4,FOOOF,raw,M3_ENR+time,-0.014816372015727719,-0.2460929513172616
92,K4,FOOOF,raw,M4_mixed,-0.541173209402205,-0.7724497887037389
92,K4,FOOOF,raw,M5_SVR,-0.11740392916232434,-0.34868050846385823
92,K4,FOOOF,raw,M6_SVR+time,-0.10708856470558614,-0.33836514400712003
92,K4,FOOOF,baseline,M2_ENR,-0.0028347816227656253,-0.23411136092429952
92,K4,FOOOF,baseline,M3_ENR+time,-0.01618072595433473,-0.24745730525586862
92,K4,FOOOF,baseline,M4_mixed,-2.348615894030836,-2.57989247333237
92,K4,FOOOF,baseline,M5_SVR,-0.11105931732257934,-0.34233589662411323
92,K4,FOOOF,baseline,M6_SVR+time,-0.12255549427271939,-0.3538320735742533
93,K1,DR-SCC,raw,M2_ENR,-0.049139408140037366,-0.3010608937268888
93,K1,DR-SCC,raw,M3_ENR+time,-0.04075790303241811,-0.29267938861926956
93,K1,DR-SCC,raw,M4_mixed,-0.399275119637577,-0.6511966052244285
93,K1,DR-SCC,raw,M5_SVR,-0.20358561749988247,-0.4555071030867339
93,K1,DR-SCC,raw,M6_SVR+time,-0.13751167561838007,-0.3894331612052315
93,K1,DR-SCC,baseline,M2_ENR,-0.02492006484494058,-0.27684155043179204
93,K1,DR-SCC,baseline,M3_ENR+time,-0.022652809515594674,-0.27457429510244613
93,K1,DR-SCC,baseline,M4_mixed,-0.37556426896494144,-0.6274857545517929
93,K1,DR-SCC,baseline,M5_SVR,-0.19048293464263133,-0.4424044202294828
93,K1,DR-SCC,baseline,M6_SVR+time,-0.08478572504117254,-0.336707210628024
93,K1,FOOOF,raw,M2_ENR,-0.05349261421572504,-0.3054140998025765
93,K1,FOOOF,raw,M3_ENR+time,-0.060063764786368656,-0.3119852503732201
93,K1,FOOOF,raw,M4_mixed,-0.3942389494885099,-0.6461604350753614
93,K1,FOOOF,raw,M5_SVR,0.04188510502337772,-0.21003638056347373
93,K1,FOOOF,raw,M6_SVR+time,-0.057302775285621665,-0.3092242608724731
93,K1,FOOOF,baseline,M2_ENR,-0.25693671425871756,-0.508858199845569
93,K1,FOOOF,baseline,M3_ENR+time,-0.15391240276759044,-0.4058338883544419
93,K1,FOOOF,baseline,M4_mixed,-1.3103962394271886,-1.56231772501404
93,K1,FOOOF,baseline,M5_SVR,-0.11390233358474378,-0.36582381917159523
93,K1,FOOOF,baseline,M6_SVR+time,-0.18073016947427623,-0.4326516550611277
93,K3,DR-SCC,raw,M2_ENR,-0.03962191247405378,-0.29154339806090523
93,K3,DR-SCC,raw,M3_ENR+time,-0.05710235192808133,-0.3090238375149328
93,K3,DR-SCC,raw,M4_mixed,-0.27709819980090056,-0.529019685387752
93,K3,DR-SCC,raw,M5_SVR,-0.016730292104835565,-0.268651777691687
93,K3,DR-SCC,raw,M6_SVR+time,0.05638823222392264,-0.19553325336292882
93,K3,DR-SCC,baseline,M2_ENR,-0.040802218069771135,-0.2927237036566226
93,K3,DR-SCC,baseline,M3_ENR+time,-0.09695262161487084,-0.3488741072017223
93,K3,DR-SCC,baseline,M4_mixed,-0.3791937565023562,-0.6311152420892077
93,K3,DR-SCC,baseline,M5_SVR,-0.10984439139581359,-0.36176587698266505
93,K3,DR-SCC,baseline,M6_SVR+time,-0.11266162512324862,-0.3645831107101001
93,K3,FOOOF,raw,M2_ENR,-0.026463032239345985,-0.27838451782619744
93,K3,FOOOF,raw,M3_ENR+time,-0.02373520430633258,-0.27565668989318404
93,K3,FOOOF,raw,M4_mixed,-0.10808330047302905,-0.3600047860598805
93,K3,FOOOF,raw,M5_SVR,-0.05419415647938508,-0.30611564206623654
93,K3,FOOOF,raw,M6_SVR+time,-0.06403767259569504,-0.3159591581825465
93,K3,FOOOF,baseline,M2_ENR,-0.14792317592320225,-0.3998446615100537
93,K3,FOOOF,baseline,M3_ENR+time,-0.16607894399443524,-0.4180004295812867
93,K3,FOOOF,baseline,M4_mixed,-0.922866692640476,-1.1747881782273275
93,K3,FOOOF,baseline,M5_SVR,-0.09208896844186665,-0.3440104540287181
93,K3,FOOOF,baseline,M6_SVR+time,-0.14524188717688347,-0.3971633727637349
93,K4,DR-SCC,raw,M2_ENR,-0.033999399668013464,-0.2859208852548649
93,K4,DR-SCC,raw,M3_ENR+time,-0.02619553205291303,-0.2781170176397645
93,K4,DR-SCC,raw,M4_mixed,-0.22599286129897678,-0.47791434688582823
93,K4,DR-SCC,raw,M5_SVR,-0.050997878765806526,-0.302919364352658
93,K4,DR-SCC,raw,M6_SVR+time,-0.07140407830633455,-0.323325563893186
93,K4,DR-SCC,baseline,M2_ENR,-0.0635280660249351,-0.31544955161178656
93,K4,DR-SCC,baseline,M3_ENR+time,-0.08736743689552884,-0.3392889224823803
93,K4,DR-SCC,baseline,M4_mixed,-1.007527614707413,-1.2594491002942645
93,K4,DR-SCC,baseline,M5_SVR,-0.027566137900649768,-0.2794876234875012
93,K4,DR-SCC,baseline,M6_SVR+time,-0.03342310892119471,-0.28534459450804617
93,K4,FOOOF,raw,M2_ENR,-0.05110772202157143,-0.3030292076084229
93,K4,FOOOF,raw,M3_ENR+time,0.003166670262644833,-0.24875481532420662
93,K4,FOOOF,raw,M4_mixed,-0.747108392585808,-0.9990298781726594
93,K4,FOOOF,raw,M5_SVR,-0.07606348387186723,-0.3279849694587187
93,K4,FOOOF,raw,M6_SVR+time,-0.009741303594585471,-0.26166278918143693
93,K4,FOOOF,baseline,M2_ENR,-0.08162538943406106,-0.3335468750209125
93,K4,FOOOF,baseline,M3_ENR+time,-0.027777305566277333,-0.2796987911531288
93,K4,FOOOF,baseline,M4_mixed,-1.962649992281567,-2.2145714778684185
93,K4,FOOOF,baseline,M5_SVR,-0.13450494148178782,-0.3864264270686393
93,K4,FOOOF,baseline,M6_SVR+time,-0.11752728235973886,-0.3694487679465903
94,K1,DR-SCC,raw,M2_ENR,-0.0824840316453237,-0.2968008095608571
94,K1,DR-SCC,raw,M3_ENR+time,-0.027929732102624394,-0.24224651001815778
94,K1,DR-SCC,raw,M4_mixed,-0.18108089300058694,-0.3953976709161203
94,K1,DR-SCC,raw,M5_SVR,-0.07604996987462243,-0.2903667477901558
94,K1,DR-SCC,raw,M6_SVR+time,-0.08862316855100638,-0.30293994646653977
94,K1,DR-SCC,baseline,M2_ENR,-0.11689592690965345,-0.33121270482518683
94,K1,DR-SCC,baseline,M3_ENR+time,-0.0407861471394122,-0.2551029250549456
94,K1,DR-SCC,baseline,M4_mixed,-0.3953438857013687,-0.6096606636169021
94,K1,DR-SCC,baseline,M5_SVR,-0.10037641550410603,-0.3146931934196394
94,K1,DR-SCC,baseline,M6_SVR+time,-0.12191977733699444,-0.3362365552525278
94,K1,FOOOF,raw,M2_ENR,-0.015019703763624381,-0.22933648167915777
94,K1,FOOOF,raw,M3_ENR+time,-0.027804816344215944,-0.24212159425974933
94,K1,FOOOF,raw,M4_mixed,-0.2009827552777601,-0.4152995331932935
94,K1,FOOOF,raw,M5_SVR,-0.11090759957519625,-0.32522437749072963
94,K1,FOOOF,raw,M6_SVR+time,0.09029618665501138,-0.124020591260522
94,K1,FOOOF,baseline,M2_ENR,0.05432227409760504,-0.15999450381792835
94,K1,FOOOF,baseline,M3_ENR+time,0.00027670331276208326,-0.2140400746027713
94,K1,FOOOF,baseline,M4_mixed,-0.6460219550278778,-0.8603387329434112
94,K1,FOOOF,baseline,M5_SVR,0.07321545346666125,-0.14110132444887213
94,K1,FOOOF,baseline,M6_SVR+time,0.06612252309421751,-0.14819425482131587
94,K3,DR-SCC,raw,M2_ENR,0.011620989132505977,-0.2026957887830274
94,K3,DR-SCC,raw,M3_ENR+time,0.016533709071056002,-0.19778306884447738
94,K3,DR-SCC,raw,M4_mixed,-0.25381283656077636,-0.46812961447630974
94,K3,DR-SCC,raw,M5_SVR,0.007694299015854944,-0.20662247889967844
94,K3,DR-SCC,raw,M6_SVR+time,0.027746599972653718,-0.18657017794287967
94,K3,DR-SCC,baseline,M2_ENR,-0.10452106384633386,-0.31883784176186725
94,K3,DR-SCC,baseline,M3_ENR+time,-0.05329584179942293,-0.2676126197149563
94,K3,DR-SCC,baseline,M4_mixed,-0.17253493890821714,-0.3868517168237505
94,K3,DR-SCC,baseline,M5_SVR,-0.18304314385222953,-0.3973599217677629
94,K3,DR-SCC,baseline,M6_SVR+time,-0.04770378421956645,-0.26202056213509983
94,K3,FOOOF,raw,M2_ENR,-0.04695302386722888,-0.26126980178276227
94,K3,FOOOF,raw,M3_ENR+time,-0.02567702621224166,-0.23999380412777505
94,K3,FOOOF,raw,M4_mixed,0.01806842551001997,-0.19624835240551342
94,K3,FOOOF,raw,M5_SVR,0.171268967938644,-0.043047809976889395
94,K3,FOOOF,raw,M6_SVR+time,0.07167920880904077,-0.1426375691064926
94,K3,FOOOF,baseline,M2_ENR,-0.003128467425041581,-0.21744524534057497
94,K3,FOOOF,baseline,M3_ENR+time,0.016927076811500852,-0.19738970110403253
94,K3,FOOOF,baseline,M4_mixed,-0.26597761146586185,-0.48029438938139524
94,K3,FOOOF,baseline,M5_SVR,0.04921063898128797,-0.16510613893424542
94,K3,FOOOF,baseline,M6_SVR+time,0.01824908092292521,-0.19606769699260818
94,K4,DR-SCC,raw,M2_ENR,0.001000134412001863,-0.21331664350353152
94,K4,DR-SCC,raw,M3_ENR+time,-0.025436389746695598,-0.23975316766222898
94,K4,DR-SCC,raw,M4_mixed,-0.09790813562695111,-0.3122249135424845
94,K4,DR-SCC,raw,M5_SVR,-0.16765653363886757,-0.38197331155440095
94,K4,DR-SCC,raw,M6_SVR+time,-0.10828551542222065,-0.32260229333775403
94,K4,DR-SCC,baseline,M2_ENR,0.01465107324368542,-0.19966570467184797
94,K4,DR-SCC,baseline,M3_ENR+time,-0.012054117411975485,-0.22637089532750887
94,K4,DR-SCC,baseline,M4_mixed,-0.6895038216623011,-0.9038205995778344
94,K4,DR-SCC,baseline,M5_SVR,-0.17513509589385357,-0.38945187380938695
94,K4,DR-SCC,baseline,M6_SVR+time,-0.11189170663599901,-0.3262084845515324
94,K4,FOOOF,raw,M2_ENR,-0.058831005643342316,-0.2731477835588757
94,K4,FOOOF,raw,M3_ENR+time,-0.0579794326718317,-0.2722962105873651
94,K4,FOOOF,raw,M4_mixed,-0.012016754138989949,-0.22633353205452333
94,K4,FOOOF,raw,M5_SVR,0.127745636412104,-0.08657114150342937
94,K4,FOOOF,raw,M6_SVR+time,0.040307827406323105,-0.17400895050921028
94,K4,FOOOF,baseline,M2_ENR,0.14618081670806393,-0.06813596120746945
94,K4,FOOOF,baseline,M3_ENR+time,0.1330980626575149,-0.08121871525801849
94,K4,FOOOF,baseline,M4_mixed,-2.2942038339428814,-2.508520611858415
94,K4,FOOOF,baseline,M5_SVR,0.06298290399199558,-0.1513338739235378
94,K4,FOOOF,baseline,M6_SVR+time,0.033116688128481675,-0.1812000897870517
95,K1,DR-SCC,raw,M2_ENR,-0.0389019472976202,-0.23782168445795293
95,K1,DR-SCC,raw,M3_ENR+time,-0.03479729855017655,-0.23371703571050928
95,K1,DR-SCC,raw,M4_mixed,-0.16616382350979464,-0.36508356067012737
95,K1,DR-SCC,raw,M5_SVR,-0.16273718732307096,-0.3616569244834037
95,K1,DR-SCC,raw,M6_SVR+time,-0.04271002499897025,-0.24162976215930299
95,K1,DR-SCC,baseline,M2_ENR,0.022847252466580037,-0.1760724846937527
95,K1,DR-SCC,baseline,M3_ENR+time,0.04301282295465503,-0.1559069142056777
95,K1,DR-SCC,baseline,M4_mixed,-0.10145581754245558,-0.3003755547027883
95,K1,DR-SCC,baseline,M5_SVR,-0.14193735777019212,-0.34085709493052485
95,K1,DR-SCC,baseline,M6_SVR+time,-0.1639381753839213,-0.36285791254425404
95,K1,FOOOF,raw,M2_ENR,-0.0037208249219835565,-0.2026405620823163
95,K1,FOOOF,raw,M3_ENR+time,-0.07994347665119172,-0.27886321381152446
95,K1,FOOOF,raw,M4_mixed,-0.12463397153289835,-0.3235537086932311
95,K1,FOOOF,raw,M5_SVR,-0.04757406447469159,-0.24649380163502432
95,K1,FOOOF,raw,M6_SVR+time,-0.06509477751152715,-0.2640145146718599
95,K1,FOOOF,baseline,M2_ENR,-0.09614276033186342,-0.29506249749219615
95,K1,FOOOF,baseline,M3_ENR+time,-0.11957406830456518,-0.3184938054648979
95,K1,FOOOF,baseline,M4_mixed,-0.33128973778313786,-0.5302094749434706
95,K1,FOOOF,baseline,M5_SVR,0.012786634092665783,-0.18613310306766695
95,K1,FOOOF,baseline,M6_SVR+time,-0.05996092029127431,-0.25888065745160704
95,K3,DR-SCC,raw,M2_ENR,-0.12433426104963363,-0.32325399820996636
95,K3,DR-SCC,raw,M3_ENR+time,-0.0669157591182743,-0.26583549627860703
95,K3,DR-SCC,raw,M4_mixed,-1.1668772632943751,-1.365797000454708
95,K3,DR-SCC,raw,M5_SVR,-0.06466714355198144,-0.2635868807123142
95,K3,DR-SCC,raw,M6_SVR+time,-0.2112490083801184,-0.41016874554045113
95,K3,DR-SCC,baseline,M2_ENR,-0.12340339188199034,-0.3223231290423231
95,K3,DR-SCC,baseline,M3_ENR+time,-0.12352069361596274,-0.3224404307762955
95,K3,DR-SCC,baseline,M4_mixed,-0.2504540442296548,-0.4493737813899875
95,K3,DR-SCC,baseline,M5_SVR,-0.15731835787873627,-0.356238095039069
95,K3,DR-SCC,baseline,M6_SVR+time,-0.08612044125589224,-0.285040178416225
95,K3,FOOOF,raw,M2_ENR,-0.08783102402889154,-0.28675076118922427
95,K3,FOOOF,raw,M3_ENR+time,-0.042353488096891434,-0.24127322525722417
95,K3,FOOOF,raw,M4_mixed,-0.6981836769581644,-0.8971034141184971
95,K3,FOOOF,raw,M5_SVR,-0.15629687487352473,-0.35521661203385746
95,K3,FOOOF,raw,M6_SVR+time,-0.05528358044533954,-0.2542033176056723
95,K3,FOOOF,baseline,M2_ENR,-0.0914205991963315,-0.29034033635666423
95,K3,FOOOF,baseline,M3_ENR+time,-0.06066688342132842,-0.25958662058166115
95,K3,FOOOF,baseline,M4_mixed,-1.7769121839425095,-1.9758319211028423
95,K3,FOOOF,baseline,M5_SVR,-0.06802542913224796,-0.2669451662925807
95,K3,FOOOF,baseline,M6_SVR+time,0.012710266363231137,-0.1862094707971016
95,K4,DR-SCC,raw,M2_ENR,-0.14402788929674304,-0.34294762645707577
95,K4,DR-SCC,raw,M3_ENR+time,-0.10927567589230236,-0.3081954130526351
95,K4,DR-SCC,raw,M4_mixed,-0.22502376913153532,-0.42394350629186806
95,K4,DR-SCC,raw,M5_SVR,-0.025733011271652284,-0.22465274843198502
95,K4,DR-SCC,raw,M6_SVR+time,-0.01914479802468927,-0.218064535185022
95,K4,DR-SCC,baseline,M2_ENR,-0.05169972579054383,-0.25061946295087656
95,K4,DR-SCC,baseline,M3_ENR+time,-0.04529150752815703,-0.24421124468848976
95,K4,DR-SCC,baseline,M4_mixed,-0.5131615766277042,-0.712081313788037
95,K4,DR-SCC,baseline,M5_SVR,-0.060061607819391405,-0.25898134497972414
95,K4,DR-SCC,baseline,M6_SVR+time,-0.04927255430040978,-0.2481922914607425
95,K4,FOOOF,raw,M2_ENR,0.05881645073897279,-0.14010328642135994
95,K4,FOOOF,raw,M3_ENR+time,-0.07640858692085661,-0.27532832408118935
95,K4,FOOOF,raw,M4_mixed,-0.02381033716791303,-0.22273007432824576
95,K4,FOOOF,raw,M5_SVR,-0.05107660759489718,-0.24999634475522992
95,K4,FOOOF,raw,M6_SVR+time,-0.03290118445474288,-0.23182092161507561
95,K4,FOOOF,baseline,M2_ENR,-0.056828585339668836,-0.25574832250000157
95,K4,FOOOF,baseline,M3_ENR+time,-0.056828585339668836,-0.25574832250000157
95,K4,FOOOF,baseline,M4_mixed,-5.6629930359489435,-5.861912773109276
95,K4,FOOOF,baseline,M5_SVR,-0.05354449229808611,-0.25246422945841884
95,K4,FOOOF,baseline,M6_SVR+time,-0.007770503922279071,-0.2066902410826118
96,K1,DR-SCC,raw,M2_ENR,-0.06496005883734668,-0.2654181061139246
96,K1,DR-SCC,raw,M3_ENR+time,-0.04094408831667451,-0.2414021355932524
96,K1,DR-SCC,raw,M4_mixed,-0.4340281845403964,-0.6344862318169743
96,K1,DR-SCC,raw,M5_SVR,-0.1972742815253461,-0.397732328801924
96,K1,DR-SCC,raw,M6_SVR+time,-0.14225190915579233,-0.34270995643237023
96,K1,DR-SCC,baseline,M2_ENR,-0.05303578582574686,-0.25349383310232476
96,K1,DR-SCC,baseline,M3_ENR+time,-0.03153833006393625,-0.23199637734051415
96,K1,DR-SCC,baseline,M4_mixed,-0.7456831953522449,-0.9461412426288228
96,K1,DR-SCC,baseline,M5_SVR,-0.05346708890049712,-0.253925136177075
96,K1,DR-SCC,baseline,M6_SVR+time,-0.015558768657104816,-0.21601681593368272
96,K1,FOOOF,raw,M2_ENR,-0.011544313505504888,-0.2120023607820828
96,K1,FOOOF,raw,M3_ENR+time,-0.03617884315239972,-0.23663689042897762
96,K1,FOOOF,raw,M4_mixed,-0.530393992566796,-0.7308520398433739
96,K1,FOOOF,raw,M5_SVR,-0.12353043850104917,-0.32398848577762707
96,K1,FOOOF,raw,M6_SVR+time,-0.12761754106059464,-0.32807558833717254
96,K1,FOOOF,baseline,M2_ENR,-0.03731731422733686,-0.23777536150391476
96,K1,FOOOF,baseline,M3_ENR+time,-0.02918038230088671,-0.2296384295774646
96,K1,FOOOF,baseline,M4_mixed,-0.5517015031688177,-0.7521595504453956
96,K1,FOOOF,baseline,M5_SVR,0.006419755954357065,-0.19403829132222083
96,K1,FOOOF,baseline,M6_SVR+time,-0.029496072092811465,-0.22995411936938936
96,K3,DR-SCC,raw,M2_ENR,-0.028086621783825594,-0.2285446690604035
96,K3,DR-SCC,raw,M3_ENR+time,-0.028086621783825594,-0.2285446690604035
96,K3,DR-SCC,raw,M4_mixed,-0.6253720023014353,-0.8258300495780132
96,K3,DR-SCC,raw,M5_SVR,-0.24310810858336462,-0.4435661558599425
96,K3,DR-SCC,raw,M6_SVR+time,-0.20904802774712294,-0.40950607502370084
96,K3,DR-SCC,baseline,M2_ENR,-0.03976952279720747,-0.24022757007378537
96,K3,DR-SCC,baseline,M3_ENR+time,-0.034366134796419034,-0.23482418207299693
96,K3,DR-SCC,baseline,M4_mixed,-0.5086744857807186,-0.7091325330572965
96,K3,DR-SCC,baseline,M5_SVR,-0.11806858743139692,-0.3185266347079748
96,K3,DR-SCC,baseline,M6_SVR+time,-0.13372295215733088,-0.3341809994339088
96,K3,FOOOF,raw,M2_ENR,-0.06570630063978378,-0.2661643479163617
96,K3,FOOOF,raw,M3_ENR+time,-0.03549553292357088,-0.23595358020014878
96,K3,FOOOF,raw,M4_mixed,-0.9916636491041435,-1.1921216963807213
96,K3,FOOOF,raw,M5_SVR,-0.2055997242235459,-0.4060577715001238
96,K3,FOOOF,raw,M6_SVR+time,-0.21441586740996943,-0.41487391468654733
96,K3,FOOOF,baseline,M2_ENR,-0.0605129350332998,-0.2609709823098777
96,K3,FOOOF,baseline,M3_ENR+time,-0.06719799999088538,-0.2676560472674633
96,K3,FOOOF,baseline,M4_mixed,-2.4466698887606873,-2.6471279360372653
96,K3,FOOOF,baseline,M5_SVR,-0.20686179084521839,-0.4073198381217963
96,K3,FOOOF,baseline,M6_SVR+time,-0.1711952690919476,-0.3716533163685255
96,K4,DR-SCC,raw,M2_ENR,-0.03438560347835096,-0.23484365075492886
96,K4,DR-SCC,raw,M3_ENR+time,-0.05535764232984741,-0.2558156896064253
96,K4,DR-SCC,raw,M4_mixed,-0.6162417468494428,-0.8166997941260207
96,K4,DR-SCC,raw,M5_SVR,0.005436908806172425,-0.19502113847040548
96,K4,DR-SCC,raw,M6_SVR+time,0.09228619182773001,-0.10817185544884789
96,K4,DR-SCC,baseline,M2_ENR,-0.03978538253115249,-0.2402434298077304
96,K4,DR-SCC,baseline,M3_ENR+time,-0.02046896026115652,-0.22092700753773442
96,K4,DR-SCC,baseline,M4_mixed,-0.6627028722236206,-0.8631609195001985
96,K4,DR-SCC,baseline,M5_SVR,-0.11638973472244674,-0.31684778199902464
96,K4,DR-SCC,baseline,M6_SVR+time,-0.06389440136975733,-0.2643524486463352
96,K4,FOOOF,raw,M2_ENR,-0.03745278965190524,-0.23791083692848314
96,K4,FOOOF,raw,M3_ENR+time,-0.03354852710668377,-0.23400657438326167
96,K4,FOOOF,raw,M4_mixed,-0.6179978351099904,-0.8184558823865683
96,K4,FOOOF,raw,M5_SVR,-0.1031183026802891,-0.303576349956867
96,K4,FOOOF,raw,M6_SVR+time,-0.03373322863558603,-0.23419127591216393
96,K4,FOOOF,baseline,M2_ENR,-0.13463614193823803,-0.33509418921481593
96,K4,FOOOF,baseline,M3_ENR+time,-0.021079665753780175,-0.22153771303035807
96,K4,FOOOF,baseline,M4_mixed,-1.8472660730462214,-2.0477241203227994
96,K4,FOOOF,baseline,M5_SVR,-0.17538725782517228,-0.3758453051017502
96,K4,FOOOF,baseline,M6_SVR+time,-0.15471500174269837,-0.35517304901927627
97,K1,DR-SCC,raw,M2_ENR,-0.1331319750747042,-0.30076617474800715
97,K1,DR-SCC,raw,M3_ENR+time,-0.09909172751061357,-0.2667259271839165
97,K1,DR-SCC,raw,M4_mixed,-0.3531465176738757,-0.5207807173471787
97,K1,DR-SCC,raw,M5_SVR,-0.23280507906553605,-0.400439278738839
97,K1,DR-SCC,raw,M6_SVR+time,-0.09581564818957977,-0.2634498478628827
97,K1,DR-SCC,baseline,M2_ENR,-0.09484108073109354,-0.2624752804043965
97,K1,DR-SCC,baseline,M3_ENR+time,-0.014435974307868804,-0.18207017398117176
97,K1,DR-SCC,baseline,M4_mixed,-0.4331725023708781,-0.6008067020441811
97,K1,DR-SCC,baseline,M5_SVR,-0.15126975869733816,-0.3189039583706411
97,K1,DR-SCC,baseline,M6_SVR+time,-0.014700629237922813,-0.18233482891122577
97,K1,FOOOF,raw,M2_ENR,-0.05107105779487853,-0.21870525746818148
97,K1,FOOOF,raw,M3_ENR+time,-0.06866192606418409,-0.23629612573748704
97,K1,FOOOF,raw,M4_mixed,-0.5413334866098485,-0.7089676862831514
97,K1,FOOOF,raw,M5_SVR,-0.11519973894022328,-0.28283393861352624
97,K1,FOOOF,raw,M6_SVR+time,-0.12590619144521242,-0.2935403911185154
97,K1,FOOOF,baseline,M2_ENR,-0.13277327617810686,-0.3004074758514098
97,K1,FOOOF,baseline,M3_ENR+time,-0.03998454994843659,-0.20761874962173954
97,K1,FOOOF,baseline,M4_mixed,-0.16340639121099088,-0.33104059088429383
97,K1,FOOOF,baseline,M5_SVR,-0.192600764976949,-0.36023496465025195
97,K1,FOOOF,baseline,M6_SVR+time,-0.04501434829433104,-0.212648547967634
97,K3,DR-SCC,raw,M2_ENR,0.03607422614875999,-0.13155997352454296
97,K3,DR-SCC,raw,M3_ENR+time,0.06513289180082937,-0.10250130787247358
97,K3,DR-SCC,raw,M4_mixed,0.05138869768595111,-0.11624550198735184
97,K3,DR-SCC,raw,M5_SVR,-0.04707374526315222,-0.21470794493645518
97,K3,DR-SCC,raw,M6_SVR+time,-0.100093482227124,-0.26772768190042695
97,K3,DR-SCC,baseline,M2_ENR,-0.07921361076149691,-0.24684781043479986
97,K3,DR-SCC,baseline,M3_ENR+time,-0.12052830991317309,-0.28816250958647605
97,K3,DR-SCC,baseline,M4_mixed,-0.03851530691374405,-0.206149506587047
97,K3,DR-SCC,baseline,M5_SVR,-0.17310638918814214,-0.3407405888614451
97,K3,DR-SCC,baseline,M6_SVR+time,-0.14729609007904232,-0.31493028975234527
97,K3,FOOOF,raw,M2_ENR,0.02061102975476381,-0.14702316991853914
97,K3,FOOOF,raw,M3_ENR+time,-0.0033618274249918034,-0.17099602709829476
97,K3,FOOOF,raw,M4_mixed,-0.15098714779447397,-0.3186213474677769
97,K3,FOOOF,raw,M5_SVR,-0.1611764627614014,-0.32881066243470436
97,K3,FOOOF,raw,M6_SVR+time,-0.008048755188814871,-0.17568295486211782
97,K3,FOOOF,baseline,M2_ENR,-0.0594778488774661,-0.22711204855076905
97,K3,FOOOF,baseline,M3_ENR+time,-0.03302255188490899,-0.20065675155821194
97,K3,FOOOF,baseline,M4_mixed,-2.875426647985672,-3.0430608476589747
97,K3,FOOOF,baseline,M5_SVR,-0.16597345083016535,-0.3336076505034683
97,K3,FOOOF,baseline,M6_SVR+time,0.02582970862753009,-0.14180449104577286
97,K4,DR-SCC,raw,M2_ENR,-0.026596401631148625,-0.19423060130445158
97,K4,DR-SCC,raw,M3_ENR+time,-0.026596401631148625,-0.19423060130445158
97,K4,DR-SCC,raw,M4_mixed,-0.19850195540286064,-0.3661361550761636
97,K4,DR-SCC,raw,M5_SVR,-0.004834824453117559,-0.1724690241264205
97,K4,DR-SCC,raw,M6_SVR+time,0.05785582862157446,-0.1097783710517285
97,K4,DR-SCC,baseline,M2_ENR,0.06830352934292527,-0.09933067033037768
97,K4,DR-SCC,baseline,M3_ENR+time,0.06623349899924391,-0.10140070067405904
97,K4,DR-SCC,baseline,M4_mixed,-0.8935361634917316,-1.0611703631650347
97,K4,DR-SCC,baseline,M5_SVR,0.02497786775566535,-0.1426563319176376
97,K4,DR-SCC,baseline,M6_SVR+time,-0.00999865924780119,-0.17763285892110414
97,K4,FOOOF,raw,M2_ENR,-0.024125143854152542,-0.1917593435274555
97,K4,FOOOF,raw,M3_ENR+time,-0.024125143854152764,-0.19175934352745572
97,K4,FOOOF,raw,M4_mixed,-0.36920254180512857,-0.5368367414784315
97,K4,FOOOF,raw,M5_SVR,-0.06054102197219424,-0.2281752216454972
97,K4,FOOOF,raw,M6_SVR+time,-0.04985257090307882,-0.21748677057638177
97,K4,FOOOF,baseline,M2_ENR,-0.09921254223421228,-0.26684674190751523
97,K4,FOOOF,baseline,M3_ENR+time,-0.12157468610394706,-0.28920888577725
97,K4,FOOOF,baseline,M4_mixed,-4.25894650243424,-4.426580702107543
97,K4,FOOOF,baseline,M5_SVR,-0.1398838162548579,-0.30751801592816086
97,K4,FOOOF,baseline,M6_SVR+time,-0.05436790287119542,-0.22200210254449837
98,K1,DR-SCC,raw,M2_ENR,-0.04667593356866906,-0.29720607816287115
98,K1,DR-SCC,raw,M3_ENR+time,-0.04613170259457289,-0.296661847188775
98,K1,DR-SCC,raw,M4_mixed,-0.41932116815529175,-0.6698513127494938
98,K1,DR-SCC,raw,M5_SVR,-0.13937760715703296,-0.38990775175123504
98,K1,DR-SCC,raw,M6_SVR+time,-0.15714980871269302,-0.4076799533068951
98,K1,DR-SCC,baseline,M2_ENR,-0.043080027628682904,-0.293610172222885
98,K1,DR-SCC,baseline,M3_ENR+time,-0.036214703242581914,-0.286744847836784
98,K1,DR-SCC,baseline,M4_mixed,-0.10375635004670758,-0.35428649464090967
98,K1,DR-SCC,baseline,M5_SVR,-0.07165084082909146,-0.32218098542329354
98,K1,DR-SCC,baseline,M6_SVR+time,-0.06167114803970497,-0.31220129263390706
98,K1,FOOOF,raw,M2_ENR,-0.10787263886324894,-0.358402783457451
98,K1,FOOOF,raw,M3_ENR+time,-0.06725306165327516,-0.31778320624747725
98,K1,FOOOF,raw,M4_mixed,-0.6954202813961357,-0.9459504259903377
98,K1,FOOOF,raw,M5_SVR,-0.03320023033619757,-0.28373037493039965
98,K1,FOOOF,raw,M6_SVR+time,0.0027024767565637653,-0.24782766783763832
98,K1,FOOOF,baseline,M2_ENR,-0.15601617913115828,-0.40654632372536037
98,K1,FOOOF,baseline,M3_ENR+time,-0.04849819121257992,-0.299028335806782
98,K1,FOOOF,baseline,M4_mixed,-1.209501284685219,-1.460031429279421
98,K1,FOOOF,baseline,M5_SVR,-0.029927332553585373,-0.28045747714778746
98,K1,FOOOF,baseline,M6_SVR+time,0.08605737320755824,-0.16447277138664385
98,K3,DR-SCC,raw,M2_ENR,-0.011007521165450784,-0.26153766575965287
98,K3,DR-SCC,raw,M3_ENR+time,-0.03742096721308674,-0.28795111180728883
98,K3,DR-SCC,raw,M4_mixed,-0.9394530081832533,-1.1899831527774554
98,K3,DR-SCC,raw,M5_SVR,-0.070434959530151,-0.3209651041243531
98,K3,DR-SCC,raw,M6_SVR+time,0.05967787733072483,-0.19085226726347726
98,K3,DR-SCC,baseline,M2_ENR,-0.07285985229995107,-0.32338999689415315
98,K3,DR-SCC,baseline,M3_ENR+time,-0.026543197075296288,-0.2770733416694984
98,K3,DR-SCC,baseline,M4_mixed,-0.5781619779532452,-0.8286921225474473
98,K3,DR-SCC,baseline,M5_SVR,-0.22304985813544786,-0.47358000272964995
98,K3,DR-SCC,baseline,M6_SVR+time,-0.15378157923107283,-0.4043117238252749
98,K3,FOOOF,raw,M2_ENR,-0.044910562570704915,-0.295440707164907
98,K3,FOOOF,raw,M3_ENR+time,-0.024402954019988154,-0.27493309861419024
98,K3,FOOOF,raw,M4_mixed,-0.48572094163300217,-0.7362510862272043
98,K3,FOOOF,raw,M5_SVR,-0.09299468831350621,-0.3435248329077083
98,K3,FOOOF,raw,M6_SVR+time,-0.12280735653243746,-0.37333750112663955
98,K3,FOOOF,baseline,M2_ENR,-0.18758258470294575,-0.43811272929714784
98,K3,FOOOF,baseline,M3_ENR+time,-0.09550436209426971,-0.3460345066884718
98,K3,FOOOF,baseline,M4_mixed,-0.6710464687234481,-0.9215766133176502
98,K3,FOOOF,baseline,M5_SVR,-0.10351858347398823,-0.3540487280681903
98,K3,FOOOF,baseline,M6_SVR+time,-0.04436108132470484,-0.29489122591890693
98,K4,DR-SCC,raw,M2_ENR,-0.10881790958827398,-0.35934805418247606
98,K4,DR-SCC,raw,M3_ENR+time,-0.09254917749835379,-0.34307932209255587
98,K4,DR-SCC,raw,M4_mixed,-0.145914253237017,-0.3964443978312191
98,K4,DR-SCC,raw,M5_SVR,-0.013996105185155594,-0.2645262497793577
98,K4,DR-SCC,raw,M6_SVR+time,-0.025687357075546036,-0.2762175016697481
98,K4,DR-SCC,baseline,M2_ENR,-0.027251232036599626,-0.2777813766308017
98,K4,DR-SCC,baseline,M3_ENR+time,-0.025981108530650276,-0.27651125312485236
98,K4,DR-SCC,baseline,M4_mixed,-1.093143494282173,-1.343673638876375
98,K4,DR-SCC,baseline,M5_SVR,-0.048100890439356725,-0.2986310350335588
98,K4,DR-SCC,baseline,M6_SVR+time,0.012864283546092814,-0.23766586104810927
98,K4,FOOOF,raw,M2_ENR,-0.05525998490762474,-0.3057901295018268
98,K4,FOOOF,raw,M3_ENR+time,-0.06350495083849572,-0.3140350954326978
98,K4,FOOOF,raw,M4_mixed,-0.16957081516343586,-0.42010095975763795
98,K4,FOOOF,raw,M5_SVR,0.1378351127748838,-0.11269503181931828
98,K4,FOOOF,raw,M6_SVR+time,-0.002812817068014395,-0.2533429616622165
98,K4,FOOOF,baseline,M2_ENR,-0.07624040949693067,-0.32677055409113276
98,K4,FOOOF,baseline,M3_ENR+time,-0.049666685091542595,-0.3001968296857447
98,K4,FOOOF,baseline,M4_mixed,-5.102583662486331,-5.353113807080533
98,K4,FOOOF,baseline,M5_SVR,-0.022830422177021248,-0.27336056677122333
98,K4,FOOOF,baseline,M6_SVR+time,-0.06938397786029626,-0.31991412245449835
99,K1,DR-SCC,raw,M2_ENR,-0.022615842721597668,-0.25700680710051316
99,K1,DR-SCC,raw,M3_ENR+time,-0.02413598661277705,-0.25852695099169254
99,K1,DR-SCC,raw,M4_mixed,-0.529147814723357,-0.7635387791022725
99,K1,DR-SCC,raw,M5_SVR,-0.08356211294427762,-0.3179530773231931
99,K1,DR-SCC,raw,M6_SVR+time,-0.12649715715708143,-0.3608881215359969
99,K1,DR-SCC,baseline,M2_ENR,-0.1253531218256978,-0.3597440862046133
99,K1,DR-SCC,baseline,M3_ENR+time,-0.3150042218076714,-0.5493951861865869
99,K1,DR-SCC,baseline,M4_mixed,-1.0264244354117973,-1.2608153997907128
99,K1,DR-SCC,baseline,M5_SVR,-0.21926014668815252,-0.453651111067068
99,K1,DR-SCC,baseline,M6_SVR+time,-0.19171627887801201,-0.4261072432569275
99,K1,FOOOF,raw,M2_ENR,-0.0335049479612084,-0.2678959123401239
99,K1,FOOOF,raw,M3_ENR+time,-0.023222700006953145,-0.25761366438586863
99,K1,FOOOF,raw,M4_mixed,-0.37851385723780817,-0.6129048216167237
99,K1,FOOOF,raw,M5_SVR,0.03222643655457402,-0.20216452782434147
99,K1,FOOOF,raw,M6_SVR+time,0.04053512831372086,-0.19385583606519463
99,K1,FOOOF,baseline,M2_ENR,-0.09580722677109677,-0.33019819115001225
99,K1,FOOOF,baseline,M3_ENR+time,-0.10455396899878755,-0.33894493337770304
99,K1,FOOOF,baseline,M4_mixed,-2.090652737535021,-2.3250437019139367
99,K1,FOOOF,baseline,M5_SVR,-0.09568702108614247,-0.33007798546505795
99,K1,FOOOF,baseline,M6_SVR+time,-0.11647569974094485,-0.35086666411986034
99,K3,DR-SCC,raw,M2_ENR,0.03830926953726288,-0.1960816948416526
99,K3,DR-SCC,raw,M3_ENR+time,-0.02413598661277727,-0.25852695099169276
99,K3,DR-SCC,raw,M4_mixed,-0.19697528686300547,-0.43136625124192096
99,K3,DR-SCC,raw,M5_SVR,-0.18393145408651845,-0.41832241846543394
99,K3,DR-SCC,raw,M6_SVR+time,-0.09111413172647143,-0.3255050961053869
99,K3,DR-SCC,baseline,M2_ENR,-0.06361068467652209,-0.2980016490554376
99,K3,DR-SCC,baseline,M3_ENR+time,-0.028081608436993033,-0.2624725728159085
99,K3,DR-SCC,baseline,M4_mixed,-1.2064550199294235,-1.440845984308339
99,K3,DR-SCC,baseline,M5_SVR,-0.0878551026958545,-0.32224606707477
99,K3,DR-SCC,baseline,M6_SVR+time,-0.04206047172385374,-0.27645143610276923
99,K3,FOOOF,raw,M2_ENR,-0.03794513717472814,-0.27233610155364363
99,K3,FOOOF,raw,M3_ENR+time,-0.029050604662872015,-0.2634415690417875
99,K3,FOOOF,raw,M4_mixed,-1.0294460997052366,-1.263837064084152
99,K3,FOOOF,raw,M5_SVR,-0.34687685475747454,-0.58126781913639
99,K3,FOOOF,raw,M6_SVR+time,-0.12529991589982004,-0.3596908802787355
99,K3,FOOOF,baseline,M2_ENR,-0.02591564494666443,-0.2603066093255799
99,K3,FOOOF,baseline,M3_ENR+time,-0.0240338812877956,-0.2584248456667111
99,K3,FOOOF,baseline,M4_mixed,-1.5034720558870318,-1.7378630202659473
99,K3,FOOOF,baseline,M5_SVR,-0.15438710945822764,-0.38877807383714313
99,K3,FOOOF,baseline,M6_SVR+time,-0.037772040777498184,-0.2721630051564137
99,K4,DR-SCC,raw,M2_ENR,-0.03533630453807213,-0.2697272689169876
99,K4,DR-SCC,raw,M3_ENR+time,-0.02727752924701421,-0.2616684936259297
99,K4,DR-SCC,raw,M4_mixed,-0.5027221712238825,-0.737113135602798
99,K4,DR-SCC,raw,M5_SVR,-0.01297860611790247,-0.24736957049681796
99,K4,DR-SCC,raw,M6_SVR+time,0.07870124031854564,-0.15568972406036985
99,K4,DR-SCC,baseline,M2_ENR,-0.12332119247625095,-0.35771215685516644
99,K4,DR-SCC,baseline,M3_ENR+time,-0.031255183116319696,-0.2656461474952352
99,K4,DR-SCC,baseline,M4_mixed,-1.0208352042545155,-1.255226168633431
99,K4,DR-SCC,baseline,M5_SVR,-0.08148980004365702,-0.3158807644225725
99,K4,DR-SCC,baseline,M6_SVR+time,0.06758311149700702,-0.16680785288190847
99,K4,FOOOF,raw,M2_ENR,-0.04988274202802012,-0.2842737064069356
99,K4,FOOOF,raw,M3_ENR+time,-0.02719700173459927,-0.26158796611351476
99,K4,FOOOF,raw,M4_mixed,-1.0807499192536825,-1.315140883632598
99,K4,FOOOF,raw,M5_SVR,-0.12027666431647255,-0.35466762869538804
99,K4,FOOOF,raw,M6_SVR+time,0.020862371861235518,-0.21352859251767997
99,K4,FOOOF,baseline,M2_ENR,-0.09189085814727793,-0.3262818225261934
99,K4,FOOOF,baseline,M3_ENR+time,-0.01811472327546637,-0.25250568765438186
99,K4,FOOOF,baseline,M4_mixed,-1.7168998675016236,-1.951290831880539
99,K4,FOOOF,baseline,M5_SVR,-0.1803641463748027,-0.4147551107537182
99,K4,FOOOF,baseline,M6_SVR+time,0.03825554583946622,-0.19613541853944927
