draw,set,norm,model,gain
0,var,raw,M2_ENR,-0.24874592771654913
0,var,raw,M3_ENR+time,-0.22631991346046054
0,var,raw,M4_mixed,-1.3006246903560603
0,var,raw,M5_SVR,-0.24770444086559174
0,var,raw,M6_SVR+time,-0.18371302589418148
0,var,baseline,M2_ENR,-0.23042147974189686
0,var,baseline,M3_ENR+time,-0.2325128767100506
0,var,baseline,M4_mixed,-0.7835816430430247
0,var,baseline,M5_SVR,-0.1253937559244509
0,var,baseline,M6_SVR+time,-0.23003243370242576
0,mean+var,raw,M2_ENR,-0.24835525137641445
0,mean+var,raw,M3_ENR+time,-0.22426723972874574
0,mean+var,raw,M4_mixed,-1.596703553349235
0,mean+var,raw,M5_SVR,-0.14025162413706094
0,mean+var,raw,M6_SVR+time,-0.06591781265412744
0,mean+var,baseline,M2_ENR,-0.2297805670927544
0,mean+var,baseline,M3_ENR+time,-0.2324895401188265
0,mean+var,baseline,M4_mixed,-4.311270596235688
0,mean+var,baseline,M5_SVR,-0.2381625248858963
0,mean+var,baseline,M6_SVR+time,-0.21075830006582708
0,dr-var,raw,M2_ENR,-0.2256876885352994
0,dr-var,raw,M3_ENR+time,-0.22464747902093896
0,dr-var,raw,M4_mixed,-0.946955663286343
0,dr-var,raw,M5_SVR,-0.07315711367252775
0,dr-var,raw,M6_SVR+time,-0.22644102854276893
0,dr-var,baseline,M2_ENR,-0.3027432471882039
0,dr-var,baseline,M3_ENR+time,-0.28799853592617275
0,dr-var,baseline,M4_mixed,-1.2879720578519764
0,dr-var,baseline,M5_SVR,-0.33693794717928616
0,dr-var,baseline,M6_SVR+time,-0.31198071400077776
0,dr-mean+var,raw,M2_ENR,-0.24311347306776332
0,dr-mean+var,raw,M3_ENR+time,-0.24779856834587233
0,dr-mean+var,raw,M4_mixed,-1.065444579402078
0,dr-mean+var,raw,M5_SVR,-0.19507434530504342
0,dr-mean+var,raw,M6_SVR+time,-0.2344407450303616
0,dr-mean+var,baseline,M2_ENR,-0.230215412250095
0,dr-mean+var,baseline,M3_ENR+time,-0.2237183008951089
0,dr-mean+var,baseline,M4_mixed,-1.4293001856321217
0,dr-mean+var,baseline,M5_SVR,-0.2528388264411574
0,dr-mean+var,baseline,M6_SVR+time,-0.30711609544135343
1,var,raw,M2_ENR,-0.2319058778669607
1,var,raw,M3_ENR+time,-0.2858041272986884
1,var,raw,M4_mixed,-1.0324584423011867
1,var,raw,M5_SVR,-0.25406663919666195
1,var,raw,M6_SVR+time,-0.1942339187906852
1,var,baseline,M2_ENR,-0.1767485217116871
1,var,baseline,M3_ENR+time,-0.18085310957721668
1,var,baseline,M4_mixed,-1.4619656565734298
1,var,baseline,M5_SVR,-0.3146706909474186
1,var,baseline,M6_SVR+time,-0.356157622457248
1,mean+var,raw,M2_ENR,-0.1933186357460609
1,mean+var,raw,M3_ENR+time,-0.26849897768246467
1,mean+var,raw,M4_mixed,-1.9079850000895886
1,mean+var,raw,M5_SVR,-0.2190788810440225
1,mean+var,raw,M6_SVR+time,-0.18206310131571712
1,mean+var,baseline,M2_ENR,-0.17300771264648185
1,mean+var,baseline,M3_ENR+time,-0.19756790857493645
1,mean+var,baseline,M4_mixed,-2.213530747825896
1,mean+var,baseline,M5_SVR,-0.39364017921321603
1,mean+var,baseline,M6_SVR+time,-0.33823456089705894
1,dr-var,raw,M2_ENR,-0.22935016281499343
1,dr-var,raw,M3_ENR+time,-0.2684453067085293
1,dr-var,raw,M4_mixed,-0.549640970735658
1,dr-var,raw,M5_SVR,-0.1807139006857954
1,dr-var,raw,M6_SVR+time,-0.34024821689474893
1,dr-var,baseline,M2_ENR,-0.21360254642848697
1,dr-var,baseline,M3_ENR+time,-0.2563497489781319
1,dr-var,baseline,M4_mixed,-0.9311253902712167
1,dr-var,baseline,M5_SVR,-0.25646453164192784
1,dr-var,baseline,M6_SVR+time,-0.24564344620856438
1,dr-mean+var,raw,M2_ENR,-0.34838444832278026
1,dr-mean+var,raw,M3_ENR+time,-0.30980328919851163
1,dr-mean+var,raw,M4_mixed,-0.7809486860326473
1,dr-mean+var,raw,M5_SVR,-0.2596343049247889
1,dr-mean+var,raw,M6_SVR+time,-0.21104814357589097
1,dr-mean+var,baseline,M2_ENR,-0.19299046253740437
1,dr-mean+var,baseline,M3_ENR+time,-0.21628350667188
1,dr-mean+var,baseline,M4_mixed,-1.4422771839777087
1,dr-mean+var,baseline,M5_SVR,-0.2556862274004048
1,dr-mean+var,baseline,M6_SVR+time,-0.2867120160987109
2,var,raw,M2_ENR,-0.2633974099763181
2,var,raw,M3_ENR+time,-0.26735453747761384
2,var,raw,M4_mixed,-0.775029776704943
2,var,raw,M5_SVR,-0.3406865103926857
2,var,raw,M6_SVR+time,-0.3577827207317832
2,var,baseline,M2_ENR,-0.24867371967943575
2,var,baseline,M3_ENR+time,-0.2490274303472344
2,var,baseline,M4_mixed,-1.6157637312404523
2,var,baseline,M5_SVR,-0.29106841091435776
2,var,baseline,M6_SVR+time,-0.36276633045799933
2,mean+var,raw,M2_ENR,-0.2568867794187015
2,mean+var,raw,M3_ENR+time,-0.26084129624019226
2,mean+var,raw,M4_mixed,-1.6833873552483702
2,mean+var,raw,M5_SVR,-0.28107388293205426
2,mean+var,raw,M6_SVR+time,-0.2447435232292582
2,mean+var,baseline,M2_ENR,-0.32028719646243675
2,mean+var,baseline,M3_ENR+time,-1.080968901838101
2,mean+var,baseline,M4_mixed,-4.604558039996726
2,mean+var,baseline,M5_SVR,-0.22829398846361482
2,mean+var,baseline,M6_SVR+time,-0.3399489499863553
2,dr-var,raw,M2_ENR,-0.29131923041047236
2,dr-var,raw,M3_ENR+time,-0.2755986164916424
2,dr-var,raw,M4_mixed,-0.7931507807024971
2,dr-var,raw,M5_SVR,-0.3556012814233227
2,dr-var,raw,M6_SVR+time,-0.2994544879328649
2,dr-var,baseline,M2_ENR,-0.2785631212163986
2,dr-var,baseline,M3_ENR+time,-0.2755986164916424
2,dr-var,baseline,M4_mixed,-1.4423124613510543
2,dr-var,baseline,M5_SVR,-0.2596198354270338
2,dr-var,baseline,M6_SVR+time,-0.3152415774167545
2,dr-mean+var,raw,M2_ENR,-0.28033467418026725
2,dr-mean+var,raw,M3_ENR+time,-0.29104807310273384
2,dr-mean+var,raw,M4_mixed,-1.2033490764819645
2,dr-mean+var,raw,M5_SVR,-0.23017249022586106
2,dr-mean+var,raw,M6_SVR+time,-0.1529464586045277
2,dr-mean+var,baseline,M2_ENR,-0.4071579154617728
2,dr-mean+var,baseline,M3_ENR+time,-0.38401437395721105
2,dr-mean+var,baseline,M4_mixed,-1.7370384360176
2,dr-mean+var,baseline,M5_SVR,-0.3004676995304678
2,dr-mean+var,baseline,M6_SVR+time,-0.32091901123886357
3,var,raw,M2_ENR,-0.41249150291768677
3,var,raw,M3_ENR+time,-0.39434513684965
3,var,raw,M4_mixed,-0.8281539452082507
3,var,raw,M5_SVR,-0.45411862344517484
3,var,raw,M6_SVR+time,-0.3082508188474915
3,var,baseline,M2_ENR,-1.0213746299853914
3,var,baseline,M3_ENR+time,-0.962277756499345
3,var,baseline,M4_mixed,-1.1015482841865272
3,var,baseline,M5_SVR,-0.40506641904464646
3,var,baseline,M6_SVR+time,-0.3201572619757165
3,mean+var,raw,M2_ENR,-0.3748833751895505
3,mean+var,raw,M3_ENR+time,-0.35910809284142264
3,mean+var,raw,M4_mixed,-1.3369101869519135
3,mean+var,raw,M5_SVR,-0.29747288758749124
3,mean+var,raw,M6_SVR+time,-0.2577468824828434
3,mean+var,baseline,M2_ENR,-0.37369023447030325
3,mean+var,baseline,M3_ENR+time,-0.4414270632621624
3,mean+var,baseline,M4_mixed,-1.5382987632247411
3,mean+var,baseline,M5_SVR,-0.4634230508691233
3,mean+var,baseline,M6_SVR+time,-0.3980859067905127
3,dr-var,raw,M2_ENR,-0.4477861239953296
3,dr-var,raw,M3_ENR+time,-0.3979917166976221
3,dr-var,raw,M4_mixed,-0.7493196473815662
3,dr-var,raw,M5_SVR,-0.43968520990286786
3,dr-var,raw,M6_SVR+time,-0.38205673518570715
3,dr-var,baseline,M2_ENR,-0.9551273063175691
3,dr-var,baseline,M3_ENR+time,-0.8605249687298941
3,dr-var,baseline,M4_mixed,-1.2080798048147852
3,dr-var,baseline,M5_SVR,-0.4326881185692908
3,dr-var,baseline,M6_SVR+time,-0.3348139851457562
3,dr-mean+var,raw,M2_ENR,-0.33420247164069583
3,dr-mean+var,raw,M3_ENR+time,-0.4223101677772818
3,dr-mean+var,raw,M4_mixed,-1.0875023408678326
3,dr-mean+var,raw,M5_SVR,-0.23443037436132996
3,dr-mean+var,raw,M6_SVR+time,-0.18840506476775432
3,dr-mean+var,baseline,M2_ENR,-0.4760522026470788
3,dr-mean+var,baseline,M3_ENR+time,-0.6744450524780186
3,dr-mean+var,baseline,M4_mixed,-1.6496303919623434
3,dr-mean+var,baseline,M5_SVR,-0.32844832173137517
3,dr-mean+var,baseline,M6_SVR+time,-0.26357011015625953
4,var,raw,M2_ENR,-0.4799481940959537
4,var,raw,M3_ENR+time,-0.28477164358768425
4,var,raw,M4_mixed,-0.8345869011575088
4,var,raw,M5_SVR,-0.29807402394692806
4,var,raw,M6_SVR+time,-0.2370394757814681
4,var,baseline,M2_ENR,-0.48081771231753156
4,var,baseline,M3_ENR+time,-0.5786496289437116
4,var,baseline,M4_mixed,-1.4067971917933915
4,var,baseline,M5_SVR,-0.14775678443497342
4,var,baseline,M6_SVR+time,-0.19771468611741072
4,mean+var,raw,M2_ENR,-0.5081113529051867
4,mean+var,raw,M3_ENR+time,-0.5790825475043798
4,mean+var,raw,M4_mixed,-0.8656670358432771
4,mean+var,raw,M5_SVR,-0.284272417256458
4,mean+var,raw,M6_SVR+time,-0.19616557502229726
4,mean+var,baseline,M2_ENR,-0.27641548778256764
4,mean+var,baseline,M3_ENR+time,-0.3638276074990917
4,mean+var,baseline,M4_mixed,-2.4947281583600955
4,mean+var,baseline,M5_SVR,-0.21604951013395923
4,mean+var,baseline,M6_SVR+time,-0.19987477514896446
4,dr-var,raw,M2_ENR,-0.28605292752809597
4,dr-var,raw,M3_ENR+time,-0.2981957879784657
4,dr-var,raw,M4_mixed,-0.5414826763795174
4,dr-var,raw,M5_SVR,-0.2801653787434263
4,dr-var,raw,M6_SVR+time,-0.18881867431187305
4,dr-var,baseline,M2_ENR,-0.27989739826899884
4,dr-var,baseline,M3_ENR+time,-0.5031909167438086
4,dr-var,baseline,M4_mixed,-0.5663892255945923
4,dr-var,baseline,M5_SVR,-0.2810992810682432
4,dr-var,baseline,M6_SVR+time,-0.2663014770131641
4,dr-mean+var,raw,M2_ENR,-0.2550867631700954
4,dr-mean+var,raw,M3_ENR+time,-0.32873435412395946
4,dr-mean+var,raw,M4_mixed,-0.993189649357067
4,dr-mean+var,raw,M5_SVR,-0.23774656903632863
4,dr-mean+var,raw,M6_SVR+time,-0.20576657453051928
4,dr-mean+var,baseline,M2_ENR,-0.2535473898444748
4,dr-mean+var,baseline,M3_ENR+time,-0.2797217698121236
4,dr-mean+var,baseline,M4_mixed,-0.8507489223359949
4,dr-mean+var,baseline,M5_SVR,-0.20052913640793957
4,dr-mean+var,baseline,M6_SVR+time,-0.22504628316429476
5,var,raw,M2_ENR,-0.7918980255030549
5,var,raw,M3_ENR+time,-0.7555081750432825
5,var,raw,M4_mixed,-1.1109811544028059
5,var,raw,M5_SVR,-0.36694060221527824
5,var,raw,M6_SVR+time,-0.36373689866409553
5,var,baseline,M2_ENR,-0.7725728313792971
5,var,baseline,M3_ENR+time,-0.7380462696172517
5,var,baseline,M4_mixed,-1.501910138139793
5,var,baseline,M5_SVR,-0.3842442763819437
5,var,baseline,M6_SVR+time,-0.35044644324739715
5,mean+var,raw,M2_ENR,-0.8492619050353302
5,mean+var,raw,M3_ENR+time,-0.7787846120098473
5,mean+var,raw,M4_mixed,-1.7320953229941338
5,mean+var,raw,M5_SVR,-0.3143987358825414
5,mean+var,raw,M6_SVR+time,-0.2679036387665389
5,mean+var,baseline,M2_ENR,-0.5475159207148185
5,mean+var,baseline,M3_ENR+time,-0.23473394734689013
5,mean+var,baseline,M4_mixed,-2.245326352156146
5,mean+var,baseline,M5_SVR,-0.260990817841532
5,mean+var,baseline,M6_SVR+time,-0.20860936173952327
5,dr-var,raw,M2_ENR,-0.2967351343902066
5,dr-var,raw,M3_ENR+time,-0.2825834033686808
5,dr-var,raw,M4_mixed,-0.6589204120441975
5,dr-var,raw,M5_SVR,-0.3452456063819943
5,dr-var,raw,M6_SVR+time,-0.3927735867304397
5,dr-var,baseline,M2_ENR,-0.31207887598528916
5,dr-var,baseline,M3_ENR+time,-0.2813518953636648
5,dr-var,baseline,M4_mixed,-0.6949466661041429
5,dr-var,baseline,M5_SVR,-0.30771732835414334
5,dr-var,baseline,M6_SVR+time,-0.36517549010983996
5,dr-mean+var,raw,M2_ENR,-0.2981914464148242
5,dr-mean+var,raw,M3_ENR+time,-0.35992776311647046
5,dr-mean+var,raw,M4_mixed,-0.7777893857403361
5,dr-mean+var,raw,M5_SVR,-0.3414621249993367
5,dr-mean+var,raw,M6_SVR+time,-0.2783584346800402
5,dr-mean+var,baseline,M2_ENR,-0.28216944241002107
5,dr-mean+var,baseline,M3_ENR+time,-0.27160442129480866
5,dr-mean+var,baseline,M4_mixed,-0.5732076441740931
5,dr-mean+var,baseline,M5_SVR,-0.43271167228882057
5,dr-mean+var,baseline,M6_SVR+time,-0.4055736881363613
6,var,raw,M2_ENR,-0.2082478594928372
6,var,raw,M3_ENR+time,-0.2105942571535826
6,var,raw,M4_mixed,-0.846274810893958
6,var,raw,M5_SVR,-0.2332999394012325
6,var,raw,M6_SVR+time,-0.25089501196690067
6,var,baseline,M2_ENR,-0.17439079847010674
6,var,baseline,M3_ENR+time,-0.17734461772442778
6,var,baseline,M4_mixed,-1.4184713968200324
6,var,baseline,M5_SVR,-0.2893039685328489
6,var,baseline,M6_SVR+time,-0.29691797240883755
6,mean+var,raw,M2_ENR,-0.4524220008450519
6,mean+var,raw,M3_ENR+time,-0.18299705664745547
6,mean+var,raw,M4_mixed,-1.382304500301182
6,mean+var,raw,M5_SVR,-0.20139734583534152
6,mean+var,raw,M6_SVR+time,-0.1411932911337399
6,mean+var,baseline,M2_ENR,-0.24201235733805015
6,mean+var,baseline,M3_ENR+time,-0.23735229929216728
6,mean+var,baseline,M4_mixed,-3.856762276616002
6,mean+var,baseline,M5_SVR,-0.24809297500827476
6,mean+var,baseline,M6_SVR+time,-0.2702092635536615
6,dr-var,raw,M2_ENR,-0.22593016741752714
6,dr-var,raw,M3_ENR+time,-0.21059425715358282
6,dr-var,raw,M4_mixed,-0.7361071814060929
6,dr-var,raw,M5_SVR,-0.36699052253814335
6,dr-var,raw,M6_SVR+time,-0.43096150784515075
6,dr-var,baseline,M2_ENR,-0.22939987247775528
6,dr-var,baseline,M3_ENR+time,-0.23477798099790137
6,dr-var,baseline,M4_mixed,-1.0112027428227655
6,dr-var,baseline,M5_SVR,-0.2037203940683201
6,dr-var,baseline,M6_SVR+time,-0.3652789424848255
6,dr-mean+var,raw,M2_ENR,-0.21970084345970098
6,dr-mean+var,raw,M3_ENR+time,-0.21059425715358282
6,dr-mean+var,raw,M4_mixed,-1.172931297533855
6,dr-mean+var,raw,M5_SVR,-0.15574858818351833
6,dr-mean+var,raw,M6_SVR+time,-0.11284528633393742
6,dr-mean+var,baseline,M2_ENR,-0.2926717988907537
6,dr-mean+var,baseline,M3_ENR+time,-0.2933741073485967
6,dr-mean+var,baseline,M4_mixed,-1.0301346923344823
6,dr-mean+var,baseline,M5_SVR,-0.1599067514118231
6,dr-mean+var,baseline,M6_SVR+time,-0.2209225293990571
7,var,raw,M2_ENR,-0.2764799760556812
7,var,raw,M3_ENR+time,-0.10291461228869991
7,var,raw,M4_mixed,-0.5437856922196859
7,var,raw,M5_SVR,-0.4205225788411576
7,var,raw,M6_SVR+time,-0.23768665334504158
7,var,baseline,M2_ENR,-0.24666043536928584
7,var,baseline,M3_ENR+time,-0.16075107867643934
7,var,baseline,M4_mixed,-0.9247670852211046
7,var,baseline,M5_SVR,-0.40332049933468694
7,var,baseline,M6_SVR+time,-0.26241959105832435
7,mean+var,raw,M2_ENR,-0.24735973541310008
7,mean+var,raw,M3_ENR+time,-0.1483668820159637
7,mean+var,raw,M4_mixed,-1.5160187236251383
7,mean+var,raw,M5_SVR,-0.15046166672194894
7,mean+var,raw,M6_SVR+time,-0.05701558044725796
7,mean+var,baseline,M2_ENR,-0.31662379207281577
7,mean+var,baseline,M3_ENR+time,-0.23063929314580112
7,mean+var,baseline,M4_mixed,-1.5297102427438074
7,mean+var,baseline,M5_SVR,-0.4029908598376991
7,mean+var,baseline,M6_SVR+time,-0.3076193080996771
7,dr-var,raw,M2_ENR,-0.32238797728760715
7,dr-var,raw,M3_ENR+time,-0.14288264373007153
7,dr-var,raw,M4_mixed,-0.38141767900300383
7,dr-var,raw,M5_SVR,-0.4655306792080406
7,dr-var,raw,M6_SVR+time,-0.2340969437942757
7,dr-var,baseline,M2_ENR,-0.3837053009248871
7,dr-var,baseline,M3_ENR+time,-0.18784081730041158
7,dr-var,baseline,M4_mixed,-0.44320737736050975
7,dr-var,baseline,M5_SVR,-0.3922738474652817
7,dr-var,baseline,M6_SVR+time,-0.2660994200305593
7,dr-mean+var,raw,M2_ENR,-0.3114492378119834
7,dr-mean+var,raw,M3_ENR+time,-0.24854931794888524
7,dr-mean+var,raw,M4_mixed,-0.939550491041019
7,dr-mean+var,raw,M5_SVR,-0.21176895654964778
7,dr-mean+var,raw,M6_SVR+time,-0.16501079107835603
7,dr-mean+var,baseline,M2_ENR,-0.20137617625143023
7,dr-mean+var,baseline,M3_ENR+time,-0.17319885031808713
7,dr-mean+var,baseline,M4_mixed,-0.9431573068624638
7,dr-mean+var,baseline,M5_SVR,-0.2615430253581702
7,dr-mean+var,baseline,M6_SVR+time,-0.19456750221766062
8,var,raw,M2_ENR,-0.21892376699403793
8,var,raw,M3_ENR+time,-0.1330211510737943
8,var,raw,M4_mixed,-0.4848557051613356
8,var,raw,M5_SVR,-0.34418777488188645
8,var,raw,M6_SVR+time,-0.15324373097230526
8,var,baseline,M2_ENR,-0.25156705177451943
8,var,baseline,M3_ENR+time,-0.13376640128264938
8,var,baseline,M4_mixed,-0.5071252389278946
8,var,baseline,M5_SVR,-0.35978214100030104
8,var,baseline,M6_SVR+time,-0.3239689314780059
8,mean+var,raw,M2_ENR,-0.20254098361669992
8,mean+var,raw,M3_ENR+time,-0.11235136365579879
8,mean+var,raw,M4_mixed,-1.0594396144458114
8,mean+var,raw,M5_SVR,-0.25339868249728625
8,mean+var,raw,M6_SVR+time,-0.22442377146556236
8,mean+var,baseline,M2_ENR,-0.35435715837100634
8,mean+var,baseline,M3_ENR+time,-0.11825749195935242
8,mean+var,baseline,M4_mixed,-2.0224885776712354
8,mean+var,baseline,M5_SVR,-0.2874714591768288
8,mean+var,baseline,M6_SVR+time,-0.232571409846706
8,dr-var,raw,M2_ENR,-0.274829728951582
8,dr-var,raw,M3_ENR+time,0.13615880954194048
8,dr-var,raw,M4_mixed,-0.13479118319945382
8,dr-var,raw,M5_SVR,-0.3569927355894067
8,dr-var,raw,M6_SVR+time,-0.19478171240924547
8,dr-var,baseline,M2_ENR,-0.37434645614665496
8,dr-var,baseline,M3_ENR+time,-0.010863777478759551
8,dr-var,baseline,M4_mixed,-0.2781416382430397
8,dr-var,baseline,M5_SVR,-0.32322922108128016
8,dr-var,baseline,M6_SVR+time,-0.20603894283145763
8,dr-mean+var,raw,M2_ENR,-0.30027416071261737
8,dr-mean+var,raw,M3_ENR+time,-0.1638466348131823
8,dr-mean+var,raw,M4_mixed,-0.13939487431201503
8,dr-mean+var,raw,M5_SVR,-0.20905577965644284
8,dr-mean+var,raw,M6_SVR+time,-0.16667846390059404
8,dr-mean+var,baseline,M2_ENR,-0.30299004206415736
8,dr-mean+var,baseline,M3_ENR+time,-0.18769473675849413
8,dr-mean+var,baseline,M4_mixed,-0.5473388610519114
8,dr-mean+var,baseline,M5_SVR,-0.3463370746168306
8,dr-mean+var,baseline,M6_SVR+time,-0.1782946447385222
9,var,raw,M2_ENR,-0.19548040208463513
9,var,raw,M3_ENR+time,-0.20185731654034578
9,var,raw,M4_mixed,-0.6972409663130507
9,var,raw,M5_SVR,-0.38309736129848015
9,var,raw,M6_SVR+time,-0.2617780083299376
9,var,baseline,M2_ENR,-0.1593484236931496
9,var,baseline,M3_ENR+time,-0.25451830815677134
9,var,baseline,M4_mixed,-1.3231250660977483
9,var,baseline,M5_SVR,-0.28544937732335807
9,var,baseline,M6_SVR+time,-0.2870889912666369
9,mean+var,raw,M2_ENR,-0.1886038922390606
9,mean+var,raw,M3_ENR+time,-0.19603954759606357
9,mean+var,raw,M4_mixed,-1.5411969076505678
9,mean+var,raw,M5_SVR,-0.3402474239076848
9,mean+var,raw,M6_SVR+time,-0.28601945360889103
9,mean+var,baseline,M2_ENR,-0.16463175908855388
9,mean+var,baseline,M3_ENR+time,-0.15884880263775392
9,mean+var,baseline,M4_mixed,-1.084602835736824
9,mean+var,baseline,M5_SVR,-0.3280220632947871
9,mean+var,baseline,M6_SVR+time,-0.28530644076922484
9,dr-var,raw,M2_ENR,-0.13649073566698156
9,dr-var,raw,M3_ENR+time,-0.21493845787204535
9,dr-var,raw,M4_mixed,-0.15005233468557488
9,dr-var,raw,M5_SVR,-0.19332421768542896
9,dr-var,raw,M6_SVR+time,-0.08465095507339981
9,dr-var,baseline,M2_ENR,-0.1611931364056749
9,dr-var,baseline,M3_ENR+time,-0.24536892170636893
9,dr-var,baseline,M4_mixed,-0.1600925126949645
9,dr-var,baseline,M5_SVR,-0.14268504602669407
9,dr-var,baseline,M6_SVR+time,-0.14967001027920024
9,dr-mean+var,raw,M2_ENR,-0.23124884180604666
9,dr-mean+var,raw,M3_ENR+time,-0.23085246927301661
9,dr-mean+var,raw,M4_mixed,-0.43258573008482826
9,dr-mean+var,raw,M5_SVR,-0.25439670973011264
9,dr-mean+var,raw,M6_SVR+time,-0.21000805465644123
9,dr-mean+var,baseline,M2_ENR,-0.15771198550576748
9,dr-mean+var,baseline,M3_ENR+time,-0.2584338985587641
9,dr-mean+var,baseline,M4_mixed,-0.21944366778757185
9,dr-mean+var,baseline,M5_SVR,-0.22562341258798535
9,dr-mean+var,baseline,M6_SVR+time,-0.3089145930318714
10,var,raw,M2_ENR,-0.29522395907724575
10,var,raw,M3_ENR+time,-0.31597102844389824
10,var,raw,M4_mixed,-1.0876527924361992
10,var,raw,M5_SVR,-0.19092305698576917
10,var,raw,M6_SVR+time,-0.14285976199719452
10,var,baseline,M2_ENR,-0.29431058303186075
10,var,baseline,M3_ENR+time,-0.47153426408246435
10,var,baseline,M4_mixed,-1.487142890469344
10,var,baseline,M5_SVR,-0.3797931246877685
10,var,baseline,M6_SVR+time,-0.3451630191195004
10,mean+var,raw,M2_ENR,-0.290066743780934
10,mean+var,raw,M3_ENR+time,-0.3097666321715399
10,mean+var,raw,M4_mixed,-1.135120222846
10,mean+var,raw,M5_SVR,-0.18414260536886384
10,mean+var,raw,M6_SVR+time,-0.06390914507833756
10,mean+var,baseline,M2_ENR,-0.2947937916337572
10,mean+var,baseline,M3_ENR+time,-0.42046218373655153
10,mean+var,baseline,M4_mixed,-2.160598507957036
10,mean+var,baseline,M5_SVR,-0.34274813973051
10,mean+var,baseline,M6_SVR+time,-0.338982644470322
10,dr-var,raw,M2_ENR,-0.3898677736541115
10,dr-var,raw,M3_ENR+time,-0.6261904150790915
10,dr-var,raw,M4_mixed,-1.3386963346148377
10,dr-var,raw,M5_SVR,-0.23751182615554034
10,dr-var,raw,M6_SVR+time,-0.24282127571689383
10,dr-var,baseline,M2_ENR,-0.7436495638613102
10,dr-var,baseline,M3_ENR+time,-0.9062833090556529
10,dr-var,baseline,M4_mixed,-1.8430040568059542
10,dr-var,baseline,M5_SVR,-0.23726755029514834
10,dr-var,baseline,M6_SVR+time,-0.27157525214261413
10,dr-mean+var,raw,M2_ENR,-0.2950856808955561
10,dr-mean+var,raw,M3_ENR+time,-0.5439335830774669
10,dr-mean+var,raw,M4_mixed,-0.7733767010318139
10,dr-mean+var,raw,M5_SVR,-0.2628582324683787
10,dr-mean+var,raw,M6_SVR+time,-0.30372964717710504
10,dr-mean+var,baseline,M2_ENR,-0.311331909299447
10,dr-mean+var,baseline,M3_ENR+time,-0.24056334857429496
10,dr-mean+var,baseline,M4_mixed,-0.8785157889058987
10,dr-mean+var,baseline,M5_SVR,-0.21407949726311526
10,dr-mean+var,baseline,M6_SVR+time,-0.2802561843963175
11,var,raw,M2_ENR,-0.24187507001435193
11,var,raw,M3_ENR+time,-0.2400409160429262
11,var,raw,M4_mixed,-0.7232158714285288
11,var,raw,M5_SVR,-0.2770109219550665
11,var,raw,M6_SVR+time,-0.24627567390600924
11,var,baseline,M2_ENR,-0.6390675121367912
11,var,baseline,M3_ENR+time,-0.5971174452596018
11,var,baseline,M4_mixed,-1.0813021270636836
11,var,baseline,M5_SVR,-0.39987348140777157
11,var,baseline,M6_SVR+time,-0.3409508678268547
11,mean+var,raw,M2_ENR,-0.24135876862725003
11,mean+var,raw,M3_ENR+time,-0.23989052355002483
11,mean+var,raw,M4_mixed,-1.337265163221809
11,mean+var,raw,M5_SVR,-0.31243347840062174
11,mean+var,raw,M6_SVR+time,-0.30021700052821476
11,mean+var,baseline,M2_ENR,-0.3181043804374537
11,mean+var,baseline,M3_ENR+time,-0.3390887814947612
11,mean+var,baseline,M4_mixed,-2.0057784068817686
11,mean+var,baseline,M5_SVR,-0.23407927671343742
11,mean+var,baseline,M6_SVR+time,-0.2800161174617013
11,dr-var,raw,M2_ENR,-0.27391181983961976
11,dr-var,raw,M3_ENR+time,-0.26544613282979723
11,dr-var,raw,M4_mixed,-1.118140930386431
11,dr-var,raw,M5_SVR,-0.2940402893256453
11,dr-var,raw,M6_SVR+time,-0.3323502020105218
11,dr-var,baseline,M2_ENR,-0.33311564128449955
11,dr-var,baseline,M3_ENR+time,-0.3012094831341716
11,dr-var,baseline,M4_mixed,-1.2344352030673702
11,dr-var,baseline,M5_SVR,-0.23308401563317727
11,dr-var,baseline,M6_SVR+time,-0.2492130873959566
11,dr-mean+var,raw,M2_ENR,-0.29843219991573244
11,dr-mean+var,raw,M3_ENR+time,-0.2976686127779078
11,dr-mean+var,raw,M4_mixed,-0.8831372956004444
11,dr-mean+var,raw,M5_SVR,-0.2722476027616034
11,dr-mean+var,raw,M6_SVR+time,-0.16607686540247646
11,dr-mean+var,baseline,M2_ENR,-0.2902973484536051
11,dr-mean+var,baseline,M3_ENR+time,-0.2889536522840608
11,dr-mean+var,baseline,M4_mixed,-0.8318171174631235
11,dr-mean+var,baseline,M5_SVR,-0.2683844905202937
11,dr-mean+var,baseline,M6_SVR+time,-0.3131944504579596
12,var,raw,M2_ENR,-0.26635302464884114
12,var,raw,M3_ENR+time,-0.2941176319563964
12,var,raw,M4_mixed,-0.4514950436754662
12,var,raw,M5_SVR,-0.3074611347058894
12,var,raw,M6_SVR+time,-0.32446158392271507
12,var,baseline,M2_ENR,-0.25192268369159343
12,var,baseline,M3_ENR+time,-0.26256125972921274
12,var,baseline,M4_mixed,-0.7875237944743142
12,var,baseline,M5_SVR,-0.309152316021598
12,var,baseline,M6_SVR+time,-0.3668583192786977
12,mean+var,raw,M2_ENR,-0.25339612836498027
12,mean+var,raw,M3_ENR+time,-0.2974243896484404
12,mean+var,raw,M4_mixed,-1.4157637199677366
12,mean+var,raw,M5_SVR,-0.2841573126217466
12,mean+var,raw,M6_SVR+time,-0.39253902835653276
12,mean+var,baseline,M2_ENR,-0.22449434844883864
12,mean+var,baseline,M3_ENR+time,-0.25465676921982816
12,mean+var,baseline,M4_mixed,-1.2701318206525154
12,mean+var,baseline,M5_SVR,-0.2567012925449449
12,mean+var,baseline,M6_SVR+time,-0.19953778017100232
12,dr-var,raw,M2_ENR,-0.26477026194707587
12,dr-var,raw,M3_ENR+time,-0.26869924479743534
12,dr-var,raw,M4_mixed,-0.6684105115257127
12,dr-var,raw,M5_SVR,-0.42365948202544546
12,dr-var,raw,M6_SVR+time,-0.39008868643590555
12,dr-var,baseline,M2_ENR,-0.24785429091503508
12,dr-var,baseline,M3_ENR+time,-0.2689560003843158
12,dr-var,baseline,M4_mixed,-0.7306622443903689
12,dr-var,baseline,M5_SVR,-0.40960823606444585
12,dr-var,baseline,M6_SVR+time,-0.42075958374292
12,dr-mean+var,raw,M2_ENR,-0.2758231200219293
12,dr-mean+var,raw,M3_ENR+time,-0.25193356829132785
12,dr-mean+var,raw,M4_mixed,-0.8203841075524115
12,dr-mean+var,raw,M5_SVR,-0.15517640004313993
12,dr-mean+var,raw,M6_SVR+time,-0.1619438843847727
12,dr-mean+var,baseline,M2_ENR,-0.2586959424375076
12,dr-mean+var,baseline,M3_ENR+time,-0.26008184870475015
12,dr-mean+var,baseline,M4_mixed,-0.8601146625115142
12,dr-mean+var,baseline,M5_SVR,-0.41118306119585524
12,dr-mean+var,baseline,M6_SVR+time,-0.40528994600060264
13,var,raw,M2_ENR,-0.11025280198578113
13,var,raw,M3_ENR+time,-0.12469939676920305
13,var,raw,M4_mixed,-0.7198382568893239
13,var,raw,M5_SVR,-0.25030730298983406
13,var,raw,M6_SVR+time,-0.1545867017283583
13,var,baseline,M2_ENR,-0.23967104651070092
13,var,baseline,M3_ENR+time,-0.24686143735977584
13,var,baseline,M4_mixed,-1.131325590109705
13,var,baseline,M5_SVR,-0.3591337894554999
13,var,baseline,M6_SVR+time,-0.2074895079705531
13,mean+var,raw,M2_ENR,-0.12093563885104741
13,mean+var,raw,M3_ENR+time,-0.12095863662807638
13,mean+var,raw,M4_mixed,-2.5691185589413594
13,mean+var,raw,M5_SVR,-0.27536488836924533
13,mean+var,raw,M6_SVR+time,-0.2073957291546863
13,mean+var,baseline,M2_ENR,-0.36138431140267635
13,mean+var,baseline,M3_ENR+time,-0.2884120283300876
13,mean+var,baseline,M4_mixed,-3.211633920395378
13,mean+var,baseline,M5_SVR,-0.16579501809881447
13,mean+var,baseline,M6_SVR+time,-0.1529816146319537
13,dr-var,raw,M2_ENR,-0.12346992525082623
13,dr-var,raw,M3_ENR+time,-0.09527945848411823
13,dr-var,raw,M4_mixed,-0.31324719754816666
13,dr-var,raw,M5_SVR,-0.22665252678814174
13,dr-var,raw,M6_SVR+time,-0.15147137036577574
13,dr-var,baseline,M2_ENR,-0.1759003550603977
13,dr-var,baseline,M3_ENR+time,-0.17213530678944344
13,dr-var,baseline,M4_mixed,-0.3836838111491553
13,dr-var,baseline,M5_SVR,-0.17597147162260196
13,dr-var,baseline,M6_SVR+time,-0.18047730199682654
13,dr-mean+var,raw,M2_ENR,-0.18977788401041495
13,dr-mean+var,raw,M3_ENR+time,-0.1929433251214835
13,dr-mean+var,raw,M4_mixed,-0.676347248588285
13,dr-mean+var,raw,M5_SVR,-0.4051765801968946
13,dr-mean+var,raw,M6_SVR+time,-0.30416612288386113
13,dr-mean+var,baseline,M2_ENR,-0.22955153206640577
13,dr-mean+var,baseline,M3_ENR+time,-0.26442839925560124
13,dr-mean+var,baseline,M4_mixed,-1.1478745650890652
13,dr-mean+var,baseline,M5_SVR,-0.14398416042526385
13,dr-mean+var,baseline,M6_SVR+time,-0.15246050123652155
14,var,raw,M2_ENR,-0.261373962177909
14,var,raw,M3_ENR+time,-0.2648997109220367
14,var,raw,M4_mixed,-0.5728331272814364
14,var,raw,M5_SVR,-0.39959063738680456
14,var,raw,M6_SVR+time,-0.3990709090903375
14,var,baseline,M2_ENR,-0.32834410165485983
14,var,baseline,M3_ENR+time,-0.29487815378503424
14,var,baseline,M4_mixed,-0.7983749509736509
14,var,baseline,M5_SVR,-0.3008104878945581
14,var,baseline,M6_SVR+time,-0.20112633876794472
14,mean+var,raw,M2_ENR,-0.2577602221639933
14,mean+var,raw,M3_ENR+time,-0.301709824382139
14,mean+var,raw,M4_mixed,-0.9982674487370822
14,mean+var,raw,M5_SVR,-0.384041339565947
14,mean+var,raw,M6_SVR+time,-0.46824436931566304
14,mean+var,baseline,M2_ENR,-0.39782437461345266
14,mean+var,baseline,M3_ENR+time,-0.40292544781568984
14,mean+var,baseline,M4_mixed,-4.128633821020177
14,mean+var,baseline,M5_SVR,-0.2926048354697597
14,mean+var,baseline,M6_SVR+time,-0.3157099450730052
14,dr-var,raw,M2_ENR,-0.3084783618105569
14,dr-var,raw,M3_ENR+time,-0.30760067531691093
14,dr-var,raw,M4_mixed,-0.9084105572136156
14,dr-var,raw,M5_SVR,-0.46372281224069023
14,dr-var,raw,M6_SVR+time,-0.48610771401579855
14,dr-var,baseline,M2_ENR,-0.31866922104578954
14,dr-var,baseline,M3_ENR+time,-0.3155506299480195
14,dr-var,baseline,M4_mixed,-0.9311063796380987
14,dr-var,baseline,M5_SVR,-0.5469495973245284
14,dr-var,baseline,M6_SVR+time,-0.46627150702597375
14,dr-mean+var,raw,M2_ENR,-0.33522798757862016
14,dr-mean+var,raw,M3_ENR+time,-0.3273384649775093
14,dr-mean+var,raw,M4_mixed,-1.8263586553195983
14,dr-mean+var,raw,M5_SVR,-0.4909707574513351
14,dr-mean+var,raw,M6_SVR+time,-0.38405849536199366
14,dr-mean+var,baseline,M2_ENR,-0.3235424702235836
14,dr-mean+var,baseline,M3_ENR+time,-0.3235424702235836
14,dr-mean+var,baseline,M4_mixed,-1.801854039421958
14,dr-mean+var,baseline,M5_SVR,-0.43362515454612716
14,dr-mean+var,baseline,M6_SVR+time,-0.4158053396556636
15,var,raw,M2_ENR,-0.3698334642108819
15,var,raw,M3_ENR+time,-0.2225289510740064
15,var,raw,M4_mixed,-0.401740900002452
15,var,raw,M5_SVR,-0.4410026372888619
15,var,raw,M6_SVR+time,-0.16839522208843838
15,var,baseline,M2_ENR,-0.3242923222512565
15,var,baseline,M3_ENR+time,0.08354042147697327
15,var,baseline,M4_mixed,-0.2599275782879764
15,var,baseline,M5_SVR,-0.3194645919576603
15,var,baseline,M6_SVR+time,-0.2242362343066252
15,mean+var,raw,M2_ENR,-0.3403622985149505
15,mean+var,raw,M3_ENR+time,-0.2977630308677315
15,mean+var,raw,M4_mixed,-0.3209694158419606
15,mean+var,raw,M5_SVR,-0.2008117524299301
15,mean+var,raw,M6_SVR+time,-0.1708786735580019
15,mean+var,baseline,M2_ENR,-0.05493789820708195
15,mean+var,baseline,M3_ENR+time,-0.0012277655553444289
15,mean+var,baseline,M4_mixed,-1.9197850682801518
15,mean+var,baseline,M5_SVR,-0.1823968426103264
15,mean+var,baseline,M6_SVR+time,-0.25533647349568855
15,dr-var,raw,M2_ENR,-0.3279083248744631
15,dr-var,raw,M3_ENR+time,-0.29138227579530496
15,dr-var,raw,M4_mixed,-0.8874109761319561
15,dr-var,raw,M5_SVR,-0.510148630973127
15,dr-var,raw,M6_SVR+time,-0.23910274994420178
15,dr-var,baseline,M2_ENR,-0.3598953774304149
15,dr-var,baseline,M3_ENR+time,-0.30254023710412636
15,dr-var,baseline,M4_mixed,-1.2974305340970043
15,dr-var,baseline,M5_SVR,-0.5281407934916532
15,dr-var,baseline,M6_SVR+time,-0.5453340163904722
15,dr-mean+var,raw,M2_ENR,-0.3382735870845678
15,dr-mean+var,raw,M3_ENR+time,-0.3281244798366437
15,dr-mean+var,raw,M4_mixed,-1.6076933573148469
15,dr-mean+var,raw,M5_SVR,-0.23366208342045947
15,dr-mean+var,raw,M6_SVR+time,-0.18982556339681944
15,dr-mean+var,baseline,M2_ENR,-0.28073922416253994
15,dr-mean+var,baseline,M3_ENR+time,-0.2299660008960236
15,dr-mean+var,baseline,M4_mixed,-2.0746036860072414
15,dr-mean+var,baseline,M5_SVR,-0.26849430865833435
15,dr-mean+var,baseline,M6_SVR+time,-0.07435147140788179
16,var,raw,M2_ENR,-0.17976596851154936
16,var,raw,M3_ENR+time,-0.15178855125285384
16,var,raw,M4_mixed,-0.7038620219862664
16,var,raw,M5_SVR,-0.34812167057689436
16,var,raw,M6_SVR+time,-0.31965485569989505
16,var,baseline,M2_ENR,-0.21852311714729344
16,var,baseline,M3_ENR+time,-0.15344555943669524
16,var,baseline,M4_mixed,-0.5987768002375975
16,var,baseline,M5_SVR,-0.2627164077491959
16,var,baseline,M6_SVR+time,-0.2278705853513523
16,mean+var,raw,M2_ENR,-0.19242611009153654
16,mean+var,raw,M3_ENR+time,-0.1977324820243911
16,mean+var,raw,M4_mixed,-1.0031480926195457
16,mean+var,raw,M5_SVR,-0.24223885476317086
16,mean+var,raw,M6_SVR+time,-0.2890681733889726
16,mean+var,baseline,M2_ENR,-0.24319039448959523
16,mean+var,baseline,M3_ENR+time,-0.15831162530813825
16,mean+var,baseline,M4_mixed,-1.7994407155665286
16,mean+var,baseline,M5_SVR,-0.19817396974319834
16,mean+var,baseline,M6_SVR+time,-0.14758854404821653
16,dr-var,raw,M2_ENR,-0.1857401843781179
16,dr-var,raw,M3_ENR+time,-0.24942844428550814
16,dr-var,raw,M4_mixed,-0.7926847854790697
16,dr-var,raw,M5_SVR,-0.34061840572931246
16,dr-var,raw,M6_SVR+time,-0.20800800354655724
16,dr-var,baseline,M2_ENR,-0.2162131769933655
16,dr-var,baseline,M3_ENR+time,-0.2749849820327195
16,dr-var,baseline,M4_mixed,-0.8989817810374081
16,dr-var,baseline,M5_SVR,-0.2987255317554489
16,dr-var,baseline,M6_SVR+time,-0.07158102834810076
16,dr-mean+var,raw,M2_ENR,-0.24109426525637678
16,dr-mean+var,raw,M3_ENR+time,-0.2855924741147815
16,dr-mean+var,raw,M4_mixed,-1.185741776798163
16,dr-mean+var,raw,M5_SVR,-0.12491294663302677
16,dr-mean+var,raw,M6_SVR+time,-0.10652954080630861
16,dr-mean+var,baseline,M2_ENR,-0.2157975137238466
16,dr-mean+var,baseline,M3_ENR+time,-0.28562173011905023
16,dr-mean+var,baseline,M4_mixed,-1.6342100711822052
16,dr-mean+var,baseline,M5_SVR,-0.20686323181836785
16,dr-mean+var,baseline,M6_SVR+time,-0.05275696591899948
17,var,raw,M2_ENR,-0.2888917672206688
17,var,raw,M3_ENR+time,-0.28372854438292183
17,var,raw,M4_mixed,-0.8403309235970853
17,var,raw,M5_SVR,-0.4479648875396205
17,var,raw,M6_SVR+time,-0.30636926585830193
17,var,baseline,M2_ENR,-0.2725199231670625
17,var,baseline,M3_ENR+time,-0.3088348174151776
17,var,baseline,M4_mixed,-1.4718665111307305
17,var,baseline,M5_SVR,-0.29834597824719533
17,var,baseline,M6_SVR+time,-0.2695285344046854
17,mean+var,raw,M2_ENR,-0.2849735334067973
17,mean+var,raw,M3_ENR+time,-0.3185020773023073
17,mean+var,raw,M4_mixed,-1.7291517231504008
17,mean+var,raw,M5_SVR,-0.3264570513132261
17,mean+var,raw,M6_SVR+time,-0.3380710391063526
17,mean+var,baseline,M2_ENR,-0.5165674974892818
17,mean+var,baseline,M3_ENR+time,-0.5090751277935859
17,mean+var,baseline,M4_mixed,-2.063722072303212
17,mean+var,baseline,M5_SVR,-0.19053689135851615
17,mean+var,baseline,M6_SVR+time,-0.20024184843834758
17,dr-var,raw,M2_ENR,-0.34571463333862873
17,dr-var,raw,M3_ENR+time,-0.3679183054903772
17,dr-var,raw,M4_mixed,-0.668963004924386
17,dr-var,raw,M5_SVR,-0.34475767253506984
17,dr-var,raw,M6_SVR+time,-0.2627061408985367
17,dr-var,baseline,M2_ENR,-0.2798739050418666
17,dr-var,baseline,M3_ENR+time,-0.29269526156854564
17,dr-var,baseline,M4_mixed,-1.2153615682197592
17,dr-var,baseline,M5_SVR,-0.30497745302797497
17,dr-var,baseline,M6_SVR+time,-0.2803251276936318
17,dr-mean+var,raw,M2_ENR,-0.2343275402509879
17,dr-mean+var,raw,M3_ENR+time,-0.2946059034957411
17,dr-mean+var,raw,M4_mixed,-1.1140265976375063
17,dr-mean+var,raw,M5_SVR,-0.19000784436948903
17,dr-mean+var,raw,M6_SVR+time,-0.19089096938938555
17,dr-mean+var,baseline,M2_ENR,-0.1720560196600045
17,dr-mean+var,baseline,M3_ENR+time,-0.2090581263786977
17,dr-mean+var,baseline,M4_mixed,-1.492087512091146
17,dr-mean+var,baseline,M5_SVR,-0.21293981297590958
17,dr-mean+var,baseline,M6_SVR+time,-0.1951141700935779
18,var,raw,M2_ENR,-0.1760212407249544
18,var,raw,M3_ENR+time,-0.26070337677513644
18,var,raw,M4_mixed,-0.5971191144261033
18,var,raw,M5_SVR,-0.4324714404545579
18,var,raw,M6_SVR+time,-0.4488013211247571
18,var,baseline,M2_ENR,-0.2764181379832892
18,var,baseline,M3_ENR+time,-0.4080393192046631
18,var,baseline,M4_mixed,-1.2345398040392874
18,var,baseline,M5_SVR,-0.4105049406934932
18,var,baseline,M6_SVR+time,-0.28079154432727893
18,mean+var,raw,M2_ENR,-0.17175287808918682
18,mean+var,raw,M3_ENR+time,-0.19531493743845763
18,mean+var,raw,M4_mixed,-1.2673400477247743
18,mean+var,raw,M5_SVR,-0.3433775030908518
18,mean+var,raw,M6_SVR+time,-0.32309577839999803
18,mean+var,baseline,M2_ENR,-0.3107191275444393
18,mean+var,baseline,M3_ENR+time,-0.2116623370357843
18,mean+var,baseline,M4_mixed,-3.1278753327411293
18,mean+var,baseline,M5_SVR,-0.23630265147351126
18,mean+var,baseline,M6_SVR+time,-0.2964666826403758
18,dr-var,raw,M2_ENR,-0.20798781193616345
18,dr-var,raw,M3_ENR+time,-0.16685626933734254
18,dr-var,raw,M4_mixed,-0.8305757010605023
18,dr-var,raw,M5_SVR,-0.35811392892469185
18,dr-var,raw,M6_SVR+time,-0.3285912149460771
18,dr-var,baseline,M2_ENR,-0.21262087373825878
18,dr-var,baseline,M3_ENR+time,-0.2420129181928382
18,dr-var,baseline,M4_mixed,-1.2872614861203164
18,dr-var,baseline,M5_SVR,-0.39529741678480035
18,dr-var,baseline,M6_SVR+time,-0.23550264197909276
18,dr-mean+var,raw,M2_ENR,-0.2582047071773782
18,dr-mean+var,raw,M3_ENR+time,-0.2251031579440389
18,dr-mean+var,raw,M4_mixed,-0.7671791889696661
18,dr-mean+var,raw,M5_SVR,-0.22871014688982771
18,dr-mean+var,raw,M6_SVR+time,-0.16559650821193583
18,dr-mean+var,baseline,M2_ENR,-0.13811309812205375
18,dr-mean+var,baseline,M3_ENR+time,-0.1936674283449592
18,dr-mean+var,baseline,M4_mixed,-1.3167959969785183
18,dr-mean+var,baseline,M5_SVR,-0.2906238221812997
18,dr-mean+var,baseline,M6_SVR+time,-0.22124186638559762
19,var,raw,M2_ENR,-0.37663880528623284
19,var,raw,M3_ENR+time,-0.37306238299481365
19,var,raw,M4_mixed,-1.0699396206058374
19,var,raw,M5_SVR,-0.53601194345494
19,var,raw,M6_SVR+time,-0.3763686561791246
19,var,baseline,M2_ENR,-0.38063876181388023
19,var,baseline,M3_ENR+time,-0.6285761797933067
19,var,baseline,M4_mixed,-1.123231582938743
19,var,baseline,M5_SVR,-0.3949745883930482
19,var,baseline,M6_SVR+time,-0.368770671859566
19,mean+var,raw,M2_ENR,-0.3774517701806337
19,mean+var,raw,M3_ENR+time,-0.3774517701806337
19,mean+var,raw,M4_mixed,-1.222988732839952
19,mean+var,raw,M5_SVR,-0.36778305629973507
19,mean+var,raw,M6_SVR+time,-0.3808929014359057
19,mean+var,baseline,M2_ENR,-0.4959843823065868
19,mean+var,baseline,M3_ENR+time,-0.3989125783252303
19,mean+var,baseline,M4_mixed,-1.6658707336849483
19,mean+var,baseline,M5_SVR,-0.4542536815056928
19,mean+var,baseline,M6_SVR+time,-0.37227228658815803
19,dr-var,raw,M2_ENR,-0.37358857923366906
19,dr-var,raw,M3_ENR+time,-0.368480303909958
19,dr-var,raw,M4_mixed,-0.601782233924993
19,dr-var,raw,M5_SVR,-0.3640388306635778
19,dr-var,raw,M6_SVR+time,-0.38359134406019635
19,dr-var,baseline,M2_ENR,-0.48182747362286316
19,dr-var,baseline,M3_ENR+time,-0.491228394827276
19,dr-var,baseline,M4_mixed,-0.8103940046376914
19,dr-var,baseline,M5_SVR,-0.4003282855954964
19,dr-var,baseline,M6_SVR+time,-0.462401539518035
19,dr-mean+var,raw,M2_ENR,-0.361765007473726
19,dr-mean+var,raw,M3_ENR+time,-0.36176500747372575
19,dr-mean+var,raw,M4_mixed,-0.9557569334997942
19,dr-mean+var,raw,M5_SVR,-0.3442506265683858
19,dr-mean+var,raw,M6_SVR+time,-0.3119997606098509
19,dr-mean+var,baseline,M2_ENR,-0.5011817111728958
19,dr-mean+var,baseline,M3_ENR+time,-0.5137690991409882
19,dr-mean+var,baseline,M4_mixed,-1.194250723684051
19,dr-mean+var,baseline,M5_SVR,-0.3566397713398739
19,dr-mean+var,baseline,M6_SVR+time,-0.42514984640938613
20,var,raw,M2_ENR,-0.11262241081901392
20,var,raw,M3_ENR+time,-0.20038522409081005
20,var,raw,M4_mixed,-1.1399660041720527
20,var,raw,M5_SVR,-0.2312590555699826
20,var,raw,M6_SVR+time,-0.23840634454167986
20,var,baseline,M2_ENR,-0.1254650361070052
20,var,baseline,M3_ENR+time,-0.1224231529190879
20,var,baseline,M4_mixed,-0.9343459288617256
20,var,baseline,M5_SVR,-0.29725464321849315
20,var,baseline,M6_SVR+time,-0.24430949482506115
20,mean+var,raw,M2_ENR,-0.2026527095567684
20,mean+var,raw,M3_ENR+time,-0.19462602354366687
20,mean+var,raw,M4_mixed,-2.2311984036966104
20,mean+var,raw,M5_SVR,-0.23746014538894789
20,mean+var,raw,M6_SVR+time,-0.14995121633325448
20,mean+var,baseline,M2_ENR,-0.23132123114030845
20,mean+var,baseline,M3_ENR+time,-0.23761529752004862
20,mean+var,baseline,M4_mixed,-5.320086358643508
20,mean+var,baseline,M5_SVR,-0.16059947350982007
20,mean+var,baseline,M6_SVR+time,-0.13949212919224785
20,dr-var,raw,M2_ENR,-0.21187706228484082
20,dr-var,raw,M3_ENR+time,-0.15268691923719568
20,dr-var,raw,M4_mixed,-0.42087556419415384
20,dr-var,raw,M5_SVR,-0.23156188698396052
20,dr-var,raw,M6_SVR+time,-0.22672302173477166
20,dr-var,baseline,M2_ENR,-0.17866442012521488
20,dr-var,baseline,M3_ENR+time,-0.18409222375516998
20,dr-var,baseline,M4_mixed,-0.44967304355288784
20,dr-var,baseline,M5_SVR,-0.3058627868646461
20,dr-var,baseline,M6_SVR+time,-0.22163690556063853
20,dr-mean+var,raw,M2_ENR,-0.1928020122096249
20,dr-mean+var,raw,M3_ENR+time,-0.1852129891495079
20,dr-mean+var,raw,M4_mixed,-1.067380444056416
20,dr-mean+var,raw,M5_SVR,-0.2045521483966316
20,dr-mean+var,raw,M6_SVR+time,-0.18208345478871613
20,dr-mean+var,baseline,M2_ENR,-0.254018687816122
20,dr-mean+var,baseline,M3_ENR+time,-0.19337087870912517
20,dr-mean+var,baseline,M4_mixed,-1.4095381558600493
20,dr-mean+var,baseline,M5_SVR,-0.13954354540014435
20,dr-mean+var,baseline,M6_SVR+time,-0.15027363812907357
21,var,raw,M2_ENR,-0.28024094713789216
21,var,raw,M3_ENR+time,-0.15274329175268275
21,var,raw,M4_mixed,-0.3188488169581616
21,var,raw,M5_SVR,-0.14411094876730102
21,var,raw,M6_SVR+time,-0.18643199194965354
21,var,baseline,M2_ENR,-0.43091985574026315
21,var,baseline,M3_ENR+time,-0.4556801358289473
21,var,baseline,M4_mixed,-1.045878149341778
21,var,baseline,M5_SVR,-0.17851144693774867
21,var,baseline,M6_SVR+time,-0.2278818455605922
21,mean+var,raw,M2_ENR,-0.217682918946021
21,mean+var,raw,M3_ENR+time,-0.2765951673061102
21,mean+var,raw,M4_mixed,-1.4662510529822128
21,mean+var,raw,M5_SVR,-0.215751355110394
21,mean+var,raw,M6_SVR+time,-0.04019679450843017
21,mean+var,baseline,M2_ENR,-0.15084295575613949
21,mean+var,baseline,M3_ENR+time,-0.242262667765907
21,mean+var,baseline,M4_mixed,-2.8854748528148315
21,mean+var,baseline,M5_SVR,-0.30890270680218457
21,mean+var,baseline,M6_SVR+time,-0.23530873285605836
21,dr-var,raw,M2_ENR,-0.22650103760163276
21,dr-var,raw,M3_ENR+time,-0.20219739581271745
21,dr-var,raw,M4_mixed,-0.5581696175306883
21,dr-var,raw,M5_SVR,-0.2572089645009086
21,dr-var,raw,M6_SVR+time,-0.24504863883014405
21,dr-var,baseline,M2_ENR,-0.2117923003704567
21,dr-var,baseline,M3_ENR+time,-0.33280719834102146
21,dr-var,baseline,M4_mixed,-0.6070863957761061
21,dr-var,baseline,M5_SVR,-0.2548943990308614
21,dr-var,baseline,M6_SVR+time,-0.26455190495556313
21,dr-mean+var,raw,M2_ENR,-0.2087829753538828
21,dr-mean+var,raw,M3_ENR+time,-0.21741683662768319
21,dr-mean+var,raw,M4_mixed,-0.9843847293281176
21,dr-mean+var,raw,M5_SVR,-0.15005172933738553
21,dr-mean+var,raw,M6_SVR+time,-0.14398610669467882
21,dr-mean+var,baseline,M2_ENR,-0.11600131586661122
21,dr-mean+var,baseline,M3_ENR+time,-0.1250339247922635
21,dr-mean+var,baseline,M4_mixed,-1.3008088430721323
21,dr-mean+var,baseline,M5_SVR,-0.2468390944928649
21,dr-mean+var,baseline,M6_SVR+time,-0.23417053788273656
22,var,raw,M2_ENR,-0.5333051745739206
22,var,raw,M3_ENR+time,-0.27031892253421175
22,var,raw,M4_mixed,-0.9938255598912398
22,var,raw,M5_SVR,-0.24598629773405478
22,var,raw,M6_SVR+time,-0.12779001512643662
22,var,baseline,M2_ENR,-0.6488293503220266
22,var,baseline,M3_ENR+time,-0.5561674616870662
22,var,baseline,M4_mixed,-0.4098297874737795
22,var,baseline,M5_SVR,-0.09195218836580099
22,var,baseline,M6_SVR+time,-0.2584466288681022
22,mean+var,raw,M2_ENR,-0.4908697346687929
22,mean+var,raw,M3_ENR+time,-0.19739670859623892
22,mean+var,raw,M4_mixed,-0.6687712314392957
22,mean+var,raw,M5_SVR,-0.021190110495013403
22,mean+var,raw,M6_SVR+time,0.055446239200268144
22,mean+var,baseline,M2_ENR,-0.32249674255232574
22,mean+var,baseline,M3_ENR+time,-0.18890566234276163
22,mean+var,baseline,M4_mixed,-2.657912598575311
22,mean+var,baseline,M5_SVR,-0.11778168285253465
22,mean+var,baseline,M6_SVR+time,-0.15171287940285672
22,dr-var,raw,M2_ENR,-0.24823315656365486
22,dr-var,raw,M3_ENR+time,-0.21278472127304826
22,dr-var,raw,M4_mixed,-0.2419850957545946
22,dr-var,raw,M5_SVR,-0.12263261113218238
22,dr-var,raw,M6_SVR+time,-0.15167115953972
22,dr-var,baseline,M2_ENR,-0.7748577757871495
22,dr-var,baseline,M3_ENR+time,-0.7888446190073397
22,dr-var,baseline,M4_mixed,-0.3113402905742275
22,dr-var,baseline,M5_SVR,-0.07359364073177588
22,dr-var,baseline,M6_SVR+time,-0.12586560012103554
22,dr-mean+var,raw,M2_ENR,-0.1966761797053984
22,dr-mean+var,raw,M3_ENR+time,-0.19755070018600351
22,dr-mean+var,raw,M4_mixed,-0.6578703973112483
22,dr-mean+var,raw,M5_SVR,-0.09288544708637447
22,dr-mean+var,raw,M6_SVR+time,-0.1049406542920922
22,dr-mean+var,baseline,M2_ENR,-0.1958904158455117
22,dr-mean+var,baseline,M3_ENR+time,-0.18209382990939282
22,dr-mean+var,baseline,M4_mixed,-0.4971751266462783
22,dr-mean+var,baseline,M5_SVR,-0.05261196838276072
22,dr-mean+var,baseline,M6_SVR+time,-0.06450856961132789
23,var,raw,M2_ENR,-0.8401575844438388
23,var,raw,M3_ENR+time,-0.8077404851558024
23,var,raw,M4_mixed,-1.5041502943298792
23,var,raw,M5_SVR,-0.4232577471130251
23,var,raw,M6_SVR+time,-0.5188588573943774
23,var,baseline,M2_ENR,-0.3838111671669636
23,var,baseline,M3_ENR+time,-0.39206629563367834
23,var,baseline,M4_mixed,-2.3027136740597465
23,var,baseline,M5_SVR,-0.40537822891187314
23,var,baseline,M6_SVR+time,-0.39957813356880767
23,mean+var,raw,M2_ENR,-0.8574686534524382
23,mean+var,raw,M3_ENR+time,-0.8445151626007644
23,mean+var,raw,M4_mixed,-1.638188763847538
23,mean+var,raw,M5_SVR,-0.37258800510880463
23,mean+var,raw,M6_SVR+time,-0.34878226038111704
23,mean+var,baseline,M2_ENR,-0.4135733905029485
23,mean+var,baseline,M3_ENR+time,-0.7422326919603192
23,mean+var,baseline,M4_mixed,-6.206581500622692
23,mean+var,baseline,M5_SVR,-0.37090220197748525
23,mean+var,baseline,M6_SVR+time,-0.4080540844158004
23,dr-var,raw,M2_ENR,-0.45435676313454365
23,dr-var,raw,M3_ENR+time,-0.5251529307310369
23,dr-var,raw,M4_mixed,-1.225292573038124
23,dr-var,raw,M5_SVR,-0.47019171655217773
23,dr-var,raw,M6_SVR+time,-0.32270888002273845
23,dr-var,baseline,M2_ENR,-0.43021759523617276
23,dr-var,baseline,M3_ENR+time,-0.4069299246789956
23,dr-var,baseline,M4_mixed,-1.2076365971646763
23,dr-var,baseline,M5_SVR,-0.4240045260029487
23,dr-var,baseline,M6_SVR+time,-0.28652668857326413
23,dr-mean+var,raw,M2_ENR,-0.39934319476715874
23,dr-mean+var,raw,M3_ENR+time,-0.3919801784396325
23,dr-mean+var,raw,M4_mixed,-1.6091484709448505
23,dr-mean+var,raw,M5_SVR,-0.4380163421354947
23,dr-mean+var,raw,M6_SVR+time,-0.30028195538872615
23,dr-mean+var,baseline,M2_ENR,-0.41871488030010073
23,dr-mean+var,baseline,M3_ENR+time,-0.6230296355725219
23,dr-mean+var,baseline,M4_mixed,-1.5610393972632073
23,dr-mean+var,baseline,M5_SVR,-0.3766926158639371
23,dr-mean+var,baseline,M6_SVR+time,-0.33184004866354366
24,var,raw,M2_ENR,-0.27546010117160824
24,var,raw,M3_ENR+time,-0.29291812688092844
24,var,raw,M4_mixed,-0.7389353193111612
24,var,raw,M5_SVR,-0.3829775044523034
24,var,raw,M6_SVR+time,-0.3248293760965213
24,var,baseline,M2_ENR,-0.24909545282908652
24,var,baseline,M3_ENR+time,-0.2892378348124429
24,var,baseline,M4_mixed,-0.543651416233297
24,var,baseline,M5_SVR,-0.3382579159140757
24,var,baseline,M6_SVR+time,-0.3279458564359139
24,mean+var,raw,M2_ENR,-0.3004085832215875
24,mean+var,raw,M3_ENR+time,-0.28851196664682055
24,mean+var,raw,M4_mixed,-1.27435129948085
24,mean+var,raw,M5_SVR,-0.189167138538628
24,mean+var,raw,M6_SVR+time,-0.22315387023104427
24,mean+var,baseline,M2_ENR,-0.2905552522309598
24,mean+var,baseline,M3_ENR+time,-0.26269632693419487
24,mean+var,baseline,M4_mixed,-8.22361311544747
24,mean+var,baseline,M5_SVR,-0.2585275291081057
24,mean+var,baseline,M6_SVR+time,-0.2880955465820172
24,dr-var,raw,M2_ENR,-0.27762213873188957
24,dr-var,raw,M3_ENR+time,-0.2534126257150775
24,dr-var,raw,M4_mixed,-0.4371292844620005
24,dr-var,raw,M5_SVR,-0.3032827659093129
24,dr-var,raw,M6_SVR+time,-0.1737584521032559
24,dr-var,baseline,M2_ENR,-0.3065852584759483
24,dr-var,baseline,M3_ENR+time,-0.33417375555041096
24,dr-var,baseline,M4_mixed,-0.4110335037250936
24,dr-var,baseline,M5_SVR,-0.3097023309213416
24,dr-var,baseline,M6_SVR+time,-0.30345769102440734
24,dr-mean+var,raw,M2_ENR,-0.2586958385967162
24,dr-mean+var,raw,M3_ENR+time,-0.2804569748606003
24,dr-mean+var,raw,M4_mixed,-0.48942273674524284
24,dr-mean+var,raw,M5_SVR,-0.2785099371902615
24,dr-mean+var,raw,M6_SVR+time,-0.21026028734064717
24,dr-mean+var,baseline,M2_ENR,-0.2701859737419665
24,dr-mean+var,baseline,M3_ENR+time,-0.2764455428583832
24,dr-mean+var,baseline,M4_mixed,-0.8654108775039016
24,dr-mean+var,baseline,M5_SVR,-0.22472688756089954
24,dr-mean+var,baseline,M6_SVR+time,-0.24631824421544768
25,var,raw,M2_ENR,-0.2807902545158918
25,var,raw,M3_ENR+time,-0.2858241565140942
25,var,raw,M4_mixed,-0.9064490540773253
25,var,raw,M5_SVR,-0.4392438387637432
25,var,raw,M6_SVR+time,-0.41927364218166807
25,var,baseline,M2_ENR,-0.3024821525219199
25,var,baseline,M3_ENR+time,-0.32151438526012077
25,var,baseline,M4_mixed,-1.4085262128344271
25,var,baseline,M5_SVR,-0.3364501562011377
25,var,baseline,M6_SVR+time,-0.3198934268042113
25,mean+var,raw,M2_ENR,-0.2604224315391829
25,mean+var,raw,M3_ENR+time,-0.25193640817453433
25,mean+var,raw,M4_mixed,-1.5533063500365079
25,mean+var,raw,M5_SVR,-0.26404418774364913
25,mean+var,raw,M6_SVR+time,-0.32499554240022843
25,mean+var,baseline,M2_ENR,-0.30921004544955144
25,mean+var,baseline,M3_ENR+time,-0.3335800047328876
25,mean+var,baseline,M4_mixed,-2.8474576119574815
25,mean+var,baseline,M5_SVR,-0.34297736633437914
25,mean+var,baseline,M6_SVR+time,-0.18228441448921107
25,dr-var,raw,M2_ENR,-0.28725888082404505
25,dr-var,raw,M3_ENR+time,-0.2876397336745036
25,dr-var,raw,M4_mixed,-0.7239838139104557
25,dr-var,raw,M5_SVR,-0.3707352652652143
25,dr-var,raw,M6_SVR+time,-0.37831706161254264
25,dr-var,baseline,M2_ENR,-0.28777764400263384
25,dr-var,baseline,M3_ENR+time,-0.2877776440026336
25,dr-var,baseline,M4_mixed,-1.0789600337968983
25,dr-var,baseline,M5_SVR,-0.37606964298426293
25,dr-var,baseline,M6_SVR+time,-0.4723270886369768
25,dr-mean+var,raw,M2_ENR,-0.2868896357813404
25,dr-mean+var,raw,M3_ENR+time,-0.2868896357813404
25,dr-mean+var,raw,M4_mixed,-0.5310763678264896
25,dr-mean+var,raw,M5_SVR,-0.29438469101735154
25,dr-mean+var,raw,M6_SVR+time,-0.28260487227496833
25,dr-mean+var,baseline,M2_ENR,-0.28969720988124403
25,dr-mean+var,baseline,M3_ENR+time,-0.301688251548238
25,dr-mean+var,baseline,M4_mixed,-0.7823920243604998
25,dr-mean+var,baseline,M5_SVR,-0.3477196110003886
25,dr-mean+var,baseline,M6_SVR+time,-0.31744154945251357
26,var,raw,M2_ENR,-0.2178743229225686
26,var,raw,M3_ENR+time,-0.2134900779207849
26,var,raw,M4_mixed,-0.7877414051230709
26,var,raw,M5_SVR,-0.2920250633875081
26,var,raw,M6_SVR+time,-0.3140808682072902
26,var,baseline,M2_ENR,-0.2086471202891398
26,var,baseline,M3_ENR+time,-0.20694409492074528
26,var,baseline,M4_mixed,-1.2443201006189546
26,var,baseline,M5_SVR,-0.2488730120767635
26,var,baseline,M6_SVR+time,-0.27633844789337814
26,mean+var,raw,M2_ENR,-0.20766773336676336
26,mean+var,raw,M3_ENR+time,-0.20833866340189933
26,mean+var,raw,M4_mixed,-1.1205366688807326
26,mean+var,raw,M5_SVR,-0.22224210454992654
26,mean+var,raw,M6_SVR+time,-0.23538476828290333
26,mean+var,baseline,M2_ENR,-0.25579952457188737
26,mean+var,baseline,M3_ENR+time,-0.25579952457188715
26,mean+var,baseline,M4_mixed,-2.9083202450245684
26,mean+var,baseline,M5_SVR,-0.22963288518433012
26,mean+var,baseline,M6_SVR+time,-0.22482281309996766
26,dr-var,raw,M2_ENR,-0.1959759441855322
26,dr-var,raw,M3_ENR+time,-0.2090836239052376
26,dr-var,raw,M4_mixed,-0.6186940067759401
26,dr-var,raw,M5_SVR,-0.22755593257813977
26,dr-var,raw,M6_SVR+time,-0.247106989980167
26,dr-var,baseline,M2_ENR,-0.32026908487341843
26,dr-var,baseline,M3_ENR+time,-0.2781056642153219
26,dr-var,baseline,M4_mixed,-0.5291758000538844
26,dr-var,baseline,M5_SVR,-0.20819713667197326
26,dr-var,baseline,M6_SVR+time,-0.2707568978468633
26,dr-mean+var,raw,M2_ENR,-0.2063583984415125
26,dr-mean+var,raw,M3_ENR+time,-0.2063583984415125
26,dr-mean+var,raw,M4_mixed,-1.0459947506614053
26,dr-mean+var,raw,M5_SVR,-0.20839772834373993
26,dr-mean+var,raw,M6_SVR+time,-0.17496562004665517
26,dr-mean+var,baseline,M2_ENR,-0.23539336465075622
26,dr-mean+var,baseline,M3_ENR+time,-0.2244391122246796
26,dr-mean+var,baseline,M4_mixed,-1.4185615523536397
26,dr-mean+var,baseline,M5_SVR,-0.21442099628814115
26,dr-mean+var,baseline,M6_SVR+time,-0.21645856167572308
27,var,raw,M2_ENR,-0.25804367531432026
27,var,raw,M3_ENR+time,-0.25528362075446287
27,var,raw,M4_mixed,-0.7269347204434835
27,var,raw,M5_SVR,-0.31571019367984565
27,var,raw,M6_SVR+time,-0.33978662370589086
27,var,baseline,M2_ENR,-0.28996152452812973
27,var,baseline,M3_ENR+time,-0.2630348038257788
27,var,baseline,M4_mixed,-1.5750162852114544
27,var,baseline,M5_SVR,-0.37865593229479977
27,var,baseline,M6_SVR+time,-0.2890900140126067
27,mean+var,raw,M2_ENR,-0.30219871124672504
27,mean+var,raw,M3_ENR+time,-0.26037661355371555
27,mean+var,raw,M4_mixed,-1.165612476158153
27,mean+var,raw,M5_SVR,-0.2212242442146941
27,mean+var,raw,M6_SVR+time,-0.21218438296375342
27,mean+var,baseline,M2_ENR,-0.2721392391319073
27,mean+var,baseline,M3_ENR+time,-0.2562234342982599
27,mean+var,baseline,M4_mixed,-0.4748206361697245
27,mean+var,baseline,M5_SVR,-0.3166667916692716
27,mean+var,baseline,M6_SVR+time,-0.2997793855257811
27,dr-var,raw,M2_ENR,-0.27959155405851677
27,dr-var,raw,M3_ENR+time,-0.32091964520806293
27,dr-var,raw,M4_mixed,-0.8999730221035136
27,dr-var,raw,M5_SVR,-0.21016276410606438
27,dr-var,raw,M6_SVR+time,-0.21278685001475428
27,dr-var,baseline,M2_ENR,-0.35858887310581355
27,dr-var,baseline,M3_ENR+time,-0.27451423750774295
27,dr-var,baseline,M4_mixed,-0.6707078334890326
27,dr-var,baseline,M5_SVR,-0.3161735734394908
27,dr-var,baseline,M6_SVR+time,-0.5203395052656163
27,dr-mean+var,raw,M2_ENR,-0.2492172140261597
27,dr-mean+var,raw,M3_ENR+time,-0.2155965892892434
27,dr-mean+var,raw,M4_mixed,-0.7210045800726257
27,dr-mean+var,raw,M5_SVR,-0.05097461768972589
27,dr-mean+var,raw,M6_SVR+time,-0.004806450474600599
27,dr-mean+var,baseline,M2_ENR,-0.250028803999488
27,dr-mean+var,baseline,M3_ENR+time,-0.2499586013203896
27,dr-mean+var,baseline,M4_mixed,-0.6192386121300122
27,dr-mean+var,baseline,M5_SVR,-0.18898320654373002
27,dr-mean+var,baseline,M6_SVR+time,-0.21252219804920724
28,var,raw,M2_ENR,-0.1626368015832591
28,var,raw,M3_ENR+time,-0.09656408518767923
28,var,raw,M4_mixed,-0.7437520154202739
28,var,raw,M5_SVR,-0.28792492104165435
28,var,raw,M6_SVR+time,-0.17940533858875418
28,var,baseline,M2_ENR,-0.19162081451390023
28,var,baseline,M3_ENR+time,-0.17556423353898598
28,var,baseline,M4_mixed,-0.8080075066788306
28,var,baseline,M5_SVR,-0.28366947864929704
28,var,baseline,M6_SVR+time,-0.26495968988945173
28,mean+var,raw,M2_ENR,-0.1121544268069482
28,mean+var,raw,M3_ENR+time,-0.052430952677308795
28,mean+var,raw,M4_mixed,-1.0464326079420465
28,mean+var,raw,M5_SVR,-0.19647726492801376
28,mean+var,raw,M6_SVR+time,-0.06261779203905549
28,mean+var,baseline,M2_ENR,-0.21998762300580443
28,mean+var,baseline,M3_ENR+time,-0.1420322476940542
28,mean+var,baseline,M4_mixed,-3.2869043700019303
28,mean+var,baseline,M5_SVR,-0.28667122881505436
28,mean+var,baseline,M6_SVR+time,-0.2366263705760352
28,dr-var,raw,M2_ENR,-0.19803153027821097
28,dr-var,raw,M3_ENR+time,-0.1456521279396532
28,dr-var,raw,M4_mixed,-0.16548059432803974
28,dr-var,raw,M5_SVR,-0.25011269295683625
28,dr-var,raw,M6_SVR+time,-0.30767549398471705
28,dr-var,baseline,M2_ENR,-0.3017896054398712
28,dr-var,baseline,M3_ENR+time,-0.19798584526214036
28,dr-var,baseline,M4_mixed,-0.1349840747212604
28,dr-var,baseline,M5_SVR,-0.31670939519395236
28,dr-var,baseline,M6_SVR+time,-0.12529527067169488
28,dr-mean+var,raw,M2_ENR,0.11984649017093774
28,dr-mean+var,raw,M3_ENR+time,0.1923300808067543
28,dr-mean+var,raw,M4_mixed,-0.27150344988925434
28,dr-mean+var,raw,M5_SVR,0.04055830467793187
28,dr-mean+var,raw,M6_SVR+time,0.04786072591351431
28,dr-mean+var,baseline,M2_ENR,-0.23788081025248786
28,dr-mean+var,baseline,M3_ENR+time,-0.19053017921845927
28,dr-mean+var,baseline,M4_mixed,-0.573126126131505
28,dr-mean+var,baseline,M5_SVR,-0.240540253181875
28,dr-mean+var,baseline,M6_SVR+time,-0.20299022093166608
29,var,raw,M2_ENR,-0.27394135150130805
29,var,raw,M3_ENR+time,-0.26182894588324035
29,var,raw,M4_mixed,-0.9231907500114287
29,var,raw,M5_SVR,-0.24791121097939062
29,var,raw,M6_SVR+time,-0.1821647151433612
29,var,baseline,M2_ENR,-0.8595881377582792
29,var,baseline,M3_ENR+time,-0.47123853447635633
29,var,baseline,M4_mixed,-1.1059715004864399
29,var,baseline,M5_SVR,-0.31038201101409024
29,var,baseline,M6_SVR+time,-0.2652520930762883
29,mean+var,raw,M2_ENR,-0.2785698023200991
29,mean+var,raw,M3_ENR+time,-0.2618373221765433
29,mean+var,raw,M4_mixed,-0.9947703417031675
29,mean+var,raw,M5_SVR,-0.17754928656863622
29,mean+var,raw,M6_SVR+time,-0.15415994788912135
29,mean+var,baseline,M2_ENR,-0.47758298474555416
29,mean+var,baseline,M3_ENR+time,-0.5796649376386769
29,mean+var,baseline,M4_mixed,-1.9467213539955261
29,mean+var,baseline,M5_SVR,-0.20814001644894453
29,mean+var,baseline,M6_SVR+time,-0.06793383825798027
29,dr-var,raw,M2_ENR,-0.254206971501016
29,dr-var,raw,M3_ENR+time,-0.24015854292132444
29,dr-var,raw,M4_mixed,-0.5035886470219564
29,dr-var,raw,M5_SVR,-0.3464697854215957
29,dr-var,raw,M6_SVR+time,-0.31989369168615767
29,dr-var,baseline,M2_ENR,-0.2684398820007292
29,dr-var,baseline,M3_ENR+time,-0.19825158079009386
29,dr-var,baseline,M4_mixed,-0.5220336187855281
29,dr-var,baseline,M5_SVR,-0.346931554749623
29,dr-var,baseline,M6_SVR+time,-0.3042984933908328
29,dr-mean+var,raw,M2_ENR,-0.29194490411108087
29,dr-mean+var,raw,M3_ENR+time,-0.3039310032882854
29,dr-mean+var,raw,M4_mixed,-0.8885658360413724
29,dr-mean+var,raw,M5_SVR,-0.3073791336138685
29,dr-mean+var,raw,M6_SVR+time,-0.2771346932705545
29,dr-mean+var,baseline,M2_ENR,-0.29952581702647385
29,dr-mean+var,baseline,M3_ENR+time,-0.3095665406471284
29,dr-mean+var,baseline,M4_mixed,-0.8673405123958293
29,dr-mean+var,baseline,M5_SVR,-0.34991811515368254
29,dr-mean+var,baseline,M6_SVR+time,-0.2719959843813795
30,var,raw,M2_ENR,-0.4454528292894876
30,var,raw,M3_ENR+time,-0.4287486249260767
30,var,raw,M4_mixed,-0.7448794981626169
30,var,raw,M5_SVR,-0.5026838645635069
30,var,raw,M6_SVR+time,-0.40529736104092773
30,var,baseline,M2_ENR,-0.8280714080231949
30,var,baseline,M3_ENR+time,-0.35080514333068435
30,var,baseline,M4_mixed,-1.3354508152289886
30,var,baseline,M5_SVR,-0.33199983824574386
30,var,baseline,M6_SVR+time,-0.30748632118172814
30,mean+var,raw,M2_ENR,-0.4854121275084856
30,mean+var,raw,M3_ENR+time,-0.4408295935376235
30,mean+var,raw,M4_mixed,-1.5243480823514415
30,mean+var,raw,M5_SVR,-0.4374660600280037
30,mean+var,raw,M6_SVR+time,-0.18748889672752644
30,mean+var,baseline,M2_ENR,-0.4259716942137849
30,mean+var,baseline,M3_ENR+time,-0.4439347685648799
30,mean+var,baseline,M4_mixed,-3.57444970664325
30,mean+var,baseline,M5_SVR,-0.37422501056074486
30,mean+var,baseline,M6_SVR+time,-0.31465649091710945
30,dr-var,raw,M2_ENR,-0.44357530244191234
30,dr-var,raw,M3_ENR+time,-0.44437882591089617
30,dr-var,raw,M4_mixed,-0.8854273289844242
30,dr-var,raw,M5_SVR,-0.5219094931496212
30,dr-var,raw,M6_SVR+time,-0.4014787375265704
30,dr-var,baseline,M2_ENR,-0.46877118471214796
30,dr-var,baseline,M3_ENR+time,-0.41986414186372933
30,dr-var,baseline,M4_mixed,-1.2139073638706184
30,dr-var,baseline,M5_SVR,-0.4244097688634184
30,dr-var,baseline,M6_SVR+time,-0.4077029426301574
30,dr-mean+var,raw,M2_ENR,-0.5086547202697388
30,dr-mean+var,raw,M3_ENR+time,-0.5759577878917074
30,dr-mean+var,raw,M4_mixed,-1.1643130116750107
30,dr-mean+var,raw,M5_SVR,-0.541822708831167
30,dr-mean+var,raw,M6_SVR+time,-0.36567006678615954
30,dr-mean+var,baseline,M2_ENR,-0.40070597147317744
30,dr-mean+var,baseline,M3_ENR+time,-0.40710045004287954
30,dr-mean+var,baseline,M4_mixed,-1.4088540484603063
30,dr-mean+var,baseline,M5_SVR,-0.3777387648069618
30,dr-mean+var,baseline,M6_SVR+time,-0.3064453450395307
31,var,raw,M2_ENR,-0.34215420565908683
31,var,raw,M3_ENR+time,-0.29217048985868754
31,var,raw,M4_mixed,-0.9379546332815997
31,var,raw,M5_SVR,-0.36875001193524637
31,var,raw,M6_SVR+time,-0.37090237032535456
31,var,baseline,M2_ENR,-0.27584761244431244
31,var,baseline,M3_ENR+time,-0.2921704898586873
31,var,baseline,M4_mixed,-1.1819798341299728
31,var,baseline,M5_SVR,-0.4051933154656836
31,var,baseline,M6_SVR+time,-0.2887987990107329
31,mean+var,raw,M2_ENR,-0.2986837835572035
31,mean+var,raw,M3_ENR+time,-0.2921704898586873
31,mean+var,raw,M4_mixed,-1.2254859810916128
31,mean+var,raw,M5_SVR,-0.27735629167459275
31,mean+var,raw,M6_SVR+time,-0.2767411048127474
31,mean+var,baseline,M2_ENR,-0.4738518407631135
31,mean+var,baseline,M3_ENR+time,-0.300807194734822
31,mean+var,baseline,M4_mixed,-1.390274513039392
31,mean+var,baseline,M5_SVR,-0.3655050681749187
31,mean+var,baseline,M6_SVR+time,-0.30073702692967286
31,dr-var,raw,M2_ENR,-0.6795322852258588
31,dr-var,raw,M3_ENR+time,-0.31853527180544094
31,dr-var,raw,M4_mixed,-1.25754309305775
31,dr-var,raw,M5_SVR,-0.37926752923654805
31,dr-var,raw,M6_SVR+time,-0.3471881271705578
31,dr-var,baseline,M2_ENR,-0.722198101191125
31,dr-var,baseline,M3_ENR+time,-1.1028967821892217
31,dr-var,baseline,M4_mixed,-1.741612553985251
31,dr-var,baseline,M5_SVR,-0.33841657302192785
31,dr-var,baseline,M6_SVR+time,-0.2713409258140643
31,dr-mean+var,raw,M2_ENR,-0.6762681204189559
31,dr-mean+var,raw,M3_ENR+time,-0.7803383615173479
31,dr-mean+var,raw,M4_mixed,-1.83753770672174
31,dr-mean+var,raw,M5_SVR,-0.2829328456149275
31,dr-mean+var,raw,M6_SVR+time,-0.1699015653689706
31,dr-mean+var,baseline,M2_ENR,-0.7666619552433241
31,dr-mean+var,baseline,M3_ENR+time,-1.2971725978209587
31,dr-mean+var,baseline,M4_mixed,-1.9246018869263812
31,dr-mean+var,baseline,M5_SVR,-0.3156253091931046
31,dr-mean+var,baseline,M6_SVR+time,-0.12339019872641055
32,var,raw,M2_ENR,-0.3826810790172178
32,var,raw,M3_ENR+time,-0.4505330980374759
32,var,raw,M4_mixed,-0.9848920741730233
32,var,raw,M5_SVR,-0.501890194537313
32,var,raw,M6_SVR+time,-0.3713074358684726
32,var,baseline,M2_ENR,-0.2968883111786489
32,var,baseline,M3_ENR+time,-0.3997122609701539
32,var,baseline,M4_mixed,-1.067388685022288
32,var,baseline,M5_SVR,-0.4242363021428167
32,var,baseline,M6_SVR+time,-0.42371773096110144
32,mean+var,raw,M2_ENR,-0.32228273585779166
32,mean+var,raw,M3_ENR+time,-0.32665706101201375
32,mean+var,raw,M4_mixed,-1.5614337183874656
32,mean+var,raw,M5_SVR,-0.4356425357357069
32,mean+var,raw,M6_SVR+time,-0.26858295048524805
32,mean+var,baseline,M2_ENR,-0.3441400134660585
32,mean+var,baseline,M3_ENR+time,-0.34095981490029115
32,mean+var,baseline,M4_mixed,-6.261206383123498
32,mean+var,baseline,M5_SVR,-0.438903101906697
32,mean+var,baseline,M6_SVR+time,-0.40211147039240924
32,dr-var,raw,M2_ENR,-0.8083965478927727
32,dr-var,raw,M3_ENR+time,-0.7086003965964259
32,dr-var,raw,M4_mixed,-1.1858159342161847
32,dr-var,raw,M5_SVR,-0.4011950203201283
32,dr-var,raw,M6_SVR+time,-0.429115538169237
32,dr-var,baseline,M2_ENR,-0.5759037757998374
32,dr-var,baseline,M3_ENR+time,-0.5643121006243511
32,dr-var,baseline,M4_mixed,-1.1811327102272675
32,dr-var,baseline,M5_SVR,-0.4711211096689175
32,dr-var,baseline,M6_SVR+time,-0.5363146871891932
32,dr-mean+var,raw,M2_ENR,-0.35120786687045824
32,dr-mean+var,raw,M3_ENR+time,-0.3475490941201066
32,dr-mean+var,raw,M4_mixed,-1.1575372393354426
32,dr-mean+var,raw,M5_SVR,-0.31811195135451686
32,dr-mean+var,raw,M6_SVR+time,-0.3176974631941386
32,dr-mean+var,baseline,M2_ENR,-0.48686811088223203
32,dr-mean+var,baseline,M3_ENR+time,-0.46781368148708935
32,dr-mean+var,baseline,M4_mixed,-1.7112050936711247
32,dr-mean+var,baseline,M5_SVR,-0.4132805058618144
32,dr-mean+var,baseline,M6_SVR+time,-0.34375583555506195
33,var,raw,M2_ENR,-0.29616021385027824
33,var,raw,M3_ENR+time,-0.21856581393773122
33,var,raw,M4_mixed,-0.7667099304155435
33,var,raw,M5_SVR,-0.37770233358630845
33,var,raw,M6_SVR+time,-0.32573153849718783
33,var,baseline,M2_ENR,-0.25864536963723717
33,var,baseline,M3_ENR+time,-0.19427860762830307
33,var,baseline,M4_mixed,-0.6433123900220402
33,var,baseline,M5_SVR,-0.2924844531169398
33,var,baseline,M6_SVR+time,-0.21099823323446498
33,mean+var,raw,M2_ENR,-0.22183800267988907
33,mean+var,raw,M3_ENR+time,-0.19427860762830307
33,mean+var,raw,M4_mixed,-0.7199029144621266
33,mean+var,raw,M5_SVR,-0.1514919749378475
33,mean+var,raw,M6_SVR+time,-0.14685985159587345
33,mean+var,baseline,M2_ENR,-0.29101367354280316
33,mean+var,baseline,M3_ENR+time,-0.19584534799176445
33,mean+var,baseline,M4_mixed,-3.0507381021411777
33,mean+var,baseline,M5_SVR,-0.1394959915194829
33,mean+var,baseline,M6_SVR+time,-0.044048355853431254
33,dr-var,raw,M2_ENR,-0.19877271117704332
33,dr-var,raw,M3_ENR+time,-0.19427860762830307
33,dr-var,raw,M4_mixed,-0.4917160179458132
33,dr-var,raw,M5_SVR,-0.2719759124985054
33,dr-var,raw,M6_SVR+time,-0.2372547254465972
33,dr-var,baseline,M2_ENR,-0.4106511630636066
33,dr-var,baseline,M3_ENR+time,-0.19427860762830307
33,dr-var,baseline,M4_mixed,-0.516249727460058
33,dr-var,baseline,M5_SVR,-0.2203225412315698
33,dr-var,baseline,M6_SVR+time,-0.13953293822377288
33,dr-mean+var,raw,M2_ENR,-0.18667578388741746
33,dr-mean+var,raw,M3_ENR+time,-0.19427860762830307
33,dr-mean+var,raw,M4_mixed,-0.934545169429399
33,dr-mean+var,raw,M5_SVR,-0.1848942877097598
33,dr-mean+var,raw,M6_SVR+time,-0.11259125185972019
33,dr-mean+var,baseline,M2_ENR,-0.20498809126713813
33,dr-mean+var,baseline,M3_ENR+time,-0.19427860762830307
33,dr-mean+var,baseline,M4_mixed,-0.6704139953195251
33,dr-mean+var,baseline,M5_SVR,-0.27104757661811674
33,dr-mean+var,baseline,M6_SVR+time,-0.19006513893831622
34,var,raw,M2_ENR,-0.3034201863289603
34,var,raw,M3_ENR+time,-0.27036784487494114
34,var,raw,M4_mixed,-0.939902697046624
34,var,raw,M5_SVR,-0.2543203972874224
34,var,raw,M6_SVR+time,-0.31237697433849654
34,var,baseline,M2_ENR,-0.3400710279461723
34,var,baseline,M3_ENR+time,-0.28104545227010647
34,var,baseline,M4_mixed,-0.748129641858921
34,var,baseline,M5_SVR,-0.2392211872546668
34,var,baseline,M6_SVR+time,-0.3236094660777664
34,mean+var,raw,M2_ENR,-0.2563167120919734
34,mean+var,raw,M3_ENR+time,-0.2565271431906244
34,mean+var,raw,M4_mixed,-1.8534156280540357
34,mean+var,raw,M5_SVR,-0.18104562063264507
34,mean+var,raw,M6_SVR+time,-0.16572794242678945
34,mean+var,baseline,M2_ENR,-0.35840732117567
34,mean+var,baseline,M3_ENR+time,-0.3852667337840743
34,mean+var,baseline,M4_mixed,-4.884274709638918
34,mean+var,baseline,M5_SVR,-0.23904533303985587
34,mean+var,baseline,M6_SVR+time,-0.28261771768577426
34,dr-var,raw,M2_ENR,-0.2586945386071213
34,dr-var,raw,M3_ENR+time,-0.23476614724705747
34,dr-var,raw,M4_mixed,-0.5446872294434824
34,dr-var,raw,M5_SVR,-0.2828549489902723
34,dr-var,raw,M6_SVR+time,-0.3672835724683592
34,dr-var,baseline,M2_ENR,-0.32992460086175845
34,dr-var,baseline,M3_ENR+time,-0.3014696738679443
34,dr-var,baseline,M4_mixed,-0.5331878622143698
34,dr-var,baseline,M5_SVR,-0.33572813970452
34,dr-var,baseline,M6_SVR+time,-0.3158060575249253
34,dr-mean+var,raw,M2_ENR,-0.20080366866270616
34,dr-mean+var,raw,M3_ENR+time,-0.25201643042878086
34,dr-mean+var,raw,M4_mixed,-0.6295868408242906
34,dr-mean+var,raw,M5_SVR,-0.262197395749894
34,dr-mean+var,raw,M6_SVR+time,-0.24010398453261783
34,dr-mean+var,baseline,M2_ENR,-0.2426359650348735
34,dr-mean+var,baseline,M3_ENR+time,-0.24281593198223628
34,dr-mean+var,baseline,M4_mixed,-0.6033548666168147
34,dr-mean+var,baseline,M5_SVR,-0.2978932901302813
34,dr-mean+var,baseline,M6_SVR+time,-0.32051780310975375
35,var,raw,M2_ENR,-0.3049120824166355
35,var,raw,M3_ENR+time,-0.23014555533992787
35,var,raw,M4_mixed,-1.119147777004443
35,var,raw,M5_SVR,-0.34917236361737936
35,var,raw,M6_SVR+time,-0.3469664898602922
35,var,baseline,M2_ENR,-0.3225790250263203
35,var,baseline,M3_ENR+time,-0.2525425740426954
35,var,baseline,M4_mixed,-0.8824115437203317
35,var,baseline,M5_SVR,-0.3782628727827211
35,var,baseline,M6_SVR+time,-0.3013780716716822
35,mean+var,raw,M2_ENR,-0.3123508518908764
35,mean+var,raw,M3_ENR+time,-0.2805563667602772
35,mean+var,raw,M4_mixed,-1.933945772816107
35,mean+var,raw,M5_SVR,-0.2957998873030946
35,mean+var,raw,M6_SVR+time,-0.2347403646958347
35,mean+var,baseline,M2_ENR,-0.297776554820803
35,mean+var,baseline,M3_ENR+time,-0.30580819072183285
35,mean+var,baseline,M4_mixed,-2.929600887743942
35,mean+var,baseline,M5_SVR,-0.47017573404766266
35,mean+var,baseline,M6_SVR+time,-0.43159037606777306
35,dr-var,raw,M2_ENR,-0.3654113745298977
35,dr-var,raw,M3_ENR+time,-0.25368904758926447
35,dr-var,raw,M4_mixed,-0.5365270958651731
35,dr-var,raw,M5_SVR,-0.31471636118144164
35,dr-var,raw,M6_SVR+time,-0.32165208735717266
35,dr-var,baseline,M2_ENR,-0.3835530045130082
35,dr-var,baseline,M3_ENR+time,-0.2771404819990173
35,dr-var,baseline,M4_mixed,-0.5175812113584637
35,dr-var,baseline,M5_SVR,-0.4203400203374663
35,dr-var,baseline,M6_SVR+time,-0.3605551062263348
35,dr-mean+var,raw,M2_ENR,-0.33535176818986256
35,dr-mean+var,raw,M3_ENR+time,-0.24470402551763992
35,dr-mean+var,raw,M4_mixed,-1.2436023517654504
35,dr-mean+var,raw,M5_SVR,-0.36196394865128245
35,dr-mean+var,raw,M6_SVR+time,-0.3257445867031772
35,dr-mean+var,baseline,M2_ENR,-0.4102538441525856
35,dr-mean+var,baseline,M3_ENR+time,-0.250292187811592
35,dr-mean+var,baseline,M4_mixed,-2.0282519772891145
35,dr-mean+var,baseline,M5_SVR,-0.3158323138293404
35,dr-mean+var,baseline,M6_SVR+time,-0.37090341227282075
36,var,raw,M2_ENR,-0.28828370698864647
36,var,raw,M3_ENR+time,-0.2842358643716786
36,var,raw,M4_mixed,-0.9114854614024496
36,var,raw,M5_SVR,-0.3647127522701229
36,var,raw,M6_SVR+time,-0.30899685914511654
36,var,baseline,M2_ENR,-0.2425619398878942
36,var,baseline,M3_ENR+time,-0.2907216741674089
36,var,baseline,M4_mixed,-0.42187305957294086
36,var,baseline,M5_SVR,-0.33395615979225657
36,var,baseline,M6_SVR+time,-0.3066216149630342
36,mean+var,raw,M2_ENR,-0.29086359952001917
36,mean+var,raw,M3_ENR+time,-0.2835733261523746
36,mean+var,raw,M4_mixed,-0.961463264420548
36,mean+var,raw,M5_SVR,-0.13339159370021492
36,mean+var,raw,M6_SVR+time,-0.15209251508985233
36,mean+var,baseline,M2_ENR,-0.268112482812206
36,mean+var,baseline,M3_ENR+time,-0.29069717261613437
36,mean+var,baseline,M4_mixed,-5.192158542611021
36,mean+var,baseline,M5_SVR,-0.279914735961848
36,mean+var,baseline,M6_SVR+time,-0.3057616240347808
36,dr-var,raw,M2_ENR,-0.268112482812206
36,dr-var,raw,M3_ENR+time,-0.2768012004769268
36,dr-var,raw,M4_mixed,-0.8787745805660229
36,dr-var,raw,M5_SVR,-0.34538193429194564
36,dr-var,raw,M6_SVR+time,-0.3026386105134439
36,dr-var,baseline,M2_ENR,-0.34616643983759
36,dr-var,baseline,M3_ENR+time,-0.28244284872125813
36,dr-var,baseline,M4_mixed,-0.7565427439629245
36,dr-var,baseline,M5_SVR,-0.29289754219336805
36,dr-var,baseline,M6_SVR+time,-0.28522450692260415
36,dr-mean+var,raw,M2_ENR,-0.26881793486327943
36,dr-mean+var,raw,M3_ENR+time,-0.271621576277408
36,dr-mean+var,raw,M4_mixed,-0.806312247971548
36,dr-mean+var,raw,M5_SVR,-0.23270745635346146
36,dr-mean+var,raw,M6_SVR+time,-0.19617967244954426
36,dr-mean+var,baseline,M2_ENR,-0.27315175591699925
36,dr-mean+var,baseline,M3_ENR+time,-0.27315175591699903
36,dr-mean+var,baseline,M4_mixed,-0.9929097172895686
36,dr-mean+var,baseline,M5_SVR,-0.2295152615025503
36,dr-mean+var,baseline,M6_SVR+time,-0.23723673912775
37,var,raw,M2_ENR,-0.28335457953875576
37,var,raw,M3_ENR+time,-0.2607192742372967
37,var,raw,M4_mixed,-0.6734098659659563
37,var,raw,M5_SVR,-0.28736614520899084
37,var,raw,M6_SVR+time,-0.2820516946036401
37,var,baseline,M2_ENR,-0.27322124354055466
37,var,baseline,M3_ENR+time,-0.28254651185634483
37,var,baseline,M4_mixed,-1.3111076467377774
37,var,baseline,M5_SVR,-0.22805736682585576
37,var,baseline,M6_SVR+time,-0.22911863546420708
37,mean+var,raw,M2_ENR,-0.2875298469044192
37,mean+var,raw,M3_ENR+time,-0.2811199929247402
37,mean+var,raw,M4_mixed,-2.073346459727007
37,mean+var,raw,M5_SVR,-0.27852824654752395
37,mean+var,raw,M6_SVR+time,-0.2824523494490968
37,mean+var,baseline,M2_ENR,-0.2584244797243004
37,mean+var,baseline,M3_ENR+time,-0.24070986474314926
37,mean+var,baseline,M4_mixed,-3.400889696184018
37,mean+var,baseline,M5_SVR,-0.26039180004286955
37,mean+var,baseline,M6_SVR+time,-0.23738158800816633
37,dr-var,raw,M2_ENR,-0.36520080405936184
37,dr-var,raw,M3_ENR+time,-0.3932837710770293
37,dr-var,raw,M4_mixed,-0.4850480231299109
37,dr-var,raw,M5_SVR,-0.30880779646846024
37,dr-var,raw,M6_SVR+time,-0.32342134790631893
37,dr-var,baseline,M2_ENR,-0.25504168424285334
37,dr-var,baseline,M3_ENR+time,-0.48014571004933126
37,dr-var,baseline,M4_mixed,-0.6859089288590795
37,dr-var,baseline,M5_SVR,-0.3702513903311616
37,dr-var,baseline,M6_SVR+time,-0.30742973412552177
37,dr-mean+var,raw,M2_ENR,-0.25121630256665806
37,dr-mean+var,raw,M3_ENR+time,-0.2911185991255193
37,dr-mean+var,raw,M4_mixed,-0.5042555545884572
37,dr-mean+var,raw,M5_SVR,-0.24941620477484738
37,dr-mean+var,raw,M6_SVR+time,-0.32064777669265465
37,dr-mean+var,baseline,M2_ENR,-0.2751962152635852
37,dr-mean+var,baseline,M3_ENR+time,-0.33800291219971046
37,dr-mean+var,baseline,M4_mixed,-0.8141400046573258
37,dr-mean+var,baseline,M5_SVR,-0.3044638340740261
37,dr-mean+var,baseline,M6_SVR+time,-0.17616086552579813
38,var,raw,M2_ENR,-0.4123257055042969
38,var,raw,M3_ENR+time,-0.3015702985785712
38,var,raw,M4_mixed,-0.7076686081807512
38,var,raw,M5_SVR,-0.3555075546135499
38,var,raw,M6_SVR+time,-0.3653865477378596
38,var,baseline,M2_ENR,-0.2951715251668311
38,var,baseline,M3_ENR+time,-0.3015702985785712
38,var,baseline,M4_mixed,-0.8650944305836946
38,var,baseline,M5_SVR,-0.3996664850196895
38,var,baseline,M6_SVR+time,-0.19201876104058924
38,mean+var,raw,M2_ENR,-0.3015702985785712
38,mean+var,raw,M3_ENR+time,-0.3015702985785712
38,mean+var,raw,M4_mixed,-2.4052529947986967
38,mean+var,raw,M5_SVR,-0.3531289678692967
38,mean+var,raw,M6_SVR+time,-0.29106423527153213
38,mean+var,baseline,M2_ENR,-0.2527776207780613
38,mean+var,baseline,M3_ENR+time,-0.26960414867373306
38,mean+var,baseline,M4_mixed,-1.6173682918460508
38,mean+var,baseline,M5_SVR,-0.35350698868936814
38,mean+var,baseline,M6_SVR+time,-0.2856836933073986
38,dr-var,raw,M2_ENR,-0.3015702985785712
38,dr-var,raw,M3_ENR+time,-0.3015702985785712
38,dr-var,raw,M4_mixed,-0.8712962682152477
38,dr-var,raw,M5_SVR,-0.3837074265789976
38,dr-var,raw,M6_SVR+time,-0.3851808267932372
38,dr-var,baseline,M2_ENR,-0.30551287191902776
38,dr-var,baseline,M3_ENR+time,-0.3015702985785712
38,dr-var,baseline,M4_mixed,-0.8362280352789443
38,dr-var,baseline,M5_SVR,-0.44849867035706803
38,dr-var,baseline,M6_SVR+time,-0.44465262324825183
38,dr-mean+var,raw,M2_ENR,-0.3098735367999951
38,dr-mean+var,raw,M3_ENR+time,-0.3007262673068406
38,dr-mean+var,raw,M4_mixed,-1.277407099164575
38,dr-mean+var,raw,M5_SVR,-0.38100007718511
38,dr-mean+var,raw,M6_SVR+time,-0.29485372960362366
38,dr-mean+var,baseline,M2_ENR,-0.35506515830807117
38,dr-mean+var,baseline,M3_ENR+time,-0.35417849546788094
38,dr-mean+var,baseline,M4_mixed,-1.594377786492983
38,dr-mean+var,baseline,M5_SVR,-0.44715014870622183
38,dr-mean+var,baseline,M6_SVR+time,-0.38260638840545813
39,var,raw,M2_ENR,-0.3447687625564171
39,var,raw,M3_ENR+time,-0.14159013643839546
39,var,raw,M4_mixed,-0.4362891166405569
39,var,raw,M5_SVR,-0.4589200667467299
39,var,raw,M6_SVR+time,-0.3581983345778734
39,var,baseline,M2_ENR,-0.5228754869369847
39,var,baseline,M3_ENR+time,-0.2708290629722381
39,var,baseline,M4_mixed,-0.40512434693682153
39,var,baseline,M5_SVR,-0.4057166167923858
39,var,baseline,M6_SVR+time,-0.3752699080695747
39,mean+var,raw,M2_ENR,-0.2951542289199086
39,mean+var,raw,M3_ENR+time,-0.1820166218241367
39,mean+var,raw,M4_mixed,-1.1158164072130534
39,mean+var,raw,M5_SVR,-0.4536777830473604
39,mean+var,raw,M6_SVR+time,-0.18479406540030396
39,mean+var,baseline,M2_ENR,-0.3253182548423119
39,mean+var,baseline,M3_ENR+time,-0.16097290777209672
39,mean+var,baseline,M4_mixed,-3.8768328576695
39,mean+var,baseline,M5_SVR,-0.2728207854638507
39,mean+var,baseline,M6_SVR+time,-0.2370251089046307
39,dr-var,raw,M2_ENR,-0.31382016139322155
39,dr-var,raw,M3_ENR+time,-0.17106867179973007
39,dr-var,raw,M4_mixed,-0.3293461849683157
39,dr-var,raw,M5_SVR,-0.3962966664646126
39,dr-var,raw,M6_SVR+time,-0.13983885471803748
39,dr-var,baseline,M2_ENR,-0.36798403431314086
39,dr-var,baseline,M3_ENR+time,-0.17802692667057674
39,dr-var,baseline,M4_mixed,-0.4095772306884864
39,dr-var,baseline,M5_SVR,-0.3865742388206983
39,dr-var,baseline,M6_SVR+time,-0.28023419991042076
39,dr-mean+var,raw,M2_ENR,-0.31154501084029873
39,dr-mean+var,raw,M3_ENR+time,-0.2158987149181636
39,dr-mean+var,raw,M4_mixed,-0.3990238297867432
39,dr-mean+var,raw,M5_SVR,-0.3706335039422288
39,dr-mean+var,raw,M6_SVR+time,-0.20928435284212643
39,dr-mean+var,baseline,M2_ENR,-0.22297690051020413
39,dr-mean+var,baseline,M3_ENR+time,-0.2349433350202933
39,dr-mean+var,baseline,M4_mixed,-0.6799956190825085
39,dr-mean+var,baseline,M5_SVR,-0.3086455444808346
39,dr-mean+var,baseline,M6_SVR+time,-0.26595246028549036
40,var,raw,M2_ENR,-0.19837144919846073
40,var,raw,M3_ENR+time,-0.20741576094207936
40,var,raw,M4_mixed,-1.1126394944568734
40,var,raw,M5_SVR,-0.3187781137139124
40,var,raw,M6_SVR+time,-0.3460342458756348
40,var,baseline,M2_ENR,-0.21028085204416957
40,var,baseline,M3_ENR+time,-0.21152086418245764
40,var,baseline,M4_mixed,-1.0081811659456434
40,var,baseline,M5_SVR,-0.3455285045963502
40,var,baseline,M6_SVR+time,-0.33757545505730835
40,mean+var,raw,M2_ENR,-0.09604629892894256
40,mean+var,raw,M3_ENR+time,-0.11049101788453508
40,mean+var,raw,M4_mixed,-1.8913538045097318
40,mean+var,raw,M5_SVR,-0.13457668286359792
40,mean+var,raw,M6_SVR+time,-0.05884428346700088
40,mean+var,baseline,M2_ENR,-0.14828477743589474
40,mean+var,baseline,M3_ENR+time,-0.15815112919504648
40,mean+var,baseline,M4_mixed,-2.1054252101211994
40,mean+var,baseline,M5_SVR,-0.2030325625185473
40,mean+var,baseline,M6_SVR+time,-0.23555940592079228
40,dr-var,raw,M2_ENR,-0.23519001661065453
40,dr-var,raw,M3_ENR+time,-0.23009061832689193
40,dr-var,raw,M4_mixed,-0.5336710596257478
40,dr-var,raw,M5_SVR,-0.3606029065366715
40,dr-var,raw,M6_SVR+time,-0.4020188456604016
40,dr-var,baseline,M2_ENR,-0.24729742417099965
40,dr-var,baseline,M3_ENR+time,-0.24066038210749252
40,dr-var,baseline,M4_mixed,-0.6831219260263334
40,dr-var,baseline,M5_SVR,-0.3399017504540741
40,dr-var,baseline,M6_SVR+time,-0.3542835597168178
40,dr-mean+var,raw,M2_ENR,-0.22259219579420708
40,dr-mean+var,raw,M3_ENR+time,-0.2333283350708807
40,dr-mean+var,raw,M4_mixed,-0.6623355894140218
40,dr-mean+var,raw,M5_SVR,-0.31074371173527326
40,dr-mean+var,raw,M6_SVR+time,-0.2113190724909385
40,dr-mean+var,baseline,M2_ENR,-0.27297413053358677
40,dr-mean+var,baseline,M3_ENR+time,-0.25185221607605646
40,dr-mean+var,baseline,M4_mixed,-1.3051279127822522
40,dr-mean+var,baseline,M5_SVR,-0.20688342769410462
40,dr-mean+var,baseline,M6_SVR+time,-0.2770230074227128
41,var,raw,M2_ENR,-0.27851255412323106
41,var,raw,M3_ENR+time,-0.33295023562674664
41,var,raw,M4_mixed,-0.9795843319145998
41,var,raw,M5_SVR,-0.3528843941457205
41,var,raw,M6_SVR+time,-0.39212346320374847
41,var,baseline,M2_ENR,-0.22054774304392522
41,var,baseline,M3_ENR+time,-0.18737211014674116
41,var,baseline,M4_mixed,-1.2675734258568985
41,var,baseline,M5_SVR,-0.47388661771295326
41,var,baseline,M6_SVR+time,-0.4788345277741577
41,mean+var,raw,M2_ENR,-0.2894498232499423
41,mean+var,raw,M3_ENR+time,-0.31320975733618517
41,mean+var,raw,M4_mixed,-3.075358621136564
41,mean+var,raw,M5_SVR,-0.30829698613052847
41,mean+var,raw,M6_SVR+time,-0.299762598970327
41,mean+var,baseline,M2_ENR,-0.6672075293083539
41,mean+var,baseline,M3_ENR+time,-0.25986523414140317
41,mean+var,baseline,M4_mixed,-3.224730670459369
41,mean+var,baseline,M5_SVR,-0.4485634109687193
41,mean+var,baseline,M6_SVR+time,-0.37369511552257717
41,dr-var,raw,M2_ENR,-0.2696286366144163
41,dr-var,raw,M3_ENR+time,-0.27282671691004023
41,dr-var,raw,M4_mixed,-0.570883443202943
41,dr-var,raw,M5_SVR,-0.21984947431167146
41,dr-var,raw,M6_SVR+time,-0.2507502217330374
41,dr-var,baseline,M2_ENR,-0.2914172332480949
41,dr-var,baseline,M3_ENR+time,-0.32146064154450893
41,dr-var,baseline,M4_mixed,-0.7480638051533548
41,dr-var,baseline,M5_SVR,-0.6439155606326261
41,dr-var,baseline,M6_SVR+time,-0.3269100987650815
41,dr-mean+var,raw,M2_ENR,-0.31539873894869186
41,dr-mean+var,raw,M3_ENR+time,-0.38556993121836225
41,dr-mean+var,raw,M4_mixed,-0.9451640323078214
41,dr-mean+var,raw,M5_SVR,-0.22676822390388518
41,dr-mean+var,raw,M6_SVR+time,-0.18972000914235687
41,dr-mean+var,baseline,M2_ENR,-0.40397940224784445
41,dr-mean+var,baseline,M3_ENR+time,-0.3344673050633391
41,dr-mean+var,baseline,M4_mixed,-1.6345941693543546
41,dr-mean+var,baseline,M5_SVR,-0.37543211646850194
41,dr-mean+var,baseline,M6_SVR+time,-0.25772176687811266
42,var,raw,M2_ENR,-0.2672270027129555
42,var,raw,M3_ENR+time,-0.10394709698274274
42,var,raw,M4_mixed,-0.7521478726478521
42,var,raw,M5_SVR,-0.2337565241042433
42,var,raw,M6_SVR+time,-0.023141542910054103
42,var,baseline,M2_ENR,-0.316276746865938
42,var,baseline,M3_ENR+time,-0.1753472691934599
42,var,baseline,M4_mixed,-1.119317098381258
42,var,baseline,M5_SVR,-0.1370816617258278
42,var,baseline,M6_SVR+time,-0.0032113770341632986
42,mean+var,raw,M2_ENR,-0.27521345037058964
42,mean+var,raw,M3_ENR+time,-0.17108857284585588
42,mean+var,raw,M4_mixed,-1.297607127895798
42,mean+var,raw,M5_SVR,-0.2545992659459573
42,mean+var,raw,M6_SVR+time,0.048792293528969743
42,mean+var,baseline,M2_ENR,-0.2933840172559494
42,mean+var,baseline,M3_ENR+time,-0.13839587522373342
42,mean+var,baseline,M4_mixed,-4.835048990106445
42,mean+var,baseline,M5_SVR,-0.2821122688429132
42,mean+var,baseline,M6_SVR+time,-0.004806374404435321
42,dr-var,raw,M2_ENR,-0.323230577584682
42,dr-var,raw,M3_ENR+time,-0.19992312024087389
42,dr-var,raw,M4_mixed,-0.34604299771010383
42,dr-var,raw,M5_SVR,-0.29839809322509714
42,dr-var,raw,M6_SVR+time,0.026200689318017
42,dr-var,baseline,M2_ENR,-1.117078156655332
42,dr-var,baseline,M3_ENR+time,-0.5833653137562722
42,dr-var,baseline,M4_mixed,-0.6270911757966298
42,dr-var,baseline,M5_SVR,-0.3589188235284093
42,dr-var,baseline,M6_SVR+time,-0.3084249657607834
42,dr-mean+var,raw,M2_ENR,-0.27742544989761475
42,dr-mean+var,raw,M3_ENR+time,-0.13040127528917556
42,dr-mean+var,raw,M4_mixed,-0.35761629631174774
42,dr-mean+var,raw,M5_SVR,-0.1367936538857688
42,dr-mean+var,raw,M6_SVR+time,-0.042772861021146635
42,dr-mean+var,baseline,M2_ENR,-0.3280652810334206
42,dr-mean+var,baseline,M3_ENR+time,-0.14522350383151306
42,dr-mean+var,baseline,M4_mixed,-0.6409507301585773
42,dr-mean+var,baseline,M5_SVR,-0.16891343997380204
42,dr-mean+var,baseline,M6_SVR+time,-0.1524110859833453
43,var,raw,M2_ENR,-0.23295922813643022
43,var,raw,M3_ENR+time,-0.24450435620071376
43,var,raw,M4_mixed,-0.9328810759041221
43,var,raw,M5_SVR,-0.2947843200819077
43,var,raw,M6_SVR+time,-0.2358268649574492
43,var,baseline,M2_ENR,-0.2006006736566054
43,var,baseline,M3_ENR+time,-0.20681086490349776
43,var,baseline,M4_mixed,-1.6210624839566985
43,var,baseline,M5_SVR,-0.23230962894679708
43,var,baseline,M6_SVR+time,-0.27343523538124737
43,mean+var,raw,M2_ENR,-0.17892361564839399
43,mean+var,raw,M3_ENR+time,-0.18359440917962377
43,mean+var,raw,M4_mixed,-1.9810008270760515
43,mean+var,raw,M5_SVR,-0.18072646131074588
43,mean+var,raw,M6_SVR+time,-0.10403529874039574
43,mean+var,baseline,M2_ENR,-0.23900976285662
43,mean+var,baseline,M3_ENR+time,-0.24121050882926875
43,mean+var,baseline,M4_mixed,-2.4073755415654055
43,mean+var,baseline,M5_SVR,-0.3394673429835221
43,mean+var,baseline,M6_SVR+time,-0.36432043025062166
43,dr-var,raw,M2_ENR,-0.25592475859270014
43,dr-var,raw,M3_ENR+time,-0.26500088765246865
43,dr-var,raw,M4_mixed,-0.518284026287927
43,dr-var,raw,M5_SVR,-0.3297093167279256
43,dr-var,raw,M6_SVR+time,-0.23573504975579385
43,dr-var,baseline,M2_ENR,-0.28326601093437354
43,dr-var,baseline,M3_ENR+time,-0.3043573407886656
43,dr-var,baseline,M4_mixed,-0.5936124195630413
43,dr-var,baseline,M5_SVR,-0.2862079641056433
43,dr-var,baseline,M6_SVR+time,-0.23134246492742616
43,dr-mean+var,raw,M2_ENR,-0.24729285183744654
43,dr-mean+var,raw,M3_ENR+time,-0.26587325345299606
43,dr-mean+var,raw,M4_mixed,-0.9622028932633283
43,dr-mean+var,raw,M5_SVR,-0.23579236313682805
43,dr-mean+var,raw,M6_SVR+time,-0.2016970351318519
43,dr-mean+var,baseline,M2_ENR,-0.24077768329159588
43,dr-mean+var,baseline,M3_ENR+time,-0.2998460185632773
43,dr-mean+var,baseline,M4_mixed,-0.8185801303557559
43,dr-mean+var,baseline,M5_SVR,-0.18327257524086293
43,dr-mean+var,baseline,M6_SVR+time,-0.20718536949369493
44,var,raw,M2_ENR,-0.30297795846726727
44,var,raw,M3_ENR+time,-0.3824104135034505
44,var,raw,M4_mixed,-0.9838443615785202
44,var,raw,M5_SVR,-0.42172999928132526
44,var,raw,M6_SVR+time,-0.3932793881450436
44,var,baseline,M2_ENR,-0.2792881203328643
44,var,baseline,M3_ENR+time,-0.3768884855258676
44,var,baseline,M4_mixed,-1.4205766724420081
44,var,baseline,M5_SVR,-0.37915814836840545
44,var,baseline,M6_SVR+time,-0.37239735863453416
44,mean+var,raw,M2_ENR,-0.3266835189676004
44,mean+var,raw,M3_ENR+time,-0.39228250080800686
44,mean+var,raw,M4_mixed,-2.406436363834742
44,mean+var,raw,M5_SVR,-0.2944729285234393
44,mean+var,raw,M6_SVR+time,-0.2898986302342136
44,mean+var,baseline,M2_ENR,-0.37862533556983546
44,mean+var,baseline,M3_ENR+time,-1.0717727588494141
44,mean+var,baseline,M4_mixed,-3.4179022810101802
44,mean+var,baseline,M5_SVR,-0.39991166667909095
44,mean+var,baseline,M6_SVR+time,-0.3899341834341188
44,dr-var,raw,M2_ENR,-0.2744299377943543
44,dr-var,raw,M3_ENR+time,-0.3127442246530603
44,dr-var,raw,M4_mixed,-0.8003279313575764
44,dr-var,raw,M5_SVR,-0.3501352667486557
44,dr-var,raw,M6_SVR+time,-0.3708957091928884
44,dr-var,baseline,M2_ENR,-0.30898039002265054
44,dr-var,baseline,M3_ENR+time,-0.31624034447051474
44,dr-var,baseline,M4_mixed,-0.9060666982487406
44,dr-var,baseline,M5_SVR,-0.39701957591316184
44,dr-var,baseline,M6_SVR+time,-0.44674604200264056
44,dr-mean+var,raw,M2_ENR,-0.30933089323643703
44,dr-mean+var,raw,M3_ENR+time,-0.28345791567646217
44,dr-mean+var,raw,M4_mixed,-1.2228711607397185
44,dr-mean+var,raw,M5_SVR,-0.40446951301630896
44,dr-mean+var,raw,M6_SVR+time,-0.3602887140869604
44,dr-mean+var,baseline,M2_ENR,-0.375451148959284
44,dr-mean+var,baseline,M3_ENR+time,-0.36010874810692783
44,dr-mean+var,baseline,M4_mixed,-1.4555518938309995
44,dr-mean+var,baseline,M5_SVR,-0.36260148428944317
44,dr-mean+var,baseline,M6_SVR+time,-0.36689917839200015
45,var,raw,M2_ENR,-0.18507313964079097
45,var,raw,M3_ENR+time,-0.17636393813795026
45,var,raw,M4_mixed,-0.9018255176529564
45,var,raw,M5_SVR,-0.29649120388594574
45,var,raw,M6_SVR+time,-0.423747921498018
45,var,baseline,M2_ENR,-0.24060645657853375
45,var,baseline,M3_ENR+time,-0.19930835730629148
45,var,baseline,M4_mixed,-0.879267366165257
45,var,baseline,M5_SVR,-0.06824249931649673
45,var,baseline,M6_SVR+time,-0.15996217787700373
45,mean+var,raw,M2_ENR,-0.14542512933291118
45,mean+var,raw,M3_ENR+time,-0.2370863540185839
45,mean+var,raw,M4_mixed,-0.6606108925239647
45,mean+var,raw,M5_SVR,-0.08978929156481974
45,mean+var,raw,M6_SVR+time,-0.10907867378395864
45,mean+var,baseline,M2_ENR,-0.17551526980795162
45,mean+var,baseline,M3_ENR+time,-0.21413491362015447
45,mean+var,baseline,M4_mixed,-3.3374430003298428
45,mean+var,baseline,M5_SVR,-0.048356998850852984
45,mean+var,baseline,M6_SVR+time,-0.05013672676680725
45,dr-var,raw,M2_ENR,-0.30528448452481016
45,dr-var,raw,M3_ENR+time,-0.2540571874166959
45,dr-var,raw,M4_mixed,-0.6186473371953172
45,dr-var,raw,M5_SVR,-0.1099294182684839
45,dr-var,raw,M6_SVR+time,-0.16271010996323865
45,dr-var,baseline,M2_ENR,-0.25877263435443765
45,dr-var,baseline,M3_ENR+time,-0.2527170509277903
45,dr-var,baseline,M4_mixed,-0.5402433876261483
45,dr-var,baseline,M5_SVR,-0.1322274545682378
45,dr-var,baseline,M6_SVR+time,-0.17537192354305908
45,dr-mean+var,raw,M2_ENR,-0.14900001712702138
45,dr-mean+var,raw,M3_ENR+time,-0.1490163704092149
45,dr-mean+var,raw,M4_mixed,-1.0541435679873197
45,dr-mean+var,raw,M5_SVR,-0.09636950980718784
45,dr-mean+var,raw,M6_SVR+time,-0.06347787404806393
45,dr-mean+var,baseline,M2_ENR,-0.3031780920132723
45,dr-mean+var,baseline,M3_ENR+time,-0.22195320852180478
45,dr-mean+var,baseline,M4_mixed,-0.9507957712373911
45,dr-mean+var,baseline,M5_SVR,-0.15225645396310838
45,dr-mean+var,baseline,M6_SVR+time,-0.10255652272805926
46,var,raw,M2_ENR,-0.43512361266781774
46,var,raw,M3_ENR+time,-0.4561451968613077
46,var,raw,M4_mixed,-1.0947218393557319
46,var,raw,M5_SVR,-0.520448782165106
46,var,raw,M6_SVR+time,-0.4577483289275541
46,var,baseline,M2_ENR,-0.6799609249732756
46,var,baseline,M3_ENR+time,-0.35506454055013004
46,var,baseline,M4_mixed,-3.4883169315592673
46,var,baseline,M5_SVR,-0.3826819256503844
46,var,baseline,M6_SVR+time,-0.3747003926017849
46,mean+var,raw,M2_ENR,-0.3760268031852245
46,mean+var,raw,M3_ENR+time,-0.3861790572305839
46,mean+var,raw,M4_mixed,-1.8076356703421037
46,mean+var,raw,M5_SVR,-0.2993098924229304
46,mean+var,raw,M6_SVR+time,-0.20418535375165414
46,mean+var,baseline,M2_ENR,-0.35365486482686403
46,mean+var,baseline,M3_ENR+time,-0.3363218035442135
46,mean+var,baseline,M4_mixed,-6.68537497776456
46,mean+var,baseline,M5_SVR,-0.41260305268625697
46,mean+var,baseline,M6_SVR+time,-0.4045198515468367
46,dr-var,raw,M2_ENR,-0.712051960565729
46,dr-var,raw,M3_ENR+time,-0.6947713904824533
46,dr-var,raw,M4_mixed,-1.1407580693401098
46,dr-var,raw,M5_SVR,-0.4001632928835672
46,dr-var,raw,M6_SVR+time,-0.29972226481138875
46,dr-var,baseline,M2_ENR,-1.0095019963799974
46,dr-var,baseline,M3_ENR+time,-0.9477780377602296
46,dr-var,baseline,M4_mixed,-1.326643915374399
46,dr-var,baseline,M5_SVR,-0.3904997281761229
46,dr-var,baseline,M6_SVR+time,-0.33863523603855095
46,dr-mean+var,raw,M2_ENR,-0.5157756993461664
46,dr-mean+var,raw,M3_ENR+time,-0.44453430577927633
46,dr-mean+var,raw,M4_mixed,-0.909954734699322
46,dr-mean+var,raw,M5_SVR,-0.3402940366091992
46,dr-mean+var,raw,M6_SVR+time,-0.26472140987139625
46,dr-mean+var,baseline,M2_ENR,-0.3434787548749967
46,dr-mean+var,baseline,M3_ENR+time,-0.35036645689748536
46,dr-mean+var,baseline,M4_mixed,-0.8284586946578416
46,dr-mean+var,baseline,M5_SVR,-0.35765059558222
46,dr-mean+var,baseline,M6_SVR+time,-0.4071351809276047
47,var,raw,M2_ENR,-0.38373912945681965
47,var,raw,M3_ENR+time,-0.3753606373936965
47,var,raw,M4_mixed,-0.6795860450807089
47,var,raw,M5_SVR,-0.2853881239614263
47,var,raw,M6_SVR+time,-0.2408676424509112
47,var,baseline,M2_ENR,-0.21801358078446176
47,var,baseline,M3_ENR+time,-0.20157520397027284
47,var,baseline,M4_mixed,-0.8126790161324068
47,var,baseline,M5_SVR,-0.2514422873954275
47,var,baseline,M6_SVR+time,-0.2886404954122853
47,mean+var,raw,M2_ENR,-0.15867331009071417
47,mean+var,raw,M3_ENR+time,-0.15858372985299507
47,mean+var,raw,M4_mixed,-1.0093875508386079
47,mean+var,raw,M5_SVR,-0.1874983788174095
47,mean+var,raw,M6_SVR+time,-0.21399782946839652
47,mean+var,baseline,M2_ENR,-0.29271443160390664
47,mean+var,baseline,M3_ENR+time,-0.22400268840006332
47,mean+var,baseline,M4_mixed,-1.1346689547505027
47,mean+var,baseline,M5_SVR,-0.2975187170986314
47,mean+var,baseline,M6_SVR+time,-0.24802778561736505
47,dr-var,raw,M2_ENR,-0.2553406132684305
47,dr-var,raw,M3_ENR+time,-0.21456255667446011
47,dr-var,raw,M4_mixed,-0.5970837052016448
47,dr-var,raw,M5_SVR,-0.25433596703318007
47,dr-var,raw,M6_SVR+time,-0.2833878531622961
47,dr-var,baseline,M2_ENR,-0.14525695437487407
47,dr-var,baseline,M3_ENR+time,-0.20199996025194233
47,dr-var,baseline,M4_mixed,-0.7697493431738488
47,dr-var,baseline,M5_SVR,-0.17565326513272328
47,dr-var,baseline,M6_SVR+time,-0.1559927817695227
47,dr-mean+var,raw,M2_ENR,-0.2005258661488748
47,dr-mean+var,raw,M3_ENR+time,-0.20033505128718365
47,dr-mean+var,raw,M4_mixed,-1.1600452167557234
47,dr-mean+var,raw,M5_SVR,-0.2120660794544863
47,dr-mean+var,raw,M6_SVR+time,-0.08299426243560759
47,dr-mean+var,baseline,M2_ENR,-0.1486651937442558
47,dr-mean+var,baseline,M3_ENR+time,-0.17301127034158614
47,dr-mean+var,baseline,M4_mixed,-1.1147229547221311
47,dr-mean+var,baseline,M5_SVR,-0.21256705734403425
47,dr-mean+var,baseline,M6_SVR+time,-0.20748206296227611
48,var,raw,M2_ENR,-0.21504842985988082
48,var,raw,M3_ENR+time,-0.23652285015032015
48,var,raw,M4_mixed,-0.8980981817159185
48,var,raw,M5_SVR,-0.2593232380132505
48,var,raw,M6_SVR+time,-0.28009382178081144
48,var,baseline,M2_ENR,-0.18093837389821277
48,var,baseline,M3_ENR+time,-0.20627196210329413
48,var,baseline,M4_mixed,-1.2559903837778892
48,var,baseline,M5_SVR,-0.38732606645070955
48,var,baseline,M6_SVR+time,-0.32467161268768574
48,mean+var,raw,M2_ENR,-0.1994846203837265
48,mean+var,raw,M3_ENR+time,-0.20895381668332702
48,mean+var,raw,M4_mixed,-2.965530646999021
48,mean+var,raw,M5_SVR,-0.18607490556940287
48,mean+var,raw,M6_SVR+time,-0.1968756055962273
48,mean+var,baseline,M2_ENR,-0.17091689641869334
48,mean+var,baseline,M3_ENR+time,-0.24600905737717282
48,mean+var,baseline,M4_mixed,-3.248863094585196
48,mean+var,baseline,M5_SVR,-0.35328135019695817
48,mean+var,baseline,M6_SVR+time,-0.3346420709232826
48,dr-var,raw,M2_ENR,-0.22339963038605315
48,dr-var,raw,M3_ENR+time,-0.23755212376830792
48,dr-var,raw,M4_mixed,-0.47820892891812317
48,dr-var,raw,M5_SVR,-0.28877252931192376
48,dr-var,raw,M6_SVR+time,-0.26082522942670694
48,dr-var,baseline,M2_ENR,-0.29759483436718226
48,dr-var,baseline,M3_ENR+time,-0.3149943593971182
48,dr-var,baseline,M4_mixed,-0.5422805992059306
48,dr-var,baseline,M5_SVR,-0.24819712037329478
48,dr-var,baseline,M6_SVR+time,-0.23885643989332495
48,dr-mean+var,raw,M2_ENR,-0.2411193518732465
48,dr-mean+var,raw,M3_ENR+time,-0.2691412659922344
48,dr-mean+var,raw,M4_mixed,-0.8942713674486821
48,dr-mean+var,raw,M5_SVR,-0.26436640685790136
48,dr-mean+var,raw,M6_SVR+time,-0.27017536879185944
48,dr-mean+var,baseline,M2_ENR,-0.32633192691184354
48,dr-mean+var,baseline,M3_ENR+time,-0.396229518643031
48,dr-mean+var,baseline,M4_mixed,-0.8847750272936806
48,dr-mean+var,baseline,M5_SVR,-0.1722184665965646
48,dr-mean+var,baseline,M6_SVR+time,-0.2142759352373126
49,var,raw,M2_ENR,-0.5268037149876035
49,var,raw,M3_ENR+time,-0.5286450519721122
49,var,raw,M4_mixed,-0.975323932691665
49,var,raw,M5_SVR,-0.3781636769705332
49,var,raw,M6_SVR+time,-0.4048860715323721
49,var,baseline,M2_ENR,-0.32275253921102864
49,var,baseline,M3_ENR+time,-0.2917568991131012
49,var,baseline,M4_mixed,-1.4790303150161457
49,var,baseline,M5_SVR,-0.34147496271819966
49,var,baseline,M6_SVR+time,-0.34108023789675923
49,mean+var,raw,M2_ENR,-0.4363395402079988
49,mean+var,raw,M3_ENR+time,-0.4239964880130529
49,mean+var,raw,M4_mixed,-1.415194591066509
49,mean+var,raw,M5_SVR,-0.2912397943626852
49,mean+var,raw,M6_SVR+time,-0.23225306130532997
49,mean+var,baseline,M2_ENR,-0.19733712219844257
49,mean+var,baseline,M3_ENR+time,-0.19275904296046242
49,mean+var,baseline,M4_mixed,-2.185595747918997
49,mean+var,baseline,M5_SVR,-0.29250421590646725
49,mean+var,baseline,M6_SVR+time,-0.2601643150359423
49,dr-var,raw,M2_ENR,-0.31189540041734864
49,dr-var,raw,M3_ENR+time,-0.30210277273159436
49,dr-var,raw,M4_mixed,-0.677992581118571
49,dr-var,raw,M5_SVR,-0.34072543946177203
49,dr-var,raw,M6_SVR+time,-0.2827024514967649
49,dr-var,baseline,M2_ENR,-0.30233099479910974
49,dr-var,baseline,M3_ENR+time,-0.30210277273159436
49,dr-var,baseline,M4_mixed,-0.8251644427612423
49,dr-var,baseline,M5_SVR,-0.28290913073897905
49,dr-var,baseline,M6_SVR+time,-0.3245439145423241
49,dr-mean+var,raw,M2_ENR,-0.30608084544005143
49,dr-mean+var,raw,M3_ENR+time,-0.30210277273159436
49,dr-mean+var,raw,M4_mixed,-0.9957852752198575
49,dr-mean+var,raw,M5_SVR,-0.3008749229842016
49,dr-mean+var,raw,M6_SVR+time,-0.2749993338596529
49,dr-mean+var,baseline,M2_ENR,-0.3362277895524133
49,dr-mean+var,baseline,M3_ENR+time,-0.32128111058838393
49,dr-mean+var,baseline,M4_mixed,-0.5541219285665637
49,dr-mean+var,baseline,M5_SVR,-0.3518614981754242
49,dr-mean+var,baseline,M6_SVR+time,-0.37049094149296047
50,var,raw,M2_ENR,-0.4695550422777316
50,var,raw,M3_ENR+time,-0.2616474067284733
50,var,raw,M4_mixed,-0.47374267879000354
50,var,raw,M5_SVR,-0.36168303835705184
50,var,raw,M6_SVR+time,-0.022413311274322223
50,var,baseline,M2_ENR,-0.6181622368355971
50,var,baseline,M3_ENR+time,-0.31814691883168666
50,var,baseline,M4_mixed,-1.0034258660479751
50,var,baseline,M5_SVR,-0.2421978739791948
50,var,baseline,M6_SVR+time,-0.11698037285177387
50,mean+var,raw,M2_ENR,-0.4142190003684333
50,mean+var,raw,M3_ENR+time,-0.16589582656057345
50,mean+var,raw,M4_mixed,-0.6915814936255446
50,mean+var,raw,M5_SVR,-0.2793726853126711
50,mean+var,raw,M6_SVR+time,-0.02712327567155981
50,mean+var,baseline,M2_ENR,-0.3658930630625238
50,mean+var,baseline,M3_ENR+time,-0.24317944626855448
50,mean+var,baseline,M4_mixed,-0.8409036774071353
50,mean+var,baseline,M5_SVR,-0.24127436386205947
50,mean+var,baseline,M6_SVR+time,-0.11195484172446435
50,dr-var,raw,M2_ENR,-0.30014280220534595
50,dr-var,raw,M3_ENR+time,-0.19269901956425595
50,dr-var,raw,M4_mixed,-0.26234894979991863
50,dr-var,raw,M5_SVR,-0.36793335752058887
50,dr-var,raw,M6_SVR+time,-0.09946266108885049
50,dr-var,baseline,M2_ENR,-0.8090525940781553
50,dr-var,baseline,M3_ENR+time,-0.6744103712827906
50,dr-var,baseline,M4_mixed,-0.36128144127182804
50,dr-var,baseline,M5_SVR,-0.3724111805132314
50,dr-var,baseline,M6_SVR+time,-0.14694923840278462
50,dr-mean+var,raw,M2_ENR,-0.31262420059728135
50,dr-mean+var,raw,M3_ENR+time,-0.1410318676435498
50,dr-mean+var,raw,M4_mixed,-0.37474286674419777
50,dr-mean+var,raw,M5_SVR,-0.27269213137735715
50,dr-mean+var,raw,M6_SVR+time,-0.12075130830462844
50,dr-mean+var,baseline,M2_ENR,-0.27662616467346035
50,dr-mean+var,baseline,M3_ENR+time,-0.2004526910066684
50,dr-mean+var,baseline,M4_mixed,-0.3543264802891609
50,dr-mean+var,baseline,M5_SVR,-0.20184826553876034
50,dr-mean+var,baseline,M6_SVR+time,-0.22033936583077784
51,var,raw,M2_ENR,-0.2445309894190758
51,var,raw,M3_ENR+time,-0.26011384436641605
51,var,raw,M4_mixed,-0.8160162147077722
51,var,raw,M5_SVR,-0.4948674221150048
51,var,raw,M6_SVR+time,-0.42165437876684153
51,var,baseline,M2_ENR,-0.15637851450697138
51,var,baseline,M3_ENR+time,-0.16314846431972996
51,var,baseline,M4_mixed,-1.3039083761784576
51,var,baseline,M5_SVR,-0.37743049992358946
51,var,baseline,M6_SVR+time,-0.4420679756964755
51,mean+var,raw,M2_ENR,-0.38709249007210855
51,mean+var,raw,M3_ENR+time,-0.22601372281312393
51,mean+var,raw,M4_mixed,-1.3071622796681912
51,mean+var,raw,M5_SVR,-0.322130591572214
51,mean+var,raw,M6_SVR+time,-0.15631076981118486
51,mean+var,baseline,M2_ENR,-0.4114325423874724
51,mean+var,baseline,M3_ENR+time,-0.38399227117435697
51,mean+var,baseline,M4_mixed,-4.565975999821621
51,mean+var,baseline,M5_SVR,-0.30033771952911226
51,mean+var,baseline,M6_SVR+time,-0.24894244374278174
51,dr-var,raw,M2_ENR,-0.23553552495147423
51,dr-var,raw,M3_ENR+time,-0.2271988669104016
51,dr-var,raw,M4_mixed,-0.9417012583102781
51,dr-var,raw,M5_SVR,-0.3170120032841196
51,dr-var,raw,M6_SVR+time,-0.2291731290739708
51,dr-var,baseline,M2_ENR,-0.23621862286265716
51,dr-var,baseline,M3_ENR+time,-0.2336222538168743
51,dr-var,baseline,M4_mixed,-1.0327640225835752
51,dr-var,baseline,M5_SVR,-0.33868549746043486
51,dr-var,baseline,M6_SVR+time,-0.24030863112025858
51,dr-mean+var,raw,M2_ENR,-0.282066169447161
51,dr-mean+var,raw,M3_ENR+time,-0.24261964238474298
51,dr-mean+var,raw,M4_mixed,-1.3027956934847253
51,dr-mean+var,raw,M5_SVR,-0.24857906544832098
51,dr-mean+var,raw,M6_SVR+time,-0.18212883313902772
51,dr-mean+var,baseline,M2_ENR,-0.26109003357176663
51,dr-mean+var,baseline,M3_ENR+time,-0.25786179190147485
51,dr-mean+var,baseline,M4_mixed,-2.133594267348973
51,dr-mean+var,baseline,M5_SVR,-0.38934315016236354
51,dr-mean+var,baseline,M6_SVR+time,-0.2210272375878385
52,var,raw,M2_ENR,-0.2346957464911853
52,var,raw,M3_ENR+time,-0.24129050224058346
52,var,raw,M4_mixed,-0.5717944796825399
52,var,raw,M5_SVR,-0.3339552779278042
52,var,raw,M6_SVR+time,-0.3378233677246144
52,var,baseline,M2_ENR,-0.19797316404385057
52,var,baseline,M3_ENR+time,-0.19797316404385057
52,var,baseline,M4_mixed,-0.8664259591697899
52,var,baseline,M5_SVR,-0.2780330525372513
52,var,baseline,M6_SVR+time,-0.28185397291226033
52,mean+var,raw,M2_ENR,-0.16448630494598426
52,mean+var,raw,M3_ENR+time,-0.21374394731398894
52,mean+var,raw,M4_mixed,-1.5672141053876034
52,mean+var,raw,M5_SVR,-0.24119381446438737
52,mean+var,raw,M6_SVR+time,-0.19463056148906632
52,mean+var,baseline,M2_ENR,-0.24811119609951426
52,mean+var,baseline,M3_ENR+time,-0.2146434349494447
52,mean+var,baseline,M4_mixed,-3.8366522552220363
52,mean+var,baseline,M5_SVR,-0.3106319587334597
52,mean+var,baseline,M6_SVR+time,-0.2828284743286197
52,dr-var,raw,M2_ENR,-0.21481862261158435
52,dr-var,raw,M3_ENR+time,-0.20569456969515254
52,dr-var,raw,M4_mixed,-0.42552094854423383
52,dr-var,raw,M5_SVR,-0.31852579582133134
52,dr-var,raw,M6_SVR+time,-0.3007346466843491
52,dr-var,baseline,M2_ENR,-0.20435480180426124
52,dr-var,baseline,M3_ENR+time,-0.20890053704849365
52,dr-var,baseline,M4_mixed,-0.41740704778966176
52,dr-var,baseline,M5_SVR,-0.3237803170674981
52,dr-var,baseline,M6_SVR+time,-0.37046241386305423
52,dr-mean+var,raw,M2_ENR,-0.2297559802141217
52,dr-mean+var,raw,M3_ENR+time,-0.2060532469384776
52,dr-mean+var,raw,M4_mixed,-1.166012799939549
52,dr-mean+var,raw,M5_SVR,-0.2763764963345007
52,dr-mean+var,raw,M6_SVR+time,-0.26759573290666994
52,dr-mean+var,baseline,M2_ENR,-0.27714665269905214
52,dr-mean+var,baseline,M3_ENR+time,-0.283534281112071
52,dr-mean+var,baseline,M4_mixed,-0.39192440669167594
52,dr-mean+var,baseline,M5_SVR,-0.27308361751957777
52,dr-mean+var,baseline,M6_SVR+time,-0.275290415139123
53,var,raw,M2_ENR,-0.2942565316012601
53,var,raw,M3_ENR+time,-0.2898512663042917
53,var,raw,M4_mixed,-1.5408172017333581
53,var,raw,M5_SVR,-0.13125671325170196
53,var,raw,M6_SVR+time,-0.16747731540143418
53,var,baseline,M2_ENR,-0.17166042018661531
53,var,baseline,M3_ENR+time,-0.17994614364005335
53,var,baseline,M4_mixed,-0.6202862965763826
53,var,baseline,M5_SVR,-0.27295909164594934
53,var,baseline,M6_SVR+time,-0.19072717094965796
53,mean+var,raw,M2_ENR,-0.28917493962083174
53,mean+var,raw,M3_ENR+time,-0.2815450354007146
53,mean+var,raw,M4_mixed,-1.1934094171153755
53,mean+var,raw,M5_SVR,-0.18783793918506642
53,mean+var,raw,M6_SVR+time,-0.13486875027809675
53,mean+var,baseline,M2_ENR,-0.16831477477526346
53,mean+var,baseline,M3_ENR+time,-0.17838638626865777
53,mean+var,baseline,M4_mixed,-2.101965072824961
53,mean+var,baseline,M5_SVR,-0.1341979254700867
53,mean+var,baseline,M6_SVR+time,-0.18923721877460775
53,dr-var,raw,M2_ENR,-0.23452489175960156
53,dr-var,raw,M3_ENR+time,-0.2619271625623193
53,dr-var,raw,M4_mixed,-0.6711123369782283
53,dr-var,raw,M5_SVR,-0.1896646898785005
53,dr-var,raw,M6_SVR+time,-0.20623856028237897
53,dr-var,baseline,M2_ENR,-0.77579702170087
53,dr-var,baseline,M3_ENR+time,-0.7165510679690091
53,dr-var,baseline,M4_mixed,-1.3268637591727481
53,dr-var,baseline,M5_SVR,-0.2646379337468502
53,dr-var,baseline,M6_SVR+time,-0.2914869177776932
53,dr-mean+var,raw,M2_ENR,-0.20857814272353248
53,dr-mean+var,raw,M3_ENR+time,-0.19771324053084216
53,dr-mean+var,raw,M4_mixed,-0.9353254527598832
53,dr-mean+var,raw,M5_SVR,-0.1136998991827376
53,dr-mean+var,raw,M6_SVR+time,-0.16474339464180976
53,dr-mean+var,baseline,M2_ENR,-0.16174565747439773
53,dr-mean+var,baseline,M3_ENR+time,-0.16901359449195685
53,dr-mean+var,baseline,M4_mixed,-1.3717696121522192
53,dr-mean+var,baseline,M5_SVR,-0.1840145797395284
53,dr-mean+var,baseline,M6_SVR+time,-0.22374223631605827
54,var,raw,M2_ENR,-0.45490021297969285
54,var,raw,M3_ENR+time,-0.6025963771330634
54,var,raw,M4_mixed,-1.0197363170739862
54,var,raw,M5_SVR,-0.35812379526749516
54,var,raw,M6_SVR+time,-0.30498187356176665
54,var,baseline,M2_ENR,-0.5832980741833635
54,var,baseline,M3_ENR+time,-0.6032838821795694
54,var,baseline,M4_mixed,-1.3333979118627093
54,var,baseline,M5_SVR,-0.28944878716512923
54,var,baseline,M6_SVR+time,-0.24375207359116025
54,mean+var,raw,M2_ENR,-0.38366673932477835
54,mean+var,raw,M3_ENR+time,-0.37785728754214953
54,mean+var,raw,M4_mixed,-1.408771202379817
54,mean+var,raw,M5_SVR,-0.29785920819076583
54,mean+var,raw,M6_SVR+time,-0.27542166074993
54,mean+var,baseline,M2_ENR,-0.2615359285255827
54,mean+var,baseline,M3_ENR+time,-0.25252786217124146
54,mean+var,baseline,M4_mixed,-1.5428403563155955
54,mean+var,baseline,M5_SVR,-0.20803894622358643
54,mean+var,baseline,M6_SVR+time,-0.24171292972555358
54,dr-var,raw,M2_ENR,-0.31885990892065674
54,dr-var,raw,M3_ENR+time,-0.2918184270549997
54,dr-var,raw,M4_mixed,-0.7515601074090408
54,dr-var,raw,M5_SVR,-0.3434085648455316
54,dr-var,raw,M6_SVR+time,-0.3191844044881993
54,dr-var,baseline,M2_ENR,-0.7681433789327354
54,dr-var,baseline,M3_ENR+time,-0.2694956626376701
54,dr-var,baseline,M4_mixed,-1.2407096182473443
54,dr-var,baseline,M5_SVR,-0.2916225754539219
54,dr-var,baseline,M6_SVR+time,-0.2930041586017609
54,dr-mean+var,raw,M2_ENR,-0.2726895041774058
54,dr-mean+var,raw,M3_ENR+time,-0.2809193990975323
54,dr-mean+var,raw,M4_mixed,-0.8958603800616736
54,dr-mean+var,raw,M5_SVR,-0.2948096129326152
54,dr-mean+var,raw,M6_SVR+time,-0.20272737844615474
54,dr-mean+var,baseline,M2_ENR,-0.1586105421482913
54,dr-mean+var,baseline,M3_ENR+time,-0.22248725448418727
54,dr-mean+var,baseline,M4_mixed,-0.841427230568544
54,dr-mean+var,baseline,M5_SVR,-0.24885068580197878
54,dr-mean+var,baseline,M6_SVR+time,-0.21000893578273128
55,var,raw,M2_ENR,-0.41437600048838485
55,var,raw,M3_ENR+time,-0.4124349569816287
55,var,raw,M4_mixed,-1.0636778110125258
55,var,raw,M5_SVR,-0.39162003068609086
55,var,raw,M6_SVR+time,-0.4128225012767711
55,var,baseline,M2_ENR,-0.4754504868518
55,var,baseline,M3_ENR+time,-0.47204961308373583
55,var,baseline,M4_mixed,-1.0044865521799884
55,var,baseline,M5_SVR,-0.4492880894420005
55,var,baseline,M6_SVR+time,-0.5828649202287736
55,mean+var,raw,M2_ENR,-0.42869684591107016
55,mean+var,raw,M3_ENR+time,-0.4124349569816287
55,mean+var,raw,M4_mixed,-1.7330294690516346
55,mean+var,raw,M5_SVR,-0.3211196426485423
55,mean+var,raw,M6_SVR+time,-0.19031864542026022
55,mean+var,baseline,M2_ENR,-0.4078005773893957
55,mean+var,baseline,M3_ENR+time,-0.4078005773893959
55,mean+var,baseline,M4_mixed,-3.5915558781687382
55,mean+var,baseline,M5_SVR,-0.4702482376982141
55,mean+var,baseline,M6_SVR+time,-0.45019613891082744
55,dr-var,raw,M2_ENR,-0.4238826281179372
55,dr-var,raw,M3_ENR+time,-0.4124349569816287
55,dr-var,raw,M4_mixed,-1.3409852738059742
55,dr-var,raw,M5_SVR,-0.431433650991368
55,dr-var,raw,M6_SVR+time,-0.4837744509310776
55,dr-var,baseline,M2_ENR,-0.527852999096258
55,dr-var,baseline,M3_ENR+time,-0.40305677590060396
55,dr-var,baseline,M4_mixed,-1.4294116965002872
55,dr-var,baseline,M5_SVR,-0.4824833157034919
55,dr-var,baseline,M6_SVR+time,-0.5444923995271992
55,dr-mean+var,raw,M2_ENR,-0.8578806653414818
55,dr-mean+var,raw,M3_ENR+time,-0.9148679947444903
55,dr-mean+var,raw,M4_mixed,-1.9921716532210265
55,dr-mean+var,raw,M5_SVR,-0.5082646419591005
55,dr-mean+var,raw,M6_SVR+time,-0.3516608692966926
55,dr-mean+var,baseline,M2_ENR,-0.46748748551843955
55,dr-mean+var,baseline,M3_ENR+time,-0.8823981902104124
55,dr-mean+var,baseline,M4_mixed,-1.8848917793616704
55,dr-mean+var,baseline,M5_SVR,-0.5600023272648359
55,dr-mean+var,baseline,M6_SVR+time,-0.4299700663891374
56,var,raw,M2_ENR,-0.18432081489890262
56,var,raw,M3_ENR+time,-0.17971109639687233
56,var,raw,M4_mixed,-0.47543023370353366
56,var,raw,M5_SVR,-0.26394279905362805
56,var,raw,M6_SVR+time,-0.279649726453846
56,var,baseline,M2_ENR,-0.27614923236445277
56,var,baseline,M3_ENR+time,-0.20810799842440797
56,var,baseline,M4_mixed,-0.6501575071043957
56,var,baseline,M5_SVR,-0.2793994833346576
56,var,baseline,M6_SVR+time,-0.24230480871388838
56,mean+var,raw,M2_ENR,-0.1600711422761083
56,mean+var,raw,M3_ENR+time,-0.15707419043984605
56,mean+var,raw,M4_mixed,-1.4076183097481592
56,mean+var,raw,M5_SVR,-0.19743133824036674
56,mean+var,raw,M6_SVR+time,-0.14953144175632083
56,mean+var,baseline,M2_ENR,-0.24156392177489638
56,mean+var,baseline,M3_ENR+time,-0.24156392177489638
56,mean+var,baseline,M4_mixed,-1.7348784158420163
56,mean+var,baseline,M5_SVR,-0.33254420042152155
56,mean+var,baseline,M6_SVR+time,-0.33915135716909117
56,dr-var,raw,M2_ENR,-0.270387842001796
56,dr-var,raw,M3_ENR+time,-0.23895131736284525
56,dr-var,raw,M4_mixed,-0.462544250415426
56,dr-var,raw,M5_SVR,-0.27447459291150844
56,dr-var,raw,M6_SVR+time,-0.29658509853781734
56,dr-var,baseline,M2_ENR,-0.4471957370120767
56,dr-var,baseline,M3_ENR+time,-0.29899679702308646
56,dr-var,baseline,M4_mixed,-0.608423077250132
56,dr-var,baseline,M5_SVR,-0.23040264709488878
56,dr-var,baseline,M6_SVR+time,-0.09645246560982923
56,dr-mean+var,raw,M2_ENR,-0.16097438664853592
56,dr-mean+var,raw,M3_ENR+time,-0.26853996022424687
56,dr-mean+var,raw,M4_mixed,-0.8533867994153732
56,dr-mean+var,raw,M5_SVR,-0.22789619434280883
56,dr-mean+var,raw,M6_SVR+time,-0.24222568574518144
56,dr-mean+var,baseline,M2_ENR,-0.21395494716837582
56,dr-mean+var,baseline,M3_ENR+time,-0.22964394048273262
56,dr-mean+var,baseline,M4_mixed,-0.8951808257826881
56,dr-mean+var,baseline,M5_SVR,-0.17925526466657615
56,dr-mean+var,baseline,M6_SVR+time,-0.20982881516097118
57,var,raw,M2_ENR,-0.5178661385723258
57,var,raw,M3_ENR+time,-0.32559170379930247
57,var,raw,M4_mixed,-1.3353252841455714
57,var,raw,M5_SVR,-0.4360769180234174
57,var,raw,M6_SVR+time,-0.35535478779660523
57,var,baseline,M2_ENR,-1.3587473095589588
57,var,baseline,M3_ENR+time,-1.2749325091828496
57,var,baseline,M4_mixed,-1.9807940076453774
57,var,baseline,M5_SVR,-0.4133802370538473
57,var,baseline,M6_SVR+time,-0.4926321954259165
57,mean+var,raw,M2_ENR,-0.33801206570458575
57,mean+var,raw,M3_ENR+time,-0.3372157942302534
57,mean+var,raw,M4_mixed,-1.9457538213770882
57,mean+var,raw,M5_SVR,-0.3523682346476906
57,mean+var,raw,M6_SVR+time,-0.32815298616950506
57,mean+var,baseline,M2_ENR,-0.23732369096498285
57,mean+var,baseline,M3_ENR+time,-0.23285184941901738
57,mean+var,baseline,M4_mixed,-2.353244736720203
57,mean+var,baseline,M5_SVR,-0.37107858629385415
57,mean+var,baseline,M6_SVR+time,-0.28173155173291076
57,dr-var,raw,M2_ENR,-0.7168159982333087
57,dr-var,raw,M3_ENR+time,-0.6897977384040472
57,dr-var,raw,M4_mixed,-1.3605211082251893
57,dr-var,raw,M5_SVR,-0.42805578339147177
57,dr-var,raw,M6_SVR+time,-0.42805361114605134
57,dr-var,baseline,M2_ENR,-1.1622262951802627
57,dr-var,baseline,M3_ENR+time,-1.5907263155586586
57,dr-var,baseline,M4_mixed,-2.041872574790137
57,dr-var,baseline,M5_SVR,-0.4052538426625254
57,dr-var,baseline,M6_SVR+time,-0.39241723776681137
57,dr-mean+var,raw,M2_ENR,-0.6350934576718701
57,dr-mean+var,raw,M3_ENR+time,-0.606623194566672
57,dr-mean+var,raw,M4_mixed,-1.210234208952913
57,dr-mean+var,raw,M5_SVR,-0.3734050240123503
57,dr-mean+var,raw,M6_SVR+time,-0.38874189086341526
57,dr-mean+var,baseline,M2_ENR,-0.8902874393830422
57,dr-mean+var,baseline,M3_ENR+time,-0.9352050073982716
57,dr-mean+var,baseline,M4_mixed,-1.7752034814162123
57,dr-mean+var,baseline,M5_SVR,-0.3192458269724102
57,dr-mean+var,baseline,M6_SVR+time,-0.31246453611383085
58,var,raw,M2_ENR,-0.20711545838673417
58,var,raw,M3_ENR+time,-0.19711038133864078
58,var,raw,M4_mixed,-1.0964318915608025
58,var,raw,M5_SVR,-0.3634907428041224
58,var,raw,M6_SVR+time,-0.2779728562238789
58,var,baseline,M2_ENR,-0.26383153757704425
58,var,baseline,M3_ENR+time,-0.265960773660057
58,var,baseline,M4_mixed,-0.675679027675571
58,var,baseline,M5_SVR,-0.3001945752995657
58,var,baseline,M6_SVR+time,-0.435643840060166
58,mean+var,raw,M2_ENR,-0.18921953872178465
58,mean+var,raw,M3_ENR+time,-0.18921953872178465
58,mean+var,raw,M4_mixed,-2.5638957663893844
58,mean+var,raw,M5_SVR,-0.13757359539891278
58,mean+var,raw,M6_SVR+time,-0.17389355459983202
58,mean+var,baseline,M2_ENR,-0.26567661518785857
58,mean+var,baseline,M3_ENR+time,-0.26567661518785857
58,mean+var,baseline,M4_mixed,-2.0783874524429122
58,mean+var,baseline,M5_SVR,-0.43463333019440487
58,mean+var,baseline,M6_SVR+time,-0.32875206140191227
58,dr-var,raw,M2_ENR,-0.1386382281341756
58,dr-var,raw,M3_ENR+time,-0.18805077746770926
58,dr-var,raw,M4_mixed,-0.2997520896274227
58,dr-var,raw,M5_SVR,-0.15715184026368145
58,dr-var,raw,M6_SVR+time,-0.1666909163871244
58,dr-var,baseline,M2_ENR,-0.2678188084548344
58,dr-var,baseline,M3_ENR+time,-0.25689709034225705
58,dr-var,baseline,M4_mixed,-0.4606595612230381
58,dr-var,baseline,M5_SVR,-0.22648728045431965
58,dr-var,baseline,M6_SVR+time,-0.22643674341627185
58,dr-mean+var,raw,M2_ENR,-0.18614380457193058
58,dr-mean+var,raw,M3_ENR+time,-0.1862711455264845
58,dr-mean+var,raw,M4_mixed,-0.6186146756761942
58,dr-mean+var,raw,M5_SVR,-0.19701785180496656
58,dr-mean+var,raw,M6_SVR+time,-0.17976025798114204
58,dr-mean+var,baseline,M2_ENR,-0.27979500767692234
58,dr-mean+var,baseline,M3_ENR+time,-0.2829958193325558
58,dr-mean+var,baseline,M4_mixed,-0.8872954719054383
58,dr-mean+var,baseline,M5_SVR,-0.2623591289354469
58,dr-mean+var,baseline,M6_SVR+time,-0.2609905712259112
59,var,raw,M2_ENR,-0.2674683570215135
59,var,raw,M3_ENR+time,-0.2575604193249327
59,var,raw,M4_mixed,-0.980282417849529
59,var,raw,M5_SVR,-0.3280108166354013
59,var,raw,M6_SVR+time,-0.394537886604606
59,var,baseline,M2_ENR,-0.2510482231128357
59,var,baseline,M3_ENR+time,-0.2580689834471124
59,var,baseline,M4_mixed,-0.7317335201301113
59,var,baseline,M5_SVR,-0.3276022767402228
59,var,baseline,M6_SVR+time,-0.34257856945911225
59,mean+var,raw,M2_ENR,-0.2840175778815376
59,mean+var,raw,M3_ENR+time,-0.25926679285306253
59,mean+var,raw,M4_mixed,-0.7831064030890497
59,mean+var,raw,M5_SVR,-0.1945221891811021
59,mean+var,raw,M6_SVR+time,-0.21464341569050382
59,mean+var,baseline,M2_ENR,-0.11332471174449277
59,mean+var,baseline,M3_ENR+time,-0.12571678981847279
59,mean+var,baseline,M4_mixed,-3.9491205612022626
59,mean+var,baseline,M5_SVR,-0.16318672360785447
59,mean+var,baseline,M6_SVR+time,-0.3077592107908512
59,dr-var,raw,M2_ENR,-0.34417023515894807
59,dr-var,raw,M3_ENR+time,-0.34326743121351944
59,dr-var,raw,M4_mixed,-0.5955679641034951
59,dr-var,raw,M5_SVR,-0.37961284993445965
59,dr-var,raw,M6_SVR+time,-0.4044747333726596
59,dr-var,baseline,M2_ENR,-0.42280586214329097
59,dr-var,baseline,M3_ENR+time,-0.32126928983652536
59,dr-var,baseline,M4_mixed,-0.7085316360897452
59,dr-var,baseline,M5_SVR,-0.4743177603598846
59,dr-var,baseline,M6_SVR+time,-0.4591371688103204
59,dr-mean+var,raw,M2_ENR,-0.2991181375443358
59,dr-mean+var,raw,M3_ENR+time,-0.28871214948738644
59,dr-mean+var,raw,M4_mixed,-0.6789674311658119
59,dr-mean+var,raw,M5_SVR,-0.3023616225312319
59,dr-mean+var,raw,M6_SVR+time,-0.3535692550650519
59,dr-mean+var,baseline,M2_ENR,-0.3107700705810271
59,dr-mean+var,baseline,M3_ENR+time,-0.3210216901018822
59,dr-mean+var,baseline,M4_mixed,-1.0118496060804816
59,dr-mean+var,baseline,M5_SVR,-0.29036130880511146
59,dr-mean+var,baseline,M6_SVR+time,-0.29675282752332877
60,var,raw,M2_ENR,-0.3179886920369709
60,var,raw,M3_ENR+time,-0.5118244277520351
60,var,raw,M4_mixed,-0.7596260986046223
60,var,raw,M5_SVR,-0.3770461910767048
60,var,raw,M6_SVR+time,-0.3358968086900439
60,var,baseline,M2_ENR,-0.34999310407424666
60,var,baseline,M3_ENR+time,-0.28765467025615943
60,var,baseline,M4_mixed,-0.6964289956395361
60,var,baseline,M5_SVR,-0.2595693488754408
60,var,baseline,M6_SVR+time,-0.2989294705802269
60,mean+var,raw,M2_ENR,-0.30583253000854527
60,mean+var,raw,M3_ENR+time,-0.33122934821407746
60,mean+var,raw,M4_mixed,-1.473977634159707
60,mean+var,raw,M5_SVR,-0.26118055042831256
60,mean+var,raw,M6_SVR+time,-0.1785978290845106
60,mean+var,baseline,M2_ENR,-0.3097373117511565
60,mean+var,baseline,M3_ENR+time,-0.2606226204731311
60,mean+var,baseline,M4_mixed,-4.940662430313689
60,mean+var,baseline,M5_SVR,-0.24544533770057775
60,mean+var,baseline,M6_SVR+time,-0.2766396624149817
60,dr-var,raw,M2_ENR,-0.36450161935520764
60,dr-var,raw,M3_ENR+time,-0.25333132542643366
60,dr-var,raw,M4_mixed,-0.7149392858226981
60,dr-var,raw,M5_SVR,-0.3039903055906973
60,dr-var,raw,M6_SVR+time,-0.19687478063812902
60,dr-var,baseline,M2_ENR,-0.3239231561458772
60,dr-var,baseline,M3_ENR+time,-0.3325245091617294
60,dr-var,baseline,M4_mixed,-0.5879845466336501
60,dr-var,baseline,M5_SVR,-0.2643400560701604
60,dr-var,baseline,M6_SVR+time,-0.2740829342519523
60,dr-mean+var,raw,M2_ENR,-0.26474296695822097
60,dr-mean+var,raw,M3_ENR+time,-0.2470827521780432
60,dr-mean+var,raw,M4_mixed,-0.6734289640366856
60,dr-mean+var,raw,M5_SVR,-0.23618555093653515
60,dr-mean+var,raw,M6_SVR+time,-0.1369448699252266
60,dr-mean+var,baseline,M2_ENR,-0.3742957479467709
60,dr-mean+var,baseline,M3_ENR+time,-0.44097889080824826
60,dr-mean+var,baseline,M4_mixed,-0.6225123794417434
60,dr-mean+var,baseline,M5_SVR,-0.2562829702076994
60,dr-mean+var,baseline,M6_SVR+time,-0.21711314766541845
61,var,raw,M2_ENR,-0.15186531169724227
61,var,raw,M3_ENR+time,-0.14955578803672498
61,var,raw,M4_mixed,-0.5592038582336619
61,var,raw,M5_SVR,-0.154646934799877
61,var,raw,M6_SVR+time,-0.17043251731818965
61,var,baseline,M2_ENR,-0.1527014961980423
61,var,baseline,M3_ENR+time,-0.1527014961980423
61,var,baseline,M4_mixed,-0.47727097275544106
61,var,baseline,M5_SVR,-0.1647578663288426
61,var,baseline,M6_SVR+time,-0.10681951021805991
61,mean+var,raw,M2_ENR,-0.15296502827663427
61,mean+var,raw,M3_ENR+time,-0.15256471597445243
61,mean+var,raw,M4_mixed,-0.8905273732465534
61,mean+var,raw,M5_SVR,-0.2818367312246314
61,mean+var,raw,M6_SVR+time,-0.17488446759822562
61,mean+var,baseline,M2_ENR,-0.17625990129989455
61,mean+var,baseline,M3_ENR+time,-0.18713682553592215
61,mean+var,baseline,M4_mixed,-1.5821865162618405
61,mean+var,baseline,M5_SVR,-0.23791554211435695
61,mean+var,baseline,M6_SVR+time,-0.19171267524409685
61,dr-var,raw,M2_ENR,-0.3770208034981234
61,dr-var,raw,M3_ENR+time,-0.16934288585891
61,dr-var,raw,M4_mixed,-0.34995830914808346
61,dr-var,raw,M5_SVR,-0.29842914581288194
61,dr-var,raw,M6_SVR+time,-0.13557337589476537
61,dr-var,baseline,M2_ENR,-0.29150110442306254
61,dr-var,baseline,M3_ENR+time,-0.26243429719804323
61,dr-var,baseline,M4_mixed,-0.43820931833701027
61,dr-var,baseline,M5_SVR,-0.23678815498192274
61,dr-var,baseline,M6_SVR+time,-0.1635523791240875
61,dr-mean+var,raw,M2_ENR,-0.13737107186281594
61,dr-mean+var,raw,M3_ENR+time,-0.15167688286230063
61,dr-mean+var,raw,M4_mixed,-0.8172715106567509
61,dr-mean+var,raw,M5_SVR,-0.15080952324199026
61,dr-mean+var,raw,M6_SVR+time,-0.10879659293845512
61,dr-mean+var,baseline,M2_ENR,-0.33885314855714965
61,dr-mean+var,baseline,M3_ENR+time,-0.35797176461048774
61,dr-mean+var,baseline,M4_mixed,-0.8073931062419099
61,dr-mean+var,baseline,M5_SVR,-0.19253034046711204
61,dr-mean+var,baseline,M6_SVR+time,-0.19356563626315182
62,var,raw,M2_ENR,-0.24327097799924435
62,var,raw,M3_ENR+time,-0.23425182963025692
62,var,raw,M4_mixed,-1.0075651081648993
62,var,raw,M5_SVR,-0.3550173251379012
62,var,raw,M6_SVR+time,-0.2650121199234795
62,var,baseline,M2_ENR,-0.3081466015859835
62,var,baseline,M3_ENR+time,-0.30020057416901214
62,var,baseline,M4_mixed,-1.1338878451557735
62,var,baseline,M5_SVR,-0.2805198462245704
62,var,baseline,M6_SVR+time,-0.17607294628511416
62,mean+var,raw,M2_ENR,-0.26192166779092907
62,mean+var,raw,M3_ENR+time,-0.28222209331380066
62,mean+var,raw,M4_mixed,-1.0032296944967203
62,mean+var,raw,M5_SVR,-0.29744091622262414
62,mean+var,raw,M6_SVR+time,-0.266293212673676
62,mean+var,baseline,M2_ENR,-0.4026316713723985
62,mean+var,baseline,M3_ENR+time,-0.3073702608196722
62,mean+var,baseline,M4_mixed,-5.018298588378193
62,mean+var,baseline,M5_SVR,-0.3245888518578328
62,mean+var,baseline,M6_SVR+time,-0.20153898468335463
62,dr-var,raw,M2_ENR,-0.3844100333215852
62,dr-var,raw,M3_ENR+time,-0.3030703446587082
62,dr-var,raw,M4_mixed,-0.6449397549494857
62,dr-var,raw,M5_SVR,-0.41516789436513357
62,dr-var,raw,M6_SVR+time,-0.4957948947512527
62,dr-var,baseline,M2_ENR,-0.32254963948013504
62,dr-var,baseline,M3_ENR+time,-0.29094667461779444
62,dr-var,baseline,M4_mixed,-0.6466467323459346
62,dr-var,baseline,M5_SVR,-0.3671234379702826
62,dr-var,baseline,M6_SVR+time,-0.3979571634156067
62,dr-mean+var,raw,M2_ENR,-0.2735530372925541
62,dr-mean+var,raw,M3_ENR+time,-0.3025056740647458
62,dr-mean+var,raw,M4_mixed,-0.5157257086238065
62,dr-mean+var,raw,M5_SVR,-0.32170722550792874
62,dr-mean+var,raw,M6_SVR+time,-0.29748121539514316
62,dr-mean+var,baseline,M2_ENR,-0.3242303077882043
62,dr-mean+var,baseline,M3_ENR+time,-0.3353486202203593
62,dr-mean+var,baseline,M4_mixed,-0.5212616806188053
62,dr-mean+var,baseline,M5_SVR,-0.306805482171044
62,dr-mean+var,baseline,M6_SVR+time,-0.4157674206806763
63,var,raw,M2_ENR,-0.24774669219837586
63,var,raw,M3_ENR+time,-0.36036893717755125
63,var,raw,M4_mixed,-0.8171963386422961
63,var,raw,M5_SVR,-0.35566865301502115
63,var,raw,M6_SVR+time,-0.4760715107580876
63,var,baseline,M2_ENR,-0.1453702349753898
63,var,baseline,M3_ENR+time,-0.36679760001774186
63,var,baseline,M4_mixed,-2.038575920530323
63,var,baseline,M5_SVR,-0.5754641221389843
63,var,baseline,M6_SVR+time,-0.3669461219553062
63,mean+var,raw,M2_ENR,-0.16263823537552613
63,mean+var,raw,M3_ENR+time,-0.23551505665810912
63,mean+var,raw,M4_mixed,-1.3641677872822568
63,mean+var,raw,M5_SVR,-0.2888646371479199
63,mean+var,raw,M6_SVR+time,-0.2106481454784589
63,mean+var,baseline,M2_ENR,-0.233572947205421
63,mean+var,baseline,M3_ENR+time,-0.24070679628895764
63,mean+var,baseline,M4_mixed,-1.7480947425102942
63,mean+var,baseline,M5_SVR,-0.30138849048973715
63,mean+var,baseline,M6_SVR+time,-0.21312674024802558
63,dr-var,raw,M2_ENR,-0.2363903583577197
63,dr-var,raw,M3_ENR+time,-0.27587797510192613
63,dr-var,raw,M4_mixed,-1.1417473246661838
63,dr-var,raw,M5_SVR,-0.326505102736636
63,dr-var,raw,M6_SVR+time,-0.37211662772914267
63,dr-var,baseline,M2_ENR,-0.2935227057905353
63,dr-var,baseline,M3_ENR+time,-0.6459131600114637
63,dr-var,baseline,M4_mixed,-1.3074900697836878
63,dr-var,baseline,M5_SVR,-0.2845405492943788
63,dr-var,baseline,M6_SVR+time,-0.16970492757125766
63,dr-mean+var,raw,M2_ENR,-0.2501912303594226
63,dr-mean+var,raw,M3_ENR+time,-0.24546200979580923
63,dr-mean+var,raw,M4_mixed,-1.3873228183093538
63,dr-mean+var,raw,M5_SVR,-0.3353909535735303
63,dr-mean+var,raw,M6_SVR+time,-0.35432040611676163
63,dr-mean+var,baseline,M2_ENR,-0.300642236243455
63,dr-mean+var,baseline,M3_ENR+time,-0.2632403326101048
63,dr-mean+var,baseline,M4_mixed,-1.5535369424349303
63,dr-mean+var,baseline,M5_SVR,-0.34879563258416846
63,dr-mean+var,baseline,M6_SVR+time,-0.36442955779207875
64,var,raw,M2_ENR,-0.3778612099660802
64,var,raw,M3_ENR+time,-0.23056225811897402
64,var,raw,M4_mixed,-0.7399616107226911
64,var,raw,M5_SVR,-0.4046152866136151
64,var,raw,M6_SVR+time,-0.32625779864010573
64,var,baseline,M2_ENR,-1.0009438185284112
64,var,baseline,M3_ENR+time,-0.9667940390195443
64,var,baseline,M4_mixed,-0.7720912786241373
64,var,baseline,M5_SVR,-0.21398826386729153
64,var,baseline,M6_SVR+time,-0.2324807163049124
64,mean+var,raw,M2_ENR,-0.4969070428111849
64,mean+var,raw,M3_ENR+time,-0.2237120660181392
64,mean+var,raw,M4_mixed,-0.9849286725822944
64,mean+var,raw,M5_SVR,-0.3402912398590169
64,mean+var,raw,M6_SVR+time,-0.15454572792147447
64,mean+var,baseline,M2_ENR,-0.3462717647536965
64,mean+var,baseline,M3_ENR+time,-0.2816405912002179
64,mean+var,baseline,M4_mixed,-1.5310917926466372
64,mean+var,baseline,M5_SVR,-0.24955703883127678
64,mean+var,baseline,M6_SVR+time,-0.2918625174459929
64,dr-var,raw,M2_ENR,-0.2231897815668712
64,dr-var,raw,M3_ENR+time,-0.2197978690546828
64,dr-var,raw,M4_mixed,-0.61146409014002
64,dr-var,raw,M5_SVR,-0.25645679294417867
64,dr-var,raw,M6_SVR+time,-0.24538684508917152
64,dr-var,baseline,M2_ENR,-0.3610051055521085
64,dr-var,baseline,M3_ENR+time,-0.3077352545334494
64,dr-var,baseline,M4_mixed,-0.8097310809542512
64,dr-var,baseline,M5_SVR,-0.17184340542763055
64,dr-var,baseline,M6_SVR+time,-0.12911376040559097
64,dr-mean+var,raw,M2_ENR,-0.23694581902533207
64,dr-mean+var,raw,M3_ENR+time,-0.2237120660181392
64,dr-mean+var,raw,M4_mixed,-1.144641203019182
64,dr-mean+var,raw,M5_SVR,-0.24655152069395625
64,dr-mean+var,raw,M6_SVR+time,-0.31447234526758294
64,dr-mean+var,baseline,M2_ENR,-0.32370353339760605
64,dr-mean+var,baseline,M3_ENR+time,-0.20182124734513163
64,dr-mean+var,baseline,M4_mixed,-1.3958168384952256
64,dr-mean+var,baseline,M5_SVR,-0.1138036844041187
64,dr-mean+var,baseline,M6_SVR+time,-0.16648736220986116
65,var,raw,M2_ENR,-0.2452935605423079
65,var,raw,M3_ENR+time,-0.24483555336441243
65,var,raw,M4_mixed,-0.6709123861712287
65,var,raw,M5_SVR,-0.3277690116840484
65,var,raw,M6_SVR+time,-0.1569888514711857
65,var,baseline,M2_ENR,-0.2554701079468269
65,var,baseline,M3_ENR+time,-0.245912993260615
65,var,baseline,M4_mixed,-0.8065219538724697
65,var,baseline,M5_SVR,-0.3818192858118774
65,var,baseline,M6_SVR+time,-0.2831125138969701
65,mean+var,raw,M2_ENR,-0.2412860643879886
65,mean+var,raw,M3_ENR+time,-0.24116358023972495
65,mean+var,raw,M4_mixed,-1.195552813137945
65,mean+var,raw,M5_SVR,-0.2709052910719669
65,mean+var,raw,M6_SVR+time,-0.22601950494582201
65,mean+var,baseline,M2_ENR,-0.24613053086553505
65,mean+var,baseline,M3_ENR+time,-0.24754305542190957
65,mean+var,baseline,M4_mixed,-2.3024806998137297
65,mean+var,baseline,M5_SVR,-0.3413680035404547
65,mean+var,baseline,M6_SVR+time,-0.2679614599983702
65,dr-var,raw,M2_ENR,-0.24013987895380362
65,dr-var,raw,M3_ENR+time,-0.24013987895380362
65,dr-var,raw,M4_mixed,-0.7227845618324122
65,dr-var,raw,M5_SVR,-0.2659350060654144
65,dr-var,raw,M6_SVR+time,-0.2981290741182492
65,dr-var,baseline,M2_ENR,-0.2397196399202126
65,dr-var,baseline,M3_ENR+time,-0.2397196399202126
65,dr-var,baseline,M4_mixed,-0.802257694428101
65,dr-var,baseline,M5_SVR,-0.2369211517350691
65,dr-var,baseline,M6_SVR+time,-0.2785070936198626
65,dr-mean+var,raw,M2_ENR,-0.23968808374905493
65,dr-mean+var,raw,M3_ENR+time,-0.24043545681044254
65,dr-mean+var,raw,M4_mixed,-0.7389484741433137
65,dr-mean+var,raw,M5_SVR,-0.29593214549287694
65,dr-mean+var,raw,M6_SVR+time,-0.18703983588527406
65,dr-mean+var,baseline,M2_ENR,-0.2790841313150809
65,dr-mean+var,baseline,M3_ENR+time,-0.2556143985046144
65,dr-mean+var,baseline,M4_mixed,-0.883283227772965
65,dr-mean+var,baseline,M5_SVR,-0.3545690562475472
65,dr-mean+var,baseline,M6_SVR+time,-0.3349338707084015
66,var,raw,M2_ENR,-0.2441831116988088
66,var,raw,M3_ENR+time,-0.24894786655236845
66,var,raw,M4_mixed,-1.2840135713459184
66,var,raw,M5_SVR,-0.28123011457855684
66,var,raw,M6_SVR+time,-0.28909522539636223
66,var,baseline,M2_ENR,-0.2879976498676965
66,var,baseline,M3_ENR+time,-0.43411924774092303
66,var,baseline,M4_mixed,-0.8611144950188803
66,var,baseline,M5_SVR,-0.2815129663412631
66,var,baseline,M6_SVR+time,-0.29086542162078055
66,mean+var,raw,M2_ENR,-0.3473104501270159
66,mean+var,raw,M3_ENR+time,-0.3400236190020547
66,mean+var,raw,M4_mixed,-1.4024800507130657
66,mean+var,raw,M5_SVR,-0.18776912834091974
66,mean+var,raw,M6_SVR+time,-0.17459836446948773
66,mean+var,baseline,M2_ENR,-0.8854469399285763
66,mean+var,baseline,M3_ENR+time,-0.7323516245909918
66,mean+var,baseline,M4_mixed,-2.2423698116893043
66,mean+var,baseline,M5_SVR,-0.19511677653228043
66,mean+var,baseline,M6_SVR+time,-0.2373962502604927
66,dr-var,raw,M2_ENR,-0.32778868365813496
66,dr-var,raw,M3_ENR+time,-0.3669039274522168
66,dr-var,raw,M4_mixed,-0.45256693650825275
66,dr-var,raw,M5_SVR,-0.2723311187005796
66,dr-var,raw,M6_SVR+time,-0.2541481028579853
66,dr-var,baseline,M2_ENR,-0.43225412239189076
66,dr-var,baseline,M3_ENR+time,-0.41466386441896264
66,dr-var,baseline,M4_mixed,-0.6094600902561591
66,dr-var,baseline,M5_SVR,-0.3753714161699566
66,dr-var,baseline,M6_SVR+time,-0.3181903135947144
66,dr-mean+var,raw,M2_ENR,-0.33155252128234713
66,dr-mean+var,raw,M3_ENR+time,-0.3350719423907078
66,dr-mean+var,raw,M4_mixed,-0.9196693428684874
66,dr-mean+var,raw,M5_SVR,-0.21787930055585625
66,dr-mean+var,raw,M6_SVR+time,-0.21780677013525818
66,dr-mean+var,baseline,M2_ENR,-0.4262411163471913
66,dr-mean+var,baseline,M3_ENR+time,-0.38516389115639904
66,dr-mean+var,baseline,M4_mixed,-1.335991816122238
66,dr-mean+var,baseline,M5_SVR,-0.19743029987230576
66,dr-mean+var,baseline,M6_SVR+time,-0.21341191517687874
67,var,raw,M2_ENR,-0.19018757962090815
67,var,raw,M3_ENR+time,-0.18820403495678806
67,var,raw,M4_mixed,-0.7092082766132025
67,var,raw,M5_SVR,-0.30444038062242174
67,var,raw,M6_SVR+time,-0.3009948024721746
67,var,baseline,M2_ENR,-0.18087325749585925
67,var,baseline,M3_ENR+time,-0.19571335118751032
67,var,baseline,M4_mixed,-1.3461990790755851
67,var,baseline,M5_SVR,-0.33446876733941033
67,var,baseline,M6_SVR+time,-0.3610499497626639
67,mean+var,raw,M2_ENR,-0.2197999521274988
67,mean+var,raw,M3_ENR+time,-0.21844613669905166
67,mean+var,raw,M4_mixed,-1.3169471999487121
67,mean+var,raw,M5_SVR,-0.30173991110921594
67,mean+var,raw,M6_SVR+time,-0.3106211676275684
67,mean+var,baseline,M2_ENR,-0.18742729720382056
67,mean+var,baseline,M3_ENR+time,-0.20200709909995107
67,mean+var,baseline,M4_mixed,-4.900491996312341
67,mean+var,baseline,M5_SVR,-0.37167083037165394
67,mean+var,baseline,M6_SVR+time,-0.2980804150713038
67,dr-var,raw,M2_ENR,-0.39382249408079384
67,dr-var,raw,M3_ENR+time,-0.35893028728476295
67,dr-var,raw,M4_mixed,-1.0483131908236811
67,dr-var,raw,M5_SVR,-0.2885007427584033
67,dr-var,raw,M6_SVR+time,-0.37170229243027675
67,dr-var,baseline,M2_ENR,-0.46282764376128116
67,dr-var,baseline,M3_ENR+time,-0.41492813771240555
67,dr-var,baseline,M4_mixed,-0.9740126210806087
67,dr-var,baseline,M5_SVR,-0.30982657949809933
67,dr-var,baseline,M6_SVR+time,-0.2999889531422405
67,dr-mean+var,raw,M2_ENR,-0.3661269227021059
67,dr-mean+var,raw,M3_ENR+time,-0.3561391907048522
67,dr-mean+var,raw,M4_mixed,-1.0996193633321858
67,dr-mean+var,raw,M5_SVR,-0.3026705517515266
67,dr-mean+var,raw,M6_SVR+time,-0.22059679506405605
67,dr-mean+var,baseline,M2_ENR,-0.3825549786081285
67,dr-mean+var,baseline,M3_ENR+time,-0.348687658624098
67,dr-mean+var,baseline,M4_mixed,-2.0502179103131746
67,dr-mean+var,baseline,M5_SVR,-0.2956002799937446
67,dr-mean+var,baseline,M6_SVR+time,-0.10480641544570268
68,var,raw,M2_ENR,-0.382012977463004
68,var,raw,M3_ENR+time,-0.42558036989011805
68,var,raw,M4_mixed,-0.7885835142793208
68,var,raw,M5_SVR,-0.4207446819681334
68,var,raw,M6_SVR+time,-0.4449993790386614
68,var,baseline,M2_ENR,-0.4575311719292686
68,var,baseline,M3_ENR+time,-0.4162698791817342
68,var,baseline,M4_mixed,-1.4073825571773022
68,var,baseline,M5_SVR,-0.4340998587558812
68,var,baseline,M6_SVR+time,-0.41794611271019055
68,mean+var,raw,M2_ENR,-0.42038383982650995
68,mean+var,raw,M3_ENR+time,-0.4255637972193188
68,mean+var,raw,M4_mixed,-1.3006159418589118
68,mean+var,raw,M5_SVR,-0.2960598105761113
68,mean+var,raw,M6_SVR+time,-0.28073725149511763
68,mean+var,baseline,M2_ENR,-0.420847077678567
68,mean+var,baseline,M3_ENR+time,-0.4117224432671841
68,mean+var,baseline,M4_mixed,-1.707093293879356
68,mean+var,baseline,M5_SVR,-0.1560256590299567
68,mean+var,baseline,M6_SVR+time,-0.334537655448789
68,dr-var,raw,M2_ENR,-0.5162923522224726
68,dr-var,raw,M3_ENR+time,-0.498735362718845
68,dr-var,raw,M4_mixed,-0.7577357919263018
68,dr-var,raw,M5_SVR,-0.42658861664044456
68,dr-var,raw,M6_SVR+time,-0.4558166169291863
68,dr-var,baseline,M2_ENR,-0.4352975629219157
68,dr-var,baseline,M3_ENR+time,-0.4865733418005772
68,dr-var,baseline,M4_mixed,-0.770799795997536
68,dr-var,baseline,M5_SVR,-0.5743329196071733
68,dr-var,baseline,M6_SVR+time,-0.4453637859462317
68,dr-mean+var,raw,M2_ENR,-0.5139837369555055
68,dr-mean+var,raw,M3_ENR+time,-0.4195397169579024
68,dr-mean+var,raw,M4_mixed,-1.2422761199898193
68,dr-mean+var,raw,M5_SVR,-0.35851013337026605
68,dr-mean+var,raw,M6_SVR+time,-0.3738608039353897
68,dr-mean+var,baseline,M2_ENR,-0.3569279946979833
68,dr-mean+var,baseline,M3_ENR+time,-0.4321024130128005
68,dr-mean+var,baseline,M4_mixed,-0.8604275746389666
68,dr-mean+var,baseline,M5_SVR,-0.4420700437119752
68,dr-mean+var,baseline,M6_SVR+time,-0.37674213444012083
69,var,raw,M2_ENR,-0.3526796788456119
69,var,raw,M3_ENR+time,-0.36832119237572836
69,var,raw,M4_mixed,-0.9512131430428661
69,var,raw,M5_SVR,-0.2750340290282689
69,var,raw,M6_SVR+time,-0.28188219618492183
69,var,baseline,M2_ENR,-0.18726660021850927
69,var,baseline,M3_ENR+time,-0.2264105081444323
69,var,baseline,M4_mixed,-0.8649079986186041
69,var,baseline,M5_SVR,-0.29474021648256854
69,var,baseline,M6_SVR+time,-0.34906537657923664
69,mean+var,raw,M2_ENR,-0.257850019312009
69,mean+var,raw,M3_ENR+time,-0.257850019312009
69,mean+var,raw,M4_mixed,-1.0897489351168221
69,mean+var,raw,M5_SVR,-0.22765026862093607
69,mean+var,raw,M6_SVR+time,-0.24446264104815296
69,mean+var,baseline,M2_ENR,-0.2656016286549483
69,mean+var,baseline,M3_ENR+time,-0.2281346731376932
69,mean+var,baseline,M4_mixed,-3.822385798260213
69,mean+var,baseline,M5_SVR,-0.17417711704839378
69,mean+var,baseline,M6_SVR+time,-0.11031389881619602
69,dr-var,raw,M2_ENR,-0.2783838177232685
69,dr-var,raw,M3_ENR+time,-0.23771300388539895
69,dr-var,raw,M4_mixed,-0.425036950468616
69,dr-var,raw,M5_SVR,-0.27092958884447205
69,dr-var,raw,M6_SVR+time,-0.36440852847764726
69,dr-var,baseline,M2_ENR,-0.3199825755603052
69,dr-var,baseline,M3_ENR+time,-0.24939506098525754
69,dr-var,baseline,M4_mixed,-0.45460913731249164
69,dr-var,baseline,M5_SVR,-0.386911231073898
69,dr-var,baseline,M6_SVR+time,-0.27061675400071805
69,dr-mean+var,raw,M2_ENR,-0.19511804339134586
69,dr-mean+var,raw,M3_ENR+time,-0.19935536958929667
69,dr-mean+var,raw,M4_mixed,-0.5638744601331196
69,dr-mean+var,raw,M5_SVR,-0.2274172076571126
69,dr-mean+var,raw,M6_SVR+time,-0.23870657305755394
69,dr-mean+var,baseline,M2_ENR,-0.16580717256461008
69,dr-mean+var,baseline,M3_ENR+time,-0.2133254288346048
69,dr-mean+var,baseline,M4_mixed,-0.827465137604865
69,dr-mean+var,baseline,M5_SVR,-0.24882682349178964
69,dr-mean+var,baseline,M6_SVR+time,-0.11411488264645009
70,var,raw,M2_ENR,-0.33795405947292223
70,var,raw,M3_ENR+time,-0.2377796313059255
70,var,raw,M4_mixed,-1.1899372206158856
70,var,raw,M5_SVR,-0.3700183574192053
70,var,raw,M6_SVR+time,-0.2766075651124402
70,var,baseline,M2_ENR,-0.21149069716778046
70,var,baseline,M3_ENR+time,-0.30728704688087016
70,var,baseline,M4_mixed,-0.7450713282431194
70,var,baseline,M5_SVR,-0.2798349852130171
70,var,baseline,M6_SVR+time,-0.3481627673351544
70,mean+var,raw,M2_ENR,-0.35504507342978653
70,mean+var,raw,M3_ENR+time,-0.2749180032334859
70,mean+var,raw,M4_mixed,-1.4489026455311216
70,mean+var,raw,M5_SVR,-0.23862998109424516
70,mean+var,raw,M6_SVR+time,-0.15100381608291258
70,mean+var,baseline,M2_ENR,-0.10660586777601755
70,mean+var,baseline,M3_ENR+time,-0.1583227147907279
70,mean+var,baseline,M4_mixed,-2.998327970510103
70,mean+var,baseline,M5_SVR,-0.1827205839098598
70,mean+var,baseline,M6_SVR+time,-0.21331223513212794
70,dr-var,raw,M2_ENR,-0.263225191606024
70,dr-var,raw,M3_ENR+time,-0.21070253149222462
70,dr-var,raw,M4_mixed,-1.3591497759108198
70,dr-var,raw,M5_SVR,-0.2527476880099826
70,dr-var,raw,M6_SVR+time,-0.3252853163616136
70,dr-var,baseline,M2_ENR,-0.6457808964497955
70,dr-var,baseline,M3_ENR+time,-0.7086953525223934
70,dr-var,baseline,M4_mixed,-1.3121883812265744
70,dr-var,baseline,M5_SVR,-0.34634785989004
70,dr-var,baseline,M6_SVR+time,-0.3765828735653629
70,dr-mean+var,raw,M2_ENR,-0.27216788540522185
70,dr-mean+var,raw,M3_ENR+time,-0.23297367421329562
70,dr-mean+var,raw,M4_mixed,-1.9508894743079328
70,dr-mean+var,raw,M5_SVR,-0.3098118315776528
70,dr-mean+var,raw,M6_SVR+time,-0.23989548896675017
70,dr-mean+var,baseline,M2_ENR,-0.8385323652801853
70,dr-mean+var,baseline,M3_ENR+time,-0.6903894739403738
70,dr-mean+var,baseline,M4_mixed,-2.4521706352135153
70,dr-mean+var,baseline,M5_SVR,-0.33071291626658406
70,dr-mean+var,baseline,M6_SVR+time,-0.27698726268754026
71,var,raw,M2_ENR,-0.337056797276975
71,var,raw,M3_ENR+time,-0.45567880123981086
71,var,raw,M4_mixed,-0.7107644563949428
71,var,raw,M5_SVR,-0.2995603065339202
71,var,raw,M6_SVR+time,-0.23838607197241035
71,var,baseline,M2_ENR,-0.34886762998299325
71,var,baseline,M3_ENR+time,-0.3547791625490978
71,var,baseline,M4_mixed,-0.9246839914219273
71,var,baseline,M5_SVR,-0.29120650888658794
71,var,baseline,M6_SVR+time,-0.16964163302835678
71,mean+var,raw,M2_ENR,-0.3082026155153975
71,mean+var,raw,M3_ENR+time,-0.288200632312536
71,mean+var,raw,M4_mixed,-1.3402305160295285
71,mean+var,raw,M5_SVR,-0.2656630027582486
71,mean+var,raw,M6_SVR+time,-0.1916202304547805
71,mean+var,baseline,M2_ENR,-0.3236508116606508
71,mean+var,baseline,M3_ENR+time,-0.37716593689241085
71,mean+var,baseline,M4_mixed,-4.407778285037477
71,mean+var,baseline,M5_SVR,-0.2785132831037934
71,mean+var,baseline,M6_SVR+time,-0.2175962701681653
71,dr-var,raw,M2_ENR,-0.3100584958602265
71,dr-var,raw,M3_ENR+time,-0.34205462521919106
71,dr-var,raw,M4_mixed,-0.48344534035106734
71,dr-var,raw,M5_SVR,-0.44525330014009523
71,dr-var,raw,M6_SVR+time,-0.20476099304828255
71,dr-var,baseline,M2_ENR,-0.31635547011676024
71,dr-var,baseline,M3_ENR+time,-0.3389799329649378
71,dr-var,baseline,M4_mixed,-0.543015937760062
71,dr-var,baseline,M5_SVR,-0.33618679931987006
71,dr-var,baseline,M6_SVR+time,-0.26077395582665397
71,dr-mean+var,raw,M2_ENR,-0.2906883649105513
71,dr-mean+var,raw,M3_ENR+time,-0.30379485035768694
71,dr-mean+var,raw,M4_mixed,-0.6388115035051304
71,dr-mean+var,raw,M5_SVR,-0.2928265936671174
71,dr-mean+var,raw,M6_SVR+time,-0.17509265161252618
71,dr-mean+var,baseline,M2_ENR,-0.3370247587549745
71,dr-mean+var,baseline,M3_ENR+time,-0.30933703013939307
71,dr-mean+var,baseline,M4_mixed,-0.6069742715987022
71,dr-mean+var,baseline,M5_SVR,-0.2755625611687401
71,dr-mean+var,baseline,M6_SVR+time,-0.2608407978494689
72,var,raw,M2_ENR,-0.6269755770147831
72,var,raw,M3_ENR+time,-0.5746978589173242
72,var,raw,M4_mixed,-0.8445092210686793
72,var,raw,M5_SVR,-0.4715172361157074
72,var,raw,M6_SVR+time,-0.5100287850113441
72,var,baseline,M2_ENR,-0.4650418018806297
72,var,baseline,M3_ENR+time,-0.4762743500533302
72,var,baseline,M4_mixed,-1.0112834709219864
72,var,baseline,M5_SVR,-0.5304552377267147
72,var,baseline,M6_SVR+time,-0.46251835673150765
72,mean+var,raw,M2_ENR,-0.40115194479032845
72,mean+var,raw,M3_ENR+time,-0.3858033038825135
72,mean+var,raw,M4_mixed,-1.5628537874602415
72,mean+var,raw,M5_SVR,-0.3491596291963275
72,mean+var,raw,M6_SVR+time,-0.33638642984762357
72,mean+var,baseline,M2_ENR,-0.47122987040604225
72,mean+var,baseline,M3_ENR+time,-0.4640730904642685
72,mean+var,baseline,M4_mixed,-1.243024371627537
72,mean+var,baseline,M5_SVR,-0.4786969023660457
72,mean+var,baseline,M6_SVR+time,-0.40595227806498024
72,dr-var,raw,M2_ENR,-0.4352302932111136
72,dr-var,raw,M3_ENR+time,-0.41723858089146715
72,dr-var,raw,M4_mixed,-0.8827574017674487
72,dr-var,raw,M5_SVR,-0.4851975794074037
72,dr-var,raw,M6_SVR+time,-0.4346117703050598
72,dr-var,baseline,M2_ENR,-0.4727732884247233
72,dr-var,baseline,M3_ENR+time,-0.45346264950257753
72,dr-var,baseline,M4_mixed,-0.9477798852177894
72,dr-var,baseline,M5_SVR,-0.4794483886130956
72,dr-var,baseline,M6_SVR+time,-0.47500683717479
72,dr-mean+var,raw,M2_ENR,-0.41256164535653417
72,dr-mean+var,raw,M3_ENR+time,-0.39135540678880865
72,dr-mean+var,raw,M4_mixed,-1.0707778313288179
72,dr-mean+var,raw,M5_SVR,-0.4163075608512339
72,dr-mean+var,raw,M6_SVR+time,-0.34098846579674513
72,dr-mean+var,baseline,M2_ENR,-0.41380894332610185
72,dr-mean+var,baseline,M3_ENR+time,-0.3866650474472496
72,dr-mean+var,baseline,M4_mixed,-1.1864321250159973
72,dr-mean+var,baseline,M5_SVR,-0.5174230826540038
72,dr-mean+var,baseline,M6_SVR+time,-0.4933399678317649
73,var,raw,M2_ENR,-0.24468485267509243
73,var,raw,M3_ENR+time,-0.24754664241762492
73,var,raw,M4_mixed,-0.44680660923062043
73,var,raw,M5_SVR,-0.27341209622352847
73,var,raw,M6_SVR+time,-0.29321165290953144
73,var,baseline,M2_ENR,-0.24441957272864046
73,var,baseline,M3_ENR+time,-0.24441957272864046
73,var,baseline,M4_mixed,-0.32559184884011927
73,var,baseline,M5_SVR,-0.26921272842642896
73,var,baseline,M6_SVR+time,-0.3184279620658381
73,mean+var,raw,M2_ENR,-0.25553906468402987
73,mean+var,raw,M3_ENR+time,-0.28136653816207646
73,mean+var,raw,M4_mixed,-1.3650771986646828
73,mean+var,raw,M5_SVR,-0.3592659075817417
73,mean+var,raw,M6_SVR+time,-0.1814019163348366
73,mean+var,baseline,M2_ENR,-0.2883828820541787
73,mean+var,baseline,M3_ENR+time,-0.18583881949079573
73,mean+var,baseline,M4_mixed,-1.198954423519642
73,mean+var,baseline,M5_SVR,-0.2534048144182244
73,mean+var,baseline,M6_SVR+time,-0.21724600239225622
73,dr-var,raw,M2_ENR,-0.2464944415487802
73,dr-var,raw,M3_ENR+time,-0.24441957272864046
73,dr-var,raw,M4_mixed,-0.770508094619299
73,dr-var,raw,M5_SVR,-0.3622050035361073
73,dr-var,raw,M6_SVR+time,-0.35173854705277097
73,dr-var,baseline,M2_ENR,-0.24169180575121962
73,dr-var,baseline,M3_ENR+time,-0.24441957272864046
73,dr-var,baseline,M4_mixed,-0.8757480853492841
73,dr-var,baseline,M5_SVR,-0.453583364565566
73,dr-var,baseline,M6_SVR+time,-0.42330180877385093
73,dr-mean+var,raw,M2_ENR,-0.345262894584657
73,dr-mean+var,raw,M3_ENR+time,-0.28913771204100236
73,dr-mean+var,raw,M4_mixed,-0.7856999721469844
73,dr-mean+var,raw,M5_SVR,-0.34752373808336
73,dr-mean+var,raw,M6_SVR+time,-0.20511734731811093
73,dr-mean+var,baseline,M2_ENR,-0.17761368699777347
73,dr-mean+var,baseline,M3_ENR+time,-0.24877130812823744
73,dr-mean+var,baseline,M4_mixed,-0.7421062161051433
73,dr-mean+var,baseline,M5_SVR,-0.37299899983436413
73,dr-mean+var,baseline,M6_SVR+time,-0.3762114121825626
74,var,raw,M2_ENR,-0.5359305306095488
74,var,raw,M3_ENR+time,-0.4945491856450128
74,var,raw,M4_mixed,-0.71740343045594
74,var,raw,M5_SVR,-0.4459103815014689
74,var,raw,M6_SVR+time,-0.4453174084340421
74,var,baseline,M2_ENR,-0.37197750886812
74,var,baseline,M3_ENR+time,-0.3657166047867124
74,var,baseline,M4_mixed,-1.4897042875259674
74,var,baseline,M5_SVR,-0.4760663419061997
74,var,baseline,M6_SVR+time,-0.42641962426349433
74,mean+var,raw,M2_ENR,-0.4212537375717387
74,mean+var,raw,M3_ENR+time,-0.4225116265020259
74,mean+var,raw,M4_mixed,-1.4430666859381216
74,mean+var,raw,M5_SVR,-0.3949361883176561
74,mean+var,raw,M6_SVR+time,-0.3544983532172985
74,mean+var,baseline,M2_ENR,-0.43000147892061524
74,mean+var,baseline,M3_ENR+time,-0.44048837134014174
74,mean+var,baseline,M4_mixed,-2.928880294779483
74,mean+var,baseline,M5_SVR,-0.4392384463753878
74,mean+var,baseline,M6_SVR+time,-0.3867095419834975
74,dr-var,raw,M2_ENR,-0.3969789725204723
74,dr-var,raw,M3_ENR+time,-0.39865497203691835
74,dr-var,raw,M4_mixed,-0.9279543238311843
74,dr-var,raw,M5_SVR,-0.4691005514764004
74,dr-var,raw,M6_SVR+time,-0.36450836198357817
74,dr-var,baseline,M2_ENR,-0.4161085278549759
74,dr-var,baseline,M3_ENR+time,-0.41847967484047244
74,dr-var,baseline,M4_mixed,-0.9733098480286475
74,dr-var,baseline,M5_SVR,-0.5376851588718317
74,dr-var,baseline,M6_SVR+time,-0.5113857914705715
74,dr-mean+var,raw,M2_ENR,-0.40193659048749875
74,dr-mean+var,raw,M3_ENR+time,-0.40401232526961683
74,dr-mean+var,raw,M4_mixed,-1.2737249469958127
74,dr-mean+var,raw,M5_SVR,-0.43464854241507833
74,dr-mean+var,raw,M6_SVR+time,-0.33521898133732386
74,dr-mean+var,baseline,M2_ENR,-0.4161085278549759
74,dr-mean+var,baseline,M3_ENR+time,-0.4161085278549759
74,dr-mean+var,baseline,M4_mixed,-1.1224064388737311
74,dr-mean+var,baseline,M5_SVR,-0.5206779784085833
74,dr-mean+var,baseline,M6_SVR+time,-0.5073445707901969
75,var,raw,M2_ENR,-0.4156674136532762
75,var,raw,M3_ENR+time,-0.42194704617151946
75,var,raw,M4_mixed,-0.7759126060816616
75,var,raw,M5_SVR,-0.48197300917446684
75,var,raw,M6_SVR+time,-0.2710362494349152
75,var,baseline,M2_ENR,-0.5094664866042583
75,var,baseline,M3_ENR+time,-0.40639737639504225
75,var,baseline,M4_mixed,-1.0547879482168878
75,var,baseline,M5_SVR,-0.46126724958931364
75,var,baseline,M6_SVR+time,-0.45361925010917903
75,mean+var,raw,M2_ENR,-0.43515692094259617
75,mean+var,raw,M3_ENR+time,-0.43092433846975375
75,mean+var,raw,M4_mixed,-1.7315746466351674
75,mean+var,raw,M5_SVR,-0.27142150934766773
75,mean+var,raw,M6_SVR+time,-0.18685923845676422
75,mean+var,baseline,M2_ENR,-0.4010512696061911
75,mean+var,baseline,M3_ENR+time,-0.4124224736400067
75,mean+var,baseline,M4_mixed,-4.311627123566092
75,mean+var,baseline,M5_SVR,-0.5114973499047787
75,mean+var,baseline,M6_SVR+time,-0.4973133212749764
75,dr-var,raw,M2_ENR,-0.4062351428599341
75,dr-var,raw,M3_ENR+time,-0.40972435446033384
75,dr-var,raw,M4_mixed,-0.6830306217795975
75,dr-var,raw,M5_SVR,-0.45864592522398284
75,dr-var,raw,M6_SVR+time,-0.46454034635567043
75,dr-var,baseline,M2_ENR,-0.40498099332474535
75,dr-var,baseline,M3_ENR+time,-0.4027083109965134
75,dr-var,baseline,M4_mixed,-0.7273054038478562
75,dr-var,baseline,M5_SVR,-0.46512381465575603
75,dr-var,baseline,M6_SVR+time,-0.5758288024344566
75,dr-mean+var,raw,M2_ENR,-0.42628169116804127
75,dr-mean+var,raw,M3_ENR+time,-0.42578647431770034
75,dr-mean+var,raw,M4_mixed,-0.9413963589732924
75,dr-mean+var,raw,M5_SVR,-0.414842134498446
75,dr-mean+var,raw,M6_SVR+time,-0.4271857138121419
75,dr-mean+var,baseline,M2_ENR,-0.3873041365480213
75,dr-mean+var,baseline,M3_ENR+time,-0.3873041365480213
75,dr-mean+var,baseline,M4_mixed,-1.5942141446813891
75,dr-mean+var,baseline,M5_SVR,-0.46515643870091117
75,dr-mean+var,baseline,M6_SVR+time,-0.4529848790676315
76,var,raw,M2_ENR,-0.23674160504891972
76,var,raw,M3_ENR+time,-0.4634084966187657
76,var,raw,M4_mixed,-0.9937173167160036
76,var,raw,M5_SVR,-0.33149514543006675
76,var,raw,M6_SVR+time,-0.15641139287598338
76,var,baseline,M2_ENR,-0.9645458571686407
76,var,baseline,M3_ENR+time,-0.9415345942775208
76,var,baseline,M4_mixed,-1.4304503123561683
76,var,baseline,M5_SVR,-0.22548848069334038
76,var,baseline,M6_SVR+time,-0.2195097611361715
76,mean+var,raw,M2_ENR,-0.23415844872176705
76,mean+var,raw,M3_ENR+time,-0.26702570714600626
76,mean+var,raw,M4_mixed,-1.4909830105806148
76,mean+var,raw,M5_SVR,-0.2754035583628851
76,mean+var,raw,M6_SVR+time,-0.2024751954056554
76,mean+var,baseline,M2_ENR,-0.17461516531127752
76,mean+var,baseline,M3_ENR+time,-0.27428935554835054
76,mean+var,baseline,M4_mixed,-1.4560183466983199
76,mean+var,baseline,M5_SVR,-0.24504174731849138
76,mean+var,baseline,M6_SVR+time,-0.22689043341597215
76,dr-var,raw,M2_ENR,-0.29764626365258207
76,dr-var,raw,M3_ENR+time,-0.32293276264704973
76,dr-var,raw,M4_mixed,-0.9726798252810258
76,dr-var,raw,M5_SVR,-0.36122759484045286
76,dr-var,raw,M6_SVR+time,-0.19975286874895326
76,dr-var,baseline,M2_ENR,-1.103774996152628
76,dr-var,baseline,M3_ENR+time,-0.93237192237006
76,dr-var,baseline,M4_mixed,-1.4779730696011095
76,dr-var,baseline,M5_SVR,-0.2980114593113694
76,dr-var,baseline,M6_SVR+time,-0.1838494915551584
76,dr-mean+var,raw,M2_ENR,-0.3108879418912647
76,dr-mean+var,raw,M3_ENR+time,-0.4682838563482967
76,dr-mean+var,raw,M4_mixed,-1.26630562001286
76,dr-mean+var,raw,M5_SVR,-0.27028128180967936
76,dr-mean+var,raw,M6_SVR+time,-0.1765718117384868
76,dr-mean+var,baseline,M2_ENR,-0.2844318328334323
76,dr-mean+var,baseline,M3_ENR+time,-0.28082705755651993
76,dr-mean+var,baseline,M4_mixed,-1.8151852576436196
76,dr-mean+var,baseline,M5_SVR,-0.2587222429091416
76,dr-mean+var,baseline,M6_SVR+time,-0.262228274152829
77,var,raw,M2_ENR,-0.46444742193446
77,var,raw,M3_ENR+time,-0.4680316437628135
77,var,raw,M4_mixed,-1.006116939605187
77,var,raw,M5_SVR,-0.3732388982684539
77,var,raw,M6_SVR+time,-0.33588687475273493
77,var,baseline,M2_ENR,-0.8593412221580318
77,var,baseline,M3_ENR+time,-0.8568517164145285
77,var,baseline,M4_mixed,-1.3521558288317443
77,var,baseline,M5_SVR,-0.32803367177688847
77,var,baseline,M6_SVR+time,-0.29589279544922
77,mean+var,raw,M2_ENR,-0.513789598310065
77,mean+var,raw,M3_ENR+time,-0.4350756965051986
77,mean+var,raw,M4_mixed,-1.7141431806030565
77,mean+var,raw,M5_SVR,-0.3020074425742837
77,mean+var,raw,M6_SVR+time,-0.16577122768636798
77,mean+var,baseline,M2_ENR,-0.29967214491518346
77,mean+var,baseline,M3_ENR+time,-0.43302174126211435
77,mean+var,baseline,M4_mixed,-1.0979580770609187
77,mean+var,baseline,M5_SVR,-0.31686633309681966
77,mean+var,baseline,M6_SVR+time,-0.3268917343645329
77,dr-var,raw,M2_ENR,-0.34498656157119545
77,dr-var,raw,M3_ENR+time,-0.3261325091307946
77,dr-var,raw,M4_mixed,-0.6540709357364399
77,dr-var,raw,M5_SVR,-0.456755324754074
77,dr-var,raw,M6_SVR+time,-0.39711786735327725
77,dr-var,baseline,M2_ENR,-0.4429266672633557
77,dr-var,baseline,M3_ENR+time,-0.43082192790793805
77,dr-var,baseline,M4_mixed,-0.6300311551740815
77,dr-var,baseline,M5_SVR,-0.44300271642037303
77,dr-var,baseline,M6_SVR+time,-0.31683676055732735
77,dr-mean+var,raw,M2_ENR,-0.22935331850079266
77,dr-mean+var,raw,M3_ENR+time,-0.24755724261296252
77,dr-mean+var,raw,M4_mixed,-0.6660732323425022
77,dr-mean+var,raw,M5_SVR,-0.29005203835263904
77,dr-mean+var,raw,M6_SVR+time,-0.22119543727844826
77,dr-mean+var,baseline,M2_ENR,-0.30912053699673325
77,dr-mean+var,baseline,M3_ENR+time,-0.36916809306777776
77,dr-mean+var,baseline,M4_mixed,-1.1777260196693264
77,dr-mean+var,baseline,M5_SVR,-0.2839321660298998
77,dr-mean+var,baseline,M6_SVR+time,-0.2130486915145261
78,var,raw,M2_ENR,-0.251382232942468
78,var,raw,M3_ENR+time,-0.1341487066893785
78,var,raw,M4_mixed,-0.6199896134257867
78,var,raw,M5_SVR,-0.4012927802647346
78,var,raw,M6_SVR+time,-0.2939895548371496
78,var,baseline,M2_ENR,-0.308190119214097
78,var,baseline,M3_ENR+time,-0.16201122888930464
78,var,baseline,M4_mixed,-0.9382296100430565
78,var,baseline,M5_SVR,-0.3702665149812201
78,var,baseline,M6_SVR+time,-0.25221371915619817
78,mean+var,raw,M2_ENR,-0.24971582891727206
78,mean+var,raw,M3_ENR+time,-0.17206579156236645
78,mean+var,raw,M4_mixed,-1.0093945016780668
78,mean+var,raw,M5_SVR,-0.3253161856689697
78,mean+var,raw,M6_SVR+time,-0.1319038101134471
78,mean+var,baseline,M2_ENR,-0.2761250718413999
78,mean+var,baseline,M3_ENR+time,-0.09609511914334057
78,mean+var,baseline,M4_mixed,-2.4281136142442206
78,mean+var,baseline,M5_SVR,-0.32743108409817223
78,mean+var,baseline,M6_SVR+time,-0.24309094690160937
78,dr-var,raw,M2_ENR,-0.2750386458967433
78,dr-var,raw,M3_ENR+time,-0.13045818164914835
78,dr-var,raw,M4_mixed,-0.4091723380140446
78,dr-var,raw,M5_SVR,-0.432827138097301
78,dr-var,raw,M6_SVR+time,-0.27824258708870286
78,dr-var,baseline,M2_ENR,-0.3630456707513885
78,dr-var,baseline,M3_ENR+time,-0.1242604785084036
78,dr-var,baseline,M4_mixed,-0.4821041789960645
78,dr-var,baseline,M5_SVR,-0.36298552113878624
78,dr-var,baseline,M6_SVR+time,-0.23716157338793042
78,dr-mean+var,raw,M2_ENR,-0.20738567896831406
78,dr-mean+var,raw,M3_ENR+time,-0.17345921751118398
78,dr-mean+var,raw,M4_mixed,-0.9918303816941643
78,dr-mean+var,raw,M5_SVR,-0.18092987176171027
78,dr-mean+var,raw,M6_SVR+time,-0.15186715622180302
78,dr-mean+var,baseline,M2_ENR,-0.25123420816782915
78,dr-mean+var,baseline,M3_ENR+time,-0.18043029740507355
78,dr-mean+var,baseline,M4_mixed,-0.9888596741871511
78,dr-mean+var,baseline,M5_SVR,-0.4101900893127448
78,dr-mean+var,baseline,M6_SVR+time,-0.20651201475364656
79,var,raw,M2_ENR,-0.5901117152189632
79,var,raw,M3_ENR+time,-0.587842444091758
79,var,raw,M4_mixed,-1.369825310054354
79,var,raw,M5_SVR,-0.36291123229591293
79,var,raw,M6_SVR+time,-0.36777120903223737
79,var,baseline,M2_ENR,-0.378238319348261
79,var,baseline,M3_ENR+time,-0.4488270783879764
79,var,baseline,M4_mixed,-1.4236619271080964
79,var,baseline,M5_SVR,-0.37108497964910026
79,var,baseline,M6_SVR+time,-0.35910358197123027
79,mean+var,raw,M2_ENR,-0.483945659110959
79,mean+var,raw,M3_ENR+time,-0.49704969940416377
79,mean+var,raw,M4_mixed,-2.3470377998921697
79,mean+var,raw,M5_SVR,-0.341233525786495
79,mean+var,raw,M6_SVR+time,-0.3078965620853191
79,mean+var,baseline,M2_ENR,-0.35174221466110955
79,mean+var,baseline,M3_ENR+time,-0.37319043146752473
79,mean+var,baseline,M4_mixed,-2.309316755475301
79,mean+var,baseline,M5_SVR,-0.4994013399579482
79,mean+var,baseline,M6_SVR+time,-0.49259842042981505
79,dr-var,raw,M2_ENR,-0.3570285283431518
79,dr-var,raw,M3_ENR+time,-0.36761025803803604
79,dr-var,raw,M4_mixed,-0.6422649528110291
79,dr-var,raw,M5_SVR,-0.35784652920480986
79,dr-var,raw,M6_SVR+time,-0.41218672381973276
79,dr-var,baseline,M2_ENR,-0.3823318927844268
79,dr-var,baseline,M3_ENR+time,-0.4095241885435372
79,dr-var,baseline,M4_mixed,-0.6500982976267877
79,dr-var,baseline,M5_SVR,-0.43790055109097525
79,dr-var,baseline,M6_SVR+time,-0.4607903027797682
79,dr-mean+var,raw,M2_ENR,-0.5047815734770504
79,dr-mean+var,raw,M3_ENR+time,-0.37981363147522473
79,dr-mean+var,raw,M4_mixed,-1.1918513351201612
79,dr-mean+var,raw,M5_SVR,-0.2500573939530861
79,dr-mean+var,raw,M6_SVR+time,-0.2937144383422703
79,dr-mean+var,baseline,M2_ENR,-0.38557500669820577
79,dr-mean+var,baseline,M3_ENR+time,-0.3800995698435423
79,dr-mean+var,baseline,M4_mixed,-1.4883088337086268
79,dr-mean+var,baseline,M5_SVR,-0.32190174667331717
79,dr-mean+var,baseline,M6_SVR+time,-0.3266741005155597
80,var,raw,M2_ENR,-0.19324582880766805
80,var,raw,M3_ENR+time,-0.17210018127062565
80,var,raw,M4_mixed,-0.7068076310830148
80,var,raw,M5_SVR,-0.3153969844473633
80,var,raw,M6_SVR+time,-0.12553516461075664
80,var,baseline,M2_ENR,-0.21631839775491735
80,var,baseline,M3_ENR+time,-0.192285140639323
80,var,baseline,M4_mixed,-1.0607338058797189
80,var,baseline,M5_SVR,-0.28750798198474514
80,var,baseline,M6_SVR+time,-0.18491637894394342
80,mean+var,raw,M2_ENR,-0.261973681372092
80,mean+var,raw,M3_ENR+time,-0.2207775310430219
80,mean+var,raw,M4_mixed,-2.4286875974693984
80,mean+var,raw,M5_SVR,-0.13970552329369113
80,mean+var,raw,M6_SVR+time,0.03742099423596423
80,mean+var,baseline,M2_ENR,-0.20337900133090903
80,mean+var,baseline,M3_ENR+time,-0.24046296328348105
80,mean+var,baseline,M4_mixed,-2.6930309987654377
80,mean+var,baseline,M5_SVR,-0.2303646277917898
80,mean+var,baseline,M6_SVR+time,-0.21220547265052436
80,dr-var,raw,M2_ENR,-0.2483339544798887
80,dr-var,raw,M3_ENR+time,-0.19603170002478976
80,dr-var,raw,M4_mixed,-0.29789608181795135
80,dr-var,raw,M5_SVR,-0.3174094014819123
80,dr-var,raw,M6_SVR+time,-0.14881279896377209
80,dr-var,baseline,M2_ENR,-0.245801311917483
80,dr-var,baseline,M3_ENR+time,-0.1708455228052107
80,dr-var,baseline,M4_mixed,-0.21569999137528006
80,dr-var,baseline,M5_SVR,-0.281062627138431
80,dr-var,baseline,M6_SVR+time,-0.20178439628041
80,dr-mean+var,raw,M2_ENR,-0.23519670674950832
80,dr-mean+var,raw,M3_ENR+time,-0.2166597635602564
80,dr-mean+var,raw,M4_mixed,-0.8499587449007598
80,dr-mean+var,raw,M5_SVR,-0.13082108050210095
80,dr-mean+var,raw,M6_SVR+time,-0.10394584361042425
80,dr-mean+var,baseline,M2_ENR,-0.19673282002415016
80,dr-mean+var,baseline,M3_ENR+time,-0.21679873258416416
80,dr-mean+var,baseline,M4_mixed,-0.9150130517983229
80,dr-mean+var,baseline,M5_SVR,-0.2544582591202583
80,dr-mean+var,baseline,M6_SVR+time,-0.1697740497993604
81,var,raw,M2_ENR,-0.42076569991162505
81,var,raw,M3_ENR+time,-0.4473060360331006
81,var,raw,M4_mixed,-1.225614214429065
81,var,raw,M5_SVR,-0.28809331801410865
81,var,raw,M6_SVR+time,-0.20501827573757003
81,var,baseline,M2_ENR,-1.2466990800680704
81,var,baseline,M3_ENR+time,-1.3438540370467629
81,var,baseline,M4_mixed,-1.906045062114686
81,var,baseline,M5_SVR,-0.19991927098639628
81,var,baseline,M6_SVR+time,-0.3508563221950506
81,mean+var,raw,M2_ENR,-0.30510874360684126
81,mean+var,raw,M3_ENR+time,-0.34517656067854763
81,mean+var,raw,M4_mixed,-1.2913067697371599
81,mean+var,raw,M5_SVR,-0.37874977609481897
81,mean+var,raw,M6_SVR+time,-0.2987584972634124
81,mean+var,baseline,M2_ENR,-0.2187722223287113
81,mean+var,baseline,M3_ENR+time,-0.2372918972604804
81,mean+var,baseline,M4_mixed,-2.464761849602699
81,mean+var,baseline,M5_SVR,-0.31819819000577276
81,mean+var,baseline,M6_SVR+time,-0.33233681227834444
81,dr-var,raw,M2_ENR,-0.5191644542651853
81,dr-var,raw,M3_ENR+time,-0.5167062084221398
81,dr-var,raw,M4_mixed,-1.3161471985941846
81,dr-var,raw,M5_SVR,-0.2972142390508302
81,dr-var,raw,M6_SVR+time,-0.3395551329859806
81,dr-var,baseline,M2_ENR,-1.122632749035024
81,dr-var,baseline,M3_ENR+time,-1.1495668729639656
81,dr-var,baseline,M4_mixed,-1.9381700865601403
81,dr-var,baseline,M5_SVR,-0.4000667129763865
81,dr-var,baseline,M6_SVR+time,-0.28806677529055313
81,dr-mean+var,raw,M2_ENR,-0.3623840304736866
81,dr-mean+var,raw,M3_ENR+time,-0.3498912582151351
81,dr-mean+var,raw,M4_mixed,-0.9460710570349916
81,dr-mean+var,raw,M5_SVR,-0.34518310903687877
81,dr-mean+var,raw,M6_SVR+time,-0.34232791356612824
81,dr-mean+var,baseline,M2_ENR,-0.35620900880817874
81,dr-mean+var,baseline,M3_ENR+time,-0.36387092233242113
81,dr-mean+var,baseline,M4_mixed,-1.2324464759356695
81,dr-mean+var,baseline,M5_SVR,-0.16659590503405597
81,dr-mean+var,baseline,M6_SVR+time,-0.25138114277562496
82,var,raw,M2_ENR,-0.27549763760915214
82,var,raw,M3_ENR+time,-0.2824674850304839
82,var,raw,M4_mixed,-0.590510266774127
82,var,raw,M5_SVR,-0.39885979808063465
82,var,raw,M6_SVR+time,-0.44254488496001876
82,var,baseline,M2_ENR,-0.3051186580763309
82,var,baseline,M3_ENR+time,-0.3250105494327128
82,var,baseline,M4_mixed,-1.644955816474881
82,var,baseline,M5_SVR,-0.33345744749356887
82,var,baseline,M6_SVR+time,-0.3050921866641144
82,mean+var,raw,M2_ENR,-0.2944520994632557
82,mean+var,raw,M3_ENR+time,-0.3368069942994959
82,mean+var,raw,M4_mixed,-0.81742878454328
82,mean+var,raw,M5_SVR,-0.4247996866274161
82,mean+var,raw,M6_SVR+time,-0.20721587999521418
82,mean+var,baseline,M2_ENR,-0.23592513737864285
82,mean+var,baseline,M3_ENR+time,-0.2859712500743289
82,mean+var,baseline,M4_mixed,-3.1199512546079435
82,mean+var,baseline,M5_SVR,-0.16822254258405978
82,mean+var,baseline,M6_SVR+time,-0.0759912968580283
82,dr-var,raw,M2_ENR,-0.302317411620051
82,dr-var,raw,M3_ENR+time,-0.2959889644414576
82,dr-var,raw,M4_mixed,-0.6189857611259738
82,dr-var,raw,M5_SVR,-0.44591769566228445
82,dr-var,raw,M6_SVR+time,-0.4379280452374549
82,dr-var,baseline,M2_ENR,-0.30560520222203913
82,dr-var,baseline,M3_ENR+time,-0.30800243513848413
82,dr-var,baseline,M4_mixed,-0.7114122048553585
82,dr-var,baseline,M5_SVR,-0.484374467944927
82,dr-var,baseline,M6_SVR+time,-0.4135749090264499
82,dr-mean+var,raw,M2_ENR,-0.3155375125853529
82,dr-mean+var,raw,M3_ENR+time,-0.31134871070762504
82,dr-mean+var,raw,M4_mixed,-0.9575718074559864
82,dr-mean+var,raw,M5_SVR,-0.4273760295767989
82,dr-mean+var,raw,M6_SVR+time,-0.39283289618211026
82,dr-mean+var,baseline,M2_ENR,-0.09233265079322162
82,dr-mean+var,baseline,M3_ENR+time,-0.09374088022329352
82,dr-mean+var,baseline,M4_mixed,-0.6168349700060106
82,dr-mean+var,baseline,M5_SVR,-0.3596796060644759
82,dr-mean+var,baseline,M6_SVR+time,-0.32294532418034716
83,var,raw,M2_ENR,-0.7616715987562
83,var,raw,M3_ENR+time,-0.6910506958953021
83,var,raw,M4_mixed,-1.062929061235515
83,var,raw,M5_SVR,-0.45731824244450425
83,var,raw,M6_SVR+time,-0.3505163033969828
83,var,baseline,M2_ENR,-0.37705457432954204
83,var,baseline,M3_ENR+time,-0.2707094896658473
83,var,baseline,M4_mixed,-1.9286343891436895
83,var,baseline,M5_SVR,-0.3598979563351673
83,var,baseline,M6_SVR+time,-0.3998404223848707
83,mean+var,raw,M2_ENR,-0.37718136682035663
83,mean+var,raw,M3_ENR+time,-0.48798111036463687
83,mean+var,raw,M4_mixed,-1.804178163291093
83,mean+var,raw,M5_SVR,-0.38131816051962464
83,mean+var,raw,M6_SVR+time,-0.390381590966297
83,mean+var,baseline,M2_ENR,-0.5232557728600987
83,mean+var,baseline,M3_ENR+time,-0.6180283496358575
83,mean+var,baseline,M4_mixed,-1.4174232079556615
83,mean+var,baseline,M5_SVR,-0.41115557359813104
83,mean+var,baseline,M6_SVR+time,-0.3578322131255217
83,dr-var,raw,M2_ENR,-0.3800483039086552
83,dr-var,raw,M3_ENR+time,-0.35182227181301984
83,dr-var,raw,M4_mixed,-0.8460753907397961
83,dr-var,raw,M5_SVR,-0.5821256102756195
83,dr-var,raw,M6_SVR+time,-0.45892244973401486
83,dr-var,baseline,M2_ENR,-0.40561679738116696
83,dr-var,baseline,M3_ENR+time,-0.38578950228671005
83,dr-var,baseline,M4_mixed,-0.8898859997186669
83,dr-var,baseline,M5_SVR,-0.3863665774850077
83,dr-var,baseline,M6_SVR+time,-0.34611327574415385
83,dr-mean+var,raw,M2_ENR,-0.38120999782269116
83,dr-mean+var,raw,M3_ENR+time,-0.37108504942690346
83,dr-mean+var,raw,M4_mixed,-1.5401243789390993
83,dr-mean+var,raw,M5_SVR,-0.40938785630397356
83,dr-mean+var,raw,M6_SVR+time,-0.25582399153149393
83,dr-mean+var,baseline,M2_ENR,-0.3934137145534712
83,dr-mean+var,baseline,M3_ENR+time,-0.38813604857936956
83,dr-mean+var,baseline,M4_mixed,-1.4363756598458406
83,dr-mean+var,baseline,M5_SVR,-0.3853495475592722
83,dr-mean+var,baseline,M6_SVR+time,-0.3595489280692642
84,var,raw,M2_ENR,-0.26136075827330807
84,var,raw,M3_ENR+time,-0.25679781878689234
84,var,raw,M4_mixed,-0.5668641000684272
84,var,raw,M5_SVR,-0.34645280631200503
84,var,raw,M6_SVR+time,-0.33297828579474176
84,var,baseline,M2_ENR,-0.19671829578765332
84,var,baseline,M3_ENR+time,-0.30764417075059514
84,var,baseline,M4_mixed,-1.4837367607555358
84,var,baseline,M5_SVR,-0.22106235997708534
84,var,baseline,M6_SVR+time,-0.21737504016655385
84,mean+var,raw,M2_ENR,-0.25864726661529713
84,mean+var,raw,M3_ENR+time,-0.27378707733444385
84,mean+var,raw,M4_mixed,-1.3707571995378944
84,mean+var,raw,M5_SVR,-0.29592571461545825
84,mean+var,raw,M6_SVR+time,-0.2889333007497966
84,mean+var,baseline,M2_ENR,-0.2073362037898282
84,mean+var,baseline,M3_ENR+time,-0.341696550744348
84,mean+var,baseline,M4_mixed,-1.3010973135277726
84,mean+var,baseline,M5_SVR,-0.4406641042529761
84,mean+var,baseline,M6_SVR+time,-0.39909228317285084
84,dr-var,raw,M2_ENR,-0.2694790543800255
84,dr-var,raw,M3_ENR+time,-0.2644205882469918
84,dr-var,raw,M4_mixed,-0.45444945089301714
84,dr-var,raw,M5_SVR,-0.238474016880876
84,dr-var,raw,M6_SVR+time,-0.2966120254978407
84,dr-var,baseline,M2_ENR,-0.49760016483701996
84,dr-var,baseline,M3_ENR+time,-0.40487315459172757
84,dr-var,baseline,M4_mixed,-0.4955119992804148
84,dr-var,baseline,M5_SVR,-0.3276678819139974
84,dr-var,baseline,M6_SVR+time,-0.2271348164576511
84,dr-mean+var,raw,M2_ENR,-0.2712723763856607
84,dr-mean+var,raw,M3_ENR+time,-0.25178844988911175
84,dr-mean+var,raw,M4_mixed,-0.6039754819870887
84,dr-mean+var,raw,M5_SVR,-0.23226854772590777
84,dr-mean+var,raw,M6_SVR+time,-0.22260268904298475
84,dr-mean+var,baseline,M2_ENR,-0.29964296876571417
84,dr-mean+var,baseline,M3_ENR+time,-0.32137203776023104
84,dr-mean+var,baseline,M4_mixed,-0.7094933555157475
84,dr-mean+var,baseline,M5_SVR,-0.2498866912474228
84,dr-mean+var,baseline,M6_SVR+time,-0.2062596130496286
85,var,raw,M2_ENR,-0.32646680736426237
85,var,raw,M3_ENR+time,-0.29692821154215576
85,var,raw,M4_mixed,-1.1827516374607079
85,var,raw,M5_SVR,-0.15259899402596366
85,var,raw,M6_SVR+time,-0.10374114330056128
85,var,baseline,M2_ENR,-0.26145618862831344
85,var,baseline,M3_ENR+time,-0.28160564761606344
85,var,baseline,M4_mixed,-0.7463294056333044
85,var,baseline,M5_SVR,-0.20275275174134177
85,var,baseline,M6_SVR+time,-0.16764774937074778
85,mean+var,raw,M2_ENR,-0.33915472508027544
85,mean+var,raw,M3_ENR+time,-0.33177281033744566
85,mean+var,raw,M4_mixed,-0.8903061319466589
85,mean+var,raw,M5_SVR,-0.13850575784989572
85,mean+var,raw,M6_SVR+time,-0.0738181781661732
85,mean+var,baseline,M2_ENR,-0.17176449534720184
85,mean+var,baseline,M3_ENR+time,-0.2722391736525679
85,mean+var,baseline,M4_mixed,-2.8000677810051116
85,mean+var,baseline,M5_SVR,-0.13219137850292495
85,mean+var,baseline,M6_SVR+time,-0.12693806906007787
85,dr-var,raw,M2_ENR,-0.2789651956087599
85,dr-var,raw,M3_ENR+time,-0.23086958689991655
85,dr-var,raw,M4_mixed,-0.3676432247212361
85,dr-var,raw,M5_SVR,-0.22499236824113578
85,dr-var,raw,M6_SVR+time,-0.23130301050578506
85,dr-var,baseline,M2_ENR,-0.3617001228536264
85,dr-var,baseline,M3_ENR+time,-0.2530243952318342
85,dr-var,baseline,M4_mixed,-0.5609809340254627
85,dr-var,baseline,M5_SVR,-0.22824786621666526
85,dr-var,baseline,M6_SVR+time,-0.25970172837739447
85,dr-mean+var,raw,M2_ENR,-0.17401214879074178
85,dr-mean+var,raw,M3_ENR+time,-0.14912338981493523
85,dr-mean+var,raw,M4_mixed,-0.6243781816979491
85,dr-mean+var,raw,M5_SVR,-0.04624241943826779
85,dr-mean+var,raw,M6_SVR+time,0.03203982914768966
85,dr-mean+var,baseline,M2_ENR,-0.1897176101748479
85,dr-mean+var,baseline,M3_ENR+time,-0.19813220949392885
85,dr-mean+var,baseline,M4_mixed,-0.9860088243093713
85,dr-mean+var,baseline,M5_SVR,-0.15406005856847182
85,dr-mean+var,baseline,M6_SVR+time,-0.16126674752969328
86,var,raw,M2_ENR,-0.2137011567251501
86,var,raw,M3_ENR+time,-0.23168388958768527
86,var,raw,M4_mixed,-0.834817357692012
86,var,raw,M5_SVR,-0.30260896486916267
86,var,raw,M6_SVR+time,-0.2616085327109431
86,var,baseline,M2_ENR,-0.23926781509766848
86,var,baseline,M3_ENR+time,-0.23902828480762806
86,var,baseline,M4_mixed,-0.8482947818755125
86,var,baseline,M5_SVR,-0.2590483100993205
86,var,baseline,M6_SVR+time,-0.2484276648940077
86,mean+var,raw,M2_ENR,-0.18609815584642952
86,mean+var,raw,M3_ENR+time,-0.2769883147040907
86,mean+var,raw,M4_mixed,-1.6669634743167614
86,mean+var,raw,M5_SVR,-0.22467772998322744
86,mean+var,raw,M6_SVR+time,-0.14393667290341117
86,mean+var,baseline,M2_ENR,-0.15135241244323705
86,mean+var,baseline,M3_ENR+time,-0.1631639831544165
86,mean+var,baseline,M4_mixed,-4.559685337916745
86,mean+var,baseline,M5_SVR,-0.22606818925441374
86,mean+var,baseline,M6_SVR+time,-0.28356489506465354
86,dr-var,raw,M2_ENR,-0.20751137953886845
86,dr-var,raw,M3_ENR+time,-0.2542630899009938
86,dr-var,raw,M4_mixed,-0.44615442883306666
86,dr-var,raw,M5_SVR,-0.24537228354653162
86,dr-var,raw,M6_SVR+time,-0.23711857780468415
86,dr-var,baseline,M2_ENR,-0.21437742866134457
86,dr-var,baseline,M3_ENR+time,-0.22103473485386205
86,dr-var,baseline,M4_mixed,-0.4533015685280565
86,dr-var,baseline,M5_SVR,-0.2638024822459967
86,dr-var,baseline,M6_SVR+time,-0.26417360418240377
86,dr-mean+var,raw,M2_ENR,-0.26959304617606195
86,dr-mean+var,raw,M3_ENR+time,-0.33306635188411937
86,dr-mean+var,raw,M4_mixed,-0.6801921120464879
86,dr-mean+var,raw,M5_SVR,-0.23553837291573643
86,dr-mean+var,raw,M6_SVR+time,-0.20476760001774952
86,dr-mean+var,baseline,M2_ENR,-0.1795467050415529
86,dr-mean+var,baseline,M3_ENR+time,-0.22097139099845486
86,dr-mean+var,baseline,M4_mixed,-1.128825567347505
86,dr-mean+var,baseline,M5_SVR,-0.15656662793847398
86,dr-mean+var,baseline,M6_SVR+time,-0.16861183212777342
87,var,raw,M2_ENR,-0.3111341713179011
87,var,raw,M3_ENR+time,-0.32650212393789346
87,var,raw,M4_mixed,-1.1154252709841317
87,var,raw,M5_SVR,-0.35726843025356414
87,var,raw,M6_SVR+time,-0.38724228408768535
87,var,baseline,M2_ENR,-0.440068921872966
87,var,baseline,M3_ENR+time,-0.411842401864282
87,var,baseline,M4_mixed,-0.8760694449015486
87,var,baseline,M5_SVR,-0.3623740971693733
87,var,baseline,M6_SVR+time,-0.3475980146168497
87,mean+var,raw,M2_ENR,-0.20430663131450866
87,mean+var,raw,M3_ENR+time,-0.3126028140158089
87,mean+var,raw,M4_mixed,-1.340085172060542
87,mean+var,raw,M5_SVR,-0.19463309755830205
87,mean+var,raw,M6_SVR+time,-0.22753190497568465
87,mean+var,baseline,M2_ENR,-0.3519183834781202
87,mean+var,baseline,M3_ENR+time,-0.3459189995687352
87,mean+var,baseline,M4_mixed,-2.9769246339563833
87,mean+var,baseline,M5_SVR,-0.3142263489244016
87,mean+var,baseline,M6_SVR+time,-0.3755626817611398
87,dr-var,raw,M2_ENR,-0.2988421118879697
87,dr-var,raw,M3_ENR+time,-0.2984873102881923
87,dr-var,raw,M4_mixed,-0.7001506646429366
87,dr-var,raw,M5_SVR,-0.324661812143901
87,dr-var,raw,M6_SVR+time,-0.35474382517747516
87,dr-var,baseline,M2_ENR,-0.29979715283958874
87,dr-var,baseline,M3_ENR+time,-0.2991152691259519
87,dr-var,baseline,M4_mixed,-0.7797275345141427
87,dr-var,baseline,M5_SVR,-0.29249354885105683
87,dr-var,baseline,M6_SVR+time,-0.2783977172376876
87,dr-mean+var,raw,M2_ENR,-0.3534658257843045
87,dr-mean+var,raw,M3_ENR+time,-0.35370315240262895
87,dr-mean+var,raw,M4_mixed,-0.6335066541965549
87,dr-mean+var,raw,M5_SVR,-0.30810261522348237
87,dr-mean+var,raw,M6_SVR+time,-0.29992974568139286
87,dr-mean+var,baseline,M2_ENR,-0.30359374809606543
87,dr-mean+var,baseline,M3_ENR+time,-0.30359374809606543
87,dr-mean+var,baseline,M4_mixed,-0.7055781058409011
87,dr-mean+var,baseline,M5_SVR,-0.23046649643123407
87,dr-mean+var,baseline,M6_SVR+time,-0.2710924823739663
88,var,raw,M2_ENR,-0.16111006014250429
88,var,raw,M3_ENR+time,-0.1793935355625209
88,var,raw,M4_mixed,-0.9349009674487623
88,var,raw,M5_SVR,-0.23962598048952022
88,var,raw,M6_SVR+time,-0.23383836258416246
88,var,baseline,M2_ENR,-0.12376495099677753
88,var,baseline,M3_ENR+time,-0.1624965137010964
88,var,baseline,M4_mixed,-1.2457078027729207
88,var,baseline,M5_SVR,-0.35529721979286966
88,var,baseline,M6_SVR+time,-0.35806187535639555
88,mean+var,raw,M2_ENR,-0.15269840141971291
88,mean+var,raw,M3_ENR+time,-0.15315706160960074
88,mean+var,raw,M4_mixed,-1.454060931099
88,mean+var,raw,M5_SVR,-0.33761450983407393
88,mean+var,raw,M6_SVR+time,-0.20427410327593365
88,mean+var,baseline,M2_ENR,-0.14515115814276525
88,mean+var,baseline,M3_ENR+time,-0.12878355306649514
88,mean+var,baseline,M4_mixed,-3.9204670662208807
88,mean+var,baseline,M5_SVR,-0.3522910897410718
88,mean+var,baseline,M6_SVR+time,-0.33302005812049473
88,dr-var,raw,M2_ENR,-0.1004825946099851
88,dr-var,raw,M3_ENR+time,-0.12223715475565922
88,dr-var,raw,M4_mixed,-0.2862388229582249
88,dr-var,raw,M5_SVR,-0.09724407671105562
88,dr-var,raw,M6_SVR+time,-0.10770539352098762
88,dr-var,baseline,M2_ENR,-0.11319944239217172
88,dr-var,baseline,M3_ENR+time,-0.15570573466840165
88,dr-var,baseline,M4_mixed,-0.45239074185421124
88,dr-var,baseline,M5_SVR,-0.1930204555916868
88,dr-var,baseline,M6_SVR+time,-0.20334359503925348
88,dr-mean+var,raw,M2_ENR,-0.19979789453179175
88,dr-mean+var,raw,M3_ENR+time,-0.19464059432506575
88,dr-mean+var,raw,M4_mixed,-0.6544644277714904
88,dr-mean+var,raw,M5_SVR,-0.15709991211308239
88,dr-mean+var,raw,M6_SVR+time,-0.16278601798291292
88,dr-mean+var,baseline,M2_ENR,-0.11999010136991395
88,dr-mean+var,baseline,M3_ENR+time,-0.12708526428366274
88,dr-mean+var,baseline,M4_mixed,-1.1197693911668154
88,dr-mean+var,baseline,M5_SVR,-0.16374596592164947
88,dr-mean+var,baseline,M6_SVR+time,-0.18328017209730285
89,var,raw,M2_ENR,-0.2710398085967445
89,var,raw,M3_ENR+time,-0.27103980859674426
89,var,raw,M4_mixed,-0.9435157971558643
89,var,raw,M5_SVR,-0.42391529836855457
89,var,raw,M6_SVR+time,-0.4400471360880793
89,var,baseline,M2_ENR,-0.2690535175253652
89,var,baseline,M3_ENR+time,-0.2821253433283806
89,var,baseline,M4_mixed,-0.509106646203044
89,var,baseline,M5_SVR,-0.29873241750481005
89,var,baseline,M6_SVR+time,-0.3272855890142239
89,mean+var,raw,M2_ENR,-0.27905106382630285
89,mean+var,raw,M3_ENR+time,-0.27849502523308156
89,mean+var,raw,M4_mixed,-1.88608334258333
89,mean+var,raw,M5_SVR,-0.14016131756324313
89,mean+var,raw,M6_SVR+time,-0.1415920712944233
89,mean+var,baseline,M2_ENR,-0.27210705507798316
89,mean+var,baseline,M3_ENR+time,-0.26251938906575756
89,mean+var,baseline,M4_mixed,-5.710091184250553
89,mean+var,baseline,M5_SVR,-0.29375012618338614
89,mean+var,baseline,M6_SVR+time,-0.32625260632943864
89,dr-var,raw,M2_ENR,-0.26898103091554804
89,dr-var,raw,M3_ENR+time,-0.25804612719252384
89,dr-var,raw,M4_mixed,-0.600618284649729
89,dr-var,raw,M5_SVR,-0.3221970080815133
89,dr-var,raw,M6_SVR+time,-0.3510400328865182
89,dr-var,baseline,M2_ENR,-0.2877929598686497
89,dr-var,baseline,M3_ENR+time,-0.2703884593714221
89,dr-var,baseline,M4_mixed,-0.6552092600081563
89,dr-var,baseline,M5_SVR,-0.4181345517839927
89,dr-var,baseline,M6_SVR+time,-0.38451877738311
89,dr-mean+var,raw,M2_ENR,-0.2705185837914692
89,dr-mean+var,raw,M3_ENR+time,-0.26723833004906816
89,dr-mean+var,raw,M4_mixed,-0.4875539246586498
89,dr-mean+var,raw,M5_SVR,-0.2765593460566531
89,dr-mean+var,raw,M6_SVR+time,-0.3176711117708635
89,dr-mean+var,baseline,M2_ENR,-0.2882064864787661
89,dr-mean+var,baseline,M3_ENR+time,-0.2900151644366902
89,dr-mean+var,baseline,M4_mixed,-0.9561639120157637
89,dr-mean+var,baseline,M5_SVR,-0.2823605193181209
89,dr-mean+var,baseline,M6_SVR+time,-0.2961619623269285
90,var,raw,M2_ENR,-0.2668315108664193
90,var,raw,M3_ENR+time,-0.2972579253702553
90,var,raw,M4_mixed,-0.704686807671474
90,var,raw,M5_SVR,-0.10273858350408982
90,var,raw,M6_SVR+time,-0.11382235377668082
90,var,baseline,M2_ENR,-0.6918914690743073
90,var,baseline,M3_ENR+time,-0.7041129572514581
90,var,baseline,M4_mixed,-0.5621659354060443
90,var,baseline,M5_SVR,-0.23103617701737045
90,var,baseline,M6_SVR+time,-0.24046705423855885
90,mean+var,raw,M2_ENR,-0.4085342706685665
90,mean+var,raw,M3_ENR+time,-0.28265233120637434
90,mean+var,raw,M4_mixed,-1.2202258512209285
90,mean+var,raw,M5_SVR,-0.08537838985979584
90,mean+var,raw,M6_SVR+time,-0.12955291763946442
90,mean+var,baseline,M2_ENR,-0.24444378938050992
90,mean+var,baseline,M3_ENR+time,-0.24324143918603125
90,mean+var,baseline,M4_mixed,-2.9715384882169102
90,mean+var,baseline,M5_SVR,-0.31066055949321447
90,mean+var,baseline,M6_SVR+time,-0.3555074472025962
90,dr-var,raw,M2_ENR,-0.8282932236067201
90,dr-var,raw,M3_ENR+time,-0.7878073203234143
90,dr-var,raw,M4_mixed,-0.8186805074971643
90,dr-var,raw,M5_SVR,-0.2141079136621581
90,dr-var,raw,M6_SVR+time,-0.2158104202194996
90,dr-var,baseline,M2_ENR,-1.3179811790447054
90,dr-var,baseline,M3_ENR+time,-0.995672534917552
90,dr-var,baseline,M4_mixed,-1.0389317091573345
90,dr-var,baseline,M5_SVR,-0.2161850845850698
90,dr-var,baseline,M6_SVR+time,-0.19798463331210003
90,dr-mean+var,raw,M2_ENR,-0.5724356844936703
90,dr-mean+var,raw,M3_ENR+time,-0.5359456063697791
90,dr-mean+var,raw,M4_mixed,-1.135617264815564
90,dr-mean+var,raw,M5_SVR,-0.12902151149930818
90,dr-mean+var,raw,M6_SVR+time,-0.11854292681885559
90,dr-mean+var,baseline,M2_ENR,-0.15196245828141053
90,dr-mean+var,baseline,M3_ENR+time,-0.22184158377337237
90,dr-mean+var,baseline,M4_mixed,-1.2384260186083549
90,dr-mean+var,baseline,M5_SVR,-0.1459140816572312
90,dr-mean+var,baseline,M6_SVR+time,-0.16521873225837636
91,var,raw,M2_ENR,-0.26817586446356534
91,var,raw,M3_ENR+time,-0.21461993708585658
91,var,raw,M4_mixed,-0.7692829814509644
91,var,raw,M5_SVR,-0.4543731964227319
91,var,raw,M6_SVR+time,-0.29301856183172237
91,var,baseline,M2_ENR,-0.37072393526859837
91,var,baseline,M3_ENR+time,-0.23229920044378016
91,var,baseline,M4_mixed,-0.8617859035117975
91,var,baseline,M5_SVR,-0.34283888691878583
91,var,baseline,M6_SVR+time,-0.2686681285679374
91,mean+var,raw,M2_ENR,-0.2502670817906275
91,mean+var,raw,M3_ENR+time,-0.25756737908105054
91,mean+var,raw,M4_mixed,-1.5206273171584828
91,mean+var,raw,M5_SVR,-0.47899040375655255
91,mean+var,raw,M6_SVR+time,-0.42936582720895566
91,mean+var,baseline,M2_ENR,-0.26323562719760096
91,mean+var,baseline,M3_ENR+time,-0.35073585823906595
91,mean+var,baseline,M4_mixed,-1.3822358614596868
91,mean+var,baseline,M5_SVR,-0.44392335085204826
91,mean+var,baseline,M6_SVR+time,-0.29644262126783605
91,dr-var,raw,M2_ENR,-0.27341326282399436
91,dr-var,raw,M3_ENR+time,-0.21692606627797528
91,dr-var,raw,M4_mixed,-0.36342408698321005
91,dr-var,raw,M5_SVR,-0.43207751490021595
91,dr-var,raw,M6_SVR+time,-0.2774733734329272
91,dr-var,baseline,M2_ENR,-0.2907333182340289
91,dr-var,baseline,M3_ENR+time,-0.25200470923815266
91,dr-var,baseline,M4_mixed,-0.39287647273074666
91,dr-var,baseline,M5_SVR,-0.4336917136843478
91,dr-var,baseline,M6_SVR+time,-0.31098675891709215
91,dr-mean+var,raw,M2_ENR,-0.23128778197140065
91,dr-mean+var,raw,M3_ENR+time,-0.2095747583632087
91,dr-mean+var,raw,M4_mixed,-0.8729473217117752
91,dr-mean+var,raw,M5_SVR,-0.19037497366588652
91,dr-mean+var,raw,M6_SVR+time,-0.08805318427051045
91,dr-mean+var,baseline,M2_ENR,-0.24815519957761223
91,dr-mean+var,baseline,M3_ENR+time,-0.20052528636296096
91,dr-mean+var,baseline,M4_mixed,-1.2313787130291245
91,dr-mean+var,baseline,M5_SVR,-0.3239183867526648
91,dr-mean+var,baseline,M6_SVR+time,-0.17905982857897917
92,var,raw,M2_ENR,-0.21664464288600582
92,var,raw,M3_ENR+time,-0.22610362684563323
92,var,raw,M4_mixed,-0.707553489166534
92,var,raw,M5_SVR,-0.23648389844877982
92,var,raw,M6_SVR+time,-0.2593597156618672
92,var,baseline,M2_ENR,-0.26080121114388266
92,var,baseline,M3_ENR+time,-0.2800514701509904
92,var,baseline,M4_mixed,-0.9118299319362102
92,var,baseline,M5_SVR,-0.37120427771088216
92,var,baseline,M6_SVR+time,-0.38632373332659475
92,mean+var,raw,M2_ENR,-0.23838711417300162
92,mean+var,raw,M3_ENR+time,-0.2732273942618213
92,mean+var,raw,M4_mixed,-1.0885649804285038
92,mean+var,raw,M5_SVR,-0.21507819308514609
92,mean+var,raw,M6_SVR+time,-0.22043227897966944
92,mean+var,baseline,M2_ENR,-0.25932687336553517
92,mean+var,baseline,M3_ENR+time,-0.3174502278372333
92,mean+var,baseline,M4_mixed,-3.2411760220452477
92,mean+var,baseline,M5_SVR,-0.35108202159722723
92,mean+var,baseline,M6_SVR+time,-0.3891365807466307
92,dr-var,raw,M2_ENR,-0.192004932585782
92,dr-var,raw,M3_ENR+time,-0.2681854232914662
92,dr-var,raw,M4_mixed,-0.8060158887938473
92,dr-var,raw,M5_SVR,-0.17923638797057606
92,dr-var,raw,M6_SVR+time,-0.20455894832650623
92,dr-var,baseline,M2_ENR,-0.29223018590075367
92,dr-var,baseline,M3_ENR+time,-0.3256219784275216
92,dr-var,baseline,M4_mixed,-1.1064033195816103
92,dr-var,baseline,M5_SVR,-0.19960907050771037
92,dr-var,baseline,M6_SVR+time,-0.21850524116041292
92,dr-mean+var,raw,M2_ENR,-0.25419795678533186
92,dr-mean+var,raw,M3_ENR+time,-0.2750645410593626
92,dr-mean+var,raw,M4_mixed,-0.8996840552119583
92,dr-mean+var,raw,M5_SVR,-0.1873950480566221
92,dr-mean+var,raw,M6_SVR+time,-0.18181367408318017
92,dr-mean+var,baseline,M2_ENR,-0.35898188599289416
92,dr-mean+var,baseline,M3_ENR+time,-0.3387224460571112
92,dr-mean+var,baseline,M4_mixed,-1.6099165376104236
92,dr-mean+var,baseline,M5_SVR,-0.30116312090451736
92,dr-mean+var,baseline,M6_SVR+time,-0.28797204786907815
93,var,raw,M2_ENR,-0.280230984132368
93,var,raw,M3_ENR+time,-0.28001848042393074
93,var,raw,M4_mixed,-0.42583690670432217
93,var,raw,M5_SVR,-0.27328598010568306
93,var,raw,M6_SVR+time,-0.2741074387205793
93,var,baseline,M2_ENR,-0.34669372969126466
93,var,baseline,M3_ENR+time,-0.33822119681318474
93,var,baseline,M4_mixed,-0.4206889986334934
93,var,baseline,M5_SVR,-0.2360615006972523
93,var,baseline,M6_SVR+time,-0.3734614011092843
93,mean+var,raw,M2_ENR,-0.2767680314809513
93,mean+var,raw,M3_ENR+time,-0.280241623704929
93,mean+var,raw,M4_mixed,-0.8972357010540268
93,mean+var,raw,M5_SVR,-0.15241808135860646
93,mean+var,raw,M6_SVR+time,-0.15731817279999605
93,mean+var,baseline,M2_ENR,-0.37783156664284623
93,mean+var,baseline,M3_ENR+time,-0.39689996129564253
93,mean+var,baseline,M4_mixed,-3.93179328176469
93,mean+var,baseline,M5_SVR,-0.2706960509334697
93,mean+var,baseline,M6_SVR+time,-0.28053839231417066
93,dr-var,raw,M2_ENR,-0.24336632103624523
93,dr-var,raw,M3_ENR+time,-0.29351269873457175
93,dr-var,raw,M4_mixed,-0.6890869214570068
93,dr-var,raw,M5_SVR,-0.14939929905415805
93,dr-var,raw,M6_SVR+time,-0.21111705648772383
93,dr-var,baseline,M2_ENR,-0.34836214245856234
93,dr-var,baseline,M3_ENR+time,-0.32765407699365334
93,dr-var,baseline,M4_mixed,-0.9803292204262342
93,dr-var,baseline,M5_SVR,-0.20552922105515592
93,dr-var,baseline,M6_SVR+time,-0.20269172650636003
93,dr-mean+var,raw,M2_ENR,-0.2871600949602058
93,dr-mean+var,raw,M3_ENR+time,-0.28178329543713243
93,dr-mean+var,raw,M4_mixed,-0.7802110608695993
93,dr-mean+var,raw,M5_SVR,-0.18304401100822598
93,dr-mean+var,raw,M6_SVR+time,-0.21915522125349152
93,dr-mean+var,baseline,M2_ENR,-0.3442692282808333
93,dr-mean+var,baseline,M3_ENR+time,-0.3232786343949019
93,dr-mean+var,baseline,M4_mixed,-1.358038634477703
93,dr-mean+var,baseline,M5_SVR,-0.21220674331027212
93,dr-mean+var,baseline,M6_SVR+time,-0.20871614683484707
94,var,raw,M2_ENR,-0.2699114955956302
94,var,raw,M3_ENR+time,-0.24733748529188115
94,var,raw,M4_mixed,-0.5884585032494526
94,var,raw,M5_SVR,-0.3210724052302102
94,var,raw,M6_SVR+time,-0.32965903300883437
94,var,baseline,M2_ENR,-0.1758284711888186
94,var,baseline,M3_ENR+time,-0.16075372174386016
94,var,baseline,M4_mixed,-1.1855082847194933
94,var,baseline,M5_SVR,-0.33438075692695557
94,var,baseline,M6_SVR+time,-0.3294123533368575
94,mean+var,raw,M2_ENR,-0.20268905169698026
94,mean+var,raw,M3_ENR+time,-0.26917762761671826
94,mean+var,raw,M4_mixed,-1.1368281204216113
94,mean+var,raw,M5_SVR,-0.21155478512471715
94,mean+var,raw,M6_SVR+time,-0.2136841512157066
94,mean+var,baseline,M2_ENR,-0.2464878203208304
94,mean+var,baseline,M3_ENR+time,-0.2530862273996969
94,mean+var,baseline,M4_mixed,-1.459819757908046
94,mean+var,baseline,M5_SVR,-0.2453762612325573
94,mean+var,baseline,M6_SVR+time,-0.26565891341410663
94,dr-var,raw,M2_ENR,-0.239741705187828
94,dr-var,raw,M3_ENR+time,-0.21998761730051142
94,dr-var,raw,M4_mixed,-0.5625741431456824
94,dr-var,raw,M5_SVR,-0.37250800926950933
94,dr-var,raw,M6_SVR+time,-0.35568408803729035
94,dr-var,baseline,M2_ENR,-0.32628618643624796
94,dr-var,baseline,M3_ENR+time,-0.3216599672747177
94,dr-var,baseline,M4_mixed,-0.54543291436884
94,dr-var,baseline,M5_SVR,-0.3334688839470391
94,dr-var,baseline,M6_SVR+time,-0.4202560424386551
94,dr-mean+var,raw,M2_ENR,-0.2498467711558897
94,dr-mean+var,raw,M3_ENR+time,-0.21919498665591342
94,dr-mean+var,raw,M4_mixed,-0.6888199977622526
94,dr-mean+var,raw,M5_SVR,-0.42894765062330686
94,dr-mean+var,raw,M6_SVR+time,-0.46592803381415193
94,dr-mean+var,baseline,M2_ENR,-0.28585494355540064
94,dr-mean+var,baseline,M3_ENR+time,-0.35030870394031755
94,dr-mean+var,baseline,M4_mixed,-0.8238173410010766
94,dr-mean+var,baseline,M5_SVR,-0.3721546461496811
94,dr-mean+var,baseline,M6_SVR+time,-0.46772196278859457
95,var,raw,M2_ENR,-0.23866669404219698
95,var,raw,M3_ENR+time,-0.23866669404219698
95,var,raw,M4_mixed,-1.0021111559609688
95,var,raw,M5_SVR,-0.2901443558988689
95,var,raw,M6_SVR+time,-0.34180408710215404
95,var,baseline,M2_ENR,-0.23482478455189637
95,var,baseline,M3_ENR+time,-0.2036655899700618
95,var,baseline,M4_mixed,-0.5431349361891628
95,var,baseline,M5_SVR,-0.27834538356869254
95,var,baseline,M6_SVR+time,-0.2861016938795068
95,mean+var,raw,M2_ENR,-0.1877587172899282
95,mean+var,raw,M3_ENR+time,-0.18785741123342958
95,mean+var,raw,M4_mixed,-0.43163480674072774
95,mean+var,raw,M5_SVR,-0.12719148735005648
95,mean+var,raw,M6_SVR+time,-0.13353051478808842
95,mean+var,baseline,M2_ENR,-0.007052091917693182
95,mean+var,baseline,M3_ENR+time,-0.11397865123327644
95,mean+var,baseline,M4_mixed,-1.9128961318949016
95,mean+var,baseline,M5_SVR,-0.29739517411877536
95,mean+var,baseline,M6_SVR+time,-0.1833591241341206
95,dr-var,raw,M2_ENR,-0.3562232414387113
95,dr-var,raw,M3_ENR+time,-0.34759019960775117
95,dr-var,raw,M4_mixed,-0.5199924715454697
95,dr-var,raw,M5_SVR,-0.24245176789013734
95,dr-var,raw,M6_SVR+time,-0.3461753733250771
95,dr-var,baseline,M2_ENR,-0.25078098341564925
95,dr-var,baseline,M3_ENR+time,-0.3091650225744632
95,dr-var,baseline,M4_mixed,-0.4567327331081591
95,dr-var,baseline,M5_SVR,-0.3057350247447942
95,dr-var,baseline,M6_SVR+time,-0.2603337773671789
95,dr-mean+var,raw,M2_ENR,-0.10923526263987604
95,dr-mean+var,raw,M3_ENR+time,-0.1841104232999352
95,dr-mean+var,raw,M4_mixed,-0.4961314205599584
95,dr-mean+var,raw,M5_SVR,-0.1594209214393265
95,dr-mean+var,raw,M6_SVR+time,-0.1912838915321876
95,dr-mean+var,baseline,M2_ENR,-0.16615165702666546
95,dr-mean+var,baseline,M3_ENR+time,-0.1691594887424932
95,dr-mean+var,baseline,M4_mixed,-0.2008501008454474
95,dr-mean+var,baseline,M5_SVR,-0.16154016450301223
95,dr-mean+var,baseline,M6_SVR+time,-0.1751134923882639
96,var,raw,M2_ENR,-0.12307642524132445
96,var,raw,M3_ENR+time,-0.23380450761830074
96,var,raw,M4_mixed,-0.5572231961149189
96,var,raw,M5_SVR,-0.30531479925652716
96,var,raw,M6_SVR+time,-0.28945701186009554
96,var,baseline,M2_ENR,-0.28144081208978744
96,var,baseline,M3_ENR+time,-0.22663946051033446
96,var,baseline,M4_mixed,-0.719408373841851
96,var,baseline,M5_SVR,-0.23711657139012454
96,var,baseline,M6_SVR+time,-0.2659972115196282
96,mean+var,raw,M2_ENR,-0.16795249042233407
96,mean+var,raw,M3_ENR+time,-0.1845302047971089
96,mean+var,raw,M4_mixed,-0.8533529856727634
96,mean+var,raw,M5_SVR,-0.11239352497553723
96,mean+var,raw,M6_SVR+time,-0.16627423199949942
96,mean+var,baseline,M2_ENR,-0.19794361363359092
96,mean+var,baseline,M3_ENR+time,-0.21044624617399188
96,mean+var,baseline,M4_mixed,-1.6172450838255004
96,mean+var,baseline,M5_SVR,-0.19812601406758523
96,mean+var,baseline,M6_SVR+time,-0.24020280246234915
96,dr-var,raw,M2_ENR,-0.22779117460638754
96,dr-var,raw,M3_ENR+time,-0.22779117460638754
96,dr-var,raw,M4_mixed,-0.4988420636578831
96,dr-var,raw,M5_SVR,-0.23017607092998216
96,dr-var,raw,M6_SVR+time,-0.25027885611191614
96,dr-var,baseline,M2_ENR,-0.2419535231006248
96,dr-var,baseline,M3_ENR+time,-0.22840879041890638
96,dr-var,baseline,M4_mixed,-0.5471966265267604
96,dr-var,baseline,M5_SVR,-0.21398395386548763
96,dr-var,baseline,M6_SVR+time,-0.21039018057247338
96,dr-mean+var,raw,M2_ENR,-0.22806155744561452
96,dr-mean+var,raw,M3_ENR+time,-0.22806155744561452
96,dr-mean+var,raw,M4_mixed,-0.8282099413042542
96,dr-mean+var,raw,M5_SVR,-0.26987850675899205
96,dr-mean+var,raw,M6_SVR+time,-0.20014773735184122
96,dr-mean+var,baseline,M2_ENR,-0.23575601709191296
96,dr-mean+var,baseline,M3_ENR+time,-0.2284726896865431
96,dr-mean+var,baseline,M4_mixed,-0.7429207443254088
96,dr-mean+var,baseline,M5_SVR,-0.31411839592594826
96,dr-mean+var,baseline,M6_SVR+time,-0.2885168722799475
97,var,raw,M2_ENR,-0.21766050694369332
97,var,raw,M3_ENR+time,-0.20882792917369042
97,var,raw,M4_mixed,-0.9203397578328384
97,var,raw,M5_SVR,-0.1379038913550067
97,var,raw,M6_SVR+time,-0.165341958659312
97,var,baseline,M2_ENR,-0.09716589727985636
97,var,baseline,M3_ENR+time,-0.20425244527785813
97,var,baseline,M4_mixed,-1.1486064323170337
97,var,baseline,M5_SVR,-0.12531017606323758
97,var,baseline,M6_SVR+time,-0.15508832228239078
97,mean+var,raw,M2_ENR,-0.23847806348431522
97,mean+var,raw,M3_ENR+time,-0.23889485089648466
97,mean+var,raw,M4_mixed,-1.0600361787063388
97,mean+var,raw,M5_SVR,-0.03185427521858286
97,mean+var,raw,M6_SVR+time,-0.06311479493574046
97,mean+var,baseline,M2_ENR,-0.12874632165203015
97,mean+var,baseline,M3_ENR+time,-0.210645576470334
97,mean+var,baseline,M4_mixed,-1.0302632411305899
97,mean+var,baseline,M5_SVR,-0.13121570545258088
97,mean+var,baseline,M6_SVR+time,-0.12883970571575276
97,dr-var,raw,M2_ENR,-0.3160318053552639
97,dr-var,raw,M3_ENR+time,-0.2545161663966252
97,dr-var,raw,M4_mixed,-0.5493490667583382
97,dr-var,raw,M5_SVR,-0.16164147589284805
97,dr-var,raw,M6_SVR+time,-0.22000942399400858
97,dr-var,baseline,M2_ENR,-0.35133906066757314
97,dr-var,baseline,M3_ENR+time,-0.2605386662657828
97,dr-var,baseline,M4_mixed,-0.6082009903669946
97,dr-var,baseline,M5_SVR,-0.3005617604604275
97,dr-var,baseline,M6_SVR+time,-0.2636906322454807
97,dr-mean+var,raw,M2_ENR,-0.1257100651805545
97,dr-mean+var,raw,M3_ENR+time,-0.12674837932423255
97,dr-mean+var,raw,M4_mixed,-0.7657888080811296
97,dr-mean+var,raw,M5_SVR,-0.2060333070565078
97,dr-mean+var,raw,M6_SVR+time,-0.16600488260842317
97,dr-mean+var,baseline,M2_ENR,-0.16067159325919533
97,dr-mean+var,baseline,M3_ENR+time,-0.1305699079638285
97,dr-mean+var,baseline,M4_mixed,-0.9877011448497509
97,dr-mean+var,baseline,M5_SVR,-0.09462738388608172
97,dr-mean+var,baseline,M6_SVR+time,-0.10173810085276658
98,var,raw,M2_ENR,-0.5618481469931256
98,var,raw,M3_ENR+time,-0.41939714133043804
98,var,raw,M4_mixed,-0.960045752097813
98,var,raw,M5_SVR,-0.4343816879723763
98,var,raw,M6_SVR+time,-0.29703541088534546
98,var,baseline,M2_ENR,-0.25054958914608916
98,var,baseline,M3_ENR+time,-0.24842148156786226
98,var,baseline,M4_mixed,-1.5051930220550502
98,var,baseline,M5_SVR,-0.3222102392712538
98,var,baseline,M6_SVR+time,-0.34914709125613874
98,mean+var,raw,M2_ENR,-0.31604072045434184
98,mean+var,raw,M3_ENR+time,-0.2956086651577734
98,mean+var,raw,M4_mixed,-1.335283126998123
98,mean+var,raw,M5_SVR,-0.37270899750358866
98,mean+var,raw,M6_SVR+time,-0.23036449233566325
98,mean+var,baseline,M2_ENR,-0.17168770186934668
98,mean+var,baseline,M3_ENR+time,-0.16639048613626428
98,mean+var,baseline,M4_mixed,-1.5218830865557467
98,mean+var,baseline,M5_SVR,-0.2746019144506626
98,mean+var,baseline,M6_SVR+time,-0.3123411556200286
98,dr-var,raw,M2_ENR,-0.2754822460897275
98,dr-var,raw,M3_ENR+time,-0.27568646896832827
98,dr-var,raw,M4_mixed,-0.6596780589036828
98,dr-var,raw,M5_SVR,-0.2309565411282456
98,dr-var,raw,M6_SVR+time,-0.24343575671782236
98,dr-var,baseline,M2_ENR,-0.2942706253923435
98,dr-var,baseline,M3_ENR+time,-0.28858665872170564
98,dr-var,baseline,M4_mixed,-1.0278069517350064
98,dr-var,baseline,M5_SVR,-0.25379184386157627
98,dr-var,baseline,M6_SVR+time,-0.13552883292504225
98,dr-mean+var,raw,M2_ENR,-0.33655221421648474
98,dr-mean+var,raw,M3_ENR+time,-0.4501468942326876
98,dr-mean+var,raw,M4_mixed,-0.9217729566006743
98,dr-mean+var,raw,M5_SVR,-0.28990103457536676
98,dr-mean+var,raw,M6_SVR+time,-0.19202346664795467
98,dr-mean+var,baseline,M2_ENR,-0.24413246476062267
98,dr-mean+var,baseline,M3_ENR+time,-0.5372640198790279
98,dr-mean+var,baseline,M4_mixed,-0.42052597954875437
98,dr-mean+var,baseline,M5_SVR,-0.47029905861189136
98,dr-mean+var,baseline,M6_SVR+time,-0.232019385138587
99,var,raw,M2_ENR,-0.2692473838376608
99,var,raw,M3_ENR+time,-0.2680090089882754
99,var,raw,M4_mixed,-0.9510475137978613
99,var,raw,M5_SVR,-0.3716410001068291
99,var,raw,M6_SVR+time,-0.33382373488580286
99,var,baseline,M2_ENR,-0.27634053620867394
99,var,baseline,M3_ENR+time,-0.2566620739122072
99,var,baseline,M4_mixed,-1.0722759453575639
99,var,baseline,M5_SVR,-0.30380004497779733
99,var,baseline,M6_SVR+time,-0.34691861877824093
99,mean+var,raw,M2_ENR,-0.27371103386221707
99,mean+var,raw,M3_ENR+time,-0.2708651489556255
99,mean+var,raw,M4_mixed,-1.3859979842638286
99,mean+var,raw,M5_SVR,-0.17831952341521395
99,mean+var,raw,M6_SVR+time,-0.24219292730483621
99,mean+var,baseline,M2_ENR,-0.1883549951767136
99,mean+var,baseline,M3_ENR+time,-0.23427321659667522
99,mean+var,baseline,M4_mixed,-2.4796795078940628
99,mean+var,baseline,M5_SVR,-0.26338685216790636
99,mean+var,baseline,M6_SVR+time,-0.3407657370101582
99,dr-var,raw,M2_ENR,-0.26977715153709103
99,dr-var,raw,M3_ENR+time,-0.2525191294859479
99,dr-var,raw,M4_mixed,-0.8020259670629342
99,dr-var,raw,M5_SVR,-0.2733503661362702
99,dr-var,raw,M6_SVR+time,-0.2689348646857732
99,dr-var,baseline,M2_ENR,-0.2820558232875554
99,dr-var,baseline,M3_ENR+time,-0.26775892273819624
99,dr-var,baseline,M4_mixed,-1.263392784810195
99,dr-var,baseline,M5_SVR,-0.35513421775497855
99,dr-var,baseline,M6_SVR+time,-0.3550679399443091
99,dr-mean+var,raw,M2_ENR,-0.258796035497018
99,dr-mean+var,raw,M3_ENR+time,-0.2587960354970178
99,dr-mean+var,raw,M4_mixed,-1.1365490661093955
99,dr-mean+var,raw,M5_SVR,-0.27137562448345176
99,dr-mean+var,raw,M6_SVR+time,-0.2504368935739667
99,dr-mean+var,baseline,M2_ENR,-0.3776210103568638
99,dr-mean+var,baseline,M3_ENR+time,-0.3050227935641394
99,dr-mean+var,baseline,M4_mixed,-1.3444119042188325
99,dr-mean+var,baseline,M5_SVR,-0.3332312156385393
99,dr-mean+var,baseline,M6_SVR+time,-0.34046294317422654
